primitive_step,choice,option_id,exploration,epsilon,duration,reward_sum,discounted_reward,reason
0,0,,True,1.0,1,-0.10000000894069672,-0.20000000894069672,base_step
1,5,off_target_E,True,0.9996833333333334,5,1.9370440319180489,1.784311965672741,subgoal_reached
6,2,off_target_B,True,0.9981,6,-2.6840672120451927,-2.6751984421569888,subgoal_reached
12,4,off_target_D,True,0.9962,10,-0.3577083349227905,-0.7534450701705997,subgoal_reached
22,3,off_target_C,True,0.9930333333333333,8,3.699853830039501,3.4058882868825613,subgoal_reached
30,2,off_target_B,True,0.9905,13,-5.595257066190243,-5.466331300150829,subgoal_reached
43,5,off_target_E,True,0.9863833333333334,9,0.6920897215604782,0.6826844646443259,subgoal_reached
52,3,off_target_C,True,0.9835333333333334,10,2.95362401753664,2.510780187353105,subgoal_reached
62,4,off_target_D,True,0.9803666666666667,12,-4.189118973910809,-3.937459283605548,subgoal_reached
74,5,off_target_E,True,0.9765666666666667,6,-0.11013979464769363,-0.2214147656052725,subgoal_reached
80,4,off_target_D,True,0.9746666666666667,5,-2.232411563396454,-2.281902822461421,subgoal_reached
85,5,off_target_E,True,0.9730833333333333,11,-0.5095420926809311,-0.777598822782747,subgoal_reached
96,2,off_target_B,True,0.9696,6,-2.2488680854439735,-2.270558789329958,subgoal_reached
102,0,,True,0.9677,1,-1.479576826095581,-1.5795768260955811,base_step
103,5,off_target_E,True,0.9673833333333334,10,2.838567152619362,2.5197219816217045,subgoal_reached
113,0,,True,0.9642166666666667,1,-0.751303493976593,-0.851303493976593,base_step
114,1,off_target_A,True,0.9639,4,-1.15983846783638,-1.2518578885870055,subgoal_reached
118,3,off_target_C,True,0.9626333333333333,10,4.188480764627457,3.655047138728222,subgoal_reached
128,0,,True,0.9594666666666667,1,0.43196427822113037,0.3319642782211304,base_step
129,0,,True,0.95915,1,0.16961637139320374,0.06961637139320373,base_step
130,5,off_target_E,True,0.9588333333333333,11,-4.650849845260382,-4.432932803149823,subgoal_reached
141,2,off_target_B,True,0.9553499999999999,12,-2.1169291734695435,-2.3311011055474262,subgoal_reached
153,1,off_target_A,True,0.95155,8,-3.1001030951738358,-3.045733185884491,subgoal_reached
161,4,off_target_D,True,0.9490166666666667,2,0.3331131935119629,0.23002756446599962,subgoal_reached
163,2,off_target_B,True,0.9483833333333334,4,1.9616759568452835,1.8404606740267124,subgoal_reached
167,0,,True,0.9471166666666667,1,-0.7542864084243774,-0.8542864084243774,base_step
168,3,off_target_C,False,0.9468,10,4.499685138463974,3.910113416018057,subgoal_reached
178,0,,True,0.9436333333333333,1,0.17846982181072235,0.07846982181072235,base_step
179,0,,True,0.9433166666666667,1,-0.20053517818450928,-0.30053517818450926,base_step
180,0,,True,0.943,1,-0.1414286494255066,-0.2414286494255066,base_step
181,0,,True,0.9426833333333333,1,-0.35558074712753296,-0.45558074712753294,base_step
182,1,off_target_A,True,0.9423666666666667,11,-5.592464752495289,-5.3572463641276,subgoal_reached
193,2,off_target_B,True,0.9388833333333333,7,-2.956986501812935,-3.0904948968688672,subgoal_reached
200,1,off_target_A,True,0.9366666666666666,11,-0.05521377921104431,0.07514727540826541,subgoal_reached
211,0,,True,0.9331833333333334,1,-0.1476828157901764,-0.2476828157901764,base_step
212,2,off_target_B,True,0.9328666666666667,5,0.6165519282221794,0.5116076365179861,subgoal_reached
217,0,,True,0.9312833333333334,1,-1.103147268295288,-1.2031472682952882,base_step
218,1,off_target_A,True,0.9309666666666667,11,-0.026838429272174835,-0.22990411910313616,subgoal_reached
229,3,off_target_C,True,0.9274833333333333,12,4.446944713592529,3.7787583823221906,subgoal_reached
241,0,,True,0.9236833333333333,1,0.2659362554550171,0.16593625545501708,base_step
242,4,off_target_D,True,0.9233666666666667,9,-4.250045292079449,-4.336806159759732,subgoal_reached
251,1,off_target_A,True,0.9205166666666666,3,-2.1232622265815735,-2.1989942682683465,subgoal_reached
254,2,off_target_B,True,0.9195666666666666,2,-1.899830400943756,-1.9901334810256959,subgoal_reached
256,3,off_target_C,True,0.9189333333333333,8,6.207920625805855,5.71421891614326,subgoal_reached
264,5,off_target_E,True,0.9164,10,-6.051629662513733,-5.767819717655125,subgoal_reached
274,2,off_target_B,True,0.9132333333333333,6,0.701866053044796,0.5968111793665947,subgoal_reached
280,3,off_target_C,True,0.9113333333333333,10,2.151968404650688,1.5832670800835196,subgoal_reached
290,4,off_target_D,True,0.9081666666666667,15,-5.029521554708481,-5.053318388363483,subgoal_reached
305,5,off_target_E,True,0.9034166666666666,8,-1.794981710612774,-1.785111917310398,subgoal_reached
313,4,off_target_D,True,0.9008833333333333,6,0.8692862018942833,0.7419866027930632,subgoal_reached
319,2,off_target_B,True,0.8989833333333332,1,-1.053414225578308,-1.1534142255783082,subgoal_reached
320,3,off_target_C,True,0.8986666666666666,9,3.5436604246497154,3.0804006512076483,subgoal_reached
329,1,off_target_A,True,0.8958166666666666,12,-6.643169179558754,-6.340248301172286,subgoal_reached
341,4,off_target_D,True,0.8920166666666667,1,0.5583078861236572,0.45830788612365725,subgoal_reached
342,5,off_target_E,True,0.8917,8,1.5944113284349442,1.508532671766917,subgoal_reached
350,3,off_target_C,True,0.8891666666666667,10,1.8808671236038208,1.5053055383158522,subgoal_reached
360,2,off_target_B,True,0.886,13,-5.56707539409399,-5.283779426868801,subgoal_reached
373,1,off_target_A,True,0.8818833333333334,9,-0.817638486623764,-0.8110123004325227,subgoal_reached
382,0,,True,0.8790333333333333,1,-0.1553543210029602,-0.2553543210029602,base_step
383,2,off_target_B,True,0.8787166666666666,5,-0.4657784178853035,-0.5483875877639612,subgoal_reached
388,4,off_target_D,True,0.8771333333333333,11,0.9388653039932251,0.6163473192791324,subgoal_reached
399,0,,True,0.87365,1,-0.9532330632209778,-1.0532330632209779,base_step
400,0,,True,0.8733333333333334,1,-1.0170855522155762,-1.1170855522155763,base_step
401,3,off_target_C,True,0.8730166666666668,8,4.46786230802536,4.051378205208361,subgoal_reached
409,0,,True,0.8704833333333334,1,1.309647560119629,1.2096475601196288,base_step
410,4,off_target_D,True,0.8701666666666666,11,-6.615566469728947,-6.322736150772284,subgoal_reached
421,5,off_target_E,True,0.8666833333333334,6,1.2369900941848755,1.1168150072009537,subgoal_reached
427,3,off_target_C,True,0.8647833333333333,9,1.4107700809836388,1.1423510998369983,subgoal_reached
436,5,off_target_E,True,0.8619333333333333,12,-2.770039014518261,-2.4136196015242297,subgoal_reached
448,0,,True,0.8581333333333333,1,-1.2251150608062744,-1.3251150608062745,base_step
449,3,off_target_C,False,0.8578166666666667,9,3.2757093980908394,2.8970252735327437,subgoal_reached
458,2,off_target_B,True,0.8549666666666667,11,-5.120501719415188,-4.943274709551942,subgoal_reached
469,3,off_target_C,True,0.8514833333333334,6,4.271914124488831,4.0217667283550504,subgoal_reached
475,0,,True,0.8495833333333334,1,1.166753888130188,1.066753888130188,base_step
476,2,off_target_B,True,0.8492666666666666,12,-7.98148638010025,-7.663550246618218,subgoal_reached
488,5,off_target_E,True,0.8454666666666667,9,1.7255710363388062,1.7128136993753214,subgoal_reached
497,3,off_target_C,True,0.8426166666666667,10,2.2289250642061234,1.8158413846466683,subgoal_reached
507,0,,True,0.8394499999999999,1,1.083023190498352,0.9830231904983521,base_step
508,5,off_target_E,True,0.8391333333333333,12,-4.145703941583633,-3.7535491983878218,subgoal_reached
520,0,,True,0.8353333333333334,1,-1.364325761795044,-1.464325761795044,base_step
521,1,off_target_A,True,0.8350166666666667,5,-1.949986882507801,-2.0402954886583395,subgoal_reached
526,3,off_target_C,False,0.8334333333333334,8,5.2665276899933815,4.85476434949773,subgoal_reached
534,4,off_target_D,True,0.8309000000000001,14,-5.704078644514084,-5.662761663249417,subgoal_reached
548,0,,True,0.8264666666666667,1,1.0649268627166748,0.9649268627166748,base_step
549,3,off_target_C,True,0.8261499999999999,8,3.776783626526594,3.508776866804971,subgoal_reached
557,2,off_target_B,True,0.8236166666666667,6,-4.185059577226639,-4.05290082905413,subgoal_reached
563,3,off_target_C,False,0.8217166666666667,12,3.3714006543159485,2.411832934036527,subgoal_reached
575,2,off_target_B,False,0.8179166666666667,14,-7.165695756673813,-7.215140009848783,subgoal_reached
589,5,off_target_E,True,0.8134833333333333,9,-1.1819333285093307,-1.1876441089114111,subgoal_reached
598,1,off_target_A,True,0.8106333333333333,6,-0.43078145384788513,-0.500501077631181,subgoal_reached
604,3,off_target_C,True,0.8087333333333333,11,3.2956641912460327,2.7263867774815536,subgoal_reached
615,2,off_target_B,True,0.80525,12,-6.462680712342262,-6.3847818831428125,subgoal_reached
627,4,off_target_D,True,0.80145,10,-0.8741581290960312,-0.8335454740843105,subgoal_reached
637,0,,True,0.7982833333333333,1,0.4770755171775818,0.3770755171775818,base_step
638,2,off_target_B,True,0.7979666666666667,5,0.9476035982370377,0.867544601126929,subgoal_reached
643,1,off_target_A,True,0.7963833333333334,11,-2.4048317819833755,-2.7412368348996243,subgoal_reached
654,5,off_target_E,True,0.7929,7,0.3091197684407234,0.18520944632656736,subgoal_reached
661,4,off_target_D,True,0.7906833333333334,6,-1.668603129684925,-1.708725972667359,subgoal_reached
667,3,off_target_C,True,0.7887833333333334,10,3.6648768186569214,3.1062460044842823,subgoal_reached
677,0,,True,0.7856166666666666,1,0.7633397579193115,0.6633397579193115,base_step
678,2,off_target_B,False,0.7853,12,-6.575848191976547,-6.433216990364304,subgoal_reached
690,5,off_target_E,True,0.7815,8,1.0493935495615005,0.9995597000895627,subgoal_reached
698,0,,True,0.7789666666666667,1,-0.8031614422798157,-0.9031614422798157,base_step
699,3,off_target_C,False,0.7786500000000001,8,2.742537073791027,2.4426725665876154,subgoal_reached
707,4,off_target_D,True,0.7761166666666667,12,-3.6069539338350296,-3.270050275720181,subgoal_reached
719,5,off_target_E,True,0.7723166666666667,5,0.5098025351762772,0.3872327192388949,subgoal_reached
724,3,off_target_C,False,0.7707333333333333,9,2.4534282237291336,2.1759670661240404,subgoal_reached
733,5,off_target_E,True,0.7678833333333334,11,-4.108351599425077,-3.7189039386071587,subgoal_reached
744,3,off_target_C,True,0.7644,15,5.194070167839527,4.6326710066590175,subgoal_reached
759,5,off_target_E,True,0.75965,7,-6.2032082080841064,-6.110805111460426,subgoal_reached
766,2,off_target_B,True,0.7574333333333333,6,-1.1691365465521812,-1.2566879063150567,subgoal_reached
772,3,off_target_C,True,0.7555333333333333,10,3.9179585576057434,3.3244849321587244,subgoal_reached
782,5,off_target_E,True,0.7523666666666667,11,-6.4676442593336105,-6.244226868436765,subgoal_reached
793,3,off_target_C,False,0.7488833333333333,6,4.378037542104721,4.157051263936982,subgoal_reached
799,0,,True,0.7469833333333333,1,-0.1998664289712906,-0.29986642897129057,base_step
800,3,off_target_C,False,0.7466666666666667,7,4.758663348853588,4.440500909994418,subgoal_reached
807,1,off_target_A,True,0.74445,12,-4.137394599616528,-3.920720207353167,subgoal_reached
819,2,off_target_B,True,0.74065,4,-1.6084432899951935,-1.6796259493273498,subgoal_reached
823,3,off_target_C,True,0.7393833333333334,11,4.447389155626297,3.757941146822786,subgoal_reached
834,1,off_target_A,True,0.7359,14,-7.248960167169571,-7.1584824878368,subgoal_reached
848,3,off_target_C,True,0.7314666666666667,8,4.864420413970947,4.582735815510056,subgoal_reached
856,5,off_target_E,False,0.7289333333333333,10,-3.830620124936104,-3.568367096997911,subgoal_reached
866,3,off_target_C,False,0.7257666666666667,9,2.2578957825899124,1.9439457148585775,subgoal_reached
875,5,off_target_E,False,0.7229166666666667,11,-2.9531076848506927,-2.6323822413836884,subgoal_reached
886,0,,True,0.7194333333333334,1,-1.1812666654586792,-1.2812666654586793,base_step
887,3,off_target_C,True,0.7191166666666666,9,3.1124373003840446,2.7636644853491443,subgoal_reached
896,1,off_target_A,True,0.7162666666666667,11,-4.437294211238623,-4.128324127026449,subgoal_reached
907,5,off_target_E,True,0.7127833333333333,5,-1.25462207198143,-1.3642364272548482,subgoal_reached
912,2,off_target_B,True,0.7111999999999999,7,-0.2704918086528778,-0.2631516178661638,subgoal_reached
919,3,off_target_C,True,0.7089833333333333,10,3.133214831352234,2.533166647389482,subgoal_reached
929,5,off_target_E,True,0.7058166666666666,11,-3.2161779403686523,-3.005861203740008,subgoal_reached
940,0,,True,0.7023333333333334,1,-0.7111220955848694,-0.8111220955848694,base_step
941,3,off_target_C,True,0.7020166666666667,9,3.662346214056015,3.3257983932211577,subgoal_reached
950,4,off_target_D,True,0.6991666666666667,13,-6.632157638669014,-6.1533028106189755,subgoal_reached
963,2,off_target_B,True,0.6950500000000001,5,1.9923779964447021,1.8906003942843925,subgoal_reached
968,3,off_target_C,True,0.6934666666666667,12,1.9604555070400238,1.1783760434722506,subgoal_reached
980,2,off_target_B,True,0.6896666666666667,14,-7.357685148715973,-7.251761477681033,subgoal_reached
994,3,off_target_C,False,0.6852333333333335,7,5.327485024929047,5.089604639721603,subgoal_reached
1001,5,off_target_E,False,0.6830166666666667,9,-4.363851882517338,-4.140832165922801,subgoal_reached
1010,1,off_target_A,True,0.6801666666666667,5,-1.179345279932022,-1.2802285109808338,subgoal_reached
1015,0,,True,0.6785833333333333,1,-0.38459861278533936,-0.48459861278533933,base_step
1016,3,off_target_C,False,0.6782666666666667,9,4.441190019249916,3.9632199023047225,subgoal_reached
1025,5,off_target_E,False,0.6754166666666667,11,-5.942166812717915,-5.709136718349223,subgoal_reached
1036,3,off_target_C,True,0.6719333333333334,6,4.035367637872696,3.8098782758574696,subgoal_reached
1042,5,off_target_E,True,0.6700333333333334,12,-3.2385070472955704,-2.9883223284177727,subgoal_reached
1054,2,off_target_B,True,0.6662333333333335,9,-2.552844911813736,-2.739610210273751,subgoal_reached
1063,3,off_target_C,False,0.6633833333333333,9,6.865615040063858,6.469345159710624,subgoal_reached
1072,2,off_target_B,True,0.6605333333333334,5,-6.284044086933136,-6.216838548377423,subgoal_reached
1077,1,off_target_A,True,0.65895,9,-1.8609786629676819,-2.1343739866299556,subgoal_reached
1086,3,off_target_C,True,0.6561,10,3.1563110649585724,2.750147905947697,subgoal_reached
1096,5,off_target_E,True,0.6529333333333334,11,-3.2668693345040083,-3.0434931490684316,subgoal_reached
1107,3,off_target_C,False,0.64945,11,4.406718045473099,3.90789037317531,subgoal_reached
1118,5,off_target_E,False,0.6459666666666667,10,-6.690549939870834,-6.315458384049528,subgoal_reached
1128,3,off_target_C,False,0.6428,8,3.138075977563858,2.837158232546721,subgoal_reached
1136,5,off_target_E,False,0.6402666666666667,11,-3.0277402848005295,-2.735018539257226,subgoal_reached
1147,3,off_target_C,False,0.6367833333333333,10,1.1944747269153595,0.7928947364266276,subgoal_reached
1157,5,off_target_E,False,0.6336166666666667,12,-2.510021949186921,-2.182381927702818,subgoal_reached
1169,3,off_target_C,False,0.6298166666666667,11,2.1575184538960457,1.6575383155915988,subgoal_reached
1180,5,off_target_E,False,0.6263333333333334,11,-3.1851102523505688,-2.95036928666045,subgoal_reached
1191,2,off_target_B,True,0.62285,9,-3.4650988429784775,-3.5925686352025825,subgoal_reached
1200,0,,True,0.62,1,0.8679933547973633,0.7679933547973633,base_step
1201,4,off_target_D,True,0.6196833333333334,10,-0.08548475056886673,-0.03794454489047491,subgoal_reached
1211,3,off_target_C,False,0.6165166666666667,8,3.3292177617549896,3.008427934187285,subgoal_reached
1219,5,off_target_E,True,0.6139833333333333,12,-3.697858043015003,-3.410414204258067,subgoal_reached
1231,3,off_target_C,False,0.6101833333333334,11,2.556681513786316,2.01789282361827,subgoal_reached
1242,1,off_target_A,True,0.6067000000000001,12,-5.0075472593307495,-4.705723811938501,subgoal_reached
1254,2,off_target_B,True,0.6029000000000001,5,-2.3759920597076416,-2.447040430151143,subgoal_reached
1259,3,off_target_C,False,0.6013166666666667,10,7.948654659092426,7.521615420649154,subgoal_reached
1269,0,,True,0.59815,1,-1.475663423538208,-1.575663423538208,base_step
1270,5,off_target_E,False,0.5978333333333333,9,-5.1311605498194695,-5.163423855334009,subgoal_reached
1279,2,off_target_B,True,0.5949833333333333,6,-2.50907364487648,-2.5278375706755223,subgoal_reached
1285,3,off_target_C,False,0.5930833333333333,11,4.314939439296722,3.6164372887976675,subgoal_reached
1296,5,off_target_E,False,0.5896000000000001,10,-4.900866225361824,-4.721234208838451,subgoal_reached
1306,3,off_target_C,False,0.5864333333333334,15,5.614402800798416,5.127500210519171,subgoal_reached
1321,5,off_target_E,True,0.5816833333333333,8,-6.748187109827995,-6.684330968646808,subgoal_reached
1329,0,,True,0.5791499999999999,1,-0.12770286202430725,-0.22770286202430726,base_step
1330,3,off_target_C,False,0.5788333333333333,6,3.0630557537078857,2.865375547008777,subgoal_reached
1336,4,off_target_D,True,0.5769333333333333,10,-2.2544310577213764,-2.1643246444527473,subgoal_reached
1346,3,off_target_C,False,0.5737666666666666,10,1.4212156534194946,0.9826755765597076,subgoal_reached
1356,0,,True,0.5706000000000001,1,1.0982201099395752,0.9982201099395752,base_step
1357,5,off_target_E,False,0.5702833333333335,12,-5.62843744456768,-5.2672947867632445,subgoal_reached
1369,2,off_target_B,True,0.5664833333333334,8,-2.534484751522541,-2.6441153771156842,subgoal_reached
1377,3,off_target_C,False,0.56395,7,7.427941620349884,7.069323604928613,subgoal_reached
1384,4,off_target_D,True,0.5617333333333333,12,-7.587862193584442,-7.470745994247985,subgoal_reached
1396,5,off_target_E,True,0.5579333333333333,9,0.23123647645115852,0.2758846740103985,subgoal_reached
1405,0,,True,0.5550833333333334,1,-0.7908312082290649,-0.8908312082290649,base_step
1406,3,off_target_C,True,0.5547666666666666,8,3.0808557718992233,2.7928871259753074,subgoal_reached
1414,5,off_target_E,False,0.5522333333333334,12,-3.2544572800397873,-2.86634440036731,subgoal_reached
1426,4,off_target_D,True,0.5484333333333333,6,-1.4442623853683472,-1.5381377377318612,subgoal_reached
1432,3,off_target_C,False,0.5465333333333333,8,3.749845802783966,3.3609133627893466,subgoal_reached
1440,5,off_target_E,False,0.544,11,-5.800904132425785,-5.541072794512865,subgoal_reached
1451,2,off_target_B,True,0.5405166666666666,7,0.4159850478172302,0.3835924937256171,subgoal_reached
1458,0,,True,0.5383,1,-1.8149964809417725,-1.9149964809417725,base_step
1459,3,off_target_C,False,0.5379833333333334,9,5.219088837504387,4.682920695767302,subgoal_reached
1468,4,off_target_D,True,0.5351333333333332,12,-6.699241295456886,-6.470749358028587,subgoal_reached
1480,3,off_target_C,False,0.5313333333333332,5,4.7460004687309265,4.551796673645059,subgoal_reached
1485,0,,True,0.5297499999999999,1,0.7041193246841431,0.6041193246841431,base_step
1486,5,off_target_E,False,0.5294333333333333,12,-4.300897181034088,-3.9933733780570644,subgoal_reached
1498,0,,True,0.5256333333333333,1,-1.426855206489563,-1.526855206489563,base_step
1499,4,off_target_D,True,0.5253166666666667,6,-1.6535660773515701,-1.767024883623849,subgoal_reached
1505,3,off_target_C,False,0.5234166666666666,6,6.095602959394455,5.796283701863758,subgoal_reached
1511,5,off_target_E,False,0.5215166666666666,11,-5.369004018604755,-5.002609122747796,subgoal_reached
1522,3,off_target_C,False,0.5180333333333333,6,2.7729572132229805,2.5556865263516104,subgoal_reached
1528,4,off_target_D,True,0.5161333333333333,11,-2.1252315677702427,-1.994933391113063,subgoal_reached
1539,3,off_target_C,False,0.5126499999999999,11,2.527900353074074,1.9993559837872792,subgoal_reached
1550,5,off_target_E,False,0.5091666666666667,12,-4.757746681571007,-4.607050535624095,subgoal_reached
1562,3,off_target_C,False,0.5053666666666666,9,1.9172868430614471,1.5704587852035417,subgoal_reached
1571,5,off_target_E,False,0.5025166666666667,13,-2.694780334830284,-2.256123299623152,subgoal_reached
1584,0,,True,0.49839999999999995,1,-1.024552583694458,-1.124552583694458,base_step
1585,2,off_target_B,True,0.4980833333333333,6,-1.483970046043396,-1.5510442182765587,subgoal_reached
1591,3,off_target_C,False,0.4961833333333333,9,4.983876436948776,4.462024303542299,environment_truncated
1600,2,off_target_B,True,0.4933333333333333,5,0.10560661554336548,-0.002813267968703903,subgoal_reached
1605,3,off_target_C,False,0.49174999999999996,11,6.749814182519913,6.22958603093563,subgoal_reached
1616,0,,False,0.4882666666666667,1,-1.0806517601013184,-1.1806517601013184,base_step
1617,2,off_target_B,True,0.48794999999999994,4,-4.601928949356079,-4.632233866321444,subgoal_reached
1621,3,off_target_C,False,0.4866833333333333,8,2.0338928624987602,1.6659929315237767,subgoal_reached
1629,1,off_target_A,True,0.4841499999999999,14,-6.4586669355630875,-6.1097491851397,subgoal_reached
1643,3,off_target_C,False,0.4797166666666667,7,5.424260258674622,5.1704248025518655,subgoal_reached
1650,5,off_target_E,True,0.4774999999999999,10,-3.3174158111214638,-3.0886461909425225,subgoal_reached
1660,3,off_target_C,False,0.4743333333333333,10,1.3319148197770119,0.9307700709255472,subgoal_reached
1670,4,off_target_D,True,0.4711666666666667,11,-2.640307530760765,-2.4898190161450335,subgoal_reached
1681,3,off_target_C,False,0.4676833333333333,8,2.122528776526451,1.8324387919665968,subgoal_reached
1689,0,,False,0.46515,1,1.1134074926376343,1.0134074926376342,base_step
1690,0,,False,0.46483333333333327,1,0.758955180644989,0.658955180644989,base_step
1691,0,,False,0.46451666666666663,1,0.2208656370639801,0.1208656370639801,base_step
1692,0,,False,0.4642,1,-0.35488009452819824,-0.4548800945281982,base_step
1693,3,off_target_C,False,0.46388333333333326,6,0.08283677324652672,-0.03659269377927174,subgoal_reached
1699,1,off_target_A,True,0.4619833333333333,6,-5.886660218238831,-5.790229250615982,subgoal_reached
1705,2,off_target_B,True,0.4600833333333333,1,-1.7145020961761475,-1.8145020961761475,subgoal_reached
1706,0,,True,0.45976666666666666,1,-1.3907431364059448,-1.490743136405945,base_step
1707,3,off_target_C,True,0.45945,8,5.133542105555534,4.720577675016111,subgoal_reached
1715,5,off_target_E,True,0.45691666666666664,12,-3.372428387403488,-3.10527313989136,subgoal_reached
1727,4,off_target_D,True,0.45311666666666667,6,-2.8181366473436356,-2.877836950547496,subgoal_reached
1733,3,off_target_C,False,0.45121666666666665,7,5.364064835011959,5.013601997833037,subgoal_reached
1740,0,,False,0.449,1,0.7035607695579529,0.6035607695579529,base_step
1741,0,,False,0.44868333333333327,1,0.22535574436187744,0.12535574436187744,base_step
1742,1,off_target_A,True,0.44836666666666664,10,-5.329459547996521,-5.17171326084631,subgoal_reached
1752,2,off_target_B,True,0.4452,5,-2.529140293598175,-2.5676105479487297,subgoal_reached
1757,3,off_target_C,False,0.44361666666666666,11,4.827809259295464,4.12274234210497,subgoal_reached
1768,0,,False,0.44013333333333327,1,0.35562026500701904,0.25562026500701907,base_step
1769,5,off_target_E,True,0.43981666666666663,9,-5.1412922367453575,-4.988731977872204,subgoal_reached
1778,3,off_target_C,False,0.4369666666666666,14,5.5804407969117165,5.044595508866348,subgoal_reached
1792,2,off_target_B,True,0.43253333333333327,5,-5.9597296714782715,-5.914958404137818,subgoal_reached
1797,1,off_target_A,True,0.43095,8,-2.11018168926239,-2.3223549257458016,subgoal_reached
1805,0,,True,0.4284166666666666,1,0.5553857088088989,0.45538570880889895,base_step
1806,3,off_target_C,False,0.4281,9,3.291871167719364,2.942057928824467,subgoal_reached
1815,0,,False,0.42524999999999996,1,1.2402799129486084,1.1402799129486083,base_step
1816,0,,False,0.42493333333333333,1,0.7085052728652954,0.6085052728652954,base_step
1817,0,,False,0.42461666666666664,1,0.5758888721466064,0.47588887214660647,base_step
1818,5,off_target_E,True,0.4243,11,-6.778982982039452,-6.417597967587387,subgoal_reached
1829,3,off_target_C,False,0.4208166666666666,9,2.775469310581684,2.3951715609627766,subgoal_reached
1838,2,off_target_B,True,0.4179666666666666,11,-4.39901465177536,-4.2605278140650125,subgoal_reached
1849,3,off_target_C,False,0.41448333333333337,6,3.461062639951706,3.2286786919129664,subgoal_reached
1855,0,,False,0.41258333333333336,1,1.1961628198623657,1.0961628198623656,base_step
1856,1,off_target_A,True,0.4122666666666666,11,-5.875480264425278,-5.558236253017476,subgoal_reached
1867,3,off_target_C,False,0.40878333333333333,8,3.5400569438934326,3.2223821063842544,subgoal_reached
1875,0,,False,0.40624999999999994,1,0.7664856910705566,0.6664856910705567,base_step
1876,0,,False,0.40593333333333337,1,-0.031612128019332886,-0.1316121280193329,base_step
1877,0,,True,0.4056166666666666,1,-0.2685825526714325,-0.3685825526714325,base_step
1878,4,off_target_D,True,0.4053,10,-3.8421253003180027,-3.6006457684938904,subgoal_reached
1888,3,off_target_C,False,0.40213333333333334,10,2.6193053275346756,2.1261236035573154,subgoal_reached
1898,1,off_target_A,True,0.3989666666666666,12,-4.968714267015457,-4.853800494260161,subgoal_reached
1910,3,off_target_C,True,0.3951666666666666,9,2.6356556117534637,2.248043552009373,subgoal_reached
1919,0,,False,0.3923166666666666,1,1.0470476150512695,0.9470476150512696,base_step
1920,0,,False,0.39199999999999996,1,0.7891653776168823,0.6891653776168823,base_step
1921,0,,False,0.39168333333333333,1,0.6668538451194763,0.5668538451194763,base_step
1922,0,,True,0.3913666666666666,1,0.2243683636188507,0.1243683636188507,base_step
1923,5,off_target_E,True,0.39104999999999995,9,-5.799544632434845,-5.616281985686031,subgoal_reached
1932,1,off_target_A,True,0.38819999999999993,5,-3.398109257221222,-3.4542476305492746,subgoal_reached
1937,2,off_target_B,True,0.3866166666666666,3,-1.0623230934143066,-1.152761335670948,subgoal_reached
1940,3,off_target_C,False,0.3856666666666667,6,7.003379084169865,6.67003541755733,subgoal_reached
1946,0,,False,0.3837666666666667,1,0.9746549129486084,0.8746549129486084,base_step
1947,0,,False,0.38344999999999996,1,0.24011075496673584,0.14011075496673583,base_step
1948,0,,True,0.3831333333333333,1,0.24471457302570343,0.14471457302570342,base_step
1949,0,,True,0.3828166666666667,1,-0.1275411695241928,-0.22754116952419282,base_step
1950,0,,False,0.38249999999999995,1,-0.6480491161346436,-0.7480491161346435,base_step
1951,0,,False,0.3821833333333333,1,-0.7040994763374329,-0.8040994763374328,base_step
1952,3,off_target_C,False,0.3818666666666667,4,1.340502679347992,1.206641436843991,subgoal_reached
1956,0,,False,0.38059999999999994,1,-0.20532095432281494,-0.3053209543228149,base_step
1957,0,,False,0.3802833333333333,1,-0.6385954022407532,-0.7385954022407532,base_step
1958,0,,False,0.3799666666666667,1,-0.4142478406429291,-0.514247840642929,base_step
1959,0,,False,0.37964999999999993,1,-0.20415262877941132,-0.3041526287794113,base_step
1960,1,off_target_A,True,0.3793333333333333,12,-5.099431309849024,-4.764304280322879,subgoal_reached
1972,3,off_target_C,False,0.37553333333333333,11,3.1658720672130585,2.5809631545530283,subgoal_reached
1983,0,,False,0.37204999999999994,1,0.8446896076202393,0.7446896076202393,base_step
1984,1,off_target_A,True,0.3717333333333333,11,-6.324643861502409,-6.127299056908762,subgoal_reached
1995,3,off_target_C,False,0.36824999999999997,11,4.321100652217865,3.751365035150777,subgoal_reached
2006,0,,False,0.3647666666666667,1,0.7468030452728271,0.6468030452728272,base_step
2007,5,off_target_E,True,0.36444999999999994,11,-6.113840848207474,-5.9473052377393625,subgoal_reached
2018,0,,True,0.36096666666666666,1,-0.9743558764457703,-1.0743558764457704,base_step
2019,4,off_target_D,True,0.3606499999999999,5,-1.0908586382865906,-1.1848207254406051,subgoal_reached
2024,5,off_target_E,True,0.35906666666666665,10,0.7639233767986298,0.6809551785256122,subgoal_reached
2034,2,off_target_B,True,0.35589999999999994,8,-3.7332849577069283,-3.774080082142178,subgoal_reached
2042,3,off_target_C,False,0.35336666666666666,6,7.70329487323761,7.3771543714435825,subgoal_reached
2048,0,,True,0.35146666666666665,1,0.8961610198020935,0.7961610198020935,base_step
2049,0,,False,0.3511499999999999,1,0.10176518559455872,0.0017651855945587103,base_step
2050,0,,True,0.3508333333333333,1,-0.06857043504714966,-0.16857043504714966,base_step
2051,0,,False,0.35051666666666664,1,-0.5427130460739136,-0.6427130460739136,base_step
2052,1,off_target_A,True,0.3501999999999999,10,-6.102425158023834,-5.906561102582012,subgoal_reached
2062,3,off_target_C,False,0.3470333333333333,12,3.873540848493576,3.2202136381125657,subgoal_reached
2074,0,,False,0.3432333333333333,1,-0.013077689334750175,-0.11307768933475018,base_step
2075,0,,False,0.34291666666666665,1,-1.6127424240112305,-1.7127424240112306,base_step
2076,3,off_target_C,False,0.3426,7,0.812432587146759,0.5287865311818799,subgoal_reached
2083,4,off_target_D,True,0.34038333333333326,16,-5.654545426368713,-5.766587501390703,subgoal_reached
2099,3,off_target_C,False,0.33531666666666665,9,2.00657057762146,1.728549376124384,subgoal_reached
2108,0,,False,0.33246666666666663,1,1.3179045915603638,1.2179045915603637,base_step
2109,5,off_target_E,True,0.33215,13,-4.5092384070158005,-4.048995536268726,subgoal_reached
2122,3,off_target_C,False,0.3280333333333333,8,1.8239685893058777,1.5455990704323659,subgoal_reached
2130,0,,False,0.3255,1,0.8758511543273926,0.7758511543273926,base_step
2131,0,,False,0.32518333333333327,1,0.7173199653625488,0.6173199653625489,base_step
2132,0,,True,0.32486666666666664,1,0.6110239624977112,0.5110239624977112,base_step
2133,0,,False,0.32455,1,0.4862649440765381,0.3862649440765381,base_step
2134,5,off_target_E,True,0.32423333333333326,9,-5.01186315715313,-4.759614304585606,subgoal_reached
2143,1,off_target_A,True,0.32138333333333324,6,-3.6363112553954124,-3.691170120945744,subgoal_reached
2149,3,off_target_C,False,0.3194833333333333,8,5.552005268633366,5.129338027337172,subgoal_reached
2157,0,,False,0.31695,1,0.7235264182090759,0.623526418209076,base_step
2158,0,,False,0.31663333333333327,1,0.16947051882743835,0.06947051882743835,base_step
2159,0,,False,0.31631666666666663,1,0.33236217498779297,0.23236217498779296,base_step
2160,0,,False,0.316,1,0.10107697546482086,0.0010769754648208563,base_step
2161,0,,False,0.31568333333333326,1,-0.3899431526660919,-0.4899431526660919,base_step
2162,0,,False,0.31536666666666663,1,-0.5286568403244019,-0.6286568403244018,base_step
2163,3,off_target_C,False,0.31505,4,1.414173111319542,1.2809205511451958,subgoal_reached
2167,0,,False,0.31378333333333325,1,-0.06729386001825333,-0.16729386001825333,base_step
2168,0,,False,0.3134666666666666,1,-0.6122746467590332,-0.7122746467590332,base_step
2169,0,,False,0.31315,1,-0.512094259262085,-0.6120942592620849,base_step
2170,0,,True,0.31283333333333324,1,-0.3880259394645691,-0.48802593946456907,base_step
2171,0,,False,0.3125166666666666,1,-0.31796637177467346,-0.41796637177467344,base_step
2172,0,,False,0.3122,1,-0.01811996102333069,-0.1181199610233307,base_step
2173,0,,False,0.31188333333333323,1,0.4525214731693268,0.3525214731693268,base_step
2174,0,,False,0.3115666666666666,1,0.8444890975952148,0.7444890975952149,base_step
2175,3,off_target_C,False,0.31124999999999997,13,-2.098820883780718,-2.155469636339821,subgoal_reached
2188,0,,False,0.30713333333333337,1,0.9388238191604614,0.8388238191604614,base_step
2189,2,off_target_B,True,0.3068166666666666,14,-8.122876742854714,-7.844113174526881,subgoal_reached
2203,0,,True,0.30238333333333334,1,1.2351274490356445,1.1351274490356444,base_step
2204,3,off_target_C,False,0.3020666666666666,7,5.2463496923446655,4.977920587125411,subgoal_reached
2211,0,,False,0.29985,1,0.6292415857315063,0.5292415857315064,base_step
2212,0,,False,0.2995333333333334,1,0.015042617917060852,-0.08495738208293915,base_step
2213,2,off_target_B,True,0.29921666666666663,6,-6.563829123973846,-6.431220243199424,subgoal_reached
2219,3,off_target_C,False,0.2973166666666666,8,2.5649631172418594,2.157348649242042,subgoal_reached
2227,0,,False,0.29478333333333334,1,1.481385588645935,1.381385588645935,base_step
2228,0,,False,0.29446666666666665,1,0.9582740068435669,0.8582740068435669,base_step
2229,5,off_target_E,True,0.29415,12,-5.8000922203063965,-5.418078543548474,subgoal_reached
2241,3,off_target_C,False,0.29035,9,3.0993885844945908,2.714212809520338,subgoal_reached
2250,0,,True,0.2875,1,1.1168259382247925,1.0168259382247924,base_step
2251,0,,False,0.28718333333333335,1,0.6510858535766602,0.5510858535766602,base_step
2252,0,,False,0.2868666666666666,1,0.21098411083221436,0.11098411083221435,base_step
2253,0,,True,0.28654999999999997,1,-0.1778174787759781,-0.27781747877597807,base_step
2254,4,off_target_D,True,0.28623333333333334,10,-6.136872880160809,-5.832214821910202,subgoal_reached
2264,5,off_target_E,True,0.28306666666666663,6,-0.5852381885051727,-0.7330632978708401,subgoal_reached
2270,3,off_target_C,False,0.2811666666666666,12,5.319878280162811,4.820243287771676,subgoal_reached
2282,1,off_target_A,True,0.2773666666666666,14,-8.466628327965736,-8.322135203071104,subgoal_reached
2296,5,off_target_E,True,0.27293333333333336,8,-0.12317587435245514,-0.138137427132885,subgoal_reached
2304,3,off_target_C,False,0.2704,10,4.410998672246933,4.012325487120258,subgoal_reached
2314,2,off_target_B,True,0.2672333333333333,14,-6.970250464975834,-6.724844454742451,subgoal_reached
2328,3,off_target_C,False,0.2628,7,5.6337611079216,5.389093924893977,subgoal_reached
2335,2,off_target_B,True,0.26058333333333333,6,-5.223110355436802,-5.09005332256727,subgoal_reached
2341,3,off_target_C,False,0.2586833333333333,12,4.911731779575348,3.916836141019498,subgoal_reached
2353,0,,False,0.25488333333333335,1,0.45527055859565735,0.35527055859565737,base_step
2354,0,,False,0.2545666666666667,1,-0.49183931946754456,-0.5918393194675445,base_step
2355,0,,False,0.25425,1,-0.9856759905815125,-1.0856759905815125,base_step
2356,3,off_target_C,False,0.25393333333333334,7,-0.4939088374376297,-0.7039801342555702,subgoal_reached
2363,0,,False,0.2517166666666667,1,0.718533992767334,0.618533992767334,base_step
2364,0,,False,0.25139999999999996,1,-0.004526263102889061,-0.10452626310288907,base_step
2365,3,off_target_C,False,0.2510833333333333,3,0.4742654040455818,0.37217314088419073,subgoal_reached
2368,0,,False,0.2501333333333333,1,-1.4732944965362549,-1.573294496536255,base_step
2369,3,off_target_C,False,0.2498166666666667,7,-0.9440114200115204,-1.1743817300334176,subgoal_reached
2376,0,,False,0.24759999999999993,1,0.977239191532135,0.877239191532135,base_step
2377,0,,False,0.2472833333333333,1,0.1654862016439438,0.06548620164394378,base_step
2378,0,,False,0.24696666666666667,1,-0.1541384607553482,-0.2541384607553482,base_step
2379,3,off_target_C,False,0.24664999999999998,3,0.641709640622139,0.5403349523082376,subgoal_reached
2382,0,,False,0.24569999999999997,1,-1.6711491346359253,-1.7711491346359254,base_step
2383,1,off_target_A,True,0.24538333333333334,10,-5.994932040572166,-5.863690833540647,subgoal_reached
2393,3,off_target_C,False,0.2422166666666667,7,-0.24296176433563232,-0.465762864241002,environment_truncated
2400,5,off_target_E,True,0.23999999999999994,6,0.8969875499606133,0.7593307337460421,subgoal_reached
2406,3,off_target_C,False,0.23809999999999992,11,4.393309988081455,3.9279617322796763,subgoal_reached
2417,0,,False,0.2346166666666667,1,1.3290389776229858,1.2290389776229858,base_step
2418,0,,False,0.23429999999999995,1,0.40924423933029175,0.30924423933029177,base_step
2419,3,off_target_C,False,0.23398333333333332,12,-2.5506731271743774,-2.7017374055221635,subgoal_reached
2431,0,,False,0.2301833333333333,1,0.6855593323707581,0.5855593323707581,base_step
2432,0,,False,0.22986666666666666,1,0.09401196986436844,-0.005988030135631567,base_step
2433,3,off_target_C,False,0.22954999999999992,3,0.7115952968597412,0.6101002394557,subgoal_reached
2436,5,off_target_E,True,0.22859999999999991,10,-5.798733577132225,-5.804373282015655,subgoal_reached
2446,3,off_target_C,False,0.22543333333333332,9,1.3160596042871475,1.0142244805817224,subgoal_reached
2455,1,off_target_A,True,0.2225833333333333,12,-4.809528335928917,-4.340938510765598,subgoal_reached
2467,5,off_target_E,True,0.21878333333333333,5,1.109720654785633,0.9657700971465403,subgoal_reached
2472,2,off_target_B,True,0.21720000000000006,6,-2.7289672270417213,-2.6837882441129355,subgoal_reached
2478,3,off_target_C,False,0.21530000000000005,11,4.85936638712883,4.088918303353187,subgoal_reached
2489,0,,False,0.21181666666666665,1,0.7800924777984619,0.6800924777984619,base_step
2490,0,,False,0.21150000000000002,1,0.1775638908147812,0.07756389081478118,base_step
2491,0,,False,0.21118333333333328,1,-0.34051841497421265,-0.4405184149742126,base_step
2492,0,,False,0.21086666666666665,1,-0.8294930458068848,-0.9294930458068847,base_step
2493,2,off_target_B,True,0.21055000000000001,7,-4.645005501806736,-4.554636818451322,subgoal_reached
2500,3,off_target_C,False,0.20833333333333331,10,3.8264874815940857,3.1612482204321064,subgoal_reached
2510,0,,False,0.20516666666666666,1,1.167673945426941,1.0676739454269408,base_step
2511,0,,False,0.20485000000000003,1,0.3334510624408722,0.2334510624408722,base_step
2512,0,,True,0.2045333333333333,1,0.0497942715883255,-0.050205728411674505,base_step
2513,0,,False,0.20421666666666666,1,-0.483594685792923,-0.583594685792923,base_step
2514,0,,False,0.20390000000000003,1,-0.9003788828849792,-1.0003788828849793,base_step
2515,3,off_target_C,False,0.20358333333333328,5,0.7528702802956104,0.6086480521754999,subgoal_reached
2520,2,off_target_B,True,0.202,6,-6.198936372995377,-6.072650832355672,subgoal_reached
2526,3,off_target_C,False,0.2001,11,4.659090206027031,3.81730793318748,subgoal_reached
2537,0,,False,0.19661666666666666,1,0.708245038986206,0.6082450389862061,base_step
2538,2,off_target_B,True,0.19630000000000003,10,-9.003112971782684,-8.735335312604981,subgoal_reached
2548,3,off_target_C,False,0.19313333333333327,5,4.926973760128021,4.701371106674237,subgoal_reached
2553,0,,False,0.19155,1,1.3569788932800293,1.2569788932800292,base_step
2554,0,,False,0.19123333333333326,1,0.9351354837417603,0.8351354837417603,base_step
2555,0,,False,0.19091666666666662,1,0.7001646161079407,0.6001646161079407,base_step
2556,0,,False,0.1906,1,0.3009062111377716,0.2009062111377716,base_step
2557,3,off_target_C,False,0.1902833333333333,7,-2.8494227044284344,-2.89914502899189,subgoal_reached
2564,4,off_target_D,True,0.18806666666666666,14,-6.504751920700073,-6.330193970482589,subgoal_reached
2578,3,off_target_C,True,0.18363333333333337,8,4.852461159229279,4.607697576996473,subgoal_reached
2586,0,,True,0.18109999999999998,1,0.9374232888221741,0.8374232888221741,base_step
2587,0,,False,0.18078333333333335,1,0.7201162576675415,0.6201162576675415,base_step
2588,0,,False,0.18046666666666666,1,0.5831709504127502,0.48317095041275027,base_step
2589,0,,False,0.18015000000000003,1,0.3372698426246643,0.2372698426246643,base_step
2590,3,off_target_C,False,0.1798333333333334,11,-3.134856391698122,-3.2020403805885618,subgoal_reached
2601,0,,False,0.17635,1,0.8367660641670227,0.7367660641670227,base_step
2602,0,,False,0.17603333333333337,1,0.3775487244129181,0.2775487244129181,base_step
2603,0,,False,0.17571666666666663,1,0.2954282760620117,0.1954282760620117,base_step
2604,3,off_target_C,False,0.1754,11,-1.3106618225574493,-1.4492947176286346,subgoal_reached
2615,0,,False,0.17191666666666663,1,0.7050257325172424,0.6050257325172425,base_step
2616,0,,False,0.1716,1,-0.029660332947969437,-0.12966033294796944,base_step
2617,3,off_target_C,False,0.17128333333333337,3,0.5624829977750778,0.4527477943599224,subgoal_reached
2620,0,,False,0.17033333333333336,1,-1.2628271579742432,-1.3628271579742433,base_step
2621,2,off_target_B,True,0.17001666666666665,6,-5.293052062392235,-5.345445815843795,subgoal_reached
2627,3,off_target_C,False,0.16811666666666664,6,2.574230670928955,2.3898173569361187,subgoal_reached
2633,0,,False,0.16621666666666662,1,0.9256359338760376,0.8256359338760376,base_step
2634,5,off_target_E,True,0.1659,12,-3.3354497104883194,-3.0037440297625637,subgoal_reached
2646,3,off_target_C,False,0.1621,9,1.3494001179933548,1.0186687306820466,subgoal_reached
2655,0,,False,0.15925,1,1.1231635808944702,1.0231635808944701,base_step
2656,0,,False,0.15893333333333337,1,0.8958542346954346,0.7958542346954346,base_step
2657,0,,False,0.15861666666666663,1,0.6309951543807983,0.5309951543807984,base_step
2658,0,,False,0.1583,1,0.30878493189811707,0.20878493189811706,base_step
2659,3,off_target_C,False,0.15798333333333336,7,-1.9631083570420742,-1.9780373468162675,subgoal_reached
2666,0,,False,0.1557666666666666,1,-0.3038342595100403,-0.40383425951004026,base_step
2667,2,off_target_B,True,0.15544999999999998,13,-6.748617917299271,-6.564217418579845,subgoal_reached
2680,3,off_target_C,False,0.15133333333333335,6,5.3573784828186035,5.124440826465241,subgoal_reached
2686,0,,False,0.14943333333333336,1,0.8821465969085693,0.7821465969085694,base_step
2687,1,off_target_A,True,0.14911666666666662,9,-6.769427061080933,-6.480687267290701,subgoal_reached
2696,3,off_target_C,False,0.1462666666666667,8,3.6859521120786667,3.345896094440181,subgoal_reached
2704,0,,False,0.14373333333333332,1,1.082303762435913,0.9823037624359131,base_step
2705,0,,False,0.1434166666666667,1,0.40230241417884827,0.3023024141788483,base_step
2706,1,off_target_A,True,0.14309999999999998,11,-4.9832143522799015,-4.723554050853666,subgoal_reached
2717,3,off_target_C,False,0.13961666666666672,11,3.166651874780655,2.5785913568068177,subgoal_reached
2728,0,,False,0.13613333333333333,1,0.894671618938446,0.7946716189384461,base_step
2729,0,,False,0.1358166666666667,1,-0.3077611029148102,-0.40776110291481016,base_step
2730,0,,False,0.13549999999999995,1,-1.0610963106155396,-1.1610963106155396,base_step
2731,4,off_target_D,True,0.13518333333333332,9,-3.9619731307029724,-3.82062038947099,subgoal_reached
2740,3,off_target_C,False,0.13233333333333333,10,3.07561032474041,2.4675293550569135,subgoal_reached
2750,0,,False,0.1291666666666667,1,0.9887738823890686,0.8887738823890686,base_step
2751,0,,False,0.12884999999999996,1,0.5764560699462891,0.4764560699462891,base_step
2752,3,off_target_C,False,0.12853333333333333,2,0.221952423453331,0.12369471237063406,subgoal_reached
2754,0,,False,0.12789999999999996,1,-1.1739883422851562,-1.2739883422851563,base_step
2755,0,,False,0.12758333333333333,1,-1.4040101766586304,-1.5040101766586305,base_step
2756,3,off_target_C,False,0.1272666666666667,5,0.7042946964502335,0.5365064300932171,subgoal_reached
2761,0,,False,0.1256833333333333,1,0.7538402676582336,0.6538402676582337,base_step
2762,0,,True,0.12536666666666668,1,0.07081077992916107,-0.029189220070838934,base_step
2763,3,off_target_C,False,0.12504999999999997,3,0.8376559168100357,0.7286681682214141,subgoal_reached
2766,0,,False,0.12409999999999996,1,-1.4535222053527832,-1.5535222053527833,base_step
2767,3,off_target_C,False,0.12378333333333333,8,-0.9605022966861725,-1.241623479435141,subgoal_reached
2775,2,off_target_B,True,0.12124999999999996,7,-5.97016254067421,-5.743774375634692,subgoal_reached
2782,3,off_target_C,False,0.11903333333333332,11,5.034661293029785,4.1920479081536115,subgoal_reached
2793,0,,False,0.11554999999999996,1,0.7160378098487854,0.6160378098487854,base_step
2794,0,,False,0.11523333333333333,1,-0.13045741617679596,-0.23045741617679597,base_step
2795,0,,False,0.1149166666666667,1,-0.617572546005249,-0.717572546005249,base_step
2796,0,,False,0.11459999999999995,1,-1.0877256393432617,-1.1877256393432618,base_step
2797,3,off_target_C,False,0.11428333333333332,5,0.7901449948549271,0.6292869176972323,subgoal_reached
2802,0,,False,0.11269999999999995,1,0.5591141581535339,0.45911415815353396,base_step
2803,5,off_target_E,True,0.11238333333333332,10,-6.595715865492821,-6.325698328614712,subgoal_reached
2813,3,off_target_C,False,0.10921666666666668,7,2.817976325750351,2.5704191387927464,subgoal_reached
2820,0,,False,0.10700000000000005,1,0.3262712061405182,0.22627120614051818,base_step
2821,3,off_target_C,False,0.10668333333333331,8,2.413616333156824,2.2284010498514593,subgoal_reached
2829,0,,False,0.10415000000000005,1,-0.8311578631401062,-0.9311578631401062,base_step
2830,0,,False,0.1038333333333333,1,-0.8597813844680786,-0.9597813844680786,base_step
2831,0,,False,0.10351666666666667,1,-0.7015571594238281,-0.8015571594238281,base_step
2832,1,off_target_A,True,0.10320000000000004,11,-4.334992915391922,-4.130907238404371,subgoal_reached
2843,3,off_target_C,False,0.09971666666666668,11,3.030156970024109,2.450121071673017,subgoal_reached
2854,0,,False,0.09623333333333331,1,0.9635260105133057,0.8635260105133057,base_step
2855,0,,False,0.09591666666666668,1,0.13039347529411316,0.030393475294113154,base_step
2856,0,,False,0.09560000000000005,1,-0.8115073442459106,-0.9115073442459106,base_step
2857,3,off_target_C,False,0.0952833333333333,5,0.7165860533714294,0.5544370592754196,subgoal_reached
2862,0,,False,0.09370000000000003,1,0.5540626049041748,0.4540626049041748,base_step
2863,0,,False,0.0933833333333333,1,-0.4322282671928406,-0.5322282671928406,base_step
2864,0,,False,0.09306666666666667,1,-0.49327439069747925,-0.5932743906974792,base_step
2865,3,off_target_C,False,0.09275000000000004,2,0.1887725442647934,0.08585120797157289,subgoal_reached
2867,0,,False,0.09211666666666668,1,0.09862658381462097,-0.0013734161853790339,base_step
2868,0,,False,0.09180000000000005,1,-1.002301812171936,-1.1023018121719361,base_step
2869,3,off_target_C,False,0.0914833333333333,10,-0.36308204382658005,-0.45790613317376394,subgoal_reached
2879,0,,False,0.08831666666666667,1,-0.7022088170051575,-0.8022088170051574,base_step
2880,0,,False,0.08800000000000004,1,-1.1069008111953735,-1.2069008111953736,base_step
2881,3,off_target_C,False,0.08768333333333331,7,2.500324249267578,2.179953213391871,subgoal_reached
2888,0,,False,0.08546666666666666,1,0.9193601608276367,0.8193601608276367,base_step
2889,0,,False,0.08515000000000003,1,-0.08403785526752472,-0.18403785526752472,base_step
2890,3,off_target_C,False,0.08483333333333329,2,20.028990134596825,19.929328666478394,subgoal_reached
2892,0,,False,0.08420000000000002,1,0.11794042587280273,0.01794042587280273,base_step
2893,0,,False,0.0838833333333333,1,0.04722268879413605,-0.05277731120586396,base_step
2894,3,off_target_C,False,0.08356666666666666,8,0.8454108685255051,0.7321677145949687,subgoal_reached
2902,0,,False,0.08103333333333329,1,-0.9538818597793579,-1.053881859779358,base_step
2903,0,,False,0.08071666666666666,1,-0.9211569428443909,-1.021156942844391,base_step
2904,3,off_target_C,False,0.08040000000000003,3,-0.28226152062416077,-0.3879272602945566,subgoal_reached
2907,0,,False,0.07945000000000002,1,0.31501469016075134,0.21501469016075134,base_step
2908,0,,False,0.07913333333333329,1,0.109739288687706,0.009739288687705988,base_step
2909,1,off_target_A,True,0.07881666666666666,5,2.830412894487381,2.6528643136974153,subgoal_reached
2914,3,off_target_C,False,0.07723333333333329,8,-3.431902177631855,-3.2962175679112167,subgoal_reached
2922,0,,False,0.07470000000000002,1,-1.2987804412841797,-1.3987804412841798,base_step
2923,2,off_target_B,True,0.07438333333333329,10,-0.7829670161008835,-1.0554057620674855,subgoal_reached
2933,3,off_target_C,False,0.07121666666666665,6,-0.6647636741399765,-0.6878043012959814,subgoal_reached
2939,0,,False,0.06931666666666665,1,-1.257019281387329,-1.3570192813873292,base_step
2940,0,,False,0.06900000000000002,1,-1.0576039552688599,-1.15760395526886,base_step
2941,0,,False,0.06868333333333339,1,-0.7170248031616211,-0.8170248031616211,base_step
2942,0,,False,0.06836666666666665,1,-0.3744131922721863,-0.47441319227218626,base_step
2943,0,,False,0.06805000000000001,1,-0.11019781231880188,-0.21019781231880189,base_step
2944,3,off_target_C,False,0.06773333333333338,8,1.4596821814775467,1.3251526045843556,subgoal_reached
2952,0,,False,0.06520000000000001,1,-0.8582898378372192,-0.9582898378372192,base_step
2953,0,,False,0.06488333333333338,1,-1.0612702369689941,-1.1612702369689942,base_step
2954,3,off_target_C,False,0.06456666666666665,3,-0.7472650110721588,-0.8493236445203424,subgoal_reached
2957,0,,False,0.06361666666666664,1,0.35416150093078613,0.25416150093078616,base_step
2958,0,,False,0.06330000000000001,1,0.19858647882938385,0.09858647882938384,base_step
2959,3,off_target_C,False,0.06298333333333338,8,0.12997181713581085,0.08150587059499279,subgoal_reached
2967,0,,False,0.06045000000000001,1,-1.2453784942626953,-1.3453784942626954,base_step
2968,0,,False,0.06013333333333338,1,-1.0043613910675049,-1.104361391067505,base_step
2969,3,off_target_C,False,0.05981666666666664,2,-0.749887153506279,-0.8481808103621006,subgoal_reached
2971,0,,False,0.05918333333333338,1,0.08328421413898468,-0.016715785861015325,base_step
2972,0,,False,0.058866666666666644,1,0.12877726554870605,0.02877726554870605,base_step
2973,0,,False,0.05855000000000001,1,0.23453150689601898,0.13453150689601898,base_step
2974,3,off_target_C,False,0.05823333333333338,11,-2.4098986983299255,-2.189842245384131,subgoal_reached
2985,0,,False,0.05475000000000001,1,-0.3703068792819977,-0.47030687928199766,base_step
2986,3,off_target_C,False,0.054433333333333375,9,-0.021034568548202515,-0.20099303049577108,subgoal_reached
2995,0,,False,0.05158333333333337,1,-0.4682387113571167,-0.5682387113571167,base_step
2996,0,,False,0.051266666666666634,1,-0.670682430267334,-0.770682430267334,base_step
2997,0,,False,0.05095,1,-0.3352316617965698,-0.4352316617965698,base_step
2998,3,off_target_C,False,0.05063333333333337,1,0.18971054255962372,0.08971054255962371,subgoal_reached
2999,0,,False,0.050316666666666635,1,0.5651111006736755,0.46511110067367556,base_step
3000,0,,False,0.05,1,0.2724658250808716,0.17246582508087158,base_step
3001,0,,False,0.05,1,0.02711986005306244,-0.07288013994693757,base_step
3002,3,off_target_C,False,0.05,8,-0.26265832781791687,-0.30338125176240593,subgoal_reached
3010,0,,False,0.05,1,-1.2216469049453735,-1.3216469049453736,base_step
3011,3,off_target_C,False,0.05,2,-1.568078875541687,-1.662108345627785,subgoal_reached
3013,0,,False,0.05,1,-0.2436763346195221,-0.3436763346195221,base_step
3014,0,,False,0.05,1,-0.1849903017282486,-0.2849903017282486,base_step
3015,0,,False,0.05,1,-0.17345859110355377,-0.27345859110355375,base_step
3016,3,off_target_C,False,0.05,8,0.8704127222299576,0.761638592854143,subgoal_reached
3024,0,,False,0.05,1,-1.1123145818710327,-1.2123145818710328,base_step
3025,0,,False,0.05,1,-1.0187883377075195,-1.1187883377075196,base_step
3026,3,off_target_C,False,0.05,2,-0.8200005888938904,-0.9180075210332871,subgoal_reached
3028,0,,False,0.05,1,0.12812690436840057,0.028126904368400568,base_step
3029,0,,False,0.05,1,0.1339149922132492,0.0339149922132492,base_step
3030,0,,False,0.05,1,0.17297464609146118,0.07297464609146118,base_step
3031,3,off_target_C,False,0.05,8,0.5019644126296043,0.4645012862375185,subgoal_reached
3039,0,,False,0.05,1,-1.2930543422698975,-1.3930543422698975,base_step
3040,3,off_target_C,True,0.05,2,-1.5991498231887817,-1.6930827355384828,subgoal_reached
3042,0,,False,0.05,1,-0.24035729467868805,-0.340357294678688,base_step
3043,0,,False,0.05,1,-0.1609203815460205,-0.2609203815460205,base_step
3044,3,off_target_C,False,0.05,8,0.7118854969739914,0.5732528251840063,subgoal_reached
3052,0,,False,0.05,1,-0.7003791332244873,-0.8003791332244873,base_step
3053,0,,False,0.05,1,-0.9654938578605652,-1.0654938578605653,base_step
3054,0,,False,0.05,1,-0.6436365246772766,-0.7436365246772766,base_step
3055,3,off_target_C,False,0.05,2,0.21068385243415833,0.10739976257085801,subgoal_reached
3057,0,,False,0.05,1,0.4124661386013031,0.3124661386013031,base_step
3058,0,,False,0.05,1,0.19321271777153015,0.09321271777153015,base_step
3059,3,off_target_C,False,0.05,8,-0.25134149193763733,-0.28898063256140627,subgoal_reached
3067,0,,False,0.05,1,-1.2302002906799316,-1.3302002906799317,base_step
3068,3,off_target_C,False,0.05,3,-1.619756430387497,-1.7122642098158598,subgoal_reached
3071,0,,False,0.05,1,0.05045844614505768,-0.04954155385494233,base_step
3072,0,,False,0.05,1,-0.007675871253013611,-0.10767587125301362,base_step
3073,3,off_target_C,False,0.05,8,0.5284786224365234,0.4494472596281691,subgoal_reached
3081,0,,False,0.05,1,-1.1552330255508423,-1.2552330255508424,base_step
3082,3,off_target_C,False,0.05,3,-1.5215004980564117,-1.6153075894862414,subgoal_reached
3085,0,,False,0.05,1,0.13799487054347992,0.037994870543479914,base_step
3086,5,off_target_E,True,0.05,9,4.650083623826504,4.318293773597332,subgoal_reached
3095,3,off_target_C,False,0.05,15,-8.526000961661339,-8.164675012402691,subgoal_reached
3110,0,,False,0.05,1,0.8085677623748779,0.708567762374878,base_step
3111,0,,False,0.05,1,0.6493797302246094,0.5493797302246094,base_step
3112,0,,False,0.05,1,0.5120964050292969,0.4120964050292969,base_step
3113,3,off_target_C,True,0.05,10,-1.126118391752243,-0.9797605802383417,subgoal_reached
3123,4,off_target_D,True,0.05,12,-0.14233450591564178,-0.5594434887445625,subgoal_reached
3135,3,off_target_C,False,0.05,8,-2.436341308057308,-2.362596978720109,subgoal_reached
3143,0,,False,0.05,1,-1.2399685382843018,-1.3399685382843018,base_step
3144,0,,False,0.05,1,-1.1439208984375,-1.2439208984375,base_step
3145,0,,False,0.05,1,-0.8111541271209717,-0.9111541271209717,base_step
3146,2,off_target_B,True,0.05,6,0.5749495178461075,0.4346456302762004,subgoal_reached
3152,3,off_target_C,False,0.05,8,-0.41645705699920654,-0.4065851998797736,subgoal_reached
3160,0,,False,0.05,1,-1.2274258136749268,-1.3274258136749268,base_step
3161,0,,False,0.05,1,-0.8489290475845337,-0.9489290475845337,base_step
3162,0,,False,0.05,1,-0.4900808334350586,-0.5900808334350586,base_step
3163,2,off_target_B,True,0.05,6,0.7207128554582596,0.5748291682604999,subgoal_reached
3169,3,off_target_C,False,0.05,6,0.6325758397579193,0.5716804846515354,subgoal_reached
3175,0,,False,0.05,1,-1.3020837306976318,-1.402083730697632,base_step
3176,0,,False,0.05,1,-1.1889004707336426,-1.2889004707336427,base_step
3177,0,,False,0.05,1,-0.8675464391708374,-0.9675464391708374,base_step
3178,0,,False,0.05,1,-0.527286171913147,-0.627286171913147,base_step
3179,1,off_target_A,True,0.05,8,3.9100993126630783,3.5869773922083623,subgoal_reached
3187,3,off_target_C,False,0.05,8,-3.0218036621809006,-2.8951248156956333,subgoal_reached
3195,0,,True,0.05,1,-1.3601847887039185,-1.4601847887039185,base_step
3196,0,,False,0.05,1,-1.2905806303024292,-1.3905806303024293,base_step
3197,0,,False,0.05,1,-1.0381789207458496,-1.1381789207458497,base_step
3198,0,,False,0.05,1,-0.743829607963562,-0.843829607963562,base_step
3199,3,off_target_C,False,0.05,1,-0.47718214988708496,-0.5771821498870849,environment_truncated
3200,3,off_target_C,False,0.05,7,4.758663348853588,4.440500909994418,subgoal_reached
3207,0,,False,0.05,1,1.1400293111801147,1.0400293111801147,base_step
3208,0,,False,0.05,1,0.9417015910148621,0.8417015910148621,base_step
3209,0,,False,0.05,1,0.44450244307518005,0.3445024430751801,base_step
3210,0,,False,0.05,1,-0.45206570625305176,-0.5520657062530517,base_step
3211,3,off_target_C,False,0.05,6,-0.9809611104428768,-1.0950501133509922,subgoal_reached
3217,0,,False,0.05,1,0.11270683258771896,0.012706832587718958,base_step
3218,0,,False,0.05,1,-0.13407374918460846,-0.23407374918460847,base_step
3219,0,,False,0.05,1,-0.005744878202676773,-0.10574487820267678,base_step
3220,0,,False,0.05,1,0.244407519698143,0.144407519698143,base_step
3221,0,,False,0.05,1,0.46045708656311035,0.3604570865631104,base_step
3222,0,,False,0.05,1,0.40162885189056396,0.301628851890564,base_step
3223,0,,False,0.05,1,0.1729477494955063,0.07294774949550628,base_step
3224,3,off_target_C,False,0.05,9,-1.579845704138279,-1.6293022924808007,subgoal_reached
3233,0,,True,0.05,1,-0.14554205536842346,-0.24554205536842347,base_step
3234,5,off_target_E,False,0.05,9,-4.603205993771553,-4.443799869492162,subgoal_reached
3243,3,off_target_C,False,0.05,9,1.426120102405548,1.100732721897369,subgoal_reached
3252,0,,False,0.05,1,1.0424931049346924,0.9424931049346924,base_step
3253,0,,False,0.05,1,0.7974581122398376,0.6974581122398377,base_step
3254,0,,False,0.05,1,0.5438628196716309,0.4438628196716309,base_step
3255,0,,False,0.05,1,0.2697948217391968,0.16979482173919677,base_step
3256,3,off_target_C,False,0.05,7,-0.8539077043533325,-0.9134353161975107,subgoal_reached
3263,0,,False,0.05,1,-0.31174907088279724,-0.4117490708827972,base_step
3264,1,off_target_A,True,0.05,10,-7.318406105041504,-7.033477671956883,subgoal_reached
3274,3,off_target_C,False,0.05,8,5.433808878064156,5.067275950592998,subgoal_reached
3282,0,,False,0.05,1,0.45616063475608826,0.3561606347560883,base_step
3283,0,,False,0.05,1,-0.6827589273452759,-0.7827589273452759,base_step
3284,3,off_target_C,False,0.05,10,-0.00813804566860199,-0.07685008942163266,subgoal_reached
3294,5,off_target_E,False,0.05,8,-4.096021264791489,-4.081286475938528,subgoal_reached
3302,3,off_target_C,False,0.05,10,2.65626722574234,2.270722905152852,subgoal_reached
3312,5,off_target_E,True,0.05,11,28.645049571990967,27.503036204995052,subgoal_reached
3323,3,off_target_C,False,0.05,8,-4.491000704467297,-4.33208256965217,subgoal_reached
3331,0,,False,0.05,1,-1.2575631141662598,-1.3575631141662599,base_step
3332,3,off_target_C,False,0.05,6,-2.352437064051628,-2.4404985161772665,subgoal_reached
3338,0,,False,0.05,1,0.46768325567245483,0.36768325567245486,base_step
3339,0,,False,0.05,1,0.5395241975784302,0.4395241975784302,base_step
3340,0,,False,0.05,1,0.7524656057357788,0.6524656057357788,base_step
3341,0,,False,0.05,1,0.9789196252822876,0.8789196252822876,base_step
3342,0,,False,0.05,1,1.1394610404968262,1.039461040496826,base_step
3343,3,off_target_C,False,0.05,20,-6.951896794140339,-5.895442039996739,subgoal_reached
3363,0,,False,0.05,1,0.5735474824905396,0.4735474824905396,base_step
3364,0,,False,0.05,1,0.6606836318969727,0.5606836318969727,base_step
3365,1,off_target_A,True,0.05,4,3.564991056919098,3.4132791790384647,subgoal_reached
3369,3,off_target_C,False,0.05,9,-3.991322547197342,-3.8124902743904125,subgoal_reached
3378,0,,False,0.05,1,-1.3232896327972412,-1.4232896327972413,base_step
3379,0,,False,0.05,1,-0.9000657796859741,-1.0000657796859742,base_step
3380,0,,False,0.05,1,-0.5945096015930176,-0.6945096015930176,base_step
3381,0,,False,0.05,1,-0.4092285633087158,-0.5092285633087158,base_step
3382,3,off_target_C,False,0.05,8,0.559786006808281,0.4151129517240776,subgoal_reached
3390,0,,False,0.05,1,-0.5923177599906921,-0.6923177599906921,base_step
3391,0,,False,0.05,1,-0.863227367401123,-0.963227367401123,base_step
3392,0,,False,0.05,1,-0.5750219821929932,-0.6750219821929931,base_step
3393,3,off_target_C,False,0.05,2,0.33114592730998993,0.22725331723690032,subgoal_reached
3395,0,,False,0.05,1,0.4171200394630432,0.31712003946304324,base_step
3396,0,,False,0.05,1,0.14000597596168518,0.040005975961685175,base_step
3397,3,off_target_C,False,0.05,8,-0.23339468240737915,-0.2860143075345185,subgoal_reached
3405,0,,False,0.05,1,-1.1962488889694214,-1.2962488889694215,base_step
3406,0,,False,0.05,1,-0.9921098947525024,-1.0921098947525025,base_step
3407,3,off_target_C,False,0.05,2,-0.7130523175001144,-0.8115769089758396,subgoal_reached
3409,5,off_target_E,True,0.05,8,3.9621323347091675,3.680865355378534,subgoal_reached
3417,3,off_target_C,False,0.05,11,-6.85946673899889,-6.479115569099982,subgoal_reached
3428,0,,False,0.05,1,-0.8168579936027527,-0.9168579936027527,base_step
3429,3,off_target_C,False,0.05,3,-0.22447016835212708,-0.331820626270771,subgoal_reached
3432,0,,False,0.05,1,0.757660984992981,0.657660984992981,base_step
3433,0,,False,0.05,1,0.53261399269104,0.43261399269104006,base_step
3434,3,off_target_C,False,0.05,8,0.4992838352918625,0.4340058603139433,subgoal_reached
3442,0,,False,0.05,1,-1.1988099813461304,-1.2988099813461305,base_step
3443,0,,False,0.05,1,-1.1596804857254028,-1.259680485725403,base_step
3444,3,off_target_C,False,0.05,3,-1.0966395735740662,-1.1943336087971927,subgoal_reached
3447,0,,False,0.05,1,0.1834421008825302,0.0834421008825302,base_step
3448,4,off_target_D,True,0.05,5,2.4784769117832184,2.3116052479139957,subgoal_reached
3453,3,off_target_C,False,0.05,7,-2.103348657488823,-2.0375747068837406,subgoal_reached
3460,0,,False,0.05,1,-1.1958189010620117,-1.2958189010620118,base_step
3461,0,,False,0.05,1,-1.0625683069229126,-1.1625683069229127,base_step
3462,0,,False,0.05,1,-0.9646807909011841,-1.0646807909011842,base_step
3463,3,off_target_C,False,0.05,8,-0.639425978064537,-0.7868320890893752,subgoal_reached
3471,0,,False,0.05,1,-0.14192864298820496,-0.24192864298820496,base_step
3472,0,,False,0.05,1,-0.08356368541717529,-0.1835636854171753,base_step
3473,3,off_target_C,False,0.05,2,1.0126642882823944,0.9054471385478974,subgoal_reached
3475,5,off_target_E,False,0.05,9,2.6115444377064705,2.4016425038623366,subgoal_reached
3484,3,off_target_C,False,0.05,11,-6.3212180361151695,-5.999899044697395,subgoal_reached
3495,0,,False,0.05,1,-0.8793997764587402,-0.9793997764587402,base_step
3496,0,,False,0.05,1,-0.6322292685508728,-0.7322292685508728,base_step
3497,3,off_target_C,False,0.05,2,0.18230226635932922,0.07873605638742445,subgoal_reached
3499,0,,False,0.05,1,0.7358461618423462,0.6358461618423462,base_step
3500,0,,False,0.05,1,0.5207602381706238,0.4207602381706238,base_step
3501,0,,False,0.05,1,0.3404904007911682,0.2404904007911682,base_step
3502,3,off_target_C,False,0.05,10,-1.700755089521408,-1.554832090142669,subgoal_reached
3512,0,,False,0.05,1,-0.886911153793335,-0.9869111537933349,base_step
3513,0,,False,0.05,1,-0.5691656470298767,-0.6691656470298767,base_step
3514,0,,False,0.05,1,-0.5477980375289917,-0.6477980375289917,base_step
3515,3,off_target_C,False,0.05,10,-0.35898375511169434,-0.5082397494295771,subgoal_reached
3525,0,,False,0.05,1,-0.805129885673523,-0.9051298856735229,base_step
3526,0,,False,0.05,1,-0.587459921836853,-0.687459921836853,base_step
3527,3,off_target_C,False,0.05,1,-0.11529071629047394,-0.21529071629047394,subgoal_reached
3528,0,,False,0.05,1,0.2843987047672272,0.18439870476722717,base_step
3529,0,,False,0.05,1,0.3180669844150543,0.21806698441505432,base_step
3530,0,,False,0.05,1,0.21829809248447418,0.11829809248447418,base_step
3531,3,off_target_C,False,0.05,9,-0.4100100100040436,-0.4131579891028241,subgoal_reached
3540,0,,False,0.05,1,-1.3345903158187866,-1.4345903158187867,base_step
3541,0,,False,0.05,1,-1.0228381156921387,-1.1228381156921388,base_step
3542,0,,False,0.05,1,-0.6334049701690674,-0.7334049701690674,base_step
3543,0,,False,0.05,1,-0.28948554396629333,-0.3894855439662933,base_step
3544,0,,False,0.05,1,-0.06081993877887726,-0.16081993877887726,base_step
3545,3,off_target_C,False,0.05,8,1.2028693407773972,1.0889462174678588,subgoal_reached
3553,0,,False,0.05,1,-1.0120389461517334,-1.1120389461517335,base_step
3554,0,,False,0.05,1,-1.055442452430725,-1.1554424524307252,base_step
3555,3,off_target_C,False,0.05,3,-0.6914518922567368,-0.793443543626368,subgoal_reached
3558,0,,False,0.05,1,0.2839891314506531,0.18398913145065307,base_step
3559,0,,False,0.05,1,0.18092353641986847,0.08092353641986846,base_step
3560,3,off_target_C,False,0.05,7,0.978790670633316,0.8836924685234373,subgoal_reached
3567,0,,False,0.05,1,-1.097163438796997,-1.1971634387969972,base_step
3568,0,,False,0.05,1,-1.2023617029190063,-1.3023617029190064,base_step
3569,3,off_target_C,False,0.05,3,-1.2578585892915726,-1.3539569825038316,subgoal_reached
3572,0,,False,0.05,1,0.13141579926013947,0.03141579926013946,base_step
3573,0,,False,0.05,1,0.10438178479671478,0.004381784796714777,base_step
3574,3,off_target_C,False,0.05,7,1.028964415192604,0.9271788938056112,subgoal_reached
3581,2,off_target_B,True,0.05,15,-2.104717031121254,-2.3706940311361007,subgoal_reached
3596,3,off_target_C,False,0.05,7,-2.9446999728679657,-2.9302362440399436,subgoal_reached
3603,0,,False,0.05,1,-0.5029064416885376,-0.6029064416885376,base_step
3604,0,,False,0.05,1,-0.31228578090667725,-0.4122857809066772,base_step
3605,0,,False,0.05,1,0.030983999371528625,-0.06901600062847138,base_step
3606,0,,False,0.05,1,0.4318453073501587,0.3318453073501587,base_step
3607,0,,False,0.05,1,0.7820203304290771,0.6820203304290772,base_step
3608,0,,False,0.05,1,0.9960324764251709,0.8960324764251709,base_step
3609,3,off_target_C,False,0.05,20,-6.2208766639232635,-5.2708671271687,subgoal_reached
3629,0,,False,0.05,1,0.4816056787967682,0.3816056787967682,base_step
3630,0,,False,0.05,1,0.574651300907135,0.47465130090713503,base_step
3631,0,,False,0.05,1,0.8479194641113281,0.7479194641113281,base_step
3632,0,,False,0.05,1,1.092620611190796,0.9926206111907959,base_step
3633,0,,False,0.05,1,1.221649408340454,1.121649408340454,base_step
3634,3,off_target_C,False,0.05,20,-7.150725111365318,-6.015912744264165,subgoal_reached
3654,0,,False,0.05,1,0.5932731032371521,0.4932731032371521,base_step
3655,0,,False,0.05,1,0.541387677192688,0.441387677192688,base_step
3656,0,,False,0.05,1,0.6237244009971619,0.5237244009971619,base_step
3657,0,,False,0.05,1,0.7740322947502136,0.6740322947502136,base_step
3658,0,,False,0.05,1,0.9503556489944458,0.8503556489944458,base_step
3659,3,off_target_C,False,0.05,12,-1.9458789229393005,-1.5482464469972606,subgoal_reached
3671,0,,False,0.05,1,-1.4398947954177856,-1.5398947954177857,base_step
3672,0,,False,0.05,1,-1.2766345739364624,-1.3766345739364625,base_step
3673,0,,False,0.05,1,-1.0597501993179321,-1.1597501993179322,base_step
3674,4,off_target_D,True,0.05,8,2.401426762342453,2.0947833787426107,subgoal_reached
3682,3,off_target_C,False,0.05,8,-2.215314209461212,-2.1081079225015324,subgoal_reached
3690,1,off_target_A,True,0.05,12,0.7382722347974777,0.2632496844712423,subgoal_reached
3702,3,off_target_C,False,0.05,8,-3.4536504298448563,-3.3122356866129947,subgoal_reached
3710,0,,False,0.05,1,-1.3721760511398315,-1.4721760511398316,base_step
3711,0,,False,0.05,1,-1.174220085144043,-1.274220085144043,base_step
3712,0,,False,0.05,1,-0.8927031755447388,-0.9927031755447387,base_step
3713,3,off_target_C,False,0.05,8,0.018687427043914795,-0.13605706813556223,subgoal_reached
3721,0,,False,0.05,1,-0.2602483034133911,-0.3602483034133911,base_step
3722,0,,False,0.05,1,-0.3709731101989746,-0.4709731101989746,base_step
3723,3,off_target_C,False,0.05,2,0.22850355505943298,0.12532571256160738,subgoal_reached
3725,0,,False,0.05,1,0.3442443609237671,0.24424436092376708,base_step
3726,0,,False,0.05,1,0.02880220115184784,-0.07119779884815217,base_step
3727,3,off_target_C,False,0.05,8,-0.41885948181152344,-0.5072272928167467,subgoal_reached
3735,0,,False,0.05,1,-0.945954442024231,-1.045954442024231,base_step
3736,0,,False,0.05,1,-0.9824973344802856,-1.0824973344802857,base_step
3737,3,off_target_C,False,0.05,2,-0.698541671037674,-0.7974870046973228,subgoal_reached
3739,0,,False,0.05,1,0.3201625347137451,0.2201625347137451,base_step
3740,0,,False,0.05,1,0.29532864689826965,0.19532864689826965,base_step
3741,0,,False,0.05,1,0.20511430501937866,0.10511430501937866,base_step
3742,3,off_target_C,False,0.05,9,-0.6171107590198517,-0.5963090594307081,subgoal_reached
3751,0,,False,0.05,1,-1.2767044305801392,-1.3767044305801392,base_step
3752,0,,False,0.05,1,-0.9060533046722412,-1.0060533046722413,base_step
3753,0,,False,0.05,1,-0.5258930921554565,-0.6258930921554565,base_step
3754,0,,False,0.05,1,-0.23454995453357697,-0.33454995453357694,base_step
3755,0,,False,0.05,1,-0.05716003477573395,-0.15716003477573395,base_step
3756,3,off_target_C,False,0.05,8,1.0459757298231125,0.9480929360639855,subgoal_reached
3764,0,,False,0.05,1,-1.118049144744873,-1.2180491447448731,base_step
3765,0,,False,0.05,1,-1.0126237869262695,-1.1126237869262696,base_step
3766,3,off_target_C,False,0.05,2,-0.8095997273921967,-0.907681397497654,subgoal_reached
3768,0,,False,0.05,1,0.16683535277843475,0.06683535277843475,base_step
3769,0,,False,0.05,1,0.1921127885580063,0.09211278855800628,base_step
3770,0,,False,0.05,1,0.2288249135017395,0.1288249135017395,base_step
3771,3,off_target_C,False,0.05,8,0.5527091696858406,0.5141251282647968,subgoal_reached
3779,0,,False,0.05,1,-1.3134355545043945,-1.4134355545043946,base_step
3780,3,off_target_C,False,0.05,2,-1.6646119356155396,-1.7582293295860292,subgoal_reached
3782,0,,False,0.05,1,-0.2552775740623474,-0.3552775740623474,base_step
3783,0,,False,0.05,1,-0.1551312357187271,-0.2551312357187271,base_step
3784,3,off_target_C,False,0.05,9,0.14812125265598297,0.049272211571828234,subgoal_reached
3793,0,,False,0.05,1,-0.9455621838569641,-1.0455621838569642,base_step
3794,0,,False,0.05,1,-0.751937210559845,-0.851937210559845,base_step
3795,3,off_target_C,False,0.05,2,-0.13037514686584473,-0.23195518255233766,subgoal_reached
3797,0,,False,0.05,1,0.3989778161048889,0.29897781610488894,base_step
3798,0,,False,0.05,1,0.24160616099834442,0.14160616099834442,base_step
3799,0,,True,0.05,1,0.1643996685743332,0.06439966857433319,base_step
3800,3,off_target_C,False,0.05,10,-1.7085126787424088,-1.5634658808104356,subgoal_reached
3810,0,,False,0.05,1,-0.7501460313796997,-0.8501460313796997,base_step
3811,0,,False,0.05,1,-0.5220464468002319,-0.6220464468002319,base_step
3812,5,off_target_E,True,0.05,11,3.6836030781269073,3.215416250215748,subgoal_reached
3823,3,off_target_C,False,0.05,12,-7.896839663386345,-7.4839899043942255,subgoal_reached
3835,0,,False,0.05,1,-0.46276333928108215,-0.5627633392810821,base_step
3836,3,off_target_C,False,0.05,2,0.5592831522226334,0.45366352260112763,subgoal_reached
3838,0,,False,0.05,1,0.791877031326294,0.691877031326294,base_step
3839,0,,False,0.05,1,0.5594449043273926,0.4594449043273926,base_step
3840,3,off_target_C,False,0.05,9,-0.19585636258125305,-0.21936438880549694,subgoal_reached
3849,0,,False,0.05,1,-1.3327237367630005,-1.4327237367630006,base_step
3850,0,,False,0.05,1,-1.1239533424377441,-1.2239533424377442,base_step
3851,0,,False,0.05,1,-0.7217922210693359,-0.8217922210693359,base_step
3852,5,off_target_E,True,0.05,9,4.083649396896362,3.7445726146728253,subgoal_reached
3861,3,off_target_C,False,0.05,10,-5.710740648210049,-5.413907780246893,subgoal_reached
3871,0,,False,0.05,1,-1.079310417175293,-1.179310417175293,base_step
3872,0,,False,0.05,1,-0.8867980241775513,-0.9867980241775512,base_step
3873,3,off_target_C,False,0.05,3,-0.17783041298389435,-0.2847920696079731,subgoal_reached
3876,0,,False,0.05,1,0.5078592300415039,0.40785923004150393,base_step
3877,3,off_target_C,False,0.05,7,1.1347729116678238,1.0568412130388478,subgoal_reached
3884,0,,False,0.05,1,-1.125127911567688,-1.225127911567688,base_step
3885,0,,False,0.05,1,-1.1489826440811157,-1.2489826440811158,base_step
3886,3,off_target_C,False,0.05,3,-1.1233222633600235,-1.221017388446629,subgoal_reached
3889,0,,False,0.05,1,0.23694437742233276,0.13694437742233276,base_step
3890,0,,False,0.05,1,0.2306765764951706,0.1306765764951706,base_step
3891,3,off_target_C,False,0.05,7,1.2375962138175964,1.1313754633918518,subgoal_reached
3898,0,,False,0.05,1,-0.9900839924812317,-1.0900839924812318,base_step
3899,0,,False,0.05,1,-1.2087891101837158,-1.308789110183716,base_step
3900,3,off_target_C,False,0.05,3,-1.2471128702163696,-1.3440107262134553,subgoal_reached
3903,0,,False,0.05,1,0.22060750424861908,0.12060750424861907,base_step
3904,0,,False,0.05,1,0.16050153970718384,0.06050153970718383,base_step
3905,3,off_target_C,False,0.05,8,0.318455770611763,0.2628747325254037,subgoal_reached
3913,0,,False,0.05,1,-1.210289478302002,-1.310289478302002,base_step
3914,0,,False,0.05,1,-0.9722232818603516,-1.0722232818603517,base_step
3915,3,off_target_C,False,0.05,2,-0.6613669544458389,-0.7601553140580654,subgoal_reached
3917,0,,False,0.05,1,0.14753630757331848,0.047536307573318476,base_step
3918,0,,False,0.05,1,0.18107903003692627,0.08107903003692626,base_step
3919,0,,False,0.05,1,0.26881349086761475,0.16881349086761474,base_step
3920,3,off_target_C,False,0.05,11,-2.442900002002716,-2.2138509701897804,subgoal_reached
3931,0,,False,0.05,1,-0.40500569343566895,-0.5050056934356689,base_step
3932,0,,False,0.05,1,-0.5530609488487244,-0.6530609488487243,base_step
3933,3,off_target_C,False,0.05,9,0.12636242806911469,-0.029312977150136726,subgoal_reached
3942,0,,False,0.05,1,-0.7445771098136902,-0.8445771098136902,base_step
3943,0,,False,0.05,1,-0.6219849586486816,-0.7219849586486816,base_step
3944,3,off_target_C,False,0.05,2,0.158698171377182,0.055560004711151106,subgoal_reached
3946,0,,False,0.05,1,0.46883755922317505,0.36883755922317507,base_step
3947,0,,False,0.05,1,0.18033099174499512,0.08033099174499511,base_step
3948,3,off_target_C,False,0.05,9,-0.6443962007761002,-0.6785654440235932,subgoal_reached
3957,0,,False,0.05,1,-1.233701229095459,-1.333701229095459,base_step
3958,0,,False,0.05,1,-0.9929121136665344,-1.0929121136665345,base_step
3959,0,,False,0.05,1,-0.5789330005645752,-0.6789330005645752,base_step
3960,1,off_target_A,True,0.05,8,3.9290954172611237,3.620046818501779,subgoal_reached
3968,3,off_target_C,False,0.05,8,-3.7959053367376328,-3.6349737480385556,subgoal_reached
3976,0,,False,0.05,1,-1.3335283994674683,-1.4335283994674684,base_step
3977,0,,False,0.05,1,-1.1926839351654053,-1.2926839351654054,base_step
3978,3,off_target_C,False,0.05,8,-1.2686662375926971,-1.4118303438947528,subgoal_reached
3986,0,,False,0.05,1,0.2202414870262146,0.1202414870262146,base_step
3987,0,,False,0.05,1,0.24099411070346832,0.14099411070346832,base_step
3988,0,,False,0.05,1,0.5514542460441589,0.45145424604415896,base_step
3989,0,,False,0.05,1,0.8834035396575928,0.7834035396575928,base_step
3990,0,,False,0.05,1,1.047804594039917,0.947804594039917,base_step
3991,3,off_target_C,False,0.05,9,1.926723189651966,1.9026280896040375,environment_truncated
4000,3,off_target_C,False,0.05,7,4.758663348853588,4.440500909994418,subgoal_reached
4007,0,,False,0.05,1,1.1400293111801147,1.0400293111801147,base_step
4008,0,,False,0.05,1,0.9417015910148621,0.8417015910148621,base_step
4009,0,,False,0.05,1,0.44450244307518005,0.3445024430751801,base_step
4010,0,,False,0.05,1,-0.45206570625305176,-0.5520657062530517,base_step
4011,3,off_target_C,False,0.05,6,-0.9809611104428768,-1.0950501133509922,subgoal_reached
4017,0,,False,0.05,1,0.11270683258771896,0.012706832587718958,base_step
4018,0,,False,0.05,1,-0.13407374918460846,-0.23407374918460847,base_step
4019,0,,False,0.05,1,-0.005744878202676773,-0.10574487820267678,base_step
4020,0,,False,0.05,1,0.244407519698143,0.144407519698143,base_step
4021,0,,False,0.05,1,0.46045708656311035,0.3604570865631104,base_step
4022,0,,False,0.05,1,0.40162885189056396,0.301628851890564,base_step
4023,0,,False,0.05,1,0.1729477494955063,0.07294774949550628,base_step
4024,3,off_target_C,False,0.05,9,-1.579845704138279,-1.6293022924808007,subgoal_reached
4033,0,,False,0.05,1,-0.14554205536842346,-0.24554205536842347,base_step
4034,0,,False,0.05,1,-0.24146458506584167,-0.34146458506584165,base_step
4035,0,,False,0.05,1,-0.048822060227394104,-0.1488220602273941,base_step
4036,0,,False,0.05,1,0.20130975544452667,0.10130975544452667,base_step
4037,0,,False,0.05,1,0.34277021884918213,0.24277021884918212,base_step
4038,0,,False,0.05,1,0.24134588241577148,0.14134588241577148,base_step
4039,3,off_target_C,False,0.05,9,-0.21667833626270294,-0.334722526251263,subgoal_reached
4048,0,,False,0.05,1,-0.20745661854743958,-0.30745661854743955,base_step
4049,0,,False,0.05,1,-0.4245721995830536,-0.5245721995830536,base_step
4050,0,,False,0.05,1,-0.21666976809501648,-0.31666976809501646,base_step
4051,5,off_target_E,False,0.05,13,-5.472510576248169,-5.010379787702737,subgoal_reached
4064,3,off_target_C,False,0.05,10,2.5718114972114563,2.1148730345549427,subgoal_reached
4074,0,,False,0.05,1,1.1422126293182373,1.0422126293182372,base_step
4075,0,,False,0.05,1,0.5770742893218994,0.47707428932189944,base_step
4076,0,,False,0.05,1,0.21203413605690002,0.11203413605690002,base_step
4077,3,off_target_C,False,0.05,7,0.2478288784623146,0.13983918067868426,subgoal_reached
4084,0,,False,0.05,1,-0.38787776231765747,-0.48787776231765745,base_step
4085,0,,False,0.05,1,-0.5450827479362488,-0.6450827479362488,base_step
4086,0,,False,0.05,1,-0.3532087206840515,-0.4532087206840515,base_step
4087,5,off_target_E,False,0.05,12,-4.579047499224544,-4.222128763266922,subgoal_reached
4099,3,off_target_C,False,0.05,10,1.854005292057991,1.4260910983129338,subgoal_reached
4109,0,,False,0.05,1,1.199800968170166,1.099800968170166,base_step
4110,0,,False,0.05,1,0.7116888165473938,0.6116888165473938,base_step
4111,0,,False,0.05,1,0.32138657569885254,0.22138657569885253,base_step
4112,3,off_target_C,False,0.05,8,-0.31160744838416576,-0.39347660638358506,subgoal_reached
4120,0,,False,0.05,1,-0.44927650690078735,-0.5492765069007873,base_step
4121,0,,False,0.05,1,-0.4533328413963318,-0.5533328413963318,base_step
4122,5,off_target_E,False,0.05,11,-4.803603358566761,-4.519815434172743,subgoal_reached
4133,3,off_target_C,False,0.05,11,3.3406975865364075,2.7866338646915016,subgoal_reached
4144,0,,False,0.05,1,0.8475562930107117,0.7475562930107117,base_step
4145,0,,False,0.05,1,-0.17070211470127106,-0.27070211470127103,base_step
4146,3,off_target_C,False,0.05,7,0.707770561799407,0.5524688154670641,subgoal_reached
4153,0,,False,0.05,1,-0.6867266893386841,-0.7867266893386841,base_step
4154,0,,False,0.05,1,-0.7277013063430786,-0.8277013063430786,base_step
4155,0,,False,0.05,1,-0.43698927760124207,-0.536989277601242,base_step
4156,5,off_target_E,False,0.05,12,-5.108281027525663,-4.750553718919626,subgoal_reached
4168,3,off_target_C,False,0.05,11,3.5225100219249725,2.9549571842942695,subgoal_reached
4179,0,,False,0.05,1,0.8824194669723511,0.7824194669723511,base_step
4180,0,,False,0.05,1,-0.13384832441806793,-0.23384832441806794,base_step
4181,3,off_target_C,False,0.05,7,0.8273229133337736,0.6670791460648371,subgoal_reached
4188,0,,False,0.05,1,-0.6859413385391235,-0.7859413385391235,base_step
4189,0,,False,0.05,1,-0.7262716293334961,-0.8262716293334961,base_step
4190,0,,False,0.05,1,-0.43454891443252563,-0.5345489144325256,base_step
4191,5,off_target_E,False,0.05,12,-5.159032095223665,-4.802101523045362,subgoal_reached
4203,3,off_target_C,False,0.05,11,3.59041528403759,3.0209597461093254,subgoal_reached
4214,0,,False,0.05,1,0.8825461864471436,0.7825461864471436,base_step
4215,0,,False,0.05,1,-0.14843283593654633,-0.24843283593654633,base_step
4216,1,off_target_A,True,0.05,11,-6.6939565390348434,-6.285668802322492,subgoal_reached
4227,3,off_target_C,False,0.05,10,4.466348268091679,3.9051196067186615,subgoal_reached
4237,0,,False,0.05,1,0.9636520147323608,0.8636520147323609,base_step
4238,0,,False,0.05,1,0.038652703166007996,-0.06134729683399201,base_step
4239,0,,False,0.05,1,-0.8880909085273743,-0.9880909085273742,base_step
4240,3,off_target_C,False,0.05,5,0.739550769329071,0.5764893297040953,subgoal_reached
4245,0,,False,0.05,1,0.5290504693984985,0.42905046939849856,base_step
4246,0,,False,0.05,1,-0.4666439890861511,-0.5666439890861511,base_step
4247,0,,False,0.05,1,-0.5219009518623352,-0.6219009518623352,base_step
4248,3,off_target_C,False,0.05,2,0.16678084433078766,0.0639285334944725,subgoal_reached
4250,0,,False,0.05,1,0.1005057692527771,0.0005057692527770941,base_step
4251,0,,False,0.05,1,-0.9836658835411072,-1.0836658835411073,base_step
4252,3,off_target_C,False,0.05,10,-0.36320939660072327,-0.4532651108967498,subgoal_reached
4262,0,,False,0.05,1,-0.7226337194442749,-0.8226337194442749,base_step
4263,5,off_target_E,False,0.05,12,-5.980219010263681,-5.761980621540427,subgoal_reached
4275,3,off_target_C,False,0.05,10,5.637061215937138,5.121603331195626,subgoal_reached
4285,0,,False,0.05,1,0.9653195142745972,0.8653195142745972,base_step
4286,0,,False,0.05,1,-0.49281397461891174,-0.5928139746189117,base_step
4287,3,off_target_C,False,0.05,6,0.47652240097522736,0.29189178162837237,subgoal_reached
4293,0,,False,0.05,1,-0.0729694664478302,-0.1729694664478302,base_step
4294,0,,False,0.05,1,-0.8412380814552307,-0.9412380814552307,base_step
4295,0,,False,0.05,1,-0.6018952131271362,-0.7018952131271362,base_step
4296,3,off_target_C,False,0.05,1,-0.18075382709503174,-0.2807538270950317,subgoal_reached
4297,0,,False,0.05,1,0.10402149707078934,0.004021497070789332,base_step
4298,0,,False,0.05,1,-0.18631985783576965,-0.28631985783576963,base_step
4299,0,,False,0.05,1,-0.36187705397605896,-0.46187705397605894,base_step
4300,0,,False,0.05,1,-0.11015710979700089,-0.2101571097970009,base_step
4301,2,off_target_B,True,0.05,16,-7.319462303072214,-6.823022818603006,subgoal_reached
4317,3,off_target_C,False,0.05,6,5.470126122236252,5.2738148195124435,subgoal_reached
4323,0,,False,0.05,1,0.4297027587890625,0.3297027587890625,base_step
4324,0,,False,0.05,1,0.17736771702766418,0.07736771702766418,base_step
4325,0,,False,0.05,1,0.02156709134578705,-0.07843290865421296,base_step
4326,5,off_target_E,True,0.05,10,-3.9722894355654716,-3.7491343056160837,subgoal_reached
4336,3,off_target_C,False,0.05,10,1.1512281000614166,0.7594955607637214,subgoal_reached
4346,0,,False,0.05,1,1.157829761505127,1.0578297615051269,base_step
4347,0,,False,0.05,1,0.7816933989524841,0.6816933989524842,base_step
4348,0,,False,0.05,1,0.38978344202041626,0.2897834420204163,base_step
4349,3,off_target_C,False,0.05,8,-0.3371592331677675,-0.43516522211149766,subgoal_reached
4357,0,,False,0.05,1,-0.30717504024505615,-0.40717504024505613,base_step
4358,0,,True,0.05,1,-0.3755062520503998,-0.47550625205039976,base_step
4359,0,,False,0.05,1,-0.14260119199752808,-0.24260119199752808,base_step
4360,0,,False,0.05,1,0.11836762726306915,0.018367627263069147,base_step
4361,0,,False,0.05,1,0.24725110828876495,0.14725110828876495,base_step
4362,0,,False,0.05,1,0.20248326659202576,0.10248326659202575,base_step
4363,3,off_target_C,False,0.05,9,-0.18485628440976143,-0.2764237510840307,subgoal_reached
4372,0,,False,0.05,1,-0.2586711049079895,-0.3586711049079895,base_step
4373,0,,False,0.05,1,-0.37332993745803833,-0.4733299374580383,base_step
4374,0,,False,0.05,1,-0.1539003551006317,-0.2539003551006317,base_step
4375,5,off_target_E,False,0.05,13,-5.127947647124529,-4.671929578297246,subgoal_reached
4388,3,off_target_C,False,0.05,10,2.355894684791565,1.9085992536973335,subgoal_reached
4398,0,,False,0.05,1,1.0868010520935059,0.9868010520935059,base_step
4399,0,,False,0.05,1,0.5174130797386169,0.41741307973861697,base_step
4400,0,,False,0.05,1,0.18694031238555908,0.08694031238555908,base_step
4401,3,off_target_C,False,0.05,7,0.4321743845939636,0.31767803058665844,subgoal_reached
4408,0,,False,0.05,1,-0.4204498827457428,-0.5204498827457428,base_step
4409,0,,False,0.05,1,-0.5599046945571899,-0.6599046945571899,base_step
4410,2,off_target_B,True,0.05,12,-7.38798001781106,-7.153866515638642,subgoal_reached
4422,3,off_target_C,False,0.05,6,5.665078520774841,5.4034549298170145,subgoal_reached
4428,0,,False,0.05,1,1.0090686082839966,0.9090686082839966,base_step
4429,0,,False,0.05,1,0.45927587151527405,0.35927587151527407,base_step
4430,0,,False,0.05,1,0.034874558448791504,-0.0651254415512085,base_step
4431,0,,False,0.05,1,-0.4088284373283386,-0.5088284373283386,base_step
4432,0,,False,0.05,1,-0.6029676198959351,-0.702967619895935,base_step
4433,3,off_target_C,False,0.05,4,-0.32561609148979187,-0.4342392033514082,subgoal_reached
4437,0,,False,0.05,1,0.18869690597057343,0.08869690597057342,base_step
4438,0,,False,0.05,1,-0.004268290475010872,-0.10426829047501088,base_step
4439,0,,False,0.05,1,0.020379044115543365,-0.07962095588445664,base_step
4440,0,,False,0.05,1,0.18066993355751038,0.08066993355751037,base_step
4441,0,,False,0.05,1,0.4248133599758148,0.32481335997581484,base_step
4442,0,,False,0.05,1,0.5325966477394104,0.4325966477394104,base_step
4443,0,,False,0.05,1,0.35516059398651123,0.25516059398651125,base_step
4444,3,off_target_C,False,0.05,10,-2.67449901252985,-2.669874172820367,subgoal_reached
4454,0,,False,0.05,1,0.02682076394557953,-0.07317923605442048,base_step
4455,5,off_target_E,False,0.05,10,-3.6746826767921448,-3.4635753889811496,subgoal_reached
4465,3,off_target_C,False,0.05,10,1.5726790726184845,1.2030484437028006,subgoal_reached
4475,0,,False,0.05,1,0.7842147946357727,0.6842147946357727,base_step
4476,0,,False,0.05,1,0.5844506025314331,0.4844506025314331,base_step
4477,0,,False,0.05,1,0.4617342948913574,0.36173429489135744,base_step
4478,3,off_target_C,False,0.05,6,-0.8282009363174438,-0.8786925806234636,subgoal_reached
4484,0,,False,0.05,1,-0.3635304272174835,-0.4635304272174835,base_step
4485,0,,False,0.05,1,-0.23665134608745575,-0.3366513460874557,base_step
4486,5,off_target_E,False,0.05,10,-3.7253250554203987,-3.520902107759603,subgoal_reached
4496,3,off_target_C,False,0.05,10,1.5311295688152313,1.1491417975487253,subgoal_reached
4506,0,,False,0.05,1,0.8240609169006348,0.7240609169006348,base_step
4507,0,,False,0.05,1,0.49191394448280334,0.39191394448280337,base_step
4508,0,,False,0.05,1,0.2805548310279846,0.1805548310279846,base_step
4509,3,off_target_C,False,0.05,6,0.21410803496837616,0.11112640892238587,subgoal_reached
4515,0,,False,0.05,1,-0.16878996789455414,-0.2687899678945541,base_step
4516,0,,False,0.05,1,-0.3808545470237732,-0.48085454702377317,base_step
4517,0,,False,0.05,1,-0.2810940742492676,-0.38109407424926756,base_step
4518,5,off_target_E,False,0.05,12,-4.990303669124842,-4.613557679810662,subgoal_reached
4530,3,off_target_C,False,0.05,10,2.4044476449489594,1.9572418086427765,subgoal_reached
4540,0,,False,0.05,1,1.1938927173614502,1.09389271736145,base_step
4541,0,,False,0.05,1,0.6581195592880249,0.5581195592880249,base_step
4542,0,,False,0.05,1,0.23719511926174164,0.13719511926174163,base_step
4543,3,off_target_C,False,0.05,7,0.01663944311439991,-0.08548677766455626,subgoal_reached
4550,0,,False,0.05,1,-0.3547864258289337,-0.4547864258289337,base_step
4551,0,,False,0.05,1,-0.5428178906440735,-0.6428178906440735,base_step
4552,0,,False,0.05,1,-0.36349043250083923,-0.4634904325008392,base_step
4553,5,off_target_E,False,0.05,12,-4.795556662604213,-4.428812529506838,subgoal_reached
4565,3,off_target_C,False,0.05,10,2.1260528415441513,1.687986314541291,subgoal_reached
4575,0,,False,0.05,1,1.1996146440505981,1.099614644050598,base_step
4576,0,,False,0.05,1,0.6886738538742065,0.5886738538742066,base_step
4577,0,,False,0.05,1,0.2812999188899994,0.18129991888999938,base_step
4578,3,off_target_C,False,0.05,7,-0.031949155032634735,-0.13340669529728746,subgoal_reached
4585,0,,False,0.05,1,-0.2760280966758728,-0.3760280966758728,base_step
4586,0,,False,0.05,1,-0.4822768568992615,-0.5822768568992615,base_step
4587,0,,False,0.05,1,-0.32970231771469116,-0.42970231771469114,base_step
4588,5,off_target_E,False,0.05,12,-4.917547503486276,-4.550094237649578,subgoal_reached
4600,3,off_target_C,False,0.05,10,2.0620650947093964,1.6252542828002667,subgoal_reached
4610,0,,False,0.05,1,1.2413804531097412,1.1413804531097411,base_step
4611,0,,False,0.05,1,0.7587664127349854,0.6587664127349854,base_step
4612,0,,False,0.05,1,0.323569655418396,0.223569655418396,base_step
4613,3,off_target_C,False,0.05,8,-0.34289660304784775,-0.42374598024666055,subgoal_reached
4621,0,,False,0.05,1,-0.5031282901763916,-0.6031282901763916,base_step
4622,0,,False,0.05,1,-0.4996315538883209,-0.5996315538883209,base_step
4623,5,off_target_E,False,0.05,11,-5.069005195051432,-4.773829729765576,subgoal_reached
4634,3,off_target_C,False,0.05,10,2.634448230266571,2.183409532558357,subgoal_reached
4644,0,,False,0.05,1,1.2386976480484009,1.1386976480484008,base_step
4645,0,,False,0.05,1,0.7181594371795654,0.6181594371795655,base_step
4646,0,,False,0.05,1,0.19448719918727875,0.09448719918727874,base_step
4647,3,off_target_C,False,0.05,7,0.19753641448915005,0.08552172234777128,subgoal_reached
4654,0,,False,0.05,1,-0.5474452972412109,-0.6474452972412109,base_step
4655,0,,False,0.05,1,-0.7098204493522644,-0.8098204493522644,base_step
4656,5,off_target_E,False,0.05,9,-4.55135016143322,-4.412382929816387,subgoal_reached
4665,3,off_target_C,False,0.05,10,2.0142528265714645,1.5946334783431584,subgoal_reached
4675,0,,False,0.05,1,1.270812749862671,1.1708127498626708,base_step
4676,0,,False,0.05,1,0.9245338439941406,0.8245338439941406,base_step
4677,0,,False,0.05,1,0.40416043996810913,0.30416043996810915,base_step
4678,3,off_target_C,False,0.05,8,-1.1527821943163872,-1.237045092123653,subgoal_reached
4686,0,,False,0.05,1,-0.2596607804298401,-0.35966078042984007,base_step
4687,0,,False,0.05,1,-0.35524821281433105,-0.45524821281433103,base_step
4688,0,,False,0.05,1,-0.134789377450943,-0.234789377450943,base_step
4689,0,,False,0.05,1,0.13308672606945038,0.03308672606945037,base_step
4690,4,off_target_D,True,0.05,12,-4.055420324206352,-3.8101100131519,subgoal_reached
4702,3,off_target_C,False,0.05,9,1.5272638127207756,1.1794614152675846,subgoal_reached
4711,0,,False,0.05,1,1.1135978698730469,1.0135978698730468,base_step
4712,0,,False,0.05,1,0.6743490099906921,0.5743490099906922,base_step
4713,0,,False,0.05,1,0.016413630917668343,-0.08358636908233166,base_step
4714,0,,False,0.05,1,-0.4913075268268585,-0.5913075268268585,base_step
4715,3,off_target_C,False,0.05,6,1.0395593009889126,0.8985987448279731,subgoal_reached
4721,0,,False,0.05,1,-0.6284176111221313,-0.7284176111221313,base_step
4722,0,,False,0.05,1,-0.69850093126297,-0.79850093126297,base_step
4723,0,,False,0.05,1,-0.43261590600013733,-0.5326159060001373,base_step
4724,5,off_target_E,False,0.05,12,-5.108482513576746,-4.749961839136818,subgoal_reached
4736,3,off_target_C,False,0.05,11,3.3890358358621597,2.825214562937198,subgoal_reached
4747,0,,False,0.05,1,0.8613852262496948,0.7613852262496948,base_step
4748,0,,False,0.05,1,-0.1276770532131195,-0.2276770532131195,base_step
4749,3,off_target_C,False,0.05,7,0.873136768117547,0.7149653399514935,subgoal_reached
4756,0,,False,0.05,1,-0.6834437251091003,-0.7834437251091003,base_step
4757,0,,False,0.05,1,-0.7265167832374573,-0.8265167832374573,base_step
4758,0,,False,0.05,1,-0.4401277005672455,-0.5401277005672455,base_step
4759,5,off_target_E,False,0.05,12,-5.119382157921791,-4.762018913323112,subgoal_reached
4771,3,off_target_C,False,0.05,11,3.574484810233116,3.0054559752167678,subgoal_reached
4782,0,,False,0.05,1,0.8693802952766418,0.7693802952766419,base_step
4783,0,,False,0.05,1,-0.16078880429267883,-0.2607888042926788,base_step
4784,3,off_target_C,False,0.05,7,0.859057592228055,0.6966590789673102,subgoal_reached
4791,0,,False,0.05,1,-0.6986237168312073,-0.7986237168312073,base_step
4792,0,,False,0.05,1,-0.7306514978408813,-0.8306514978408813,base_step
4793,0,,False,0.05,1,-0.43770357966423035,-0.5377035796642303,base_step
4794,5,off_target_E,False,0.05,6,-0.3224788010120392,-0.4225688142093489,environment_truncated
4800,3,off_target_C,False,0.05,7,4.758663348853588,4.440500909994418,subgoal_reached
4807,0,,False,0.05,1,1.1400293111801147,1.0400293111801147,base_step
4808,0,,False,0.05,1,0.9417015910148621,0.8417015910148621,base_step
4809,0,,False,0.05,1,0.44450244307518005,0.3445024430751801,base_step
4810,0,,False,0.05,1,-0.45206570625305176,-0.5520657062530517,base_step
4811,3,off_target_C,False,0.05,6,-0.9809611104428768,-1.0950501133509922,subgoal_reached
4817,0,,False,0.05,1,0.11270683258771896,0.012706832587718958,base_step
4818,0,,False,0.05,1,-0.13407374918460846,-0.23407374918460847,base_step
4819,0,,False,0.05,1,-0.005744878202676773,-0.10574487820267678,base_step
4820,0,,False,0.05,1,0.244407519698143,0.144407519698143,base_step
4821,0,,False,0.05,1,0.46045708656311035,0.3604570865631104,base_step
4822,0,,False,0.05,1,0.40162885189056396,0.301628851890564,base_step
4823,0,,False,0.05,1,0.1729477494955063,0.07294774949550628,base_step
4824,3,off_target_C,False,0.05,9,-1.579845704138279,-1.6293022924808007,subgoal_reached
4833,0,,False,0.05,1,-0.14554205536842346,-0.24554205536842347,base_step
4834,0,,False,0.05,1,-0.24146458506584167,-0.34146458506584165,base_step
4835,0,,True,0.05,1,-0.048822060227394104,-0.1488220602273941,base_step
4836,0,,False,0.05,1,0.20130975544452667,0.10130975544452667,base_step
4837,0,,False,0.05,1,0.34277021884918213,0.24277021884918212,base_step
4838,0,,False,0.05,1,0.24134588241577148,0.14134588241577148,base_step
4839,3,off_target_C,False,0.05,9,-0.21667833626270294,-0.334722526251263,subgoal_reached
4848,0,,False,0.05,1,-0.20745661854743958,-0.30745661854743955,base_step
4849,0,,False,0.05,1,-0.4245721995830536,-0.5245721995830536,base_step
4850,0,,False,0.05,1,-0.21666976809501648,-0.31666976809501646,base_step
4851,0,,False,0.05,1,0.06782536208629608,-0.032174637913703924,base_step
4852,0,,False,0.05,1,0.2681131660938263,0.1681131660938263,base_step
4853,0,,False,0.05,1,0.2358684539794922,0.13586845397949218,base_step
4854,0,,False,0.05,1,0.15840846300125122,0.058408463001251215,base_step
4855,3,off_target_C,False,0.05,9,-0.8282491471618414,-0.8819368888447782,subgoal_reached
4864,0,,False,0.05,1,-0.28180408477783203,-0.381804084777832,base_step
4865,0,,False,0.05,1,-0.28519853949546814,-0.3851985394954681,base_step
4866,0,,False,0.05,1,-0.04763574153184891,-0.1476357415318489,base_step
4867,0,,False,0.05,1,0.22681277990341187,0.12681277990341186,base_step
4868,0,,False,0.05,1,0.35050302743911743,0.25050302743911745,base_step
4869,0,,False,0.05,1,0.28740137815475464,0.18740137815475463,base_step
4870,3,off_target_C,False,0.05,9,-0.20592325553297997,-0.31859031061092946,subgoal_reached
4879,0,,False,0.05,1,-0.1762915402650833,-0.2762915402650833,base_step
4880,0,,False,0.05,1,-0.4379502236843109,-0.5379502236843109,base_step
4881,0,,False,0.05,1,-0.24715787172317505,-0.347157871723175,base_step
4882,0,,False,0.05,1,0.058386437594890594,-0.04161356240510941,base_step
4883,0,,False,0.05,1,0.32845601439476013,0.22845601439476013,base_step
4884,0,,False,0.05,1,0.3050062656402588,0.20500626564025878,base_step
4885,0,,False,0.05,1,0.19250953197479248,0.09250953197479247,base_step
4886,3,off_target_C,False,0.05,9,-0.6329697705805302,-0.7210057578662193,subgoal_reached
4895,0,,False,0.05,1,-0.2324262261390686,-0.3324262261390686,base_step
4896,0,,False,0.05,1,-0.3798530101776123,-0.4798530101776123,base_step
4897,0,,False,0.05,1,-0.17949342727661133,-0.2794934272766113,base_step
4898,0,,False,0.05,1,0.09276087582111359,-0.007239124178886419,base_step
4899,0,,False,0.05,1,0.2786239683628082,0.17862396836280822,base_step
4900,0,,False,0.05,1,0.22465798258781433,0.12465798258781433,base_step
4901,0,,False,0.05,1,0.14626352488994598,0.04626352488994598,base_step
4902,3,off_target_C,False,0.05,9,-0.5174208804965019,-0.5993907772933454,subgoal_reached
4911,0,,False,0.05,1,-0.32614386081695557,-0.42614386081695554,base_step
4912,0,,False,0.05,1,-0.341399610042572,-0.441399610042572,base_step
4913,0,,False,0.05,1,-0.0979565680027008,-0.1979565680027008,base_step
4914,0,,False,0.05,1,0.16730767488479614,0.06730767488479614,base_step
4915,0,,False,0.05,1,0.25877586007118225,0.15877586007118225,base_step
4916,0,,False,0.05,1,0.1815527379512787,0.08155273795127868,base_step
4917,3,off_target_C,False,0.05,9,0.1293780878186226,0.005222242143366793,subgoal_reached
4926,0,,False,0.05,1,-0.3315267264842987,-0.4315267264842987,base_step
4927,0,,False,0.05,1,-0.5000340938568115,-0.6000340938568115,base_step
4928,0,,False,0.05,1,-0.2717443108558655,-0.37174431085586546,base_step
4929,0,,False,0.05,1,0.0342903733253479,-0.0657096266746521,base_step
4930,0,,False,0.05,1,0.27343007922172546,0.17343007922172546,base_step
4931,0,,False,0.05,1,0.31874409317970276,0.21874409317970275,base_step
4932,0,,False,0.05,1,0.2528274655342102,0.1528274655342102,base_step
4933,3,off_target_C,False,0.05,9,-1.1306729912757874,-1.156635687522112,subgoal_reached
4942,0,,False,0.05,1,-0.2269154042005539,-0.32691540420055387,base_step
4943,0,,False,0.05,1,-0.18518289923667908,-0.28518289923667905,base_step
4944,0,,False,0.05,1,0.04911228269338608,-0.05088771730661393,base_step
4945,0,,False,0.05,1,0.3408695459365845,0.24086954593658447,base_step
4946,0,,False,0.05,1,0.5426341891288757,0.44263418912887575,base_step
4947,0,,False,0.05,1,0.47027575969696045,0.37027575969696047,base_step
4948,0,,False,0.05,1,0.23510202765464783,0.13510202765464782,base_step
4949,3,off_target_C,False,0.05,9,-1.4692531041800976,-1.529602899411569,subgoal_reached
4958,0,,False,0.05,1,-0.125077024102211,-0.225077024102211,base_step
4959,0,,False,0.05,1,-0.2302045077085495,-0.3302045077085495,base_step
4960,0,,False,0.05,1,-0.032650794833898544,-0.13265079483389855,base_step
4961,0,,False,0.05,1,0.21928150951862335,0.11928150951862335,base_step
4962,0,,False,0.05,1,0.34668081998825073,0.24668081998825073,base_step
4963,0,,False,0.05,1,0.2120569944381714,0.11205699443817138,base_step
4964,3,off_target_C,False,0.05,9,-0.17563748732209206,-0.3049409828248846,subgoal_reached
4973,0,,False,0.05,1,-0.2223222851753235,-0.32232228517532346,base_step
4974,0,,False,0.05,1,-0.4655192792415619,-0.5655192792415619,base_step
4975,0,,False,0.05,1,-0.25313079357147217,-0.35313079357147215,base_step
4976,0,,False,0.05,1,0.04244815930724144,-0.057551840692758566,base_step
4977,0,,False,0.05,1,0.26051080226898193,0.16051080226898193,base_step
4978,0,,False,0.05,1,0.2642700970172882,0.1642700970172882,base_step
4979,0,,False,0.05,1,0.191187784075737,0.091187784075737,base_step
4980,3,off_target_C,False,0.05,9,-1.0174957513809204,-1.0536282252715987,subgoal_reached
4989,0,,False,0.05,1,-0.25101438164711,-0.35101438164710996,base_step
4990,4,off_target_D,True,0.05,11,-6.696500763297081,-6.444451505174056,subgoal_reached
5001,3,off_target_C,False,0.05,6,4.735282748937607,4.4892344516144345,subgoal_reached
5007,0,,False,0.05,1,1.0284099578857422,0.9284099578857422,base_step
5008,0,,False,0.05,1,0.48114851117134094,0.38114851117134096,base_step
5009,0,,False,0.05,1,-0.01692967861890793,-0.11692967861890793,base_step
5010,3,off_target_C,False,0.05,7,-0.005162421613931656,-0.14373073681876322,subgoal_reached
5017,0,,False,0.05,1,-0.31241151690483093,-0.4124115169048309,base_step
5018,0,,True,0.05,1,-0.4959084391593933,-0.5959084391593933,base_step
5019,0,,False,0.05,1,-0.2403213530778885,-0.34032135307788847,base_step
5020,0,,False,0.05,1,0.07985248416662216,-0.020147515833377844,base_step
5021,0,,False,0.05,1,0.30473577976226807,0.20473577976226806,base_step
5022,0,,False,0.05,1,0.35440492630004883,0.25440492630004885,base_step
5023,0,,False,0.05,1,0.31648489832878113,0.21648489832878112,base_step
5024,3,off_target_C,False,0.05,10,-2.4052409678697586,-2.3307284382880304,subgoal_reached
5034,5,off_target_E,False,0.05,8,-3.029609441757202,-2.933230070637186,subgoal_reached
5042,3,off_target_C,False,0.05,10,1.3195334672927856,0.9232166105227294,subgoal_reached
5052,0,,False,0.05,1,1.019060492515564,0.919060492515564,base_step
5053,0,,False,0.05,1,0.3201576769351959,0.22015767693519592,base_step
5054,0,,False,0.05,1,0.04606088250875473,-0.053939117491245275,base_step
5055,3,off_target_C,False,0.05,7,1.3493786752223969,1.22692462804208,subgoal_reached
5062,0,,False,0.05,1,-0.9525107741355896,-1.0525107741355897,base_step
5063,0,,False,0.05,1,-1.024055004119873,-1.1240550041198731,base_step
5064,4,off_target_D,False,0.05,8,-4.425279602408409,-4.411703202285648,subgoal_reached
5072,3,off_target_C,False,0.05,8,2.735124669969082,2.4591409230195898,subgoal_reached
5080,0,,False,0.05,1,0.9189170598983765,0.8189170598983765,base_step
5081,0,,False,0.05,1,0.1513032168149948,0.051303216814994806,base_step
5082,0,,False,0.05,1,-0.284775048494339,-0.38477504849433897,base_step
5083,3,off_target_C,False,0.05,7,1.7514955289661884,1.5734185496196662,subgoal_reached
5090,0,,False,0.05,1,-0.8360227346420288,-0.9360227346420288,base_step
5091,0,,False,0.05,1,-0.9225722551345825,-1.0225722551345826,base_step
5092,0,,False,0.05,1,-0.7147631049156189,-0.8147631049156189,base_step
5093,4,off_target_D,False,0.05,10,-3.3809241950511932,-3.3344699715099817,subgoal_reached
5103,3,off_target_C,False,0.05,11,2.8277309983968735,2.3446737448337007,subgoal_reached
5114,0,,False,0.05,1,0.6734660267829895,0.5734660267829895,base_step
5115,0,,False,0.05,1,-0.7568338513374329,-0.8568338513374328,base_step
5116,0,,False,0.05,1,-1.3838751316070557,-1.4838751316070558,base_step
5117,3,off_target_C,False,0.05,5,1.0964358747005463,0.9155534724924813,subgoal_reached
5122,0,,False,0.05,1,0.8179291486740112,0.7179291486740113,base_step
5123,0,,False,0.05,1,-0.24913884699344635,-0.34913884699344633,base_step
5124,0,,False,0.05,1,-0.4571508467197418,-0.5571508467197418,base_step
5125,3,off_target_C,False,0.05,2,0.24277044832706451,0.139948715865612,subgoal_reached
5127,0,,False,0.05,1,-0.20659510791301727,-0.30659510791301725,base_step
5128,0,,False,0.05,1,-1.321614384651184,-1.4216143846511842,base_step
5129,3,off_target_C,False,0.05,7,1.7175967991352081,1.4251799888224816,subgoal_reached
5136,0,,False,0.05,1,-0.046408988535404205,-0.1464089885354042,base_step
5137,4,off_target_D,True,0.05,12,-8.356667667627335,-8.135318371991639,subgoal_reached
5149,3,off_target_C,False,0.05,5,4.486413896083832,4.3035830756402,subgoal_reached
5154,0,,False,0.05,1,0.5898441076278687,0.4898441076278687,base_step
5155,0,,False,0.05,1,0.36824554204940796,0.268245542049408,base_step
5156,0,,False,0.05,1,0.08668170124292374,-0.013318298757076269,base_step
5157,3,off_target_C,False,0.05,6,0.6887088492512703,0.5660501829242545,subgoal_reached
5163,0,,False,0.05,1,-0.1571582555770874,-0.2571582555770874,base_step
5164,0,,False,0.05,1,-0.42308107018470764,-0.5230810701847076,base_step
5165,0,,False,0.05,1,-0.2659367024898529,-0.3659367024898529,base_step
5166,0,,False,0.05,1,-0.003055870532989502,-0.10305587053298951,base_step
5167,0,,False,0.05,1,0.23849338293075562,0.1384933829307556,base_step
5168,0,,True,0.05,1,0.25770866870880127,0.15770866870880126,base_step
5169,0,,False,0.05,1,0.22766193747520447,0.12766193747520446,base_step
5170,3,off_target_C,False,0.05,9,-0.6667728144675493,-0.7266721156489411,subgoal_reached
5179,0,,False,0.05,1,-0.19878634810447693,-0.2987863481044769,base_step
5180,0,,False,0.05,1,-0.27155113220214844,-0.3715511322021484,base_step
5181,0,,False,0.05,1,-0.06363657861948013,-0.16363657861948014,base_step
5182,0,,False,0.05,1,0.19530992209911346,0.09530992209911346,base_step
5183,0,,False,0.05,1,0.3404858112335205,0.2404858112335205,base_step
5184,0,,False,0.05,1,0.24758027493953705,0.14758027493953704,base_step
5185,3,off_target_C,False,0.05,9,-0.24596673995256424,-0.3592110407833886,subgoal_reached
5194,0,,False,0.05,1,-0.19915154576301575,-0.2991515457630157,base_step
5195,0,,False,0.05,1,-0.41358718276023865,-0.5135871827602386,base_step
5196,0,,False,0.05,1,-0.20890870690345764,-0.3089087069034576,base_step
5197,0,,False,0.05,1,0.07437250018119812,-0.025627499818801885,base_step
5198,0,,False,0.05,1,0.2764330804347992,0.1764330804347992,base_step
5199,0,,False,0.05,1,0.2336694747209549,0.1336694747209549,base_step
5200,0,,False,0.05,1,0.15181107819080353,0.05181107819080352,base_step
5201,3,off_target_C,False,0.05,9,-0.7642281223088503,-0.8256789241370831,subgoal_reached
5210,0,,False,0.05,1,-0.28336137533187866,-0.38336137533187864,base_step
5211,0,,False,0.05,1,-0.3009395897388458,-0.4009395897388458,base_step
5212,0,,False,0.05,1,-0.06673350930213928,-0.1667335093021393,base_step
5213,0,,False,0.05,1,0.2023753821849823,0.1023753821849823,base_step
5214,0,,False,0.05,1,0.3189930021762848,0.21899300217628478,base_step
5215,0,,False,0.05,1,0.24897345900535583,0.14897345900535583,base_step
5216,3,off_target_C,False,0.05,9,-0.09107061848044395,-0.2081193779430259,subgoal_reached
5225,0,,False,0.05,1,-0.22720631957054138,-0.32720631957054136,base_step
5226,0,,False,0.05,1,-0.45446157455444336,-0.5544615745544433,base_step
5227,0,,True,0.05,1,-0.24736210703849792,-0.3473621070384979,base_step
5228,0,,False,0.05,1,0.05423176288604736,-0.04576823711395264,base_step
5229,0,,False,0.05,1,0.2993831932544708,0.19938319325447082,base_step
5230,0,,False,0.05,1,0.2765747606754303,0.1765747606754303,base_step
5231,0,,False,0.05,1,0.1895635724067688,0.0895635724067688,base_step
5232,3,off_target_C,False,0.05,9,-0.7658510208129883,-0.8324594526420496,subgoal_reached
5241,0,,False,0.05,1,-0.2224559783935547,-0.32245597839355467,base_step
5242,0,,False,0.05,1,-0.30451032519340515,-0.40451032519340513,base_step
5243,0,,False,0.05,1,-0.09507519006729126,-0.19507519006729127,base_step
5244,0,,False,0.05,1,0.1614934504032135,0.061493450403213495,base_step
5245,0,,False,0.05,1,0.294481486082077,0.19448148608207702,base_step
5246,0,,True,0.05,1,0.20219098031520844,0.10219098031520843,base_step
5247,3,off_target_C,False,0.05,9,-0.027482230216264725,-0.15112136447702507,subgoal_reached
5256,0,,False,0.05,1,-0.27079010009765625,-0.37079010009765623,base_step
5257,0,,False,0.05,1,-0.45237478613853455,-0.5523747861385345,base_step
5258,0,,False,0.05,1,-0.2285214513540268,-0.32852145135402677,base_step
5259,0,,False,0.05,1,0.060431696474552155,-0.03956830352544785,base_step
5260,0,,False,0.05,1,0.25787582993507385,0.15787582993507385,base_step
5261,0,,False,0.05,1,0.27414870262145996,0.17414870262145996,base_step
5262,0,,False,0.05,1,0.20403939485549927,0.10403939485549926,base_step
5263,3,off_target_C,False,0.05,9,-1.1044025253504515,-1.1303483626213575,subgoal_reached
5272,0,,False,0.05,1,-0.2723967134952545,-0.3723967134952545,base_step
5273,0,,False,0.05,1,-0.19704751670360565,-0.29704751670360563,base_step
5274,0,,False,0.05,1,0.057756226509809494,-0.04224377349019051,base_step
5275,0,,False,0.05,1,0.3624212443828583,0.2624212443828583,base_step
5276,0,,False,0.05,1,0.5554239153862,0.4554239153862,base_step
5277,0,,False,0.05,1,0.4860766530036926,0.38607665300369265,base_step
5278,0,,False,0.05,1,0.2414010614156723,0.1414010614156723,base_step
5279,3,off_target_C,False,0.05,9,-1.4602253902703524,-1.5238433081700364,subgoal_reached
5288,0,,False,0.05,1,-0.11055265367031097,-0.21055265367031098,base_step
5289,0,,False,0.05,1,-0.23623469471931458,-0.33623469471931455,base_step
5290,0,,False,0.05,1,-0.04523778334259987,-0.14523778334259987,base_step
5291,0,,False,0.05,1,0.2082761526107788,0.1082761526107788,base_step
5292,0,,False,0.05,1,0.3487633466720581,0.2487633466720581,base_step
5293,0,,False,0.05,1,0.21408213675022125,0.11408213675022125,base_step
5294,3,off_target_C,False,0.05,9,-0.24476754665374756,-0.3705981279083356,subgoal_reached
5303,5,off_target_E,True,0.05,7,-5.164222911000252,-5.068869515147137,subgoal_reached
5310,3,off_target_C,False,0.05,9,1.466518186032772,1.154992486758522,subgoal_reached
5319,0,,False,0.05,1,0.6175622940063477,0.5175622940063477,base_step
5320,0,,False,0.05,1,0.34342750906944275,0.24342750906944274,base_step
5321,3,off_target_C,False,0.05,7,1.2732029855251312,1.1597684064257108,subgoal_reached
5328,0,,False,0.05,1,-0.46882006525993347,-0.5688200652599334,base_step
5329,0,,False,0.05,1,-0.5316428542137146,-0.6316428542137146,base_step
5330,1,off_target_A,True,0.05,10,-5.998934745788574,-5.7801414127523385,subgoal_reached
5340,3,off_target_C,False,0.05,8,3.6647003814578056,3.3455897610290246,subgoal_reached
5348,0,,False,0.05,1,0.86575847864151,0.76575847864151,base_step
5349,0,,False,0.05,1,0.06500674784183502,-0.034993252158164984,base_step
5350,3,off_target_C,False,0.05,8,1.4495723992586136,1.2604650843399312,subgoal_reached
5358,0,,False,0.05,1,-0.9265994429588318,-1.0265994429588319,base_step
5359,0,,False,0.05,1,-0.8038516044616699,-0.9038516044616699,base_step
5360,0,,False,0.05,1,-0.5490246415138245,-0.6490246415138244,base_step
5361,4,off_target_D,False,0.05,11,-3.6801115684211254,-3.5363196774185233,subgoal_reached
5372,3,off_target_C,False,0.05,10,1.7842247784137726,1.3194453093183,subgoal_reached
5382,0,,False,0.05,1,0.9562549591064453,0.8562549591064453,base_step
5383,0,,False,0.05,1,0.7022684216499329,0.6022684216499329,base_step
5384,0,,False,0.05,1,0.6146543025970459,0.5146543025970459,base_step
5385,0,,False,0.05,1,0.15705040097236633,0.05705040097236633,base_step
5386,0,,False,0.05,1,-0.4455534517765045,-0.5455534517765045,base_step
5387,0,,False,0.05,1,-0.6331970691680908,-0.7331970691680908,base_step
5388,3,off_target_C,False,0.05,2,0.07988621294498444,-0.02311200439929964,subgoal_reached
5390,0,,False,0.05,1,0.3721802830696106,0.2721802830696106,base_step
5391,0,,False,0.05,1,0.15197452902793884,0.05197452902793884,base_step
5392,0,,False,0.05,1,-0.04633709788322449,-0.1463370978832245,base_step
5393,0,,False,0.05,1,0.029834942892193794,-0.07016505710780621,base_step
5394,0,,False,0.05,1,0.2592714726924896,0.15927147269248962,base_step
5395,0,,False,0.05,1,0.3533812165260315,0.2533812165260315,base_step
5396,0,,False,0.05,1,0.0648791715502739,-0.03512082844972611,base_step
5397,3,off_target_C,False,0.05,9,-2.1586870923638344,-2.2142388300154785,subgoal_reached
5406,0,,False,0.05,1,-0.03997596353292465,-0.13997596353292466,base_step
5407,0,,False,0.05,1,0.002291567623615265,-0.09770843237638474,base_step
5408,0,,False,0.05,1,0.22208663821220398,0.12208663821220397,base_step
5409,0,,False,0.05,1,0.4649348855018616,0.3649348855018616,base_step
5410,0,,False,0.05,1,0.6746543645858765,0.5746543645858765,base_step
5411,0,,False,0.05,1,0.4947751462459564,0.39477514624595644,base_step
5412,3,off_target_C,False,0.05,10,-2.366220761090517,-2.396070015411169,subgoal_reached
5422,0,,False,0.05,1,0.07390093058347702,-0.026099069416522985,base_step
5423,0,,False,0.05,1,0.11695489287376404,0.016954892873764033,base_step
5424,0,,False,0.05,1,0.3127720057964325,0.2127720057964325,base_step
5425,0,,False,0.05,1,0.5321161150932312,0.4321161150932312,base_step
5426,0,,False,0.05,1,0.7259741425514221,0.6259741425514221,base_step
5427,0,,False,0.05,1,0.5492566823959351,0.4492566823959351,base_step
5428,1,off_target_A,True,0.05,12,-7.534498102962971,-7.03401105161538,subgoal_reached
5440,3,off_target_C,False,0.05,10,3.458831839263439,2.949241367254279,subgoal_reached
5450,0,,False,0.05,1,0.8808107376098633,0.7808107376098633,base_step
5451,0,,False,0.05,1,-0.16600652039051056,-0.26600652039051054,base_step
5452,0,,False,0.05,1,-0.744805097579956,-0.844805097579956,base_step
5453,3,off_target_C,False,0.05,6,1.6671707332134247,1.4732091857571274,subgoal_reached
5459,0,,False,0.05,1,-0.3789239525794983,-0.47892395257949827,base_step
5460,4,off_target_D,True,0.05,11,-8.283317059278488,-8.056568915961115,subgoal_reached
5471,3,off_target_C,False,0.05,5,4.873020112514496,4.6739377505027315,subgoal_reached
5476,0,,False,0.05,1,0.8782152533531189,0.7782152533531189,base_step
5477,0,,False,0.05,1,0.3827255964279175,0.2827255964279175,base_step
5478,0,,False,0.05,1,-0.2664302885532379,-0.3664302885532379,base_step
5479,3,off_target_C,False,0.05,7,1.0211256444454193,0.8344363988243989,subgoal_reached
5486,0,,False,0.05,1,-0.42138317227363586,-0.5213831722736358,base_step
5487,0,,False,0.05,1,-0.6477502584457397,-0.7477502584457397,base_step
5488,0,,False,0.05,1,-0.3798816502094269,-0.47988165020942686,base_step
5489,0,,False,0.05,1,-0.08939968049526215,-0.18939968049526215,base_step
5490,0,,False,0.05,1,0.07062453031539917,-0.029375469684600836,base_step
5491,0,,False,0.05,1,0.23059192299842834,0.13059192299842834,base_step
5492,0,,False,0.05,1,0.48383596539497375,0.3838359653949738,base_step
5493,0,,False,0.05,1,0.7411686778068542,0.6411686778068543,base_step
5494,3,off_target_C,False,0.05,12,-1.998171478509903,-2.030220719186541,subgoal_reached
5506,0,,False,0.05,1,0.867341935634613,0.7673419356346131,base_step
5507,0,,False,0.05,1,0.29497191309928894,0.19497191309928893,base_step
5508,3,off_target_C,False,0.05,12,-1.69211944937706,-1.86726188631113,subgoal_reached
5520,0,,False,0.05,1,0.7472000122070312,0.6472000122070313,base_step
5521,0,,False,0.05,1,-0.03933645784854889,-0.1393364578485489,base_step
5522,3,off_target_C,False,0.05,3,0.7905754968523979,0.6803137883275746,subgoal_reached
5525,0,,False,0.05,1,-1.5171613693237305,-1.6171613693237306,base_step
5526,3,off_target_C,False,0.05,8,-0.8371768593788147,-1.1382682955429115,subgoal_reached
5534,0,,False,0.05,1,0.84378981590271,0.74378981590271,base_step
5535,0,,False,0.05,1,-0.022422367706894875,-0.12242236770689488,base_step
5536,1,off_target_A,True,0.05,11,-6.952071972191334,-6.685811131244507,subgoal_reached
5547,3,off_target_C,False,0.05,7,3.7374706268310547,3.4754766591282613,subgoal_reached
5554,0,,False,0.05,1,0.9367973804473877,0.8367973804473877,base_step
5555,5,off_target_E,True,0.05,12,-4.078857913613319,-3.7251543339966875,subgoal_reached
5567,3,off_target_C,False,0.05,10,1.3190759792923927,0.9051122233445387,subgoal_reached
5577,0,,False,0.05,1,1.0987211465835571,0.9987211465835572,base_step
5578,0,,False,0.05,1,0.6001390218734741,0.5001390218734741,base_step
5579,0,,False,0.05,1,0.29173725843429565,0.19173725843429565,base_step
5580,3,off_target_C,False,0.05,7,0.5799407679587603,0.463912924556538,subgoal_reached
5587,0,,False,0.05,1,-0.32508376240730286,-0.42508376240730283,base_step
5588,0,,False,0.05,1,-0.5097519755363464,-0.6097519755363464,base_step
5589,0,,False,0.05,1,-0.33900734782218933,-0.4390073478221893,base_step
5590,0,,False,0.05,1,-0.04469693452119827,-0.14469693452119828,base_step
5591,0,,False,0.05,1,0.27650198340415955,0.17650198340415954,base_step
5592,0,,False,0.05,1,0.3924228250980377,0.29242282509803774,base_step
5593,0,,False,0.05,1,0.36826953291893005,0.2682695329189301,base_step
5594,3,off_target_C,False,0.05,6,-1.027720944955945,-1.08572304333691,environment_truncated
5600,3,off_target_C,False,0.05,7,4.758663348853588,4.440500909994418,subgoal_reached
5607,5,off_target_E,True,0.05,12,-3.126033488661051,-2.854139560301968,subgoal_reached
5619,3,off_target_C,False,0.05,9,1.7620466127991676,1.419424577186955,subgoal_reached
5628,0,,False,0.05,1,1.2665926218032837,1.1665926218032836,base_step
5629,0,,False,0.05,1,1.0670639276504517,0.9670639276504517,base_step
5630,0,,False,0.05,1,0.7277187705039978,0.6277187705039978,base_step
5631,0,,False,0.05,1,0.1880795657634735,0.0880795657634735,base_step
5632,0,,False,0.05,1,-0.1534488946199417,-0.2534488946199417,base_step
5633,5,off_target_E,True,0.05,10,-6.43950105458498,-6.088472868629603,subgoal_reached
5643,3,off_target_C,False,0.05,10,2.3321951925754547,1.9008893211937394,subgoal_reached
5653,0,,False,0.05,1,0.621314525604248,0.5213145256042481,base_step
5654,0,,False,0.05,1,-0.01613852009177208,-0.11613852009177209,base_step
5655,1,off_target_A,True,0.05,11,-5.5584248676896095,-5.162924237766543,subgoal_reached
5666,3,off_target_C,False,0.05,10,4.041957229375839,3.52345110526281,subgoal_reached
5676,0,,False,0.05,1,0.7462479472160339,0.646247947216034,base_step
5677,0,,False,0.05,1,-0.2845470905303955,-0.3845470905303955,base_step
5678,0,,False,0.05,1,-0.5861326456069946,-0.6861326456069946,base_step
5679,0,,False,0.05,1,-0.5201148390769958,-0.6201148390769958,base_step
5680,0,,False,0.05,1,0.0038179419934749603,-0.09618205800652505,base_step
5681,0,,False,0.05,1,0.35444197058677673,0.25444197058677676,base_step
5682,0,,False,0.05,1,0.7216335535049438,0.6216335535049439,base_step
5683,0,,False,0.05,1,0.6698192954063416,0.5698192954063416,base_step
5684,0,,False,0.05,1,0.47126540541648865,0.37126540541648867,base_step
5685,0,,False,0.05,1,0.1258825808763504,0.025882580876350397,base_step
5686,0,,False,0.05,1,-0.18012361228466034,-0.2801236122846603,base_step
5687,0,,False,0.05,1,-0.34315213561058044,-0.4431521356105804,base_step
5688,0,,False,0.05,1,-0.3805204927921295,-0.4805204927921295,base_step
5689,0,,False,0.05,1,-0.3181103467941284,-0.4181103467941284,base_step
5690,0,,False,0.05,1,-0.06386031210422516,-0.16386031210422516,base_step
5691,0,,False,0.05,1,0.19782564043998718,0.09782564043998718,base_step
5692,0,,False,0.05,1,0.3978150188922882,0.29781501889228823,base_step
5693,0,,False,0.05,1,0.37210536003112793,0.27210536003112795,base_step
5694,0,,False,0.05,1,0.27100494503974915,0.17100494503974914,base_step
5695,0,,False,0.05,1,0.09204123169183731,-0.007958768308162695,base_step
5696,0,,False,0.05,1,-0.09358102828264236,-0.19358102828264237,base_step
5697,0,,False,0.05,1,-0.22755666077136993,-0.3275566607713699,base_step
5698,0,,False,0.05,1,-0.28188586235046387,-0.38188586235046384,base_step
5699,0,,False,0.05,1,-0.24038998782634735,-0.34038998782634733,base_step
5700,0,,False,0.05,1,-0.13197365403175354,-0.23197365403175355,base_step
5701,0,,False,0.05,1,0.015937620773911476,-0.08406237922608853,base_step
5702,0,,False,0.05,1,0.16979342699050903,0.06979342699050903,base_step
5703,0,,False,0.05,1,0.17118149995803833,0.07118149995803832,base_step
5704,0,,False,0.05,1,0.13845527172088623,0.038455271720886225,base_step
5705,0,,False,0.05,1,20.05840492248535,19.95840492248535,base_step
5706,1,off_target_A,False,0.05,10,5.225195527076721,4.759013116130459,subgoal_reached
5716,5,off_target_E,False,0.05,6,1.137294977903366,1.0640354046397604,subgoal_reached
5722,1,off_target_A,False,0.05,6,-2.2714998945593834,-2.3518979867438214,subgoal_reached
5728,5,off_target_E,False,0.05,9,1.511178195476532,1.275020795960747,subgoal_reached
5737,1,off_target_A,False,0.05,6,-2.3935522586107254,-2.466144186327992,subgoal_reached
5743,5,off_target_E,False,0.05,10,0.44534623622894287,0.22588550492589696,subgoal_reached
5753,1,off_target_A,False,0.05,5,-1.8460869118571281,-1.9317642282448932,subgoal_reached
5758,5,off_target_E,False,0.05,10,0.40198683738708496,0.16150425025954537,subgoal_reached
5768,1,off_target_A,False,0.05,5,-1.8510962054133415,-1.939031456154295,subgoal_reached
5773,5,off_target_E,False,0.05,11,-0.22609776258468628,-0.4250691348089387,subgoal_reached
5784,1,off_target_A,False,0.05,5,-1.3526145070791245,-1.446161861912055,subgoal_reached
5789,5,off_target_E,False,0.05,10,0.08647714555263519,-0.1391620023952366,subgoal_reached
5799,1,off_target_A,False,0.05,5,-1.7835537865757942,-1.8713437231233951,subgoal_reached
5804,5,off_target_E,False,0.05,11,-0.274669386446476,-0.47793554812519445,subgoal_reached
5815,1,off_target_A,False,0.05,5,-1.3390344232320786,-1.4304724699022957,subgoal_reached
5820,5,off_target_E,False,0.05,10,0.03557097911834717,-0.18842170088295954,subgoal_reached
5830,1,off_target_A,False,0.05,5,-1.6987599283456802,-1.7873768959304024,subgoal_reached
5835,5,off_target_E,False,0.05,11,-0.3004334047436714,-0.5050978286208497,subgoal_reached
5846,1,off_target_A,False,0.05,5,-1.3551628589630127,-1.4455516566609066,subgoal_reached
5851,5,off_target_E,False,0.05,10,0.0406130850315094,-0.18182697595724287,subgoal_reached
5861,1,off_target_A,False,0.05,5,-1.699209749698639,-1.7869436610037095,subgoal_reached
5866,5,off_target_E,False,0.05,11,-0.30819156020879745,-0.5100315598616483,subgoal_reached
5877,1,off_target_A,False,0.05,5,-1.3711530268192291,-1.4607842749145337,subgoal_reached
5882,5,off_target_E,False,0.05,10,0.05259469151496887,-0.16468253522697676,subgoal_reached
5892,1,off_target_A,False,0.05,5,-1.6824290603399277,-1.769810769452827,subgoal_reached
5897,5,off_target_E,False,0.05,11,-0.35102130472660065,-0.5418129312035312,subgoal_reached
5908,1,off_target_A,False,0.05,5,-1.3617370277643204,-1.4508699980199211,subgoal_reached
5913,5,off_target_E,False,0.05,10,0.035619378089904785,-0.16758294357769385,subgoal_reached
5923,3,off_target_C,True,0.05,11,-8.858955323696136,-8.510782060163642,subgoal_reached
5934,1,off_target_A,False,0.05,13,4.275935336947441,3.8971792512004995,subgoal_reached
5947,5,off_target_E,False,0.05,8,-0.7413966134190559,-0.8871200832983209,subgoal_reached
5955,2,off_target_B,True,0.05,6,-1.4095709919929504,-1.4098939765118006,subgoal_reached
5961,5,off_target_E,False,0.05,12,-0.8548317849636078,-1.3240005803319965,subgoal_reached
5973,1,off_target_A,False,0.05,5,1.0902953520417213,1.0043536048916177,subgoal_reached
5978,5,off_target_E,True,0.05,9,-3.6446090787649155,-3.738635528972741,subgoal_reached
5987,1,off_target_A,False,0.05,5,2.3469542041420937,2.208478318470602,subgoal_reached
5992,4,off_target_D,False,0.05,8,-4.92381326854229,-4.969890308070169,subgoal_reached
