,unique_trial_id,part,id_move,trial,curvature_pt,curvature_st,signi,pvalue,avg_cross,cross,condition,idmove
0,10401100000,401,0,0,0.024212658246649123,0.1596678763822629,0,0.9685971694463615,0.0725319081867761,0.40241297991400593,sequential,#0
1,10401100001,401,0,1,0.018094354180802328,0.10323307805526366,0,0.9685971694463615,0.0725319081867761,-4.500746278603172,sequential,#0
2,10401100002,401,0,2,0.041226970098636115,0.14318572692661558,0,0.9685971694463615,0.0725319081867761,4.9746287887171885,sequential,#0
3,10401100003,401,0,3,0.03385008383072193,0.1302603786485832,0,0.9685971694463615,0.0725319081867761,-12.353735990958311,sequential,#0
4,10401100004,401,0,4,0.02841241134225448,0.15280571672445695,0,0.9685971694463615,0.0725319081867761,-7.891021634283398,sequential,#0
5,10401100005,401,0,5,0.0363207578589583,0.11026545267362532,0,0.9685971694463615,0.0725319081867761,-4.927810280620338,sequential,#0
6,10401100006,401,0,6,0.032736733331169034,0.14013773132594892,0,0.9685971694463615,0.0725319081867761,-9.2729134665611,sequential,#0
7,10401100007,401,0,7,0.030956607088322638,0.16110675486145715,0,0.9685971694463615,0.0725319081867761,-0.4226729631736098,sequential,#0
8,10401100008,401,0,8,0.02907740654251325,0.21212728562425054,0,0.9685971694463615,0.0725319081867761,7.207560883022776,sequential,#0
9,10401100009,401,0,9,0.036339832486929145,0.14184606300002436,0,0.9685971694463615,0.0725319081867761,9.971366887033724,sequential,#0
10,10401100010,401,0,10,0.03629461642818507,0.29963944116945257,0,0.9685971694463615,0.0725319081867761,-5.225397125521889,sequential,#0
11,10401100011,401,0,11,0.030254468333614823,0.2161835207812689,0,0.9685971694463615,0.0725319081867761,-8.718481044007387,sequential,#0
12,10401100012,401,0,12,0.04741687789417972,0.16101213573123532,0,0.9685971694463615,0.0725319081867761,-6.2983715332878845,sequential,#0
13,10401100013,401,0,13,0.049166613334223036,0.13287967799487027,0,0.9685971694463615,0.0725319081867761,0.19429644208800245,sequential,#0
14,10401100014,401,0,14,0.041957779512470095,0.19877534510248615,0,0.9685971694463615,0.0725319081867761,3.171352348377086,sequential,#0
15,10401100015,401,0,15,0.048725681873377884,0.15797615045091484,0,0.9685971694463615,0.0725319081867761,8.710169092554358,sequential,#0
16,10401100016,401,0,16,0.07388671686482431,0.12298246069195891,0,0.9685971694463615,0.0725319081867761,15.850296669879604,sequential,#0
17,10401100017,401,0,17,0.05804800241386203,0.1679050709278216,0,0.9685971694463615,0.0725319081867761,15.075346801009822,sequential,#0
18,10401100018,401,0,18,0.05704492825323299,0.4731994697082579,0,0.9685971694463615,0.0725319081867761,-5.167675886303883,sequential,#0
19,10401100019,401,0,19,0.04097965938953361,0.13714500041702846,0,0.9685971694463615,0.0725319081867761,0.6720334744599294,sequential,#0
20,10401101000,401,1,0,0.544550978400944,0.8902391189202402,1,1.036360500212012e-07,-10.505888619120999,-2.5441430916885066,sequential,#1
21,10401101001,401,1,1,0.20021246053474362,0.8191422956579469,1,1.036360500212012e-07,-10.505888619120999,-3.2531141773937358,sequential,#1
22,10401101002,401,1,2,0.07980336602464524,0.4458116677598803,1,1.036360500212012e-07,-10.505888619120999,-20.182906025053107,sequential,#1
23,10401101003,401,1,3,0.0943587970951178,0.3005802599954206,1,1.036360500212012e-07,-10.505888619120999,-6.744255191920386,sequential,#1
24,10401101004,401,1,4,0.08633996499919092,0.29525128968326964,1,1.036360500212012e-07,-10.505888619120999,-16.697294957244594,sequential,#1
25,10401101005,401,1,5,0.08916888828994761,0.44445524012315435,1,1.036360500212012e-07,-10.505888619120999,-8.241240146671327,sequential,#1
26,10401101006,401,1,6,0.08481477667728339,0.19296406232233948,1,1.036360500212012e-07,-10.505888619120999,-1.3257566082674324,sequential,#1
27,10401101007,401,1,7,0.0878816498166566,0.3391649365899941,1,1.036360500212012e-07,-10.505888619120999,-11.948159214170493,sequential,#1
28,10401101008,401,1,8,0.07626674563358862,0.18466978015255692,1,1.036360500212012e-07,-10.505888619120999,-10.860320094962006,sequential,#1
29,10401101009,401,1,9,0.06195292836912163,0.3846014748346042,1,1.036360500212012e-07,-10.505888619120999,-11.874330790902237,sequential,#1
30,10401101010,401,1,10,0.06738729335639154,0.31396514860841157,1,1.036360500212012e-07,-10.505888619120999,-11.606526416055594,sequential,#1
31,10401101011,401,1,11,0.08249096418906234,0.29461645921276725,1,1.036360500212012e-07,-10.505888619120999,-15.580314308837167,sequential,#1
32,10401101012,401,1,12,0.04037014433060994,0.3191381711414516,1,1.036360500212012e-07,-10.505888619120999,-11.700831776018813,sequential,#1
33,10401101013,401,1,13,0.06433090988478109,0.909184277664501,1,1.036360500212012e-07,-10.505888619120999,-15.405945386270732,sequential,#1
34,10401101014,401,1,14,0.1051350908833356,0.5232497508135254,1,1.036360500212012e-07,-10.505888619120999,-16.3466668577583,sequential,#1
35,10401101015,401,1,15,0.10024997133485243,0.35209776635127815,1,1.036360500212012e-07,-10.505888619120999,-5.1033433294516986,sequential,#1
36,10401101016,401,1,16,0.06052088738902153,0.18955488092940057,1,1.036360500212012e-07,-10.505888619120999,-0.06663631267519268,sequential,#1
37,10401101017,401,1,17,0.061242441062025664,0.4506005127859676,1,1.036360500212012e-07,-10.505888619120999,-14.787595331245232,sequential,#1
38,10401101018,401,1,18,0.10189776089454376,0.2984455722345377,1,1.036360500212012e-07,-10.505888619120999,-11.469857122583738,sequential,#1
39,10401101019,401,1,19,0.09430383298080942,0.961490164935091,1,1.036360500212012e-07,-10.505888619120999,-14.378535243249699,sequential,#1
40,10401102000,401,2,0,0.030139615249355562,0.9080625499507979,1,2.455492911773199e-08,-9.01310402330723,-12.549067971876811,sequential,#2
41,10401102001,401,2,1,0.02278849942076189,2.6315521086816958,1,2.455492911773199e-08,-9.01310402330723,-14.841261807278098,sequential,#2
42,10401102002,401,2,2,0.0656739541546919,2.9999577641975983,1,2.455492911773199e-08,-9.01310402330723,-7.926083199063671,sequential,#2
43,10401102003,401,2,3,0.01706351613706828,0.3518864083411241,1,2.455492911773199e-08,-9.01310402330723,-5.7431740624506435,sequential,#2
44,10401102004,401,2,4,0.012747412118032188,1.7055049999713332,1,2.455492911773199e-08,-9.01310402330723,-7.41062992811453,sequential,#2
45,10401102005,401,2,5,0.027131999702887138,0.6198157152626687,1,2.455492911773199e-08,-9.01310402330723,-3.848679302709352,sequential,#2
46,10401102006,401,2,6,0.029520408531413002,1.6629589784269037,1,2.455492911773199e-08,-9.01310402330723,-11.902230242381876,sequential,#2
47,10401102007,401,2,7,0.015996983059956175,0.8880811635111696,1,2.455492911773199e-08,-9.01310402330723,-7.509261524242733,sequential,#2
48,10401102008,401,2,8,1.3945698233197943,1.3945698233197943,1,2.455492911773199e-08,-9.01310402330723,-7.263198347192832,sequential,#2
49,10401102009,401,2,9,0.8265249451804296,0.8265249451804296,1,2.455492911773199e-08,-9.01310402330723,-20.019721114776317,sequential,#2
50,10401102010,401,2,10,0.02145496552085499,3.1515390076322123,1,2.455492911773199e-08,-9.01310402330723,-8.443121464473776,sequential,#2
51,10401102011,401,2,11,0.020346131646838794,0.2789912007711876,1,2.455492911773199e-08,-9.01310402330723,-3.4532829417507966,sequential,#2
52,10401102012,401,2,12,0.0408475970015096,0.44012882890482496,1,2.455492911773199e-08,-9.01310402330723,-11.533860598971184,sequential,#2
53,10401102013,401,2,13,0.043062511288886586,0.813084972894064,1,2.455492911773199e-08,-9.01310402330723,-8.526277675305636,sequential,#2
54,10401102014,401,2,14,0.022495826740473363,0.33215368317468813,1,2.455492911773199e-08,-9.01310402330723,-9.227049561004788,sequential,#2
55,10401102015,401,2,15,0.02982430554296086,0.5957213405666202,1,2.455492911773199e-08,-9.01310402330723,-1.0764833528682813,sequential,#2
56,10401102016,401,2,16,0.023301386748328302,0.5206123209589677,1,2.455492911773199e-08,-9.01310402330723,-13.925111032569113,sequential,#2
57,10401102017,401,2,17,0.02512615080949128,1.5675139201604549,1,2.455492911773199e-08,-9.01310402330723,-4.240638180108316,sequential,#2
58,10401102018,401,2,18,0.01641755718570345,1.0356371925032009,1,2.455492911773199e-08,-9.01310402330723,-11.037837256577365,sequential,#2
59,10401102019,401,2,19,0.028729301827475837,1.3745230519612777,1,2.455492911773199e-08,-9.01310402330723,-9.785110902428483,sequential,#2
60,10401103000,401,3,0,0.1157611313295338,0.2628386796229447,0,0.8751861602959673,0.19412047470526722,-4.343835957373578,sequential,#3
61,10401103001,401,3,1,0.10574190610750718,0.7275720128245357,0,0.8751861602959673,0.19412047470526722,-6.02252192018228,sequential,#3
62,10401103002,401,3,2,0.10713952865279021,0.7223640525293538,0,0.8751861602959673,0.19412047470526722,0.22419705946487714,sequential,#3
63,10401103003,401,3,3,0.15882928305748803,0.4185805063111418,0,0.8751861602959673,0.19412047470526722,14.001558755279936,sequential,#3
64,10401103004,401,3,4,0.1479069288712231,0.5452099831158301,0,0.8751861602959673,0.19412047470526722,0.32465637156964955,sequential,#3
65,10401103005,401,3,5,0.07966857111209107,0.7246698941939461,0,0.8751861602959673,0.19412047470526722,2.438245693245281,sequential,#3
66,10401103006,401,3,6,0.08288071341465543,0.5577672363129228,0,0.8751861602959673,0.19412047470526722,-1.1630077723977084,sequential,#3
67,10401103007,401,3,7,0.08180882263653998,0.7054519415014087,0,0.8751861602959673,0.19412047470526722,3.4501869122586153,sequential,#3
68,10401103008,401,3,8,0.10683824682190665,0.4468643235636979,0,0.8751861602959673,0.19412047470526722,7.650980293524479,sequential,#3
69,10401103009,401,3,9,0.11466814673542244,0.499918163781931,0,0.8751861602959673,0.19412047470526722,1.6018585065517774,sequential,#3
70,10401103010,401,3,10,0.06020096986353182,0.2841870180000781,0,0.8751861602959673,0.19412047470526722,-3.163701303996849,sequential,#3
71,10401103011,401,3,11,0.08951946043967131,0.4467409240358253,0,0.8751861602959673,0.19412047470526722,-4.885712764866329,sequential,#3
72,10401103012,401,3,12,0.11665247554306317,0.48272250129991956,0,0.8751861602959673,0.19412047470526722,-3.3236760087219888,sequential,#3
73,10401103013,401,3,13,0.1144090519250684,2.135193422777235,0,0.8751861602959673,0.19412047470526722,0.644259985555546,sequential,#3
74,10401103014,401,3,14,0.06711833935924146,0.48364712829551737,0,0.8751861602959673,0.19412047470526722,5.021018893808228,sequential,#3
75,10401103015,401,3,15,0.0882591818441385,0.46631848144971194,0,0.8751861602959673,0.19412047470526722,-4.557018944378477,sequential,#3
76,10401103016,401,3,16,0.08477628282946081,0.18478049108422054,0,0.8751861602959673,0.19412047470526722,-0.2655794045177698,sequential,#3
77,10401103017,401,3,17,0.16657382151029623,0.5727592201213154,0,0.8751861602959673,0.19412047470526722,-6.709588880542326,sequential,#3
78,10401103018,401,3,18,0.20681345501509005,0.35604607897520074,0,0.8751861602959673,0.19412047470526722,8.308763042597038,sequential,#3
79,10401103019,401,3,19,0.05533452071682285,0.40432893168004286,0,0.8751861602959673,0.19412047470526722,-5.348673062772775,sequential,#3
80,10401104000,401,4,0,0.023363118297069167,0.1854487645153326,1,4.1028462954215366e-07,-11.689010086067956,-3.5376074112013614,sequential,#4
81,10401104001,401,4,1,0.027998634496268996,0.11887143595020817,1,4.1028462954215366e-07,-11.689010086067956,-4.24066973130027,sequential,#4
82,10401104002,401,4,2,0.0375299163014229,0.09347858609377158,1,4.1028462954215366e-07,-11.689010086067956,-12.931641486822171,sequential,#4
83,10401104003,401,4,3,0.012693724316353282,0.14193032207697404,1,4.1028462954215366e-07,-11.689010086067956,-21.098014358266152,sequential,#4
84,10401104004,401,4,4,0.025192821919036493,0.3712243555215961,1,4.1028462954215366e-07,-11.689010086067956,-9.731750325237854,sequential,#4
85,10401104005,401,4,5,0.03502766739820306,0.3519561221293873,1,4.1028462954215366e-07,-11.689010086067956,-14.144893106136207,sequential,#4
86,10401104006,401,4,6,0.027544474856793937,0.30004360570942656,1,4.1028462954215366e-07,-11.689010086067956,-17.01735254828289,sequential,#4
87,10401104007,401,4,7,0.024494099523853917,0.39407601026979433,1,4.1028462954215366e-07,-11.689010086067956,-5.776307774917546,sequential,#4
88,10401104008,401,4,8,0.015284848802501248,0.15657865427504097,1,4.1028462954215366e-07,-11.689010086067956,-18.64255960115329,sequential,#4
89,10401104009,401,4,9,0.027589110752073005,0.1829753096025005,1,4.1028462954215366e-07,-11.689010086067956,-15.236336958812577,sequential,#4
90,10401104010,401,4,10,0.14628138172503244,0.43937390588863834,1,4.1028462954215366e-07,-11.689010086067956,-12.662274750054072,sequential,#4
91,10401104011,401,4,11,0.024143656507049385,0.2729587965088933,1,4.1028462954215366e-07,-11.689010086067956,-18.126500113706708,sequential,#4
92,10401104012,401,4,12,0.022316415743598928,0.45252682459578897,1,4.1028462954215366e-07,-11.689010086067956,-21.29650177022621,sequential,#4
93,10401104013,401,4,13,0.02931940304975382,0.2604382623375566,1,4.1028462954215366e-07,-11.689010086067956,-19.51934147377466,sequential,#4
94,10401104014,401,4,14,0.05389902029489942,0.28006406994488076,1,4.1028462954215366e-07,-11.689010086067956,-4.098150500428414,sequential,#4
95,10401104015,401,4,15,0.06658422179083559,0.26790878415356756,1,4.1028462954215366e-07,-11.689010086067956,4.033816108505693,sequential,#4
96,10401104016,401,4,16,0.02670609187165377,0.6756794317986085,1,4.1028462954215366e-07,-11.689010086067956,-9.907337904882127,sequential,#4
97,10401104017,401,4,17,0.40092377468492174,1.1079738787608018,1,4.1028462954215366e-07,-11.689010086067956,-7.216686162838958,sequential,#4
98,10401104018,401,4,18,0.025103132991172214,0.5806228970323135,1,4.1028462954215366e-07,-11.689010086067956,-16.124936630779192,sequential,#4
99,10401104019,401,4,19,0.10244008677901474,0.29255888539457847,1,4.1028462954215366e-07,-11.689010086067956,-6.505155221044159,sequential,#4
100,10401105000,401,5,0,0.0353377806780664,0.6257629038304261,1,9.857118233487395e-06,-12.461071694968457,-24.295366721072803,sequential,#5
101,10401105001,401,5,1,0.011158759676487091,0.17879646729413987,1,9.857118233487395e-06,-12.461071694968457,-7.8214566660338045,sequential,#5
102,10401105002,401,5,2,0.013434928469743541,0.07858933059210899,1,9.857118233487395e-06,-12.461071694968457,-17.74070676544253,sequential,#5
103,10401105003,401,5,3,0.01479315706973943,0.18020315786853489,1,9.857118233487395e-06,-12.461071694968457,-23.728871440412355,sequential,#5
104,10401105004,401,5,4,0.01254659381760542,0.1808686422166944,1,9.857118233487395e-06,-12.461071694968457,-14.829717487000263,sequential,#5
105,10401105005,401,5,5,0.019248904868851918,0.9914737778397447,1,9.857118233487395e-06,-12.461071694968457,-19.927634359300892,sequential,#5
106,10401105006,401,5,6,0.015082048894849407,0.20622745432767198,1,9.857118233487395e-06,-12.461071694968457,-27.16248351866644,sequential,#5
107,10401105007,401,5,7,0.009503396160757203,0.11802450049035902,1,9.857118233487395e-06,-12.461071694968457,-21.99466186965174,sequential,#5
108,10401105008,401,5,8,0.011351852367584252,1.917578874557058,1,9.857118233487395e-06,-12.461071694968457,-18.870060581319503,sequential,#5
109,10401105009,401,5,9,0.011183245548498769,0.1289730602042959,1,9.857118233487395e-06,-12.461071694968457,-21.343718271406914,sequential,#5
110,10401105010,401,5,10,0.010780531556977408,0.3428158504184432,1,9.857118233487395e-06,-12.461071694968457,-10.932067115583768,sequential,#5
111,10401105011,401,5,11,0.014871370880153502,1.9499957170290503,1,9.857118233487395e-06,-12.461071694968457,-10.657950072618403,sequential,#5
112,10401105012,401,5,12,0.01988482525193353,0.5533198552491254,1,9.857118233487395e-06,-12.461071694968457,-8.121378592814809,sequential,#5
113,10401105013,401,5,13,0.01274507463808918,2.2196027426088247,1,9.857118233487395e-06,-12.461071694968457,3.946624262065884,sequential,#5
114,10401105014,401,5,14,0.03353042020055026,2.926868900909531,1,9.857118233487395e-06,-12.461071694968457,-6.679255043392654,sequential,#5
115,10401105015,401,5,15,0.014081457098559163,0.3337908541799138,1,9.857118233487395e-06,-12.461071694968457,-2.6275812899736413,sequential,#5
116,10401105016,401,5,16,0.023926353867530722,7.893971093681667,1,9.857118233487395e-06,-12.461071694968457,-8.720644347715536,sequential,#5
117,10401105017,401,5,17,0.019356493276244474,0.2583041666395003,1,9.857118233487395e-06,-12.461071694968457,4.499217051691225,sequential,#5
118,10401105018,401,5,18,0.026155046799755194,0.3151581072435929,1,9.857118233487395e-06,-12.461071694968457,-11.223695054793609,sequential,#5
119,10401105019,401,5,19,0.019741592770588404,9.952639303668013,1,9.857118233487395e-06,-12.461071694968457,-0.9900260159265571,sequential,#5
120,10402100000,402,0,0,0.013913127535469784,0.04553040731847142,1,0.005591476938115137,4.909601747975088,-1.5114493794508297,sequential,#0
121,10402100001,402,0,1,0.01511673061677136,0.06269869412718493,1,0.005591476938115137,4.909601747975088,-1.861362083905337,sequential,#0
122,10402100002,402,0,2,0.014412756205629812,0.04778502365606354,1,0.005591476938115137,4.909601747975088,-6.9316720051070195,sequential,#0
123,10402100003,402,0,3,0.011963985708527443,0.05229445545141831,1,0.005591476938115137,4.909601747975088,1.7074023757950165,sequential,#0
124,10402100004,402,0,4,0.033722378222579515,0.05590654832902823,1,0.005591476938115137,4.909601747975088,12.429202948589456,sequential,#0
125,10402100005,402,0,5,0.02236069350280373,0.052685635236312665,1,0.005591476938115137,4.909601747975088,-0.39138216157825606,sequential,#0
126,10402100006,402,0,6,0.018163812239785224,0.05951479184159658,1,0.005591476938115137,4.909601747975088,3.939294157870034,sequential,#0
127,10402100007,402,0,7,0.02242713481281708,0.05844729961806513,1,0.005591476938115137,4.909601747975088,8.83660340514935,sequential,#0
128,10402100008,402,0,8,0.021703548080771722,0.05868952385284346,1,0.005591476938115137,4.909601747975088,15.383052803618638,sequential,#0
129,10402100009,402,0,9,0.022416337334776396,0.09053330416124859,1,0.005591476938115137,4.909601747975088,2.608011256168547,sequential,#0
130,10402100010,402,0,10,0.019157783704984575,0.05961798835741167,1,0.005591476938115137,4.909601747975088,7.656217589756661,sequential,#0
131,10402100011,402,0,11,0.011373288674773987,0.06678240882887715,1,0.005591476938115137,4.909601747975088,-5.60168013926463,sequential,#0
132,10402100012,402,0,12,0.017948662767693246,0.04767250910975327,1,0.005591476938115137,4.909601747975088,0.8717494577794327,sequential,#0
133,10402100013,402,0,13,0.021841586847754217,0.08808706500411385,1,0.005591476938115137,4.909601747975088,0.6668893250324818,sequential,#0
134,10402100014,402,0,14,0.03080324949845697,0.15908748436206444,1,0.005591476938115137,4.909601747975088,5.7968457126928765,sequential,#0
135,10402100015,402,0,15,0.05193766047469663,0.061068016964411824,1,0.005591476938115137,4.909601747975088,2.4912841797941225,sequential,#0
136,10402100016,402,0,16,0.017877552928363304,0.09789392837917234,1,0.005591476938115137,4.909601747975088,6.77590021538054,sequential,#0
137,10402100017,402,0,17,0.02414023567877312,0.08057504177748503,1,0.005591476938115137,4.909601747975088,17.670154034021927,sequential,#0
138,10402100018,402,0,18,0.034865838956737095,0.34332531405218814,1,0.005591476938115137,4.909601747975088,14.459078413665567,sequential,#0
139,10402100019,402,0,19,0.021930677722253676,0.08275348896555652,1,0.005591476938115137,4.909601747975088,13.197894853493183,sequential,#0
140,10402101000,402,1,0,0.3890284482455884,1.6137679877831477,1,1.9073486328125e-06,-18.46229155006842,-36.37511548320309,sequential,#1
141,10402101001,402,1,1,1.1222809312642206,0.41778494584008596,1,1.9073486328125e-06,-18.46229155006842,-19.20465117582237,sequential,#1
142,10402101002,402,1,2,0.5509716093252732,1.040850443382945,1,1.9073486328125e-06,-18.46229155006842,-22.10080015189734,sequential,#1
143,10402101003,402,1,3,0.23081633987999536,0.5582334056168612,1,1.9073486328125e-06,-18.46229155006842,-22.82003758242745,sequential,#1
144,10402101004,402,1,4,0.3004983062409142,0.17998048250220886,1,1.9073486328125e-06,-18.46229155006842,-16.782369772865806,sequential,#1
145,10402101005,402,1,5,0.4221342336624774,2.2980595335486793,1,1.9073486328125e-06,-18.46229155006842,-14.88475072470061,sequential,#1
146,10402101006,402,1,6,0.3831349361260314,0.33296710235580096,1,1.9073486328125e-06,-18.46229155006842,-14.0457546264015,sequential,#1
147,10402101007,402,1,7,0.2595589947790723,2.1172752071430465,1,1.9073486328125e-06,-18.46229155006842,-19.10497375007788,sequential,#1
148,10402101008,402,1,8,0.4318664103606541,4.430850644487658,1,1.9073486328125e-06,-18.46229155006842,-17.513413742751265,sequential,#1
149,10402101009,402,1,9,0.3196684504863926,3.988425135141705,1,1.9073486328125e-06,-18.46229155006842,-20.197073657956363,sequential,#1
150,10402101010,402,1,10,0.2574957568034087,7.769545380247304,1,1.9073486328125e-06,-18.46229155006842,-15.09164644482079,sequential,#1
151,10402101011,402,1,11,0.18319233554388636,0.09530004485071611,1,1.9073486328125e-06,-18.46229155006842,-17.46554233902631,sequential,#1
152,10402101012,402,1,12,0.5082702781812729,1.038892194793867,1,1.9073486328125e-06,-18.46229155006842,-16.809979080205352,sequential,#1
153,10402101013,402,1,13,0.33243315249511174,0.048696550252647075,1,1.9073486328125e-06,-18.46229155006842,-22.668254481085008,sequential,#1
154,10402101014,402,1,14,0.6697842734367004,5.801911050543051,1,1.9073486328125e-06,-18.46229155006842,-17.283183714322394,sequential,#1
155,10402101015,402,1,15,0.3651351797362273,1.5804354390512676,1,1.9073486328125e-06,-18.46229155006842,-13.016954036503654,sequential,#1
156,10402101016,402,1,16,0.1376290775035448,1.411680846672312,1,1.9073486328125e-06,-18.46229155006842,-17.78675722706242,sequential,#1
157,10402101017,402,1,17,0.22365909226442435,1.3461325979309033,1,1.9073486328125e-06,-18.46229155006842,-8.139839946305155,sequential,#1
158,10402101018,402,1,18,0.14479028779552888,0.8383416306551406,1,1.9073486328125e-06,-18.46229155006842,-21.83826602396812,sequential,#1
159,10402101019,402,1,19,0.24857515796109525,2.0196500461688998,1,1.9073486328125e-06,-18.46229155006842,-16.116467039965563,sequential,#1
160,10402102000,402,2,0,0.47724238473033614,0.47724238473033614,1,1.5087273231050407e-12,-18.608231235430917,-15.029095679101678,sequential,#2
161,10402102001,402,2,1,3.345702068581642,3.345702068581642,1,1.5087273231050407e-12,-18.608231235430917,-20.570966151470554,sequential,#2
162,10402102002,402,2,2,1.6620572048147284,1.6620572048147284,1,1.5087273231050407e-12,-18.608231235430917,-20.624880577916045,sequential,#2
163,10402102003,402,2,3,1.3202591840792846,0.230152733637432,1,1.5087273231050407e-12,-18.608231235430917,-21.45309834245094,sequential,#2
164,10402102004,402,2,4,2.3042185070737196,2.3042185070737196,1,1.5087273231050407e-12,-18.608231235430917,-27.12933538866316,sequential,#2
165,10402102005,402,2,5,1.24097846943527,0.06541188142232164,1,1.5087273231050407e-12,-18.608231235430917,-22.291210257386172,sequential,#2
166,10402102006,402,2,6,3.411267347870293,2.912729797186678,1,1.5087273231050407e-12,-18.608231235430917,-24.086140880198965,sequential,#2
167,10402102007,402,2,7,2.8300408883690027,2.8300408883690027,1,1.5087273231050407e-12,-18.608231235430917,-14.033813894888812,sequential,#2
168,10402102008,402,2,8,5.8135707277590205,5.8135707277590205,1,1.5087273231050407e-12,-18.608231235430917,-23.385890304362487,sequential,#2
169,10402102009,402,2,9,7.1042810650627795,7.1042810650627795,1,1.5087273231050407e-12,-18.608231235430917,-27.16880924354877,sequential,#2
170,10402102010,402,2,10,3.362249542995246,3.362249542995246,1,1.5087273231050407e-12,-18.608231235430917,-20.054121335958083,sequential,#2
171,10402102011,402,2,11,2.3744577557816138,1.6194951602450378,1,1.5087273231050407e-12,-18.608231235430917,-15.02286276328201,sequential,#2
172,10402102012,402,2,12,4.482096872410348,1.3023834091392643,1,1.5087273231050407e-12,-18.608231235430917,-10.168329500124448,sequential,#2
173,10402102013,402,2,13,2.757098107107553,1.980229465503034,1,1.5087273231050407e-12,-18.608231235430917,-15.365496055759849,sequential,#2
174,10402102014,402,2,14,4.933272982150279,2.26107271178735,1,1.5087273231050407e-12,-18.608231235430917,-21.362544637684987,sequential,#2
175,10402102015,402,2,15,1.3751777505774694,0.10451345638330162,1,1.5087273231050407e-12,-18.608231235430917,-8.88004967334857,sequential,#2
176,10402102016,402,2,16,1.593287943637325,0.9806603722427163,1,1.5087273231050407e-12,-18.608231235430917,-14.5942459790227,sequential,#2
177,10402102017,402,2,17,1.0289490502082186,0.9164989804557819,1,1.5087273231050407e-12,-18.608231235430917,-15.518149598859688,sequential,#2
178,10402102018,402,2,18,3.3704015715572444,0.8978284194119197,1,1.5087273231050407e-12,-18.608231235430917,-14.801780774677407,sequential,#2
179,10402102019,402,2,19,6.979273099453782,6.979273099453782,1,1.5087273231050407e-12,-18.608231235430917,-20.623803669913052,sequential,#2
180,10402103000,402,3,0,0.2023112667156148,0.41641998482865134,1,2.421416871922047e-08,9.214694309751685,10.952245581921195,sequential,#3
181,10402103001,402,3,1,0.12494550146121215,1.934326773406094,1,2.421416871922047e-08,9.214694309751685,10.247886645112635,sequential,#3
182,10402103002,402,3,2,0.24829770087612427,1.4361834304475731,1,2.421416871922047e-08,9.214694309751685,5.086203994808499,sequential,#3
183,10402103003,402,3,3,0.2719181537048642,4.128071125944441,1,2.421416871922047e-08,9.214694309751685,5.455758179434851,sequential,#3
184,10402103004,402,3,4,0.33554665302983994,0.7399717697841832,1,2.421416871922047e-08,9.214694309751685,10.693082965569051,sequential,#3
185,10402103005,402,3,5,0.21349202546623328,0.8121034735842432,1,2.421416871922047e-08,9.214694309751685,15.796251689631859,sequential,#3
186,10402103006,402,3,6,0.42064776588552094,0.20998146792171785,1,2.421416871922047e-08,9.214694309751685,7.4114567765565464,sequential,#3
187,10402103007,402,3,7,0.3540838390503511,0.9431984853041137,1,2.421416871922047e-08,9.214694309751685,5.195868043059753,sequential,#3
188,10402103008,402,3,8,0.250465165442117,2.102442657487116,1,2.421416871922047e-08,9.214694309751685,18.588858516521466,sequential,#3
189,10402103009,402,3,9,0.11102875016216127,5.0903548083590255,1,2.421416871922047e-08,9.214694309751685,11.124158564763034,sequential,#3
190,10402103010,402,3,10,0.19925183874675947,6.113059061684512,1,2.421416871922047e-08,9.214694309751685,8.233287424650994,sequential,#3
191,10402103011,402,3,11,0.20976451398017923,0.6840990676752609,1,2.421416871922047e-08,9.214694309751685,7.420522654795813,sequential,#3
192,10402103012,402,3,12,0.2914232706721539,0.08122010588135826,1,2.421416871922047e-08,9.214694309751685,17.587939658846143,sequential,#3
193,10402103013,402,3,13,0.14681573174504414,5.273852680485515,1,2.421416871922047e-08,9.214694309751685,11.75464635371799,sequential,#3
194,10402103014,402,3,14,0.2807935026641678,1.4794924644763439,1,2.421416871922047e-08,9.214694309751685,9.32724807114936,sequential,#3
195,10402103015,402,3,15,0.10429598656587122,0.8043956663967291,1,2.421416871922047e-08,9.214694309751685,1.7552541590605149,sequential,#3
196,10402103016,402,3,16,0.10415386061180863,0.1906994535060644,1,2.421416871922047e-08,9.214694309751685,3.9944238801253773,sequential,#3
197,10402103017,402,3,17,0.14677544040441226,0.15303960231398975,1,2.421416871922047e-08,9.214694309751685,11.474001099528627,sequential,#3
198,10402103018,402,3,18,0.06047266666553019,0.3814375638274078,1,2.421416871922047e-08,9.214694309751685,3.726724826704295,sequential,#3
199,10402103019,402,3,19,0.09037989850611511,0.036064194095542984,1,2.421416871922047e-08,9.214694309751685,8.468067109075692,sequential,#3
200,10402104000,402,4,0,2.1183945172934426,1.4318065386355847,1,2.8798893458665557e-06,-5.816261428607654,-10.10436429126581,sequential,#4
201,10402104001,402,4,1,2.9343960298859906,0.7232757919471877,1,2.8798893458665557e-06,-5.816261428607654,-6.044110900408655,sequential,#4
202,10402104002,402,4,2,1.0441820209639563,1.0459110509262821,1,2.8798893458665557e-06,-5.816261428607654,-4.51449389279919,sequential,#4
203,10402104003,402,4,3,0.5079775293268077,0.6003508501557645,1,2.8798893458665557e-06,-5.816261428607654,-13.960723014289046,sequential,#4
204,10402104004,402,4,4,0.7225577411572284,1.1403473399203066,1,2.8798893458665557e-06,-5.816261428607654,-10.584858028333866,sequential,#4
205,10402104005,402,4,5,0.6082920449150349,2.1792740056200492,1,2.8798893458665557e-06,-5.816261428607654,-10.295866030586664,sequential,#4
206,10402104006,402,4,6,0.2077280644915633,1.2488757307703702,1,2.8798893458665557e-06,-5.816261428607654,-8.485103891666123,sequential,#4
207,10402104007,402,4,7,1.066778795544803,0.5331112407554194,1,2.8798893458665557e-06,-5.816261428607654,-5.326312526351112,sequential,#4
208,10402104008,402,4,8,0.47389764334161855,1.2480171617170954,1,2.8798893458665557e-06,-5.816261428607654,0.043391592490125384,sequential,#4
209,10402104009,402,4,9,0.16289790504596935,1.1549894741708384,1,2.8798893458665557e-06,-5.816261428607654,-6.607292362076496,sequential,#4
210,10402104010,402,4,10,1.8528888891954227,1.0103603760937099,1,2.8798893458665557e-06,-5.816261428607654,-2.4409650975598747,sequential,#4
211,10402104011,402,4,11,3.0943585187759157,1.6957213152021877,1,2.8798893458665557e-06,-5.816261428607654,-4.061914792533984,sequential,#4
212,10402104012,402,4,12,1.2518765970427639,0.5460263094603114,1,2.8798893458665557e-06,-5.816261428607654,4.517128584125273,sequential,#4
213,10402104013,402,4,13,0.08187129685280754,1.164926302508274,1,2.8798893458665557e-06,-5.816261428607654,-5.48748339502305,sequential,#4
214,10402104014,402,4,14,0.39179698292289017,0.8382294950507162,1,2.8798893458665557e-06,-5.816261428607654,-6.168670730586172,sequential,#4
215,10402104015,402,4,15,0.3201657604619865,0.7341137543100932,1,2.8798893458665557e-06,-5.816261428607654,-5.984559188136661,sequential,#4
216,10402104016,402,4,16,0.39306958400077896,1.756786383662335,1,2.8798893458665557e-06,-5.816261428607654,-5.163674459810989,sequential,#4
217,10402104017,402,4,17,0.6089428918967407,0.8484194127300883,1,2.8798893458665557e-06,-5.816261428607654,-4.8014890839250715,sequential,#4
218,10402104018,402,4,18,0.8769493669678122,0.997987423378614,1,2.8798893458665557e-06,-5.816261428607654,-7.0477337236722475,sequential,#4
219,10402104019,402,4,19,1.4915719731006074,0.7172067941105907,1,2.8798893458665557e-06,-5.816261428607654,-3.806133339743466,sequential,#4
220,10402105000,402,5,0,0.1360953702093208,0.584056725447865,0,0.7018843951825795,0.3892082037807175,12.031998565834046,sequential,#5
221,10402105001,402,5,1,0.013517286321983847,0.468286761100462,0,0.7018843951825795,0.3892082037807175,3.6062017351995417,sequential,#5
222,10402105002,402,5,2,0.007517554730976789,0.08508940719695199,0,0.7018843951825795,0.3892082037807175,1.5389665733644595,sequential,#5
223,10402105003,402,5,3,0.006088367410097515,0.04666137682690301,0,0.7018843951825795,0.3892082037807175,0.0014825196691819564,sequential,#5
224,10402105004,402,5,4,0.00551167147533833,0.06970251004785646,0,0.7018843951825795,0.3892082037807175,-4.9999498193875,sequential,#5
225,10402105005,402,5,5,0.009405647851507014,0.05169676163146369,0,0.7018843951825795,0.3892082037807175,-5.408694452468546,sequential,#5
226,10402105006,402,5,6,0.00625943916591559,0.04756778957454727,0,0.7018843951825795,0.3892082037807175,-5.586493139588008,sequential,#5
227,10402105007,402,5,7,0.007068392569024768,0.05664230773039947,0,0.7018843951825795,0.3892082037807175,5.163213760034317,sequential,#5
228,10402105008,402,5,8,0.006766025645944134,0.042552117499762815,0,0.7018843951825795,0.3892082037807175,0.1612209734244525,sequential,#5
229,10402105009,402,5,9,0.006987248296089976,0.0442796085203511,0,0.7018843951825795,0.3892082037807175,-0.18242232973020311,sequential,#5
230,10402105010,402,5,10,0.01360842284029962,0.08345050182509214,0,0.7018843951825795,0.3892082037807175,3.5624561350768467,sequential,#5
231,10402105011,402,5,11,0.009634472784997189,0.05099768922507828,0,0.7018843951825795,0.3892082037807175,-1.0522091352717846,sequential,#5
232,10402105012,402,5,12,0.01020103929233053,0.05067089058844871,0,0.7018843951825795,0.3892082037807175,-0.21782235754925636,sequential,#5
233,10402105013,402,5,13,0.018875542711318295,0.07764903073094341,0,0.7018843951825795,0.3892082037807175,2.0492966302054993,sequential,#5
234,10402105014,402,5,14,0.007269761695011625,0.0630986350811716,0,0.7018843951825795,0.3892082037807175,-7.364640409032569,sequential,#5
235,10402105015,402,5,15,0.005989085169024244,0.05621910130282133,0,0.7018843951825795,0.3892082037807175,3.8470445449991155,sequential,#5
236,10402105016,402,5,16,0.006818986288279205,0.05021079261260807,0,0.7018843951825795,0.3892082037807175,1.544566010706819,sequential,#5
237,10402105017,402,5,17,0.008809570904558032,0.03984022905587095,0,0.7018843951825795,0.3892082037807175,-4.0438460973739945,sequential,#5
238,10402105018,402,5,18,0.01846917466396859,0.04137802514808558,0,0.7018843951825795,0.3892082037807175,0.8104330702255871,sequential,#5
239,10402105019,402,5,19,0.006206639902194487,0.07269854126842185,0,0.7018843951825795,0.3892082037807175,2.3233612972763447,sequential,#5
240,10403100000,403,0,0,0.014352250144348603,0.04846665722660728,1,1.9073486328125e-06,-28.894917318111567,-16.155610471932828,sequential,#0
241,10403100001,403,0,1,0.015992497420754,0.09677489586568434,1,1.9073486328125e-06,-28.894917318111567,-21.01105860513413,sequential,#0
242,10403100002,403,0,2,0.016037276229198587,0.0768797975705027,1,1.9073486328125e-06,-28.894917318111567,-26.293378685919944,sequential,#0
243,10403100003,403,0,3,0.022193190290232232,0.07722314490877126,1,1.9073486328125e-06,-28.894917318111567,-45.23654575435035,sequential,#0
244,10403100004,403,0,4,0.012312260242350005,0.05087242807125828,1,1.9073486328125e-06,-28.894917318111567,-35.07529810653874,sequential,#0
245,10403100005,403,0,5,0.012281463176933839,0.1252043379929589,1,1.9073486328125e-06,-28.894917318111567,-48.67886305536733,sequential,#0
246,10403100006,403,0,6,0.04117875245973908,0.055421668284520546,1,1.9073486328125e-06,-28.894917318111567,-37.784501261620875,sequential,#0
247,10403100007,403,0,7,0.031045960261724004,0.11881749253800468,1,1.9073486328125e-06,-28.894917318111567,-37.69413683320172,sequential,#0
248,10403100008,403,0,8,0.021377987613602427,0.17622348089688725,1,1.9073486328125e-06,-28.894917318111567,-49.79686152545922,sequential,#0
249,10403100009,403,0,9,0.01346742949195806,0.06436353397647206,1,1.9073486328125e-06,-28.894917318111567,-48.94718785073351,sequential,#0
250,10403100010,403,0,10,0.019009711058783345,0.088048733251386,1,1.9073486328125e-06,-28.894917318111567,-23.82412921335085,sequential,#0
251,10403100011,403,0,11,0.024515197749274777,0.08924395765729688,1,1.9073486328125e-06,-28.894917318111567,-19.02816659415195,sequential,#0
252,10403100012,403,0,12,0.018690311624276396,0.05486730028910119,1,1.9073486328125e-06,-28.894917318111567,-19.375006728047236,sequential,#0
253,10403100013,403,0,13,0.020009328346057308,0.06154960971996401,1,1.9073486328125e-06,-28.894917318111567,-18.161813988776586,sequential,#0
254,10403100014,403,0,14,0.021394144167860497,0.06195244902590211,1,1.9073486328125e-06,-28.894917318111567,-28.744288422664553,sequential,#0
255,10403100015,403,0,15,0.020344605646684038,0.04683371966146888,1,1.9073486328125e-06,-28.894917318111567,-21.972138310477646,sequential,#0
256,10403100016,403,0,16,0.02182543556523739,0.03596378201311961,1,1.9073486328125e-06,-28.894917318111567,-10.768612371749406,sequential,#0
257,10403100017,403,0,17,0.017730471566515377,0.05288775331892525,1,1.9073486328125e-06,-28.894917318111567,-22.98531831697555,sequential,#0
258,10403100018,403,0,18,0.01739877400056124,0.051153605162700976,1,1.9073486328125e-06,-28.894917318111567,-24.251101076501048,sequential,#0
259,10403100019,403,0,19,0.01910295835839416,0.05905368746037542,1,1.9073486328125e-06,-28.894917318111567,-22.114329189277814,sequential,#0
260,10403101000,403,1,0,0.5023747331219661,0.3644996736201117,1,2.986800928734272e-07,-17.920781478512684,-8.34533046532278,sequential,#1
261,10403101001,403,1,1,0.05020662554031678,0.11275078158430796,1,2.986800928734272e-07,-17.920781478512684,-20.87190321699324,sequential,#1
262,10403101002,403,1,2,0.1857480319755508,0.17121033363015617,1,2.986800928734272e-07,-17.920781478512684,5.0329684791078,sequential,#1
263,10403101003,403,1,3,0.0872168357006318,0.12124300440086316,1,2.986800928734272e-07,-17.920781478512684,-9.98118075125334,sequential,#1
264,10403101004,403,1,4,0.04847497015026366,0.11053986510569795,1,2.986800928734272e-07,-17.920781478512684,-22.32689310244427,sequential,#1
265,10403101005,403,1,5,0.04010216374585813,0.10014397020236813,1,2.986800928734272e-07,-17.920781478512684,-20.357599447422913,sequential,#1
266,10403101006,403,1,6,0.037802979520573966,0.10067268919596355,1,2.986800928734272e-07,-17.920781478512684,-17.804227039450097,sequential,#1
267,10403101007,403,1,7,0.21277797005179316,0.1404617470817412,1,2.986800928734272e-07,-17.920781478512684,-17.53463853464461,sequential,#1
268,10403101008,403,1,8,0.05515717344688397,0.07730985199093944,1,2.986800928734272e-07,-17.920781478512684,-21.345329501814412,sequential,#1
269,10403101009,403,1,9,0.04996685541566831,0.1083340607602401,1,2.986800928734272e-07,-17.920781478512684,-19.860515909087088,sequential,#1
270,10403101010,403,1,10,0.0544779485799579,0.11219043833996943,1,2.986800928734272e-07,-17.920781478512684,-10.588940757222947,sequential,#1
271,10403101011,403,1,11,0.02474199963688978,0.12272174932953366,1,2.986800928734272e-07,-17.920781478512684,-47.16108217541659,sequential,#1
272,10403101012,403,1,12,0.0344417833314103,0.2080078923571433,1,2.986800928734272e-07,-17.920781478512684,-23.643261254559526,sequential,#1
273,10403101013,403,1,13,0.130946210579994,0.40480494821203633,1,2.986800928734272e-07,-17.920781478512684,-13.759601766954715,sequential,#1
274,10403101014,403,1,14,0.04530298014253833,0.23313372244378197,1,2.986800928734272e-07,-17.920781478512684,-24.166888467616346,sequential,#1
275,10403101015,403,1,15,0.06733606128972472,0.10648835920311513,1,2.986800928734272e-07,-17.920781478512684,-28.584970903342633,sequential,#1
276,10403101016,403,1,16,0.03181393187733775,0.18823144656020036,1,2.986800928734272e-07,-17.920781478512684,-25.413497660788558,sequential,#1
277,10403101017,403,1,17,0.06252875166321033,0.09646537093776995,1,2.986800928734272e-07,-17.920781478512684,-11.217436642428172,sequential,#1
278,10403101018,403,1,18,0.04547581539766506,0.10261325356296629,1,2.986800928734272e-07,-17.920781478512684,-9.659020292853542,sequential,#1
279,10403101019,403,1,19,0.03296284647029847,0.11869918965415027,1,2.986800928734272e-07,-17.920781478512684,-10.826280159745657,sequential,#1
280,10403102000,403,2,0,0.008120511258535993,0.7689989326368255,1,6.471836536650084e-09,-15.67900198001297,-19.035794501622405,sequential,#2
281,10403102001,403,2,1,0.007164958924243836,0.3018876697609974,1,6.471836536650084e-09,-15.67900198001297,-19.352527278718075,sequential,#2
282,10403102002,403,2,2,0.0056586767482609355,0.18630331344258694,1,6.471836536650084e-09,-15.67900198001297,-34.09868857900203,sequential,#2
283,10403102003,403,2,3,0.0063264825804248675,0.7875383284713999,1,6.471836536650084e-09,-15.67900198001297,-28.839138541443962,sequential,#2
284,10403102004,403,2,4,0.010736852112363866,0.4866361634795471,1,6.471836536650084e-09,-15.67900198001297,-8.514571768107112,sequential,#2
285,10403102005,403,2,5,0.007199090213416454,0.6117448259568338,1,6.471836536650084e-09,-15.67900198001297,-13.870569991553923,sequential,#2
286,10403102006,403,2,6,0.0074335412384525365,0.16354385767859522,1,6.471836536650084e-09,-15.67900198001297,-9.070413914799804,sequential,#2
287,10403102007,403,2,7,0.008307824537323764,0.18189146488999564,1,6.471836536650084e-09,-15.67900198001297,-20.19667236070162,sequential,#2
288,10403102008,403,2,8,0.00839151644843513,0.8915090706459318,1,6.471836536650084e-09,-15.67900198001297,-9.247888721040157,sequential,#2
289,10403102009,403,2,9,0.007257791302032562,1.1810393767231884,1,6.471836536650084e-09,-15.67900198001297,-19.262499578841336,sequential,#2
290,10403102010,403,2,10,0.0085771310309853,0.35469052944521134,1,6.471836536650084e-09,-15.67900198001297,-5.66906525969478,sequential,#2
291,10403102011,403,2,11,0.008028908816169644,0.3147132781146462,1,6.471836536650084e-09,-15.67900198001297,-14.603727537392833,sequential,#2
292,10403102012,403,2,12,0.004881994041857235,0.42788733455699096,1,6.471836536650084e-09,-15.67900198001297,-7.48753996115733,sequential,#2
293,10403102013,403,2,13,0.013774964287819722,0.27501571003988445,1,6.471836536650084e-09,-15.67900198001297,-8.553457347106118,sequential,#2
294,10403102014,403,2,14,0.01254264951600818,0.4821353515625837,1,6.471836536650084e-09,-15.67900198001297,-14.414894298659165,sequential,#2
295,10403102015,403,2,15,0.014634427030256752,0.22799233433189756,1,6.471836536650084e-09,-15.67900198001297,-14.016576051180307,sequential,#2
296,10403102016,403,2,16,0.012695883406404209,0.3268047184093627,1,6.471836536650084e-09,-15.67900198001297,-14.011335129859772,sequential,#2
297,10403102017,403,2,17,0.01481598832369348,0.5531415199883354,1,6.471836536650084e-09,-15.67900198001297,-15.36913266808289,sequential,#2
298,10403102018,403,2,18,0.009342247040033981,0.5785783255466533,1,6.471836536650084e-09,-15.67900198001297,-18.78324104603905,sequential,#2
299,10403102019,403,2,19,0.033198920153367624,2.1288690982396883,1,6.471836536650084e-09,-15.67900198001297,-19.182305065256738,sequential,#2
300,10403103000,403,3,0,0.03452230346493207,0.10925373882322616,1,2.96872211713986e-08,-26.479056330405342,-10.548325228139516,sequential,#3
301,10403103001,403,3,1,0.03544842988891678,0.07955586322699655,1,2.96872211713986e-08,-26.479056330405342,-14.59238257610646,sequential,#3
302,10403103002,403,3,2,0.037675239218671976,0.2256108100061031,1,2.96872211713986e-08,-26.479056330405342,-22.948821718151734,sequential,#3
303,10403103003,403,3,3,0.06279445912781484,0.10008893017340847,1,2.96872211713986e-08,-26.479056330405342,-32.017289958348236,sequential,#3
304,10403103004,403,3,4,0.038804194982781634,0.09720058439505518,1,2.96872211713986e-08,-26.479056330405342,-25.709524812530283,sequential,#3
305,10403103005,403,3,5,0.08399075302598229,0.163416056828025,1,2.96872211713986e-08,-26.479056330405342,-9.866768665011463,sequential,#3
306,10403103006,403,3,6,0.04731649920957924,0.20269087850467038,1,2.96872211713986e-08,-26.479056330405342,-18.785425558415884,sequential,#3
307,10403103007,403,3,7,0.039000230759026214,0.13018608688031533,1,2.96872211713986e-08,-26.479056330405342,-21.747921634970673,sequential,#3
308,10403103008,403,3,8,0.060544361792887205,0.2062251829590962,1,2.96872211713986e-08,-26.479056330405342,-25.037417727821232,sequential,#3
309,10403103009,403,3,9,0.04716143159606326,0.09353932383520412,1,2.96872211713986e-08,-26.479056330405342,-45.97895601736102,sequential,#3
310,10403103010,403,3,10,0.04150122603894918,0.07831757536875468,1,2.96872211713986e-08,-26.479056330405342,-32.42679489778463,sequential,#3
311,10403103011,403,3,11,0.06980961679555554,0.12926183976576744,1,2.96872211713986e-08,-26.479056330405342,-25.99659420490464,sequential,#3
312,10403103012,403,3,12,0.02879374718631476,0.14836029145149296,1,2.96872211713986e-08,-26.479056330405342,-47.16550492551086,sequential,#3
313,10403103013,403,3,13,0.03686754871258215,0.0666045667283853,1,2.96872211713986e-08,-26.479056330405342,-6.686734975417889,sequential,#3
314,10403103014,403,3,14,0.04730124962346414,0.08047226474926489,1,2.96872211713986e-08,-26.479056330405342,-17.997257525660473,sequential,#3
315,10403103015,403,3,15,0.03251598764847048,0.07091570060868972,1,2.96872211713986e-08,-26.479056330405342,-25.26520700794104,sequential,#3
316,10403103016,403,3,16,0.025443686965311216,0.0677949315008802,1,2.96872211713986e-08,-26.479056330405342,-26.70113483121914,sequential,#3
317,10403103017,403,3,17,0.04073449706561338,0.06788414369285134,1,2.96872211713986e-08,-26.479056330405342,-29.505293321100215,sequential,#3
318,10403103018,403,3,18,0.025065897769264302,0.060520937387147325,1,2.96872211713986e-08,-26.479056330405342,-29.648017941596507,sequential,#3
319,10403103019,403,3,19,0.014693464734405685,0.10051493832505594,1,2.96872211713986e-08,-26.479056330405342,-60.95575308011496,sequential,#3
320,10403104000,403,4,0,0.012343249361581977,0.13998840973923835,1,7.633253510197421e-06,-14.991996637562668,-17.04408004757893,sequential,#4
321,10403104001,403,4,1,0.015455558794272054,0.06032549944852545,1,7.633253510197421e-06,-14.991996637562668,-20.084339708737446,sequential,#4
322,10403104002,403,4,2,0.02077846872242658,0.04470063551731526,1,7.633253510197421e-06,-14.991996637562668,-20.129782347427838,sequential,#4
323,10403104003,403,4,3,0.016296836156465228,0.04250938846689287,1,7.633253510197421e-06,-14.991996637562668,-14.51878527135578,sequential,#4
324,10403104004,403,4,4,0.013461161711863383,0.09375184864930923,1,7.633253510197421e-06,-14.991996637562668,7.5663989317149,sequential,#4
325,10403104005,403,4,5,0.01392012221845509,0.06001891426968189,1,7.633253510197421e-06,-14.991996637562668,-6.910409583677115,sequential,#4
326,10403104006,403,4,6,0.009401144719502355,0.04605209150548626,1,7.633253510197421e-06,-14.991996637562668,-3.772913634147341,sequential,#4
327,10403104007,403,4,7,0.008020774025795334,0.02182409301695544,1,7.633253510197421e-06,-14.991996637562668,-35.699005669120126,sequential,#4
328,10403104008,403,4,8,0.009200240365114114,0.042080685460162366,1,7.633253510197421e-06,-14.991996637562668,-6.108578373679575,sequential,#4
329,10403104009,403,4,9,0.012450631746210677,0.11956858789249061,1,7.633253510197421e-06,-14.991996637562668,-5.364856689742259,sequential,#4
330,10403104010,403,4,10,0.01660912001838883,0.06721320100698147,1,7.633253510197421e-06,-14.991996637562668,-22.5037039836179,sequential,#4
331,10403104011,403,4,11,0.016271007235849143,0.05680984481081175,1,7.633253510197421e-06,-14.991996637562668,-34.7112070037488,sequential,#4
332,10403104012,403,4,12,0.012414952481871274,0.07568960753376365,1,7.633253510197421e-06,-14.991996637562668,-14.5345070400183,sequential,#4
333,10403104013,403,4,13,0.010063087090240872,0.04819602540961632,1,7.633253510197421e-06,-14.991996637562668,-4.11570751829347,sequential,#4
334,10403104014,403,4,14,0.01499826474508704,0.0829600898493918,1,7.633253510197421e-06,-14.991996637562668,-4.774342888287476,sequential,#4
335,10403104015,403,4,15,0.03570894167871777,0.163625360854602,1,7.633253510197421e-06,-14.991996637562668,-25.99438939934547,sequential,#4
336,10403104016,403,4,16,0.010475897396903733,0.0738142001933031,1,7.633253510197421e-06,-14.991996637562668,-21.911902033145946,sequential,#4
337,10403104017,403,4,17,0.02453255658121429,0.03226843906051279,1,7.633253510197421e-06,-14.991996637562668,-23.06004034851653,sequential,#4
338,10403104018,403,4,18,0.0182974961929075,0.04081170269031291,1,7.633253510197421e-06,-14.991996637562668,-8.273573305585007,sequential,#4
339,10403104019,403,4,19,0.013685547623138691,0.07207006178431394,1,7.633253510197421e-06,-14.991996637562668,-17.89420683694295,sequential,#4
340,10403105000,403,5,0,0.025443784557999696,0.24828130298994616,1,6.501819210220642e-05,-11.385767689142284,2.0339682316050838,sequential,#5
341,10403105001,403,5,1,0.02253745458644491,0.17129080418182838,1,6.501819210220642e-05,-11.385767689142284,-10.869715799776564,sequential,#5
342,10403105002,403,5,2,0.009342641672272084,0.0624051280761067,1,6.501819210220642e-05,-11.385767689142284,4.301677762813879,sequential,#5
343,10403105003,403,5,3,0.0228100504993525,1.3061780657274396,1,6.501819210220642e-05,-11.385767689142284,-8.866806348293881,sequential,#5
344,10403105004,403,5,4,0.017593264711090673,0.4337157539972883,1,6.501819210220642e-05,-11.385767689142284,2.4882290486267595,sequential,#5
345,10403105005,403,5,5,0.00781196945644784,0.16326441321161203,1,6.501819210220642e-05,-11.385767689142284,-12.799841307745588,sequential,#5
346,10403105006,403,5,6,0.013757290279958654,0.4202167135793216,1,6.501819210220642e-05,-11.385767689142284,-4.894242827039877,sequential,#5
347,10403105007,403,5,7,0.008296739895315637,0.052945998346230594,1,6.501819210220642e-05,-11.385767689142284,-10.255129125303785,sequential,#5
348,10403105008,403,5,8,0.014339264690817304,0.09772735998515397,1,6.501819210220642e-05,-11.385767689142284,-4.078016377726838,sequential,#5
349,10403105009,403,5,9,0.01805407302649064,0.45428126642450545,1,6.501819210220642e-05,-11.385767689142284,-2.9102686179492085,sequential,#5
350,10403105010,403,5,10,0.014842262332529511,0.43978940959026275,1,6.501819210220642e-05,-11.385767689142284,-30.516531381315396,sequential,#5
351,10403105011,403,5,11,0.025996441927033334,0.17644817851153372,1,6.501819210220642e-05,-11.385767689142284,-7.231748202049748,sequential,#5
352,10403105012,403,5,12,0.016847188565510447,0.48508580142297236,1,6.501819210220642e-05,-11.385767689142284,-10.484056971028858,sequential,#5
353,10403105013,403,5,13,0.020424643123911415,0.24764107119941667,1,6.501819210220642e-05,-11.385767689142284,-13.732585556196995,sequential,#5
354,10403105014,403,5,14,0.024352167235203136,0.6968078866500981,1,6.501819210220642e-05,-11.385767689142284,-29.862526890050184,sequential,#5
355,10403105015,403,5,15,0.012711604431521755,0.024249164913469123,1,6.501819210220642e-05,-11.385767689142284,-19.808770927694304,sequential,#5
356,10403105016,403,5,16,0.03544254164111338,0.4622164515294351,1,6.501819210220642e-05,-11.385767689142284,-9.006606537473816,sequential,#5
357,10403105017,403,5,17,0.012468725067905678,0.06565045147173011,1,6.501819210220642e-05,-11.385767689142284,-17.031818172036495,sequential,#5
358,10403105018,403,5,18,0.018799919423811325,0.09343201860134268,1,6.501819210220642e-05,-11.385767689142284,-26.365280897125366,sequential,#5
359,10403105019,403,5,19,0.010519251643486039,0.2045560786108127,1,6.501819210220642e-05,-11.385767689142284,-17.825282887084512,sequential,#5
360,10404100000,404,0,0,0.06897225660179732,0.32997053544973554,1,0.0043463157744206594,6.160063317361242,3.4727865249103615,sequential,#0
361,10404100001,404,0,1,0.03711128638641917,0.28131850660689056,1,0.0043463157744206594,6.160063317361242,7.6101730574774,sequential,#0
362,10404100002,404,0,2,0.042768412821641615,0.8088322773001178,1,0.0043463157744206594,6.160063317361242,7.519256367427501,sequential,#0
363,10404100003,404,0,3,0.05849441562371135,1.0586565947391646,1,0.0043463157744206594,6.160063317361242,6.500339626265508,sequential,#0
364,10404100004,404,0,4,0.048792164270114964,0.3399020746978201,1,0.0043463157744206594,6.160063317361242,1.976777808441135,sequential,#0
365,10404100005,404,0,5,0.025180163475579238,7.360665516774823,1,0.0043463157744206594,6.160063317361242,3.6030176247448957,sequential,#0
366,10404100006,404,0,6,0.045753974456808386,0.4238086701235956,1,0.0043463157744206594,6.160063317361242,10.274649370838127,sequential,#0
367,10404100007,404,0,7,0.032543066092136294,0.5630114648429585,1,0.0043463157744206594,6.160063317361242,10.271794134480507,sequential,#0
368,10404100008,404,0,8,0.030096466779164954,0.5388089003326741,1,0.0043463157744206594,6.160063317361242,11.11196298580173,sequential,#0
369,10404100009,404,0,9,0.025315969392785735,0.2802115733193126,1,0.0043463157744206594,6.160063317361242,7.51339466843958,sequential,#0
370,10404100010,404,0,10,0.027262828724336025,0.12878640389086007,1,0.0043463157744206594,6.160063317361242,4.497805505195875,sequential,#0
371,10404100011,404,0,11,0.01435546740422011,0.20462484664644526,1,0.0043463157744206594,6.160063317361242,-17.394578771148844,sequential,#0
372,10404100012,404,0,12,0.026964898991565924,0.40087698007958256,1,0.0043463157744206594,6.160063317361242,13.98764138232355,sequential,#0
373,10404100013,404,0,13,0.022646974180398977,3.4234079700682565,1,0.0043463157744206594,6.160063317361242,0.8712551951763398,sequential,#0
374,10404100014,404,0,14,0.029057495745771742,0.4055458746537718,1,0.0043463157744206594,6.160063317361242,18.34515629822735,sequential,#0
375,10404100015,404,0,15,0.04705731645738256,0.7640011932510267,1,0.0043463157744206594,6.160063317361242,22.35699587262504,sequential,#0
376,10404100016,404,0,16,0.017207760607900684,0.7172728979666427,1,0.0043463157744206594,6.160063317361242,6.383231323463934,sequential,#0
377,10404100017,404,0,17,0.025124421870445914,0.3610254916760877,1,0.0043463157744206594,6.160063317361242,5.57193187030077,sequential,#0
378,10404100018,404,0,18,0.016633423614880405,0.22415554468835372,1,0.0043463157744206594,6.160063317361242,-8.72626275908975,sequential,#0
379,10404100019,404,0,19,0.020128776547198014,0.40781719755613094,1,0.0043463157744206594,6.160063317361242,7.4539382613238345,sequential,#0
380,10404101000,404,1,0,4.351557572641511,0.7051244680628029,1,1.3870624976746676e-05,7.7236389458316355,-0.16771711403236345,sequential,#1
381,10404101001,404,1,1,0.47885096984318803,1.8649016117797088,1,1.3870624976746676e-05,7.7236389458316355,3.543192090132569,sequential,#1
382,10404101002,404,1,2,0.3294425368979167,0.41413041831949193,1,1.3870624976746676e-05,7.7236389458316355,6.5054313772850625,sequential,#1
383,10404101003,404,1,3,0.46167510211166224,0.14066815688360443,1,1.3870624976746676e-05,7.7236389458316355,-2.966945591890261,sequential,#1
384,10404101004,404,1,4,1.5036633311357892,0.35263364290193744,1,1.3870624976746676e-05,7.7236389458316355,8.834895083131238,sequential,#1
385,10404101005,404,1,5,1.5701345844327503,0.4992636072242531,1,1.3870624976746676e-05,7.7236389458316355,18.62426673500272,sequential,#1
386,10404101006,404,1,6,0.3397732646327027,0.2230959050917098,1,1.3870624976746676e-05,7.7236389458316355,10.213535389840855,sequential,#1
387,10404101007,404,1,7,1.1576906509843088,0.29435268354434785,1,1.3870624976746676e-05,7.7236389458316355,10.449623337488571,sequential,#1
388,10404101008,404,1,8,1.0932104457836285,0.9297922581932753,1,1.3870624976746676e-05,7.7236389458316355,13.104550367696774,sequential,#1
389,10404101009,404,1,9,0.5751936067781742,0.380418869393487,1,1.3870624976746676e-05,7.7236389458316355,11.432249626129037,sequential,#1
390,10404101010,404,1,10,0.20089796539573615,1.894905708601977,1,1.3870624976746676e-05,7.7236389458316355,-3.378936752444125,sequential,#1
391,10404101011,404,1,11,0.33571689266322013,0.6406023205082905,1,1.3870624976746676e-05,7.7236389458316355,13.397668074724637,sequential,#1
392,10404101012,404,1,12,0.21257789460551782,0.23085906924804023,1,1.3870624976746676e-05,7.7236389458316355,9.569382244257339,sequential,#1
393,10404101013,404,1,13,0.3725194739162126,0.30595894168359145,1,1.3870624976746676e-05,7.7236389458316355,10.466259596259226,sequential,#1
394,10404101014,404,1,14,0.1444719006575117,0.11382202503851482,1,1.3870624976746676e-05,7.7236389458316355,8.274750500582165,sequential,#1
395,10404101015,404,1,15,0.32963646131366947,0.2768925652715434,1,1.3870624976746676e-05,7.7236389458316355,12.36910107441403,sequential,#1
396,10404101016,404,1,16,0.22176649684930183,0.47334026339123747,1,1.3870624976746676e-05,7.7236389458316355,0.251054340026544,sequential,#1
397,10404101017,404,1,17,0.26575006673182483,0.39199077787101627,1,1.3870624976746676e-05,7.7236389458316355,8.003487564913026,sequential,#1
398,10404101018,404,1,18,0.49377953455148743,0.19004820556224777,1,1.3870624976746676e-05,7.7236389458316355,2.5663296132217885,sequential,#1
399,10404101019,404,1,19,0.21397878784927263,0.16169595776943382,1,1.3870624976746676e-05,7.7236389458316355,13.380601359893884,sequential,#1
400,10404102000,404,2,0,0.014513833311134894,1.1962801389583433,1,0.005070744787359179,-5.3510947184201685,-5.567635997871705,sequential,#2
401,10404102001,404,2,1,0.026934584381815813,0.9192143401665669,1,0.005070744787359179,-5.3510947184201685,-8.081285322668377,sequential,#2
402,10404102002,404,2,2,0.016922565474164063,0.46670440672952734,1,0.005070744787359179,-5.3510947184201685,-3.318772016495934,sequential,#2
403,10404102003,404,2,3,0.33034400001362607,0.0622822112096288,1,0.005070744787359179,-5.3510947184201685,-2.6887856856528507,sequential,#2
404,10404102004,404,2,4,0.01779676311407667,0.6851824763002257,1,0.005070744787359179,-5.3510947184201685,9.018922051749739,sequential,#2
405,10404102005,404,2,5,0.031957980403897454,0.7859663940843494,1,0.005070744787359179,-5.3510947184201685,2.7602447166832493,sequential,#2
406,10404102006,404,2,6,0.5677273023897212,0.5677273023897212,1,0.005070744787359179,-5.3510947184201685,-17.831450387558547,sequential,#2
407,10404102007,404,2,7,0.010732879781873294,0.6675432616286883,1,0.005070744787359179,-5.3510947184201685,-15.284928415599309,sequential,#2
408,10404102008,404,2,8,0.009417198350546769,3.9823078615186565,1,0.005070744787359179,-5.3510947184201685,-11.691675944904125,sequential,#2
409,10404102009,404,2,9,0.03554178056138847,0.783125460073154,1,0.005070744787359179,-5.3510947184201685,-4.141364983879526,sequential,#2
410,10404102010,404,2,10,0.03399248666842953,3.14619586318684,1,0.005070744787359179,-5.3510947184201685,-2.9795944285972715,sequential,#2
411,10404102011,404,2,11,0.020946643329585703,4.87625529121524,1,0.005070744787359179,-5.3510947184201685,-0.15931458359379083,sequential,#2
412,10404102012,404,2,12,0.01056660801756044,3.342450376235975,1,0.005070744787359179,-5.3510947184201685,-7.702863987696121,sequential,#2
413,10404102013,404,2,13,0.012961408511479852,2.440680516873304,1,0.005070744787359179,-5.3510947184201685,-9.121872856551358,sequential,#2
414,10404102014,404,2,14,0.014161923035028778,2.8843090022445703,1,0.005070744787359179,-5.3510947184201685,-10.64456243917164,sequential,#2
415,10404102015,404,2,15,0.03612694930550799,2.2822979859363173,1,0.005070744787359179,-5.3510947184201685,-5.40942126676569,sequential,#2
416,10404102016,404,2,16,0.024349461917883716,1.7328930366942668,1,0.005070744787359179,-5.3510947184201685,-8.763713002732349,sequential,#2
417,10404102017,404,2,17,0.02744520190771241,1.1185679129677752,1,0.005070744787359179,-5.3510947184201685,-9.381708652255327,sequential,#2
418,10404102018,404,2,18,0.1012368560548673,3.866691007529748,1,0.005070744787359179,-5.3510947184201685,13.849536485768732,sequential,#2
419,10404102019,404,2,19,0.07380175571966735,0.040270032674258556,1,0.005070744787359179,-5.3510947184201685,-9.881647650611173,sequential,#2
420,10404103000,404,3,0,0.19583296231906103,0.11351901820520775,1,1.0550593095510412e-07,11.722415868835812,-0.38044402098717944,sequential,#3
421,10404103001,404,3,1,0.12742534175860545,1.5221698625910298,1,1.0550593095510412e-07,11.722415868835812,5.888922956256867,sequential,#3
422,10404103002,404,3,2,0.26630982095126954,3.2711604023259144,1,1.0550593095510412e-07,11.722415868835812,-2.071238612470843,sequential,#3
423,10404103003,404,3,3,0.212017854364128,0.6010745633968793,1,1.0550593095510412e-07,11.722415868835812,10.540764740044466,sequential,#3
424,10404103004,404,3,4,0.4972333819667224,2.420779641473833,1,1.0550593095510412e-07,11.722415868835812,10.437341987421455,sequential,#3
425,10404103005,404,3,5,0.18785316685702183,0.8862700557494687,1,1.0550593095510412e-07,11.722415868835812,10.776464751314347,sequential,#3
426,10404103006,404,3,6,0.27608930781615787,0.42896464847316745,1,1.0550593095510412e-07,11.722415868835812,6.24691536760142,sequential,#3
427,10404103007,404,3,7,0.09532852553796668,0.47358541733017495,1,1.0550593095510412e-07,11.722415868835812,9.200577102190067,sequential,#3
428,10404103008,404,3,8,0.0901246972397569,0.5675556825829631,1,1.0550593095510412e-07,11.722415868835812,8.369017467887069,sequential,#3
429,10404103009,404,3,9,0.14089291756115196,0.5517481807249289,1,1.0550593095510412e-07,11.722415868835812,18.12539671517184,sequential,#3
430,10404103010,404,3,10,0.29390903901379095,1.913620818308361,1,1.0550593095510412e-07,11.722415868835812,13.324148685427712,sequential,#3
431,10404103011,404,3,11,0.16147483971917384,0.5098958408930425,1,1.0550593095510412e-07,11.722415868835812,22.08164475690602,sequential,#3
432,10404103012,404,3,12,0.10841656006317231,0.6434218515631606,1,1.0550593095510412e-07,11.722415868835812,16.526287683918436,sequential,#3
433,10404103013,404,3,13,0.10378474186500337,2.484520603007504,1,1.0550593095510412e-07,11.722415868835812,21.447448516313592,sequential,#3
434,10404103014,404,3,14,0.13984203594940275,0.5204752852511961,1,1.0550593095510412e-07,11.722415868835812,13.743659805109784,sequential,#3
435,10404103015,404,3,15,0.19360885055344632,0.5478096728705601,1,1.0550593095510412e-07,11.722415868835812,14.025189538701769,sequential,#3
436,10404103016,404,3,16,0.08124043724185015,1.062233620052535,1,1.0550593095510412e-07,11.722415868835812,8.719482747194233,sequential,#3
437,10404103017,404,3,17,0.12305257910545736,1.5602058200946205,1,1.0550593095510412e-07,11.722415868835812,16.778090540470306,sequential,#3
438,10404103018,404,3,18,0.4119143979355981,0.3181248744126051,1,1.0550593095510412e-07,11.722415868835812,17.07106755835435,sequential,#3
439,10404103019,404,3,19,0.23832400781730775,0.9859223555361589,1,1.0550593095510412e-07,11.722415868835812,13.597579089890536,sequential,#3
440,10404104000,404,4,0,0.04313006895486049,0.29668918510994147,1,0.0021638359037624674,-6.147442839283991,-11.932743226100422,sequential,#4
441,10404104001,404,4,1,0.1288298020743602,0.16870201680680583,1,0.0021638359037624674,-6.147442839283991,0.5364689656892554,sequential,#4
442,10404104002,404,4,2,0.1444487570316936,0.3227652195876236,1,0.0021638359037624674,-6.147442839283991,-12.882576045257267,sequential,#4
443,10404104003,404,4,3,0.13618238851372472,0.3447172630177221,1,0.0021638359037624674,-6.147442839283991,1.5613711462754265,sequential,#4
444,10404104004,404,4,4,0.19091155940140594,0.2559336785598348,1,0.0021638359037624674,-6.147442839283991,-7.125060122618773,sequential,#4
445,10404104005,404,4,5,0.08921670948481485,0.22018791187247497,1,0.0021638359037624674,-6.147442839283991,-3.917657507289927,sequential,#4
446,10404104006,404,4,6,0.06031090309949357,0.3491437225279286,1,0.0021638359037624674,-6.147442839283991,-18.81494138389352,sequential,#4
447,10404104007,404,4,7,0.05935606703615864,0.3067362622595346,1,0.0021638359037624674,-6.147442839283991,3.892990095322496,sequential,#4
448,10404104008,404,4,8,0.0610885529195817,0.18011744632159407,1,0.0021638359037624674,-6.147442839283991,1.812549433934187,sequential,#4
449,10404104009,404,4,9,0.1307216131263481,0.29550824873430287,1,0.0021638359037624674,-6.147442839283991,-4.50472937865106,sequential,#4
450,10404104010,404,4,10,0.0808408160097997,1.0984177657283172,1,0.0021638359037624674,-6.147442839283991,-5.296258635584709,sequential,#4
451,10404104011,404,4,11,0.08982709988249538,0.1534210586942047,1,0.0021638359037624674,-6.147442839283991,-18.905768438167414,sequential,#4
452,10404104012,404,4,12,0.11705905887296361,0.40391219193306643,1,0.0021638359037624674,-6.147442839283991,-6.190469794373066,sequential,#4
453,10404104013,404,4,13,0.870504057384745,0.5847594061237548,1,0.0021638359037624674,-6.147442839283991,-17.808784960459676,sequential,#4
454,10404104014,404,4,14,0.5793387003936877,0.3107717965427129,1,0.0021638359037624674,-6.147442839283991,-5.761178725333818,sequential,#4
455,10404104015,404,4,15,0.026674375257173626,0.23289545448752108,1,0.0021638359037624674,-6.147442839283991,-12.722222754319526,sequential,#4
456,10404104016,404,4,16,0.2170930174760916,0.1816289271537668,1,0.0021638359037624674,-6.147442839283991,-8.274939371539737,sequential,#4
457,10404104017,404,4,17,0.07758631397981004,0.3032822858579086,1,0.0021638359037624674,-6.147442839283991,6.502397576240779,sequential,#4
458,10404104018,404,4,18,0.1812608756647222,0.21749901560401388,1,0.0021638359037624674,-6.147442839283991,4.652395164549111,sequential,#4
459,10404104019,404,4,19,0.038501057910065375,0.3858623075838729,1,0.0021638359037624674,-6.147442839283991,-7.769698824102152,sequential,#4
460,10404105000,404,5,0,0.014080735578797408,2.68090075105214,0,0.032000884958675944,3.538790326086692,10.411161751411854,sequential,#5
461,10404105001,404,5,1,0.03527074790462781,0.9310249633020177,0,0.032000884958675944,3.538790326086692,15.285219374875464,sequential,#5
462,10404105002,404,5,2,0.013116021682883037,0.5172358959491186,0,0.032000884958675944,3.538790326086692,-0.09434639812111224,sequential,#5
463,10404105003,404,5,3,0.019537903987260335,3.47642284167043,0,0.032000884958675944,3.538790326086692,0.6119107625873204,sequential,#5
464,10404105004,404,5,4,0.013457756242028777,0.4583049583811645,0,0.032000884958675944,3.538790326086692,7.659182039349034,sequential,#5
465,10404105005,404,5,5,0.01881567003359454,0.23717926057690575,0,0.032000884958675944,3.538790326086692,7.372158780591135,sequential,#5
466,10404105006,404,5,6,0.0107423986946078,1.3477223260828615,0,0.032000884958675944,3.538790326086692,4.103747658072336,sequential,#5
467,10404105007,404,5,7,0.016057178130660772,0.6035376876305888,0,0.032000884958675944,3.538790326086692,4.412884735542998,sequential,#5
468,10404105008,404,5,8,0.008488351930893414,0.1920265856118859,0,0.032000884958675944,3.538790326086692,-2.143550904167348,sequential,#5
469,10404105009,404,5,9,0.005820724341003991,0.17399172670938876,0,0.032000884958675944,3.538790326086692,-8.085929354495253,sequential,#5
470,10404105010,404,5,10,0.01474353611223328,1.6509648696493253,0,0.032000884958675944,3.538790326086692,7.942683472313628,sequential,#5
471,10404105011,404,5,11,0.007949191687963104,1.0268646594975148,0,0.032000884958675944,3.538790326086692,8.819415811362376,sequential,#5
472,10404105012,404,5,12,0.012768601627895329,0.20626128018752896,0,0.032000884958675944,3.538790326086692,-7.211606241810848,sequential,#5
473,10404105013,404,5,13,0.00976806647331582,0.18970844379209362,0,0.032000884958675944,3.538790326086692,3.2580130161267586,sequential,#5
474,10404105014,404,5,14,0.005581603712687515,0.2365858910732582,0,0.032000884958675944,3.538790326086692,9.871509132141501,sequential,#5
475,10404105015,404,5,15,0.007168614589804098,0.27187207223460247,0,0.032000884958675944,3.538790326086692,-11.071476364594812,sequential,#5
476,10404105016,404,5,16,0.008036234823722253,0.18954934460416956,0,0.032000884958675944,3.538790326086692,-1.0113192232173425,sequential,#5
477,10404105017,404,5,17,0.007431647865363029,0.39557949853651797,0,0.032000884958675944,3.538790326086692,9.39874705065468,sequential,#5
478,10404105018,404,5,18,0.0077913577951737685,0.27323798459414383,0,0.032000884958675944,3.538790326086692,6.372946895422361,sequential,#5
479,10404105019,404,5,19,0.00940799560847181,1.3886456647165941,0,0.032000884958675944,3.538790326086692,4.874454527689108,sequential,#5
480,10405100000,405,0,0,0.016286219200585105,0.08681743194386381,0,0.8142874432850509,-0.4038682256516819,10.548884824653536,sequential,#0
481,10405100001,405,0,1,0.01929598785400055,0.13972246234382488,0,0.8142874432850509,-0.4038682256516819,13.881121766540907,sequential,#0
482,10405100002,405,0,2,0.016595779982050238,0.7684546161515489,0,0.8142874432850509,-0.4038682256516819,-3.3640738416392097,sequential,#0
483,10405100003,405,0,3,0.017181881758446753,0.32903315226068935,0,0.8142874432850509,-0.4038682256516819,1.3814344260839713,sequential,#0
484,10405100004,405,0,4,0.017531637176254944,0.22693554604083407,0,0.8142874432850509,-0.4038682256516819,-2.412163171252313,sequential,#0
485,10405100005,405,0,5,0.023235770704415248,0.7147597704030593,0,0.8142874432850509,-0.4038682256516819,5.823857652127821,sequential,#0
486,10405100006,405,0,6,0.016860549670125565,0.25378385480756627,0,0.8142874432850509,-0.4038682256516819,2.7056159916309537,sequential,#0
487,10405100007,405,0,7,0.018982428287385632,0.14560482573572553,0,0.8142874432850509,-0.4038682256516819,4.009924942797456,sequential,#0
488,10405100008,405,0,8,0.019606992559877207,0.9393025943314216,0,0.8142874432850509,-0.4038682256516819,-12.908506570653078,sequential,#0
489,10405100009,405,0,9,0.07431554235379838,0.511222105132918,0,0.8142874432850509,-0.4038682256516819,5.141028017290868,sequential,#0
490,10405100010,405,0,10,0.022877532228641386,0.44402259689520346,0,0.8142874432850509,-0.4038682256516819,-3.1684548078993107,sequential,#0
491,10405100011,405,0,11,0.0371725851211868,0.2535969110273542,0,0.8142874432850509,-0.4038682256516819,-2.9322293954074863,sequential,#0
492,10405100012,405,0,12,0.04316759782035127,0.4600467890108417,0,0.8142874432850509,-0.4038682256516819,4.737234038624078,sequential,#0
493,10405100013,405,0,13,0.01881393147019191,0.2762535158928071,0,0.8142874432850509,-0.4038682256516819,-16.506155993174243,sequential,#0
494,10405100014,405,0,14,0.019079348985454804,0.30728779647866133,0,0.8142874432850509,-0.4038682256516819,-4.726053720339573,sequential,#0
495,10405100015,405,0,15,0.02469577802948883,0.9680315722835756,0,0.8142874432850509,-0.4038682256516819,-5.264442347296871,sequential,#0
496,10405100016,405,0,16,0.024971961326437735,0.4506132346049622,0,0.8142874432850509,-0.4038682256516819,-7.408307593143544,sequential,#0
497,10405100017,405,0,17,0.030598390528784655,0.39525981380879804,0,0.8142874432850509,-0.4038682256516819,6.284499505157318,sequential,#0
498,10405100018,405,0,18,0.022586189818830447,0.8785078164780624,0,0.8142874432850509,-0.4038682256516819,-7.281402690896334,sequential,#0
499,10405100019,405,0,19,0.02510371475068322,1.2416496893721065,0,0.8142874432850509,-0.4038682256516819,3.380824453761417,sequential,#0
500,10405101000,405,1,0,1.8482428409510472,1.1261885458393486,1,0.0007893215038522382,-3.8302025373109414,-3.593360249935657,sequential,#1
501,10405101001,405,1,1,0.44259350435750533,0.288133041134941,1,0.0007893215038522382,-3.8302025373109414,-3.996086278309815,sequential,#1
502,10405101002,405,1,2,0.5733848195518415,0.4582618666162532,1,0.0007893215038522382,-3.8302025373109414,-1.9334298366993237,sequential,#1
503,10405101003,405,1,3,0.10879237836361651,0.7633220363659766,1,0.0007893215038522382,-3.8302025373109414,-4.939951984092924,sequential,#1
504,10405101004,405,1,4,0.1194870214874963,1.1677151278400613,1,0.0007893215038522382,-3.8302025373109414,-7.715955420357068,sequential,#1
505,10405101005,405,1,5,0.17328386840735827,0.5433175871151658,1,0.0007893215038522382,-3.8302025373109414,-3.6327297717237452,sequential,#1
506,10405101006,405,1,6,0.07477708123547967,0.3575672323284005,1,0.0007893215038522382,-3.8302025373109414,-10.285284205316357,sequential,#1
507,10405101007,405,1,7,0.11118450312266791,1.9127310451827915,1,0.0007893215038522382,-3.8302025373109414,2.8274960319078613,sequential,#1
508,10405101008,405,1,8,0.15656124927948895,4.291128388461749,1,0.0007893215038522382,-3.8302025373109414,-6.941023657790452,sequential,#1
509,10405101009,405,1,9,0.203765464386778,0.6052968474824114,1,0.0007893215038522382,-3.8302025373109414,-4.405757075769305,sequential,#1
510,10405101010,405,1,10,0.46649388504943146,2.0312919715425677,1,0.0007893215038522382,-3.8302025373109414,-9.377698988773846,sequential,#1
511,10405101011,405,1,11,0.1902084417139029,0.9146615458201649,1,0.0007893215038522382,-3.8302025373109414,0.7537442847829033,sequential,#1
512,10405101012,405,1,12,0.32879570575535527,0.18186878206423257,1,0.0007893215038522382,-3.8302025373109414,0.6851792568676475,sequential,#1
513,10405101013,405,1,13,0.8265675912336299,2.8795029281338795,1,0.0007893215038522382,-3.8302025373109414,1.8824562864540848,sequential,#1
514,10405101014,405,1,14,0.5131130746198942,1.6345375733367522,1,0.0007893215038522382,-3.8302025373109414,0.3232589893045324,sequential,#1
515,10405101015,405,1,15,0.5244208437303294,0.6098737954965562,1,0.0007893215038522382,-3.8302025373109414,-6.052672515898803,sequential,#1
516,10405101016,405,1,16,1.5696947895509494,1.0309461111050533,1,0.0007893215038522382,-3.8302025373109414,-0.7451780555123134,sequential,#1
517,10405101017,405,1,17,1.2366410036186366,3.1025904984342088,1,0.0007893215038522382,-3.8302025373109414,-0.5545570347525893,sequential,#1
518,10405101018,405,1,18,0.801641116276752,1.5020825924736647,1,0.0007893215038522382,-3.8302025373109414,-12.930432105638086,sequential,#1
519,10405101019,405,1,19,5.287115374534101,0.38603534736803274,1,0.0007893215038522382,-3.8302025373109414,-5.972068414965569,sequential,#1
520,10405102000,405,2,0,0.01470319137720838,0.9378956751070993,1,1.28021465025745e-05,-7.143509053655798,-3.8450017508498218,sequential,#2
521,10405102001,405,2,1,0.024356593124440214,0.45941471927093464,1,1.28021465025745e-05,-7.143509053655798,-15.24844924276753,sequential,#2
522,10405102002,405,2,2,0.39664313632990045,0.39664313632990045,1,1.28021465025745e-05,-7.143509053655798,-18.219722914975023,sequential,#2
523,10405102003,405,2,3,0.021780014982565682,0.32986094959235746,1,1.28021465025745e-05,-7.143509053655798,-10.89273178135579,sequential,#2
524,10405102004,405,2,4,0.01884503244842952,0.6371668064401017,1,1.28021465025745e-05,-7.143509053655798,-5.600125434411144,sequential,#2
525,10405102005,405,2,5,0.09502877217116225,1.4989863807134185,1,1.28021465025745e-05,-7.143509053655798,-8.690039658299053,sequential,#2
526,10405102006,405,2,6,0.018002832254003114,0.5113674931681099,1,1.28021465025745e-05,-7.143509053655798,-7.4466852619170725,sequential,#2
527,10405102007,405,2,7,0.02044353538513195,3.939113198620457,1,1.28021465025745e-05,-7.143509053655798,-6.566160461926729,sequential,#2
528,10405102008,405,2,8,0.011593379677552739,0.7489699948897781,1,1.28021465025745e-05,-7.143509053655798,-16.810036937087,sequential,#2
529,10405102009,405,2,9,0.0268852075220313,1.9841426745493147,1,1.28021465025745e-05,-7.143509053655798,-7.8612776649771146,sequential,#2
530,10405102010,405,2,10,0.017795910635241052,0.5804037599990942,1,1.28021465025745e-05,-7.143509053655798,3.4993081826981625,sequential,#2
531,10405102011,405,2,11,1.3906338851968192,1.3906338851968192,1,1.28021465025745e-05,-7.143509053655798,-11.35769848192996,sequential,#2
532,10405102012,405,2,12,0.016677807648166103,1.139464560587831,1,1.28021465025745e-05,-7.143509053655798,-5.121365394652926,sequential,#2
533,10405102013,405,2,13,2.346252326698978,2.346252326698978,1,1.28021465025745e-05,-7.143509053655798,-4.653895689045212,sequential,#2
534,10405102014,405,2,14,0.010632135151610954,0.9242702258349793,1,1.28021465025745e-05,-7.143509053655798,-6.411360894818285,sequential,#2
535,10405102015,405,2,15,0.014129385455191164,0.5414981367714339,1,1.28021465025745e-05,-7.143509053655798,-8.257613958391296,sequential,#2
536,10405102016,405,2,16,0.02163093431888459,0.25606574913359964,1,1.28021465025745e-05,-7.143509053655798,-2.4280661281310363,sequential,#2
537,10405102017,405,2,17,0.011750698404386235,0.7196324353399361,1,1.28021465025745e-05,-7.143509053655798,-5.926800466724413,sequential,#2
538,10405102018,405,2,18,0.014254421575930338,1.1007227918421647,1,1.28021465025745e-05,-7.143509053655798,-1.6728877048764295,sequential,#2
539,10405102019,405,2,19,0.025511830240366015,0.67729216597059,1,1.28021465025745e-05,-7.143509053655798,0.6404305713217302,sequential,#2
540,10405103000,405,3,0,0.2783790687516496,1.1062353510954435,1,1.3733901253251071e-07,-4.548763534167188,-3.67542180014507,sequential,#3
541,10405103001,405,3,1,0.1801156058684763,2.001464591852991,1,1.3733901253251071e-07,-4.548763534167188,-5.405548438914024,sequential,#3
542,10405103002,405,3,2,0.0915517021525962,0.6144619906744709,1,1.3733901253251071e-07,-4.548763534167188,-9.26973229718491,sequential,#3
543,10405103003,405,3,3,0.11018168676169207,2.9862742248948724,1,1.3733901253251071e-07,-4.548763534167188,-2.3007481611826446,sequential,#3
544,10405103004,405,3,4,0.13356370815460553,0.1602922741165274,1,1.3733901253251071e-07,-4.548763534167188,-1.25148959520093,sequential,#3
545,10405103005,405,3,5,0.08100531188078135,1.640869900451977,1,1.3733901253251071e-07,-4.548763534167188,-3.5823483452299163,sequential,#3
546,10405103006,405,3,6,0.17074418587122947,0.02014995380789612,1,1.3733901253251071e-07,-4.548763534167188,-8.254628355252079,sequential,#3
547,10405103007,405,3,7,0.15729816304800656,1.4554697866406232,1,1.3733901253251071e-07,-4.548763534167188,-8.086708754682276,sequential,#3
548,10405103008,405,3,8,0.108955679592725,2.522340448727525,1,1.3733901253251071e-07,-4.548763534167188,-3.854395116490698,sequential,#3
549,10405103009,405,3,9,0.1367420978861351,0.7116306025446989,1,1.3733901253251071e-07,-4.548763534167188,-5.4481273709833244,sequential,#3
550,10405103010,405,3,10,0.24522040254811894,3.427657093154363,1,1.3733901253251071e-07,-4.548763534167188,-6.486189278950386,sequential,#3
551,10405103011,405,3,11,0.12835196854237357,0.7391207757110622,1,1.3733901253251071e-07,-4.548763534167188,-1.8135566118676327,sequential,#3
552,10405103012,405,3,12,0.1714467225462945,1.7096644260638203,1,1.3733901253251071e-07,-4.548763534167188,-3.780418039890546,sequential,#3
553,10405103013,405,3,13,0.17764116443099193,6.626574799639034,1,1.3733901253251071e-07,-4.548763534167188,-2.066614620701534,sequential,#3
554,10405103014,405,3,14,0.20653892487934256,1.5848332899891697,1,1.3733901253251071e-07,-4.548763534167188,-0.7324337121285159,sequential,#3
555,10405103015,405,3,15,0.14539579122119684,0.09267596068781282,1,1.3733901253251071e-07,-4.548763534167188,-1.8403312601383452,sequential,#3
556,10405103016,405,3,16,0.09742322762707673,1.8253163922167968,1,1.3733901253251071e-07,-4.548763534167188,-4.5647213647584906,sequential,#3
557,10405103017,405,3,17,0.15253845388689852,0.2007084915988398,1,1.3733901253251071e-07,-4.548763534167188,-6.2299375357134235,sequential,#3
558,10405103018,405,3,18,0.15004410912034533,0.708070752682477,1,1.3733901253251071e-07,-4.548763534167188,-7.485907920747288,sequential,#3
559,10405103019,405,3,19,0.09813322318635972,0.02607171299362729,1,1.3733901253251071e-07,-4.548763534167188,-4.846012103181733,sequential,#3
560,10405104000,405,4,0,0.0531305642219823,0.2899548887806269,0,0.03902807951790955,2.0454263575388674,2.000089242719687,sequential,#4
561,10405104001,405,4,1,0.16211005029107112,0.33299908535280925,0,0.03902807951790955,2.0454263575388674,4.730711271783822,sequential,#4
562,10405104002,405,4,2,0.1738798709060943,0.20106185440506777,0,0.03902807951790955,2.0454263575388674,9.71757843919891,sequential,#4
563,10405104003,405,4,3,0.04765166810380625,0.6884543551813529,0,0.03902807951790955,2.0454263575388674,2.4626210634122097,sequential,#4
564,10405104004,405,4,4,0.1362226808357449,1.0910145601062688,0,0.03902807951790955,2.0454263575388674,0.06685874246937652,sequential,#4
565,10405104005,405,4,5,0.09891641504200496,1.5761544574514517,0,0.03902807951790955,2.0454263575388674,2.955359910143218,sequential,#4
566,10405104006,405,4,6,0.07278652656116141,0.6046324175235513,0,0.03902807951790955,2.0454263575388674,6.080364145223213,sequential,#4
567,10405104007,405,4,7,0.025765719275540423,0.6630613604576885,0,0.03902807951790955,2.0454263575388674,1.5798552048263241,sequential,#4
568,10405104008,405,4,8,0.05074702978081715,0.21520776030130886,0,0.03902807951790955,2.0454263575388674,-1.383121862381187,sequential,#4
569,10405104009,405,4,9,0.04991716177793294,0.39694344829602307,0,0.03902807951790955,2.0454263575388674,-10.105195403030669,sequential,#4
570,10405104010,405,4,10,0.04081031590096061,1.5020789894496545,0,0.03902807951790955,2.0454263575388674,3.6707997129484355,sequential,#4
571,10405104011,405,4,11,0.030689921551230657,0.5648690992507215,0,0.03902807951790955,2.0454263575388674,-1.3728954284699184,sequential,#4
572,10405104012,405,4,12,0.0625622684629138,0.780635601463256,0,0.03902807951790955,2.0454263575388674,4.16057095227212,sequential,#4
573,10405104013,405,4,13,0.06854588657342096,0.278611336632778,0,0.03902807951790955,2.0454263575388674,2.688674512042089,sequential,#4
574,10405104014,405,4,14,0.06170078671584748,0.4419869431843233,0,0.03902807951790955,2.0454263575388674,-0.35569545510158124,sequential,#4
575,10405104015,405,4,15,0.08120487260176204,0.28623051253034093,0,0.03902807951790955,2.0454263575388674,4.096799160998714,sequential,#4
576,10405104016,405,4,16,0.7466469890277552,0.3935524696426823,0,0.03902807951790955,2.0454263575388674,5.158710570238306,sequential,#4
577,10405104017,405,4,17,0.06793585608541591,0.3163142300497017,0,0.03902807951790955,2.0454263575388674,-1.0578052004858216,sequential,#4
578,10405104018,405,4,18,0.039929349933922435,0.5543081760986037,0,0.03902807951790955,2.0454263575388674,-0.7410001499459843,sequential,#4
579,10405104019,405,4,19,0.06656519203011736,5.08675841727964,0,0.03902807951790955,2.0454263575388674,6.555247721916082,sequential,#4
580,10405105000,405,5,0,0.029802930015232286,0.29574631758372855,1,3.62396240234375e-05,-7.162459690618286,-11.09692703469477,sequential,#5
581,10405105001,405,5,1,0.015590187838846229,0.5393632133789363,1,3.62396240234375e-05,-7.162459690618286,-8.22403826261257,sequential,#5
582,10405105002,405,5,2,0.01678423103901667,7.969156040025174,1,3.62396240234375e-05,-7.162459690618286,-1.758333581187408,sequential,#5
583,10405105003,405,5,3,0.01905175061069419,0.5393215372825358,1,3.62396240234375e-05,-7.162459690618286,-8.970025771369663,sequential,#5
584,10405105004,405,5,4,0.030154957549801638,0.45622801046679945,1,3.62396240234375e-05,-7.162459690618286,6.9787376410731845,sequential,#5
585,10405105005,405,5,5,0.02485060481607235,0.29314587294355104,1,3.62396240234375e-05,-7.162459690618286,-10.610405933003433,sequential,#5
586,10405105006,405,5,6,0.01896104276989665,0.39201557196360587,1,3.62396240234375e-05,-7.162459690618286,-4.8162080397207445,sequential,#5
587,10405105007,405,5,7,0.022506164371355785,0.5947832460252406,1,3.62396240234375e-05,-7.162459690618286,-10.231899301452831,sequential,#5
588,10405105008,405,5,8,0.022519136006188004,0.8769070593757787,1,3.62396240234375e-05,-7.162459690618286,-1.3485106816961436,sequential,#5
589,10405105009,405,5,9,0.011928619777752881,0.6996900793429717,1,3.62396240234375e-05,-7.162459690618286,-10.195708482216485,sequential,#5
590,10405105010,405,5,10,0.011442665137644765,0.2797450359536596,1,3.62396240234375e-05,-7.162459690618286,-9.662385263627936,sequential,#5
591,10405105011,405,5,11,0.013097316977226998,1.3137313381439646,1,3.62396240234375e-05,-7.162459690618286,-14.888408869532089,sequential,#5
592,10405105012,405,5,12,0.016946956188167835,0.7435513177040362,1,3.62396240234375e-05,-7.162459690618286,-9.863001814404818,sequential,#5
593,10405105013,405,5,13,0.011903223892604254,0.549094693495577,1,3.62396240234375e-05,-7.162459690618286,-11.839107642060181,sequential,#5
594,10405105014,405,5,14,0.022432460812120216,0.4301186544098419,1,3.62396240234375e-05,-7.162459690618286,-3.6619196462490957,sequential,#5
595,10405105015,405,5,15,0.014641470268191393,0.6517415862827354,1,3.62396240234375e-05,-7.162459690618286,-8.498319843552672,sequential,#5
596,10405105016,405,5,16,0.00989721142497384,0.8576846037833747,1,3.62396240234375e-05,-7.162459690618286,-5.21027083260159,sequential,#5
597,10405105017,405,5,17,0.021497713201703135,2.9721258835320303,1,3.62396240234375e-05,-7.162459690618286,-8.572776351141995,sequential,#5
598,10405105018,405,5,18,0.015044476711342476,2.8878611400719865,1,3.62396240234375e-05,-7.162459690618286,-3.6728671900002743,sequential,#5
599,10405105019,405,5,19,0.03173615290386471,0.6687014239491403,1,3.62396240234375e-05,-7.162459690618286,-7.106816912314207,sequential,#5
600,10406100000,406,0,0,0.018457324723008612,0.03293740535765855,1,1.5143096173068524e-09,-21.12313676076542,-26.21064654503065,sequential,#0
601,10406100001,406,0,1,0.015741355284924985,0.028661322892899188,1,1.5143096173068524e-09,-21.12313676076542,-33.10013866032062,sequential,#0
602,10406100002,406,0,2,0.015544981503140596,0.02730626390357441,1,1.5143096173068524e-09,-21.12313676076542,-17.955511688052628,sequential,#0
603,10406100003,406,0,3,0.01711223262640401,0.03316646144762215,1,1.5143096173068524e-09,-21.12313676076542,-17.544810720017026,sequential,#0
604,10406100004,406,0,4,0.015754518061950537,0.02243581871139994,1,1.5143096173068524e-09,-21.12313676076542,-13.384167118317336,sequential,#0
605,10406100005,406,0,5,0.014309990133266462,0.0342192125163483,1,1.5143096173068524e-09,-21.12313676076542,-30.27868133193788,sequential,#0
606,10406100006,406,0,6,0.017873941583716954,0.034913088749610056,1,1.5143096173068524e-09,-21.12313676076542,-18.562582632797916,sequential,#0
607,10406100007,406,0,7,0.01698790988196605,0.03562230483941081,1,1.5143096173068524e-09,-21.12313676076542,-26.129402745557762,sequential,#0
608,10406100008,406,0,8,0.021302865924172264,0.0368244844459788,1,1.5143096173068524e-09,-21.12313676076542,-16.740547641144133,sequential,#0
609,10406100009,406,0,9,0.015252264577966584,0.03841308203645899,1,1.5143096173068524e-09,-21.12313676076542,-4.585996576519716,sequential,#0
610,10406100010,406,0,10,0.0108619428321835,0.040696061579462935,1,1.5143096173068524e-09,-21.12313676076542,-19.89462755101574,sequential,#0
611,10406100011,406,0,11,0.01375940917285382,0.03088795734139338,1,1.5143096173068524e-09,-21.12313676076542,-5.86075114355682,sequential,#0
612,10406100012,406,0,12,0.01758222855932083,0.044608290657783205,1,1.5143096173068524e-09,-21.12313676076542,-31.6269119026252,sequential,#0
613,10406100013,406,0,13,0.01436746945952354,0.022930427556536348,1,1.5143096173068524e-09,-21.12313676076542,-35.96386153738065,sequential,#0
614,10406100014,406,0,14,0.014223620798123504,0.03711087150742053,1,1.5143096173068524e-09,-21.12313676076542,-21.115518400242493,sequential,#0
615,10406100015,406,0,15,0.01162621029817013,0.03319766544923375,1,1.5143096173068524e-09,-21.12313676076542,-8.867698759116163,sequential,#0
616,10406100016,406,0,16,0.018382575781786436,0.04987756876348377,1,1.5143096173068524e-09,-21.12313676076542,-23.317907597517706,sequential,#0
617,10406100017,406,0,17,0.017790986229286952,0.04956097803017725,1,1.5143096173068524e-09,-21.12313676076542,-17.828728398007414,sequential,#0
618,10406100018,406,0,18,0.01169637654335157,0.03819639188012473,1,1.5143096173068524e-09,-21.12313676076542,-26.16266915485195,sequential,#0
619,10406100019,406,0,19,0.013874580242301756,0.050126883052005834,1,1.5143096173068524e-09,-21.12313676076542,-27.3315751112986,sequential,#0
620,10406101000,406,1,0,0.041919635554104155,0.06731202048740628,1,3.0334986833047846e-11,-59.00514804857861,-15.688555638633513,sequential,#1
621,10406101001,406,1,1,0.019774732903851778,0.03588853393879522,1,3.0334986833047846e-11,-59.00514804857861,-33.53103425102857,sequential,#1
622,10406101002,406,1,2,0.015413194249420501,0.04472643019055909,1,3.0334986833047846e-11,-59.00514804857861,-73.20133498925456,sequential,#1
623,10406101003,406,1,3,0.016669515128290943,0.044583282506542955,1,3.0334986833047846e-11,-59.00514804857861,-46.503065810386694,sequential,#1
624,10406101004,406,1,4,0.017285847045014194,0.030078117836993178,1,3.0334986833047846e-11,-59.00514804857861,-50.298924987912905,sequential,#1
625,10406101005,406,1,5,0.0155364109955119,0.03535907227629405,1,3.0334986833047846e-11,-59.00514804857861,-44.36023657055234,sequential,#1
626,10406101006,406,1,6,0.013704146460843265,0.047774217366925,1,3.0334986833047846e-11,-59.00514804857861,-68.07172119514868,sequential,#1
627,10406101007,406,1,7,0.015061426399308396,0.04861168720602273,1,3.0334986833047846e-11,-59.00514804857861,-75.34893370114222,sequential,#1
628,10406101008,406,1,8,0.012871826804812038,0.03934922634473411,1,3.0334986833047846e-11,-59.00514804857861,-93.32528162870949,sequential,#1
629,10406101009,406,1,9,0.012272590264422449,0.034760817027324385,1,3.0334986833047846e-11,-59.00514804857861,-76.26260908693672,sequential,#1
630,10406101010,406,1,10,0.01737419164179194,0.035001939891754756,1,3.0334986833047846e-11,-59.00514804857861,-79.25725172179621,sequential,#1
631,10406101011,406,1,11,0.014976924168503799,0.04168167816520572,1,3.0334986833047846e-11,-59.00514804857861,-52.264374229642115,sequential,#1
632,10406101012,406,1,12,0.015018625250794204,0.038503228509280084,1,3.0334986833047846e-11,-59.00514804857861,-68.06132692410725,sequential,#1
633,10406101013,406,1,13,0.015434638273300431,0.04755095442191952,1,3.0334986833047846e-11,-59.00514804857861,-62.105078578861686,sequential,#1
634,10406101014,406,1,14,0.017015887348466815,0.04078827892344706,1,3.0334986833047846e-11,-59.00514804857861,-49.25453946691935,sequential,#1
635,10406101015,406,1,15,0.01676851550735343,0.031094191723346973,1,3.0334986833047846e-11,-59.00514804857861,-69.8856140681276,sequential,#1
636,10406101016,406,1,16,0.015755582930180336,0.04661939079609096,1,3.0334986833047846e-11,-59.00514804857861,-80.33029738104726,sequential,#1
637,10406101017,406,1,17,0.01709954496766869,0.04715852622557961,1,3.0334986833047846e-11,-59.00514804857861,-35.38744486743944,sequential,#1
638,10406101018,406,1,18,0.020546852032395427,0.042820706453641756,1,3.0334986833047846e-11,-59.00514804857861,-66.08155428049639,sequential,#1
639,10406101019,406,1,19,0.01774170347914625,0.045070025879112706,1,3.0334986833047846e-11,-59.00514804857861,-40.8837815934293,sequential,#1
640,10406102000,406,2,0,0.008346155125347646,0.04938693615088321,1,1.030014447460826e-09,-24.675525464892992,-28.681101656950535,sequential,#2
641,10406102001,406,2,1,0.007907178294414452,0.04463923946335312,1,1.030014447460826e-09,-24.675525464892992,-28.40769094053153,sequential,#2
642,10406102002,406,2,2,0.009046557606930303,0.02722804123416286,1,1.030014447460826e-09,-24.675525464892992,-40.517965095833105,sequential,#2
643,10406102003,406,2,3,0.006494439356740447,0.04318838637535048,1,1.030014447460826e-09,-24.675525464892992,-31.678327972010113,sequential,#2
644,10406102004,406,2,4,0.009078265937698624,0.056299535115264865,1,1.030014447460826e-09,-24.675525464892992,-35.78648445752746,sequential,#2
645,10406102005,406,2,5,0.007962027694703788,0.0608519744040521,1,1.030014447460826e-09,-24.675525464892992,-29.310909339193454,sequential,#2
646,10406102006,406,2,6,0.007808348383866791,0.06540673191597322,1,1.030014447460826e-09,-24.675525464892992,-23.47699129492772,sequential,#2
647,10406102007,406,2,7,0.006990536435513361,0.059650483418378225,1,1.030014447460826e-09,-24.675525464892992,-8.42171210240215,sequential,#2
648,10406102008,406,2,8,0.00826409626990725,0.031025191273263673,1,1.030014447460826e-09,-24.675525464892992,-36.701108509861136,sequential,#2
649,10406102009,406,2,9,0.006568762041946706,0.03644809289795458,1,1.030014447460826e-09,-24.675525464892992,-23.177109942230434,sequential,#2
650,10406102010,406,2,10,0.006445920075190173,0.034249129717666686,1,1.030014447460826e-09,-24.675525464892992,-23.705131415926044,sequential,#2
651,10406102011,406,2,11,0.007507288506893217,0.03210365808008508,1,1.030014447460826e-09,-24.675525464892992,-18.58656476735771,sequential,#2
652,10406102012,406,2,12,0.006842448573404503,0.03391987854054629,1,1.030014447460826e-09,-24.675525464892992,-22.384038477921646,sequential,#2
653,10406102013,406,2,13,0.010083885342092156,0.05465854486374342,1,1.030014447460826e-09,-24.675525464892992,-9.592528656824575,sequential,#2
654,10406102014,406,2,14,0.006870092394612529,0.03351523864188136,1,1.030014447460826e-09,-24.675525464892992,-14.604628481701706,sequential,#2
655,10406102015,406,2,15,0.0074986999465608785,0.03965672886717873,1,1.030014447460826e-09,-24.675525464892992,-15.745430960406996,sequential,#2
656,10406102016,406,2,16,0.006020224998316325,0.035213816718114604,1,1.030014447460826e-09,-24.675525464892992,-41.15654199657486,sequential,#2
657,10406102017,406,2,17,0.006573118525232287,0.03716135386559682,1,1.030014447460826e-09,-24.675525464892992,-13.619942201265522,sequential,#2
658,10406102018,406,2,18,0.006024103757472388,0.06417977873220239,1,1.030014447460826e-09,-24.675525464892992,-32.94586964743302,sequential,#2
659,10406102019,406,2,19,0.006874890520773407,0.06707554420724053,1,1.030014447460826e-09,-24.675525464892992,-15.010431380980128,sequential,#2
660,10406103000,406,3,0,0.022943842295623927,0.05904593411691806,1,1.5719341949754518e-14,-43.68962548338215,-43.57341152431603,sequential,#3
661,10406103001,406,3,1,0.026373381986102434,0.04963609582293569,1,1.5719341949754518e-14,-43.68962548338215,-36.862715674454755,sequential,#3
662,10406103002,406,3,2,0.024466423429453925,0.046250356724746665,1,1.5719341949754518e-14,-43.68962548338215,-22.78639396217394,sequential,#3
663,10406103003,406,3,3,0.02317977307812931,0.049583746652780814,1,1.5719341949754518e-14,-43.68962548338215,-38.44648848187605,sequential,#3
664,10406103004,406,3,4,0.02622636938199506,0.06872351053860745,1,1.5719341949754518e-14,-43.68962548338215,-37.50369074369833,sequential,#3
665,10406103005,406,3,5,0.02478027031253356,0.06484502279506785,1,1.5719341949754518e-14,-43.68962548338215,-38.003781327947564,sequential,#3
666,10406103006,406,3,6,0.023401702222648153,0.06297220812884317,1,1.5719341949754518e-14,-43.68962548338215,-42.22913040120336,sequential,#3
667,10406103007,406,3,7,0.03206742769458713,0.07321337210205979,1,1.5719341949754518e-14,-43.68962548338215,-45.598122357128524,sequential,#3
668,10406103008,406,3,8,0.08243387593943224,0.06096330926899831,1,1.5719341949754518e-14,-43.68962548338215,-48.79874636980017,sequential,#3
669,10406103009,406,3,9,0.027540825163405842,0.05747622452859379,1,1.5719341949754518e-14,-43.68962548338215,-35.81648424510034,sequential,#3
670,10406103010,406,3,10,0.029980008275285523,0.06594887418394714,1,1.5719341949754518e-14,-43.68962548338215,-32.095079957757136,sequential,#3
671,10406103011,406,3,11,0.03171147009280071,0.05328580813526245,1,1.5719341949754518e-14,-43.68962548338215,-40.04553930047724,sequential,#3
672,10406103012,406,3,12,0.024693716962663873,0.04160224049773221,1,1.5719341949754518e-14,-43.68962548338215,-48.94840467196363,sequential,#3
673,10406103013,406,3,13,0.018155561072698348,0.04739964256443758,1,1.5719341949754518e-14,-43.68962548338215,-49.35786205757347,sequential,#3
674,10406103014,406,3,14,0.024438971036319944,0.08742348152377172,1,1.5719341949754518e-14,-43.68962548338215,-47.72395696529812,sequential,#3
675,10406103015,406,3,15,0.020240395579340854,0.06098373788430492,1,1.5719341949754518e-14,-43.68962548338215,-51.088206566692776,sequential,#3
676,10406103016,406,3,16,0.03129500123258698,0.040926294409958534,1,1.5719341949754518e-14,-43.68962548338215,-44.15438522665243,sequential,#3
677,10406103017,406,3,17,0.020465414561498262,0.07185172477924533,1,1.5719341949754518e-14,-43.68962548338215,-56.66672961999729,sequential,#3
678,10406103018,406,3,18,0.02815648832969308,0.048907372308740385,1,1.5719341949754518e-14,-43.68962548338215,-47.08274699264536,sequential,#3
679,10406103019,406,3,19,0.025675008131165078,0.03492618588474731,1,1.5719341949754518e-14,-43.68962548338215,-67.01063322088646,sequential,#3
680,10406104000,406,4,0,0.016377644345538865,0.03539001544454503,1,1.791426833870796e-11,-38.16977765252777,-21.591915844735514,sequential,#4
681,10406104001,406,4,1,0.01414844418982773,0.033556849497550466,1,1.791426833870796e-11,-38.16977765252777,-24.343716119741412,sequential,#4
682,10406104002,406,4,2,0.012079526268720855,0.09188627005817737,1,1.791426833870796e-11,-38.16977765252777,-27.57584711629138,sequential,#4
683,10406104003,406,4,3,0.016601586268595883,0.04259799009806225,1,1.791426833870796e-11,-38.16977765252777,-28.28102905632894,sequential,#4
684,10406104004,406,4,4,0.014893349838409347,0.039443866115960416,1,1.791426833870796e-11,-38.16977765252777,-40.97558670331131,sequential,#4
685,10406104005,406,4,5,0.013726854382055672,0.02725234224766636,1,1.791426833870796e-11,-38.16977765252777,-41.82546528740531,sequential,#4
686,10406104006,406,4,6,0.017187997765632245,0.04471828360251561,1,1.791426833870796e-11,-38.16977765252777,-31.623225233620612,sequential,#4
687,10406104007,406,4,7,0.01926147986343345,0.07008885285286647,1,1.791426833870796e-11,-38.16977765252777,-32.83204397199039,sequential,#4
688,10406104008,406,4,8,0.017139775404826987,0.053715078940923935,1,1.791426833870796e-11,-38.16977765252777,-48.10795435277818,sequential,#4
689,10406104009,406,4,9,0.015194793692402207,0.048327953068691386,1,1.791426833870796e-11,-38.16977765252777,-28.340280214451923,sequential,#4
690,10406104010,406,4,10,0.012613995024304311,0.054327754684065775,1,1.791426833870796e-11,-38.16977765252777,-26.89895127417802,sequential,#4
691,10406104011,406,4,11,0.012102593335467473,0.033820928476749126,1,1.791426833870796e-11,-38.16977765252777,-32.950153562700045,sequential,#4
692,10406104012,406,4,12,0.01172746287403237,0.03626189241264717,1,1.791426833870796e-11,-38.16977765252777,-36.78651390391724,sequential,#4
693,10406104013,406,4,13,0.012924955587212452,0.045855091064942254,1,1.791426833870796e-11,-38.16977765252777,-32.19779338323548,sequential,#4
694,10406104014,406,4,14,0.013831841452243828,0.047585368623974174,1,1.791426833870796e-11,-38.16977765252777,-36.96567472950161,sequential,#4
695,10406104015,406,4,15,0.016338884336393016,0.055860182330676744,1,1.791426833870796e-11,-38.16977765252777,-49.856514643454545,sequential,#4
696,10406104016,406,4,16,0.013830349236138403,0.041265459623686954,1,1.791426833870796e-11,-38.16977765252777,-50.617004860970695,sequential,#4
697,10406104017,406,4,17,0.010274682670195233,0.04531679275681919,1,1.791426833870796e-11,-38.16977765252777,-44.174717270425596,sequential,#4
698,10406104018,406,4,18,0.012699932053043166,0.056116091230019996,1,1.791426833870796e-11,-38.16977765252777,-67.24990291463256,sequential,#4
699,10406104019,406,4,19,0.010548989848733616,0.05032035696877991,1,1.791426833870796e-11,-38.16977765252777,-60.20126260688455,sequential,#4
700,10406105000,406,5,0,0.009304535084479764,0.03713719463331107,1,5.055162017180198e-07,-16.110235313008282,-26.093740629071235,sequential,#5
701,10406105001,406,5,1,0.007243151092513643,0.03477500208005341,1,5.055162017180198e-07,-16.110235313008282,-12.682828684414423,sequential,#5
702,10406105002,406,5,2,0.007326221643351126,0.052754510604506435,1,5.055162017180198e-07,-16.110235313008282,-12.1507992079869,sequential,#5
703,10406105003,406,5,3,0.009964872608418357,0.04455196506477946,1,5.055162017180198e-07,-16.110235313008282,-1.9358681408130334,sequential,#5
704,10406105004,406,5,4,0.009974603105931842,0.04595686246791823,1,5.055162017180198e-07,-16.110235313008282,-4.417044291302966,sequential,#5
705,10406105005,406,5,5,0.007072380872139387,0.04388822535833927,1,5.055162017180198e-07,-16.110235313008282,-11.718796583464771,sequential,#5
706,10406105006,406,5,6,0.008340151960945704,0.061614006081302,1,5.055162017180198e-07,-16.110235313008282,-12.115211195374966,sequential,#5
707,10406105007,406,5,7,0.008094179351215178,0.0669114211699276,1,5.055162017180198e-07,-16.110235313008282,-19.03457235600553,sequential,#5
708,10406105008,406,5,8,0.00789392852587917,0.038953768686229365,1,5.055162017180198e-07,-16.110235313008282,-7.724910041617534,sequential,#5
709,10406105009,406,5,9,0.0074646638462628374,0.03607905641401093,1,5.055162017180198e-07,-16.110235313008282,-44.358240514685704,sequential,#5
710,10406105010,406,5,10,0.006957264250207367,0.05506047376064238,1,5.055162017180198e-07,-16.110235313008282,-19.8987526797064,sequential,#5
711,10406105011,406,5,11,0.006295506475108933,0.042391000508385394,1,5.055162017180198e-07,-16.110235313008282,-10.713464938303078,sequential,#5
712,10406105012,406,5,12,0.004491650160573576,0.03438101023582363,1,5.055162017180198e-07,-16.110235313008282,-8.284516278555813,sequential,#5
713,10406105013,406,5,13,0.013779257630363521,0.04027578362355732,1,5.055162017180198e-07,-16.110235313008282,-14.90024335513121,sequential,#5
714,10406105014,406,5,14,0.007055727274389315,0.04439133015170348,1,5.055162017180198e-07,-16.110235313008282,-12.101090131071901,sequential,#5
715,10406105015,406,5,15,0.006646136343717135,0.03962683788999,1,5.055162017180198e-07,-16.110235313008282,-18.763636097522383,sequential,#5
716,10406105016,406,5,16,0.007805024195767301,0.046876616086044924,1,5.055162017180198e-07,-16.110235313008282,-28.125676833284707,sequential,#5
717,10406105017,406,5,17,0.007828750270485,0.02677178295821823,1,5.055162017180198e-07,-16.110235313008282,-22.547309632718576,sequential,#5
718,10406105018,406,5,18,0.006773788971207453,0.037385936797583307,1,5.055162017180198e-07,-16.110235313008282,-10.329056020811105,sequential,#5
719,10406105019,406,5,19,0.012550576736858238,0.026735251997022244,1,5.055162017180198e-07,-16.110235313008282,-24.308948648323344,sequential,#5
720,10407100000,407,0,0,0.1913269610273875,1.5588897658102179,1,3.6683651794580014e-05,-5.762484845734624,-7.425445993325688,sequential,#0
721,10407100001,407,0,1,0.22718255866148065,0.724072097356982,1,3.6683651794580014e-05,-5.762484845734624,-3.7518515593546065,sequential,#0
722,10407100002,407,0,2,0.1543440486829536,0.3650777916563796,1,3.6683651794580014e-05,-5.762484845734624,-6.649804775583451,sequential,#0
723,10407100003,407,0,3,0.1635015692934272,1.0367459608403178,1,3.6683651794580014e-05,-5.762484845734624,-0.14806543273616715,sequential,#0
724,10407100004,407,0,4,0.13194391840180855,0.5506894235895996,1,3.6683651794580014e-05,-5.762484845734624,-2.941276315766985,sequential,#0
725,10407100005,407,0,5,0.0631595283647558,0.4406121537091096,1,3.6683651794580014e-05,-5.762484845734624,-10.814783636634173,sequential,#0
726,10407100006,407,0,6,0.13225788153205895,0.33004300435268813,1,3.6683651794580014e-05,-5.762484845734624,-2.972350519322018,sequential,#0
727,10407100007,407,0,7,0.0743592897592246,0.25863463594056,1,3.6683651794580014e-05,-5.762484845734624,-8.184400318736273,sequential,#0
728,10407100008,407,0,8,0.13127657532771442,0.5787344326151921,1,3.6683651794580014e-05,-5.762484845734624,-7.782637364306704,sequential,#0
729,10407100009,407,0,9,0.1423688908163902,0.58508455762407,1,3.6683651794580014e-05,-5.762484845734624,-2.0849320244488823,sequential,#0
730,10407100010,407,0,10,0.08139041860527294,0.4143566916594704,1,3.6683651794580014e-05,-5.762484845734624,-7.790528512517754,sequential,#0
731,10407100011,407,0,11,0.06594658683158412,0.1663145345742667,1,3.6683651794580014e-05,-5.762484845734624,-4.302856503928024,sequential,#0
732,10407100012,407,0,12,0.05526960864153823,0.1695415055012605,1,3.6683651794580014e-05,-5.762484845734624,-5.0698324045518355,sequential,#0
733,10407100013,407,0,13,0.05414607786080324,0.20473342329232264,1,3.6683651794580014e-05,-5.762484845734624,-10.283901190899583,sequential,#0
734,10407100014,407,0,14,0.14961453812964337,0.6566642166590089,1,3.6683651794580014e-05,-5.762484845734624,-6.325765444347639,sequential,#0
735,10407100015,407,0,15,0.08751526509255826,0.1039551717984273,1,3.6683651794580014e-05,-5.762484845734624,3.1506392004052577,sequential,#0
736,10407100016,407,0,16,0.05781547855792959,0.1096634429663284,1,3.6683651794580014e-05,-5.762484845734624,-15.496539280581798,sequential,#0
737,10407100017,407,0,17,0.05347339040690349,0.3986846871114835,1,3.6683651794580014e-05,-5.762484845734624,-0.5299112403651897,sequential,#0
738,10407100018,407,0,18,0.03663704212988775,0.16489255872482658,1,3.6683651794580014e-05,-5.762484845734624,-14.950353904517211,sequential,#0
739,10407100019,407,0,19,0.06287663409587589,0.179368051900321,1,3.6683651794580014e-05,-5.762484845734624,-0.8950996931737607,sequential,#0
740,10407101000,407,1,0,0.03906451845084556,0.5024226889479153,1,0.002694832776869359,-5.318984509626778,-13.244079747429565,sequential,#1
741,10407101001,407,1,1,0.5335163595589659,0.2680150864914801,1,0.002694832776869359,-5.318984509626778,-19.80766620767189,sequential,#1
742,10407101002,407,1,2,0.3832251580599469,0.22282828463903817,1,0.002694832776869359,-5.318984509626778,-8.423508103782076,sequential,#1
743,10407101003,407,1,3,0.3342660691477681,0.06263385694913605,1,0.002694832776869359,-5.318984509626778,-0.6884231798019685,sequential,#1
744,10407101004,407,1,4,0.6143330988173685,1.7581965414413472,1,0.002694832776869359,-5.318984509626778,6.993049092730997,sequential,#1
745,10407101005,407,1,5,0.2901766522192758,0.29027136096207923,1,0.002694832776869359,-5.318984509626778,1.6091322262311942,sequential,#1
746,10407101006,407,1,6,0.5217720663739648,0.25934655704275184,1,0.002694832776869359,-5.318984509626778,-6.841658261573743,sequential,#1
747,10407101007,407,1,7,0.35885372624494005,0.21724193844056724,1,0.002694832776869359,-5.318984509626778,-3.0060170022899753,sequential,#1
748,10407101008,407,1,8,0.2419823388938961,0.19670060982841409,1,0.002694832776869359,-5.318984509626778,-15.795056036683794,sequential,#1
749,10407101009,407,1,9,0.1528127155878949,0.18165302735381225,1,0.002694832776869359,-5.318984509626778,-10.185634820887556,sequential,#1
750,10407101010,407,1,10,0.5342929154622693,0.3319039953021837,1,0.002694832776869359,-5.318984509626778,3.953450452204868,sequential,#1
751,10407101011,407,1,11,0.17269194174029037,0.6527094947860492,1,0.002694832776869359,-5.318984509626778,-10.44299965612518,sequential,#1
752,10407101012,407,1,12,0.23077140516223052,0.2881845187985147,1,0.002694832776869359,-5.318984509626778,-2.1186501608579995,sequential,#1
753,10407101013,407,1,13,0.7598033059096522,0.25823814282593943,1,0.002694832776869359,-5.318984509626778,-3.4945607638531624,sequential,#1
754,10407101014,407,1,14,0.140547404459948,0.20996630800497104,1,0.002694832776869359,-5.318984509626778,-5.190088717697782,sequential,#1
755,10407101015,407,1,15,0.201929861177355,0.4907877815660648,1,0.002694832776869359,-5.318984509626778,-13.212618972842513,sequential,#1
756,10407101016,407,1,16,1.138104924715053,0.2557277333224433,1,0.002694832776869359,-5.318984509626778,-0.7270720286621996,sequential,#1
757,10407101017,407,1,17,0.25260444539233323,0.25445478331604376,1,0.002694832776869359,-5.318984509626778,-4.670511890756693,sequential,#1
758,10407101018,407,1,18,0.19608216285508887,0.22222811479598045,1,0.002694832776869359,-5.318984509626778,0.9598935779133195,sequential,#1
759,10407101019,407,1,19,0.2498456146123114,0.19988673012443728,1,0.002694832776869359,-5.318984509626778,-2.0466699906998347,sequential,#1
760,10407102000,407,2,0,0.034319235907542704,0.20843531613845268,1,1.1769238554151804e-07,-10.195940226193212,-14.001325871168016,sequential,#2
761,10407102001,407,2,1,0.017003478471048945,0.31922165991710016,1,1.1769238554151804e-07,-10.195940226193212,-11.961299852221178,sequential,#2
762,10407102002,407,2,2,0.053850638721388025,0.2394184335604606,1,1.1769238554151804e-07,-10.195940226193212,-9.95725795604018,sequential,#2
763,10407102003,407,2,3,0.51447660660486,0.5631432419366875,1,1.1769238554151804e-07,-10.195940226193212,-9.731059955608835,sequential,#2
764,10407102004,407,2,4,0.024529778820837494,1.1567413660025874,1,1.1769238554151804e-07,-10.195940226193212,-16.544866044878944,sequential,#2
765,10407102005,407,2,5,0.023138951407737387,0.4502840705727573,1,1.1769238554151804e-07,-10.195940226193212,-20.299730143569843,sequential,#2
766,10407102006,407,2,6,0.125239388855487,1.6648073842425866,1,1.1769238554151804e-07,-10.195940226193212,-2.1160490308095943,sequential,#2
767,10407102007,407,2,7,0.06533113194835967,1.6225298885498718,1,1.1769238554151804e-07,-10.195940226193212,-16.414184904813016,sequential,#2
768,10407102008,407,2,8,0.03596439655092655,0.6457597766902275,1,1.1769238554151804e-07,-10.195940226193212,-14.075806494934808,sequential,#2
769,10407102009,407,2,9,0.018434069117097843,0.6880327010305347,1,1.1769238554151804e-07,-10.195940226193212,-12.011160733868937,sequential,#2
770,10407102010,407,2,10,0.0534628260199655,0.6375912952419268,1,1.1769238554151804e-07,-10.195940226193212,-0.41218563306836153,sequential,#2
771,10407102011,407,2,11,0.02401898927569117,0.4408123618068357,1,1.1769238554151804e-07,-10.195940226193212,-7.161311541375561,sequential,#2
772,10407102012,407,2,12,0.015766959321515644,0.45375571913074925,1,1.1769238554151804e-07,-10.195940226193212,-7.222047579670277,sequential,#2
773,10407102013,407,2,13,0.033395477885234365,0.6858513852077963,1,1.1769238554151804e-07,-10.195940226193212,-4.2744788234456355,sequential,#2
774,10407102014,407,2,14,0.2883761870669865,0.8463585879600349,1,1.1769238554151804e-07,-10.195940226193212,-0.7009774478729387,sequential,#2
775,10407102015,407,2,15,0.013129197892531535,0.3113323243925319,1,1.1769238554151804e-07,-10.195940226193212,-8.607563601016007,sequential,#2
776,10407102016,407,2,16,0.025944769276122378,0.7056212395989663,1,1.1769238554151804e-07,-10.195940226193212,-9.358768103150021,sequential,#2
777,10407102017,407,2,17,0.012658206186196059,0.36240395876569587,1,1.1769238554151804e-07,-10.195940226193212,-18.133240925443886,sequential,#2
778,10407102018,407,2,18,0.009644326746101379,0.458159968736048,1,1.1769238554151804e-07,-10.195940226193212,-11.086286770569643,sequential,#2
779,10407102019,407,2,19,0.05122932997476239,0.3919519831495469,1,1.1769238554151804e-07,-10.195940226193212,-9.84920311033853,sequential,#2
780,10407103000,407,3,0,0.328961585947941,0.2749772531102264,0,0.26706006683323835,-1.1800097302566805,4.126025540784368,sequential,#3
781,10407103001,407,3,1,0.4222342955004763,0.21278151929251632,0,0.26706006683323835,-1.1800097302566805,1.5720112064421694,sequential,#3
782,10407103002,407,3,2,0.15217044284094927,0.30220699287218045,0,0.26706006683323835,-1.1800097302566805,0.9162929286736127,sequential,#3
783,10407103003,407,3,3,0.43928035639867485,1.0854396813506588,0,0.26706006683323835,-1.1800097302566805,-0.9165379326415283,sequential,#3
784,10407103004,407,3,4,0.2489005828430143,0.31142509127164447,0,0.26706006683323835,-1.1800097302566805,-1.847468085437467,sequential,#3
785,10407103005,407,3,5,0.15664310483527064,0.4814591458627669,0,0.26706006683323835,-1.1800097302566805,-6.3048024430416945,sequential,#3
786,10407103006,407,3,6,0.11094514618058793,0.21122917398150387,0,0.26706006683323835,-1.1800097302566805,-8.137139368584684,sequential,#3
787,10407103007,407,3,7,0.10595092969164875,0.2940385870912431,0,0.26706006683323835,-1.1800097302566805,-6.093742766557294,sequential,#3
788,10407103008,407,3,8,0.17110316736045567,0.5699410708512829,0,0.26706006683323835,-1.1800097302566805,-3.151992843988593,sequential,#3
789,10407103009,407,3,9,0.24589270553123369,0.27106860156540163,0,0.26706006683323835,-1.1800097302566805,5.936156145990487,sequential,#3
790,10407103010,407,3,10,0.24368523243396184,0.5345987167381396,0,0.26706006683323835,-1.1800097302566805,-2.918729302124383,sequential,#3
791,10407103011,407,3,11,0.21686891215171017,0.5685023446720433,0,0.26706006683323835,-1.1800097302566805,1.3347836837288731,sequential,#3
792,10407103012,407,3,12,0.27892121612045173,0.3611333596269059,0,0.26706006683323835,-1.1800097302566805,-8.07775892516688,sequential,#3
793,10407103013,407,3,13,0.16799045032841378,0.21117556358354517,0,0.26706006683323835,-1.1800097302566805,-2.5331835014266826,sequential,#3
794,10407103014,407,3,14,0.11204184603874384,1.1535083399761252,0,0.26706006683323835,-1.1800097302566805,-7.808779114219575,sequential,#3
795,10407103015,407,3,15,0.15647124505579324,0.14716646668448916,0,0.26706006683323835,-1.1800097302566805,4.365302387873617,sequential,#3
796,10407103016,407,3,16,0.2156676612183075,0.5272166826907789,0,0.26706006683323835,-1.1800097302566805,-0.2352785011620861,sequential,#3
797,10407103017,407,3,17,0.22046031000534422,0.25334671857243185,0,0.26706006683323835,-1.1800097302566805,-0.9561321538142126,sequential,#3
798,10407103018,407,3,18,0.2500497558150663,0.19605626745324436,0,0.26706006683323835,-1.1800097302566805,-0.39016976145384447,sequential,#3
799,10407103019,407,3,19,0.4772080682539264,0.5581335855204984,0,0.26706006683323835,-1.1800097302566805,7.520948200992191,sequential,#3
800,10407104000,407,4,0,0.1186337697844693,0.11538968153749209,1,5.7765853612353806e-08,-9.345291802526978,-5.428816102060329,sequential,#4
801,10407104001,407,4,1,0.04666091057420859,0.1838243970207541,1,5.7765853612353806e-08,-9.345291802526978,-2.0635271433000066,sequential,#4
802,10407104002,407,4,2,0.03642674679461061,0.22095627398656906,1,5.7765853612353806e-08,-9.345291802526978,-5.821651049611068,sequential,#4
803,10407104003,407,4,3,0.057672626500511796,0.14828594059735858,1,5.7765853612353806e-08,-9.345291802526978,-5.10161427624063,sequential,#4
804,10407104004,407,4,4,0.05831444493541585,0.5466304427596534,1,5.7765853612353806e-08,-9.345291802526978,-6.24102833772299,sequential,#4
805,10407104005,407,4,5,0.025658236392675744,0.18094410844920092,1,5.7765853612353806e-08,-9.345291802526978,-10.748137535222758,sequential,#4
806,10407104006,407,4,6,0.0268483369176459,0.11849138657852108,1,5.7765853612353806e-08,-9.345291802526978,-7.3033884445823,sequential,#4
807,10407104007,407,4,7,0.05573945186665337,0.42537740018215,1,5.7765853612353806e-08,-9.345291802526978,-7.512632549396784,sequential,#4
808,10407104008,407,4,8,0.0611049707743349,0.3320316336602907,1,5.7765853612353806e-08,-9.345291802526978,-7.3505679329967775,sequential,#4
809,10407104009,407,4,9,0.022723965639325817,0.20889112395789758,1,5.7765853612353806e-08,-9.345291802526978,-8.626032812210253,sequential,#4
810,10407104010,407,4,10,0.027544435948169427,0.6013238305388583,1,5.7765853612353806e-08,-9.345291802526978,-16.475303056261218,sequential,#4
811,10407104011,407,4,11,0.022125803450328697,0.29345791019650436,1,5.7765853612353806e-08,-9.345291802526978,-21.27869801252106,sequential,#4
812,10407104012,407,4,12,0.04017546859990549,0.26194368859584316,1,5.7765853612353806e-08,-9.345291802526978,-14.787430564322603,sequential,#4
813,10407104013,407,4,13,0.03741868120045073,0.19176972663087685,1,5.7765853612353806e-08,-9.345291802526978,-12.415465247871728,sequential,#4
814,10407104014,407,4,14,0.03303430169999149,0.22315515888160925,1,5.7765853612353806e-08,-9.345291802526978,-13.86959714566957,sequential,#4
815,10407104015,407,4,15,0.02221949095995387,0.19277138311440395,1,5.7765853612353806e-08,-9.345291802526978,-12.949868353929222,sequential,#4
816,10407104016,407,4,16,0.028724344339665447,1.064233283737116,1,5.7765853612353806e-08,-9.345291802526978,-7.625227185744573,sequential,#4
817,10407104017,407,4,17,0.036825359116597574,0.20682052840498744,1,5.7765853612353806e-08,-9.345291802526978,-2.1130485845241345,sequential,#4
818,10407104018,407,4,18,0.0623223112744784,0.42639131260969376,1,5.7765853612353806e-08,-9.345291802526978,-11.420367142712763,sequential,#4
819,10407104019,407,4,19,0.03861173433663791,0.530459241883584,1,5.7765853612353806e-08,-9.345291802526978,-7.773434573638804,sequential,#4
820,10407105000,407,5,0,0.02159283610357117,0.18101909324738005,0,0.30334832600396333,1.108556081459543,-2.609552974081754,sequential,#5
821,10407105001,407,5,1,0.02973741462085921,0.14463891958792935,0,0.30334832600396333,1.108556081459543,-7.0315396696912655,sequential,#5
822,10407105002,407,5,2,0.055194165622241505,0.19623317004820137,0,0.30334832600396333,1.108556081459543,-3.379320809285075,sequential,#5
823,10407105003,407,5,3,0.04660507454287422,0.10016221152605628,0,0.30334832600396333,1.108556081459543,-1.5980269384405243,sequential,#5
824,10407105004,407,5,4,0.028031232071021553,0.1568193359929206,0,0.30334832600396333,1.108556081459543,0.44763122428148533,sequential,#5
825,10407105005,407,5,5,0.018082246652793312,0.38304543622167386,0,0.30334832600396333,1.108556081459543,-1.5957759947742156,sequential,#5
826,10407105006,407,5,6,0.027874246371690635,0.22546837642005838,0,0.30334832600396333,1.108556081459543,-8.338333390357889,sequential,#5
827,10407105007,407,5,7,0.04730673167515335,0.28467612038662793,0,0.30334832600396333,1.108556081459543,0.5352450817552268,sequential,#5
828,10407105008,407,5,8,0.06566370444737103,0.23811099702353516,0,0.30334832600396333,1.108556081459543,3.020280011213444,sequential,#5
829,10407105009,407,5,9,0.027155411929422894,0.785265524365956,0,0.30334832600396333,1.108556081459543,7.571404542576218,sequential,#5
830,10407105010,407,5,10,0.06230301480909285,0.3055905445440859,0,0.30334832600396333,1.108556081459543,-2.1064507388695617,sequential,#5
831,10407105011,407,5,11,0.015450797787480663,0.1380714729805856,0,0.30334832600396333,1.108556081459543,4.370210399450568,sequential,#5
832,10407105012,407,5,12,0.029149387829441365,0.8702409350817588,0,0.30334832600396333,1.108556081459543,2.9906172630584447,sequential,#5
833,10407105013,407,5,13,0.02612865104304747,0.18091252656531795,0,0.30334832600396333,1.108556081459543,6.160344560414705,sequential,#5
834,10407105014,407,5,14,0.01803694720096568,0.1126915300625763,0,0.30334832600396333,1.108556081459543,3.79741293703685,sequential,#5
835,10407105015,407,5,15,0.009970823891398264,0.06167927120598377,0,0.30334832600396333,1.108556081459543,8.987285007948376,sequential,#5
836,10407105016,407,5,16,0.01631536820728874,0.06997852947687981,0,0.30334832600396333,1.108556081459543,4.379185773265049,sequential,#5
837,10407105017,407,5,17,0.015334063384421526,0.09740172240415361,0,0.30334832600396333,1.108556081459543,5.856889850351081,sequential,#5
838,10407105018,407,5,18,0.012003597454204927,0.11066280109668189,0,0.30334832600396333,1.108556081459543,-2.2139178464087976,sequential,#5
839,10407105019,407,5,19,0.013635210686365078,0.14187810615944485,0,0.30334832600396333,1.108556081459543,2.927533339748494,sequential,#5
840,10408100000,408,0,0,0.053613465517342175,0.24081115545521706,0,0.03688405087178309,-3.8544232399047913,-2.9431170506244353,sequential,#0
841,10408100001,408,0,1,0.03970630534019349,0.4018675931739924,0,0.03688405087178309,-3.8544232399047913,-4.339783169578292,sequential,#0
842,10408100002,408,0,2,0.0552564878437988,0.28372855680972636,0,0.03688405087178309,-3.8544232399047913,-1.654232946673968,sequential,#0
843,10408100003,408,0,3,0.0730629044157561,0.4555248960298947,0,0.03688405087178309,-3.8544232399047913,9.289340558902264,sequential,#0
844,10408100004,408,0,4,0.05168504490369148,0.20642992934362966,0,0.03688405087178309,-3.8544232399047913,-7.149534978981803,sequential,#0
845,10408100005,408,0,5,0.07375367477552272,0.26780546580022274,0,0.03688405087178309,-3.8544232399047913,-0.9396417100018483,sequential,#0
846,10408100006,408,0,6,0.06697181795888668,0.3751614354143758,0,0.03688405087178309,-3.8544232399047913,-0.6327011390885626,sequential,#0
847,10408100007,408,0,7,0.05273306852980695,0.22448047170121552,0,0.03688405087178309,-3.8544232399047913,-10.693327062737133,sequential,#0
848,10408100008,408,0,8,0.03109685713302616,0.2592170035108322,0,0.03688405087178309,-3.8544232399047913,-21.494357786456685,sequential,#0
849,10408100009,408,0,9,0.0456085338291417,0.17046575647819193,0,0.03688405087178309,-3.8544232399047913,-11.787629455579586,sequential,#0
850,10408100010,408,0,10,0.11751178306047592,0.26661143641628754,0,0.03688405087178309,-3.8544232399047913,0.06188374144801754,sequential,#0
851,10408100011,408,0,11,0.047313422361329176,0.25797295855451574,0,0.03688405087178309,-3.8544232399047913,-5.991070565331127,sequential,#0
852,10408100012,408,0,12,0.0471140435805694,0.17115701218644094,0,0.03688405087178309,-3.8544232399047913,-5.622646346161114,sequential,#0
853,10408100013,408,0,13,0.059336270001267746,0.2511596183302083,0,0.03688405087178309,-3.8544232399047913,4.083422737391284,sequential,#0
854,10408100014,408,0,14,0.05993776515326185,0.18786564905102135,0,0.03688405087178309,-3.8544232399047913,6.367794116323474,sequential,#0
855,10408100015,408,0,15,0.04961429097623811,0.2413756980946323,0,0.03688405087178309,-3.8544232399047913,7.456570806990623,sequential,#0
856,10408100016,408,0,16,0.03349967496694151,0.11966116807756708,0,0.03688405087178309,-3.8544232399047913,-15.78236447603674,sequential,#0
857,10408100017,408,0,17,0.055732832675806504,0.46323344051771476,0,0.03688405087178309,-3.8544232399047913,-0.9894461381717273,sequential,#0
858,10408100018,408,0,18,0.04844513456717836,0.23397729714529328,0,0.03688405087178309,-3.8544232399047913,-7.511664059272999,sequential,#0
859,10408100019,408,0,19,0.05677238563126573,0.20737306833641117,0,0.03688405087178309,-3.8544232399047913,-6.8159598744554675,sequential,#0
860,10408101000,408,1,0,0.3438207568745419,0.4761285654610444,0,0.2888031655776847,-1.51172640358928,0.45311162232085134,sequential,#1
861,10408101001,408,1,1,1.249127807183702,0.5953164060222145,0,0.2888031655776847,-1.51172640358928,-5.739456931822589,sequential,#1
862,10408101002,408,1,2,0.201248746231604,0.569187620972241,0,0.2888031655776847,-1.51172640358928,-2.0695002014330326,sequential,#1
863,10408101003,408,1,3,0.22421754052054055,0.2862152993107266,0,0.2888031655776847,-1.51172640358928,-1.8808516801719664,sequential,#1
864,10408101004,408,1,4,1.2327013421954132,0.4463102376555111,0,0.2888031655776847,-1.51172640358928,0.638907874369034,sequential,#1
865,10408101005,408,1,5,0.6056444635743045,0.42802292003051423,0,0.2888031655776847,-1.51172640358928,-1.3079659049616237,sequential,#1
866,10408101006,408,1,6,0.7574216168346103,0.5329480222736428,0,0.2888031655776847,-1.51172640358928,-2.5735990330276715,sequential,#1
867,10408101007,408,1,7,1.7848628194381273,0.4519168052803799,0,0.2888031655776847,-1.51172640358928,0.6033843743517517,sequential,#1
868,10408101008,408,1,8,0.05429402377004762,0.6161152507325869,0,0.2888031655776847,-1.51172640358928,-11.692768863551779,sequential,#1
869,10408101009,408,1,9,0.14223757179998378,0.48860119541152097,0,0.2888031655776847,-1.51172640358928,-12.55103219337551,sequential,#1
870,10408101010,408,1,10,0.30277910651290013,0.3551857786833829,0,0.2888031655776847,-1.51172640358928,-5.365430701081319,sequential,#1
871,10408101011,408,1,11,0.35414654660992817,0.18858488582379698,0,0.2888031655776847,-1.51172640358928,-8.420168642365727,sequential,#1
872,10408101012,408,1,12,0.7526702834211542,0.5345357985714849,0,0.2888031655776847,-1.51172640358928,0.3483029198484371,sequential,#1
873,10408101013,408,1,13,0.9451532858711968,0.4307093690533433,0,0.2888031655776847,-1.51172640358928,3.5454945490161536,sequential,#1
874,10408101014,408,1,14,0.19656717881661215,0.14799213904027436,0,0.2888031655776847,-1.51172640358928,-7.040833996550568,sequential,#1
875,10408101015,408,1,15,0.7178952249193552,0.17702785801984153,0,0.2888031655776847,-1.51172640358928,6.491126880116081,sequential,#1
876,10408101016,408,1,16,0.29622241891079115,0.3140971004324075,0,0.2888031655776847,-1.51172640358928,-2.094657018724743,sequential,#1
877,10408101017,408,1,17,0.2704884307164057,0.31359193267665164,0,0.2888031655776847,-1.51172640358928,13.259656938865197,sequential,#1
878,10408101018,408,1,18,1.1338027003749491,0.9293508590834078,0,0.2888031655776847,-1.51172640358928,-1.4817915239745116,sequential,#1
879,10408101019,408,1,19,5.488544014750982,0.471933395070758,0,0.2888031655776847,-1.51172640358928,6.643543460367941,sequential,#1
880,10408102000,408,2,0,0.007502215604407801,2.167300370660197,1,0.00122810977377441,-5.370687537497431,-4.859569590245836,sequential,#2
881,10408102001,408,2,1,0.011487481101377638,0.571188733882631,1,0.00122810977377441,-5.370687537497431,-0.5765592935601976,sequential,#2
882,10408102002,408,2,2,0.009007217167764309,0.55114660627782,1,0.00122810977377441,-5.370687537497431,-0.44640296156247894,sequential,#2
883,10408102003,408,2,3,0.008603547753180727,0.40779876996028025,1,0.00122810977377441,-5.370687537497431,-12.596210804983928,sequential,#2
884,10408102004,408,2,4,0.009350560265757523,0.6472112015828217,1,0.00122810977377441,-5.370687537497431,-5.015301820303057,sequential,#2
885,10408102005,408,2,5,0.01331121426413167,1.1145287051120045,1,0.00122810977377441,-5.370687537497431,-12.549440958945757,sequential,#2
886,10408102006,408,2,6,0.011812371405526559,0.4330616002765676,1,0.00122810977377441,-5.370687537497431,-5.1509831235694445,sequential,#2
887,10408102007,408,2,7,0.7178564912956708,0.7178564912956708,1,0.00122810977377441,-5.370687537497431,-4.124764430532742,sequential,#2
888,10408102008,408,2,8,0.014455665715121134,0.8450017329054512,1,0.00122810977377441,-5.370687537497431,-19.67617379632431,sequential,#2
889,10408102009,408,2,9,0.012884243166227412,0.9354451681039377,1,0.00122810977377441,-5.370687537497431,-4.840183979072173,sequential,#2
890,10408102010,408,2,10,0.012334221061238106,0.30851616433139484,1,0.00122810977377441,-5.370687537497431,-2.8908423994466106,sequential,#2
891,10408102011,408,2,11,0.009146233066449832,1.692855747442672,1,0.00122810977377441,-5.370687537497431,5.280859455455058,sequential,#2
892,10408102012,408,2,12,0.009224501429241189,0.4303999483712015,1,0.00122810977377441,-5.370687537497431,-2.8976080959169455,sequential,#2
893,10408102013,408,2,13,0.015263244034801508,0.5404733831768472,1,0.00122810977377441,-5.370687537497431,-15.512618072918958,sequential,#2
894,10408102014,408,2,14,0.013878300302424143,0.3693354932717256,1,0.00122810977377441,-5.370687537497431,3.3693400464820122,sequential,#2
895,10408102015,408,2,15,0.010499419237978275,0.7979729488239728,1,0.00122810977377441,-5.370687537497431,-7.982745739458995,sequential,#2
896,10408102016,408,2,16,0.007265412910082781,0.37041047062421234,1,0.00122810977377441,-5.370687537497431,-11.161948893919963,sequential,#2
897,10408102017,408,2,17,0.010764609011203533,0.3241808743313911,1,0.00122810977377441,-5.370687537497431,1.8056130717508434,sequential,#2
898,10408102018,408,2,18,0.011965588120618868,0.46793231162688065,1,0.00122810977377441,-5.370687537497431,-4.796283411215461,sequential,#2
899,10408102019,408,2,19,0.014824061252735912,0.305668923713966,1,0.00122810977377441,-5.370687537497431,-2.791925951659678,sequential,#2
900,10408103000,408,3,0,0.15791153188295637,3.0813420069771293,0,0.020945536768731683,2.4172370277995863,-0.07000855470793066,sequential,#3
901,10408103001,408,3,1,0.23548351089111869,0.6747329923627163,0,0.020945536768731683,2.4172370277995863,-0.8040195426726685,sequential,#3
902,10408103002,408,3,2,0.18231277722965358,0.5221240843570991,0,0.020945536768731683,2.4172370277995863,0.11041483154256776,sequential,#3
903,10408103003,408,3,3,0.2654793064244278,1.0033166823580189,0,0.020945536768731683,2.4172370277995863,0.3028526059481272,sequential,#3
904,10408103004,408,3,4,0.14678251023726954,0.5742902884994068,0,0.020945536768731683,2.4172370277995863,1.4791359177656376,sequential,#3
905,10408103005,408,3,5,0.9058765264877252,0.6042207949340741,0,0.020945536768731683,2.4172370277995863,3.85331258256495,sequential,#3
906,10408103006,408,3,6,0.42182889180919986,0.4729332697967484,0,0.020945536768731683,2.4172370277995863,7.89002504280903,sequential,#3
907,10408103007,408,3,7,0.5950908152848754,0.6941566678460183,0,0.020945536768731683,2.4172370277995863,11.186588424070175,sequential,#3
908,10408103008,408,3,8,0.2867298037125635,0.5967773078890848,0,0.020945536768731683,2.4172370277995863,4.8257051258312575,sequential,#3
909,10408103009,408,3,9,0.21835018100168768,0.4438444974307656,0,0.020945536768731683,2.4172370277995863,-0.21905365395549733,sequential,#3
910,10408103010,408,3,10,0.17934379701775569,0.4189389094452783,0,0.020945536768731683,2.4172370277995863,2.6234160208445116,sequential,#3
911,10408103011,408,3,11,0.22901535824565308,0.2690394933260962,0,0.020945536768731683,2.4172370277995863,-3.516068757723747,sequential,#3
912,10408103012,408,3,12,0.12801077230857483,0.269749923220738,0,0.020945536768731683,2.4172370277995863,1.2241070371590805,sequential,#3
913,10408103013,408,3,13,0.3530231215917484,0.29726740828946885,0,0.020945536768731683,2.4172370277995863,5.7686246467490685,sequential,#3
914,10408103014,408,3,14,0.17723025551065225,0.4693966797970698,0,0.020945536768731683,2.4172370277995863,0.814228340163234,sequential,#3
915,10408103015,408,3,15,0.23427584079608768,0.8947538481385141,0,0.020945536768731683,2.4172370277995863,3.6912736157060233,sequential,#3
916,10408103016,408,3,16,0.547771327345346,0.29544684664581083,0,0.020945536768731683,2.4172370277995863,7.393929608631892,sequential,#3
917,10408103017,408,3,17,0.2165865813441291,3.7565139904575324,0,0.020945536768731683,2.4172370277995863,3.7125852057818487,sequential,#3
918,10408103018,408,3,18,0.35803239016122906,3.565112512854555,0,0.020945536768731683,2.4172370277995863,-8.033104141218253,sequential,#3
919,10408103019,408,3,19,0.6161976209529966,0.4431699181778847,0,0.020945536768731683,2.4172370277995863,6.110796200702421,sequential,#3
920,10408104000,408,4,0,0.09225066506074117,0.3933734002864207,1,5.3130479622030924e-08,-10.968247264879519,-9.861885581876814,sequential,#4
921,10408104001,408,4,1,0.07393286086020497,0.2230839005352522,1,5.3130479622030924e-08,-10.968247264879519,-8.736742458491362,sequential,#4
922,10408104002,408,4,2,0.07485426655973683,0.15606874028283202,1,5.3130479622030924e-08,-10.968247264879519,-14.743127063822994,sequential,#4
923,10408104003,408,4,3,0.0716808628776621,0.1651951630481932,1,5.3130479622030924e-08,-10.968247264879519,-9.620701781025975,sequential,#4
924,10408104004,408,4,4,0.2203431381714535,0.16787735252048286,1,5.3130479622030924e-08,-10.968247264879519,-2.5368834999474057,sequential,#4
925,10408104005,408,4,5,0.11305307724018702,0.16270129921368345,1,5.3130479622030924e-08,-10.968247264879519,-7.694849008007446,sequential,#4
926,10408104006,408,4,6,0.045864664801741076,0.12287167911139685,1,5.3130479622030924e-08,-10.968247264879519,-6.799876333022391,sequential,#4
927,10408104007,408,4,7,0.056234835833982026,0.32932836916406066,1,5.3130479622030924e-08,-10.968247264879519,2.4112737523924808,sequential,#4
928,10408104008,408,4,8,0.10278726488059427,0.2631993337580881,1,5.3130479622030924e-08,-10.968247264879519,-6.776247677251349,sequential,#4
929,10408104009,408,4,9,0.097096206005045,0.20510596138542717,1,5.3130479622030924e-08,-10.968247264879519,-4.014136108210945,sequential,#4
930,10408104010,408,4,10,0.08070094598449949,0.19818376535732898,1,5.3130479622030924e-08,-10.968247264879519,-9.696755532516256,sequential,#4
931,10408104011,408,4,11,0.029035415339197575,0.6022207168458004,1,5.3130479622030924e-08,-10.968247264879519,-14.444582188675849,sequential,#4
932,10408104012,408,4,12,0.19267433527895333,0.27457034990653284,1,5.3130479622030924e-08,-10.968247264879519,-16.19629998366507,sequential,#4
933,10408104013,408,4,13,1.8640498352289625,0.24523045646293903,1,5.3130479622030924e-08,-10.968247264879519,-10.607566776105996,sequential,#4
934,10408104014,408,4,14,0.10018642666740754,0.24974825485798985,1,5.3130479622030924e-08,-10.968247264879519,-17.72617240766247,sequential,#4
935,10408104015,408,4,15,0.08337115158092662,0.22845585038791782,1,5.3130479622030924e-08,-10.968247264879519,-14.06393396462226,sequential,#4
936,10408104016,408,4,16,0.10753183519347051,0.22553553548624586,1,5.3130479622030924e-08,-10.968247264879519,-17.116671379055095,sequential,#4
937,10408104017,408,4,17,0.32039063724376177,0.2880387028709169,1,5.3130479622030924e-08,-10.968247264879519,-18.11901026661067,sequential,#4
938,10408104018,408,4,18,0.0649422913218253,0.31336240004101,1,5.3130479622030924e-08,-10.968247264879519,-16.853739150312155,sequential,#4
939,10408104019,408,4,19,0.29459793374648535,0.22354163594619023,1,5.3130479622030924e-08,-10.968247264879519,-16.16703788910038,sequential,#4
940,10408105000,408,5,0,0.017254504507182744,0.4476115073246156,0,0.2800961542858221,-1.9072484011667772,-17.871259693159118,sequential,#5
941,10408105001,408,5,1,0.010220311838312394,3.3758773632168375,0,0.2800961542858221,-1.9072484011667772,-3.1563433776271936,sequential,#5
942,10408105002,408,5,2,0.016507843447837827,1.4820084762933607,0,0.2800961542858221,-1.9072484011667772,2.894571273904023,sequential,#5
943,10408105003,408,5,3,0.014099616568443161,0.5706067936568167,0,0.2800961542858221,-1.9072484011667772,2.619804056865282,sequential,#5
944,10408105004,408,5,4,0.015984907917310023,0.8358600216301266,0,0.2800961542858221,-1.9072484011667772,-3.775894457988892,sequential,#5
945,10408105005,408,5,5,0.023432685972816232,1.8508172201719617,0,0.2800961542858221,-1.9072484011667772,1.8739894037070914,sequential,#5
946,10408105006,408,5,6,0.010721983939019618,6.137723560741406,0,0.2800961542858221,-1.9072484011667772,-6.949212312952566,sequential,#5
947,10408105007,408,5,7,0.031252465506014175,3.5072764208186085,0,0.2800961542858221,-1.9072484011667772,8.096955140292101,sequential,#5
948,10408105008,408,5,8,0.018106530654489108,2.808997090328328,0,0.2800961542858221,-1.9072484011667772,3.2060906901659645,sequential,#5
949,10408105009,408,5,9,0.012678186211488847,0.57224147213121,0,0.2800961542858221,-1.9072484011667772,-4.802566207214034,sequential,#5
950,10408105010,408,5,10,0.024138215795479093,0.38154615548120496,0,0.2800961542858221,-1.9072484011667772,-2.441203004796997,sequential,#5
951,10408105011,408,5,11,0.03335982223613327,0.394846608295889,0,0.2800961542858221,-1.9072484011667772,-1.8949594323548886,sequential,#5
952,10408105012,408,5,12,0.015806999503525026,0.812204515497476,0,0.2800961542858221,-1.9072484011667772,4.641570606014566,sequential,#5
953,10408105013,408,5,13,0.031475649618272296,1.6823247424148524,0,0.2800961542858221,-1.9072484011667772,-17.111667899342383,sequential,#5
954,10408105014,408,5,14,0.018881424458449703,0.426351233628253,0,0.2800961542858221,-1.9072484011667772,-6.572787833709539,sequential,#5
955,10408105015,408,5,15,0.03350191796952032,2.132557249390311,0,0.2800961542858221,-1.9072484011667772,-13.575265403341302,sequential,#5
956,10408105016,408,5,16,0.011793625200432815,0.9148526780863296,0,0.2800961542858221,-1.9072484011667772,9.634953591034899,sequential,#5
957,10408105017,408,5,17,0.013984315063053077,1.0186894788109393,0,0.2800961542858221,-1.9072484011667772,4.617894088885958,sequential,#5
958,10408105018,408,5,18,0.028486572983567004,1.7399737615834836,0,0.2800961542858221,-1.9072484011667772,-1.3385464105561182,sequential,#5
959,10408105019,408,5,19,0.020558653175807663,0.6138876712266541,0,0.2800961542858221,-1.9072484011667772,3.758909158837602,sequential,#5
960,10409100000,409,0,0,0.01036740674823071,0.03419668031054655,1,3.62396240234375e-05,-7.3931350695496665,-8.788812525226069,sequential,#0
961,10409100001,409,0,1,0.016062199204624098,0.03500086766809485,1,3.62396240234375e-05,-7.3931350695496665,-8.949097429967772,sequential,#0
962,10409100002,409,0,2,0.01498027134781963,0.029411488761167934,1,3.62396240234375e-05,-7.3931350695496665,-4.481951393128886,sequential,#0
963,10409100003,409,0,3,0.012126814654736882,0.08385209778454922,1,3.62396240234375e-05,-7.3931350695496665,-4.77445987215193,sequential,#0
964,10409100004,409,0,4,0.010982516812384146,0.03047518659363969,1,3.62396240234375e-05,-7.3931350695496665,-4.858992293546239,sequential,#0
965,10409100005,409,0,5,0.013355160611964437,0.025788977246873693,1,3.62396240234375e-05,-7.3931350695496665,-11.473714799751058,sequential,#0
966,10409100006,409,0,6,0.01220805074618859,0.022626200375659735,1,3.62396240234375e-05,-7.3931350695496665,-9.293566221505701,sequential,#0
967,10409100007,409,0,7,0.015483859394634758,0.024333023915723957,1,3.62396240234375e-05,-7.3931350695496665,-8.558412211343883,sequential,#0
968,10409100008,409,0,8,0.011080286451555841,0.029891141100238564,1,3.62396240234375e-05,-7.3931350695496665,-20.739549844478844,sequential,#0
969,10409100009,409,0,9,0.013737475144978719,0.041763901454689265,1,3.62396240234375e-05,-7.3931350695496665,5.045345075497746,sequential,#0
970,10409100010,409,0,10,0.013535939967442304,0.02664837844082302,1,3.62396240234375e-05,-7.3931350695496665,-4.806286059759159,sequential,#0
971,10409100011,409,0,11,0.01434414056850983,0.026005084987870693,1,3.62396240234375e-05,-7.3931350695496665,-6.0484132447210746,sequential,#0
972,10409100012,409,0,12,0.013768513573303321,0.039526407869195326,1,3.62396240234375e-05,-7.3931350695496665,-18.868425687716353,sequential,#0
973,10409100013,409,0,13,0.012688034904976091,0.04016678330171624,1,3.62396240234375e-05,-7.3931350695496665,-2.458395746062745,sequential,#0
974,10409100014,409,0,14,0.01036559795657858,0.057530552236824545,1,3.62396240234375e-05,-7.3931350695496665,-7.559298239852351,sequential,#0
975,10409100015,409,0,15,0.011655049216405651,0.05290305402675852,1,3.62396240234375e-05,-7.3931350695496665,-8.235184074810103,sequential,#0
976,10409100016,409,0,16,0.012428124744010595,0.04639062885938238,1,3.62396240234375e-05,-7.3931350695496665,-4.44779629439634,sequential,#0
977,10409100017,409,0,17,0.01428371470422606,0.04154053978808776,1,3.62396240234375e-05,-7.3931350695496665,-5.058275162691762,sequential,#0
978,10409100018,409,0,18,0.01233872228440213,0.05584468009116516,1,3.62396240234375e-05,-7.3931350695496665,-5.768347859948741,sequential,#0
979,10409100019,409,0,19,0.013811020657045911,0.06644940422107598,1,3.62396240234375e-05,-7.3931350695496665,-7.739067505432049,sequential,#0
980,10409101000,409,1,0,0.04666717768428932,0.08441271828898742,1,4.86046534950681e-10,-17.946797458669373,-11.24949396436847,sequential,#1
981,10409101001,409,1,1,0.04125545232395249,0.0729383998179917,1,4.86046534950681e-10,-17.946797458669373,-23.178698719970136,sequential,#1
982,10409101002,409,1,2,0.041157692568292895,0.09144047971528962,1,4.86046534950681e-10,-17.946797458669373,-3.897733159349264,sequential,#1
983,10409101003,409,1,3,0.06251575376081994,0.11132796029796269,1,4.86046534950681e-10,-17.946797458669373,-20.39713272171795,sequential,#1
984,10409101004,409,1,4,0.0716483030562575,0.12101518966788186,1,4.86046534950681e-10,-17.946797458669373,-12.338391914429037,sequential,#1
985,10409101005,409,1,5,0.07471505052537585,0.11719286143587641,1,4.86046534950681e-10,-17.946797458669373,-22.108655963739118,sequential,#1
986,10409101006,409,1,6,0.07222392274433852,0.12583035912874346,1,4.86046534950681e-10,-17.946797458669373,-22.398674144924144,sequential,#1
987,10409101007,409,1,7,0.05951001140006794,0.10557423434433896,1,4.86046534950681e-10,-17.946797458669373,-18.945147723687235,sequential,#1
988,10409101008,409,1,8,0.06719452972952793,0.11521942120192194,1,4.86046534950681e-10,-17.946797458669373,-14.329548251891325,sequential,#1
989,10409101009,409,1,9,0.08693893908526241,0.14460312685436671,1,4.86046534950681e-10,-17.946797458669373,-13.681630351550814,sequential,#1
990,10409101010,409,1,10,0.04930843723359774,0.1715182037856155,1,4.86046534950681e-10,-17.946797458669373,-32.35709343675261,sequential,#1
991,10409101011,409,1,11,0.08546159589368194,0.15052611113739217,1,4.86046534950681e-10,-17.946797458669373,-15.972523719996696,sequential,#1
992,10409101012,409,1,12,0.0668563881376034,0.08876730693947522,1,4.86046534950681e-10,-17.946797458669373,-22.336157242378935,sequential,#1
993,10409101013,409,1,13,0.07797298856590851,0.2261052199664658,1,4.86046534950681e-10,-17.946797458669373,-17.214004041587344,sequential,#1
994,10409101014,409,1,14,0.2451026015880567,0.14065634153019108,1,4.86046534950681e-10,-17.946797458669373,-13.791169705674289,sequential,#1
995,10409101015,409,1,15,0.06819814370026649,0.12441334291712791,1,4.86046534950681e-10,-17.946797458669373,-18.619122411284096,sequential,#1
996,10409101016,409,1,16,0.14006351210555534,0.13911838516755487,1,4.86046534950681e-10,-17.946797458669373,-7.102841110049982,sequential,#1
997,10409101017,409,1,17,0.04750831684969373,0.07803654125672435,1,4.86046534950681e-10,-17.946797458669373,-15.52434190618514,sequential,#1
998,10409101018,409,1,18,0.09334094484853937,0.1276559978638828,1,4.86046534950681e-10,-17.946797458669373,-24.288349301749857,sequential,#1
999,10409101019,409,1,19,0.10892991576938338,0.13281343976756602,1,4.86046534950681e-10,-17.946797458669373,-29.20523938210097,sequential,#1
1000,10409102000,409,2,0,0.009620913157723012,0.06216063305989243,1,3.238002785147868e-08,-14.907752195655913,-27.67979034227646,sequential,#2
1001,10409102001,409,2,1,0.007881525169643876,0.04567941524587571,1,3.238002785147868e-08,-14.907752195655913,-21.31501588230359,sequential,#2
1002,10409102002,409,2,2,0.008260262214202398,0.04320138298817059,1,3.238002785147868e-08,-14.907752195655913,-19.667003113312703,sequential,#2
1003,10409102003,409,2,3,0.007585310783123342,0.04623751981253205,1,3.238002785147868e-08,-14.907752195655913,-15.8529138964419,sequential,#2
1004,10409102004,409,2,4,0.010243926441023694,0.05353673717505993,1,3.238002785147868e-08,-14.907752195655913,-23.648665285334957,sequential,#2
1005,10409102005,409,2,5,0.00864114035108051,0.06592586021254022,1,3.238002785147868e-08,-14.907752195655913,-26.365650713793226,sequential,#2
1006,10409102006,409,2,6,0.007919411610401158,0.04779565982896044,1,3.238002785147868e-08,-14.907752195655913,-1.4245149179433838,sequential,#2
1007,10409102007,409,2,7,0.006642766451410531,0.07921749825192496,1,3.238002785147868e-08,-14.907752195655913,-17.676349397549828,sequential,#2
1008,10409102008,409,2,8,0.011184269777474791,0.045493910572078994,1,3.238002785147868e-08,-14.907752195655913,-22.566082267156297,sequential,#2
1009,10409102009,409,2,9,0.006938086459164621,0.05521562074921383,1,3.238002785147868e-08,-14.907752195655913,-2.494444247251121,sequential,#2
1010,10409102010,409,2,10,0.009285303735630484,0.07190007139859915,1,3.238002785147868e-08,-14.907752195655913,-11.164146487140206,sequential,#2
1011,10409102011,409,2,11,0.010059281348227797,0.027304997285883228,1,3.238002785147868e-08,-14.907752195655913,-5.702054961645024,sequential,#2
1012,10409102012,409,2,12,0.006341759587448917,0.04564014963153854,1,3.238002785147868e-08,-14.907752195655913,-16.354615372831297,sequential,#2
1013,10409102013,409,2,13,0.008281961812969247,0.04826818192579693,1,3.238002785147868e-08,-14.907752195655913,-12.633466739665169,sequential,#2
1014,10409102014,409,2,14,0.011696572136646943,0.0804552828206642,1,3.238002785147868e-08,-14.907752195655913,-19.931439060871234,sequential,#2
1015,10409102015,409,2,15,0.010000815858105099,0.07428742071116139,1,3.238002785147868e-08,-14.907752195655913,-10.46082403701694,sequential,#2
1016,10409102016,409,2,16,0.007233344615462751,0.06470250500428244,1,3.238002785147868e-08,-14.907752195655913,-12.164024432750622,sequential,#2
1017,10409102017,409,2,17,0.007339345454487562,0.13655785357707798,1,3.238002785147868e-08,-14.907752195655913,-10.185179506053347,sequential,#2
1018,10409102018,409,2,18,0.006074441211038221,0.058669462487020846,1,3.238002785147868e-08,-14.907752195655913,-11.876807666534217,sequential,#2
1019,10409102019,409,2,19,0.0073181732372955164,0.07196997997240487,1,3.238002785147868e-08,-14.907752195655913,-8.992055585246748,sequential,#2
1020,10409103000,409,3,0,0.053813230054922064,0.04937239296375228,1,1.2523399363663683e-11,-21.458147096161287,-17.744837192870374,sequential,#3
1021,10409103001,409,3,1,0.04624976508293326,0.04557555196903679,1,1.2523399363663683e-11,-21.458147096161287,-6.997677581949785,sequential,#3
1022,10409103002,409,3,2,0.04112669398956233,0.05943905984115069,1,1.2523399363663683e-11,-21.458147096161287,-16.529732421392442,sequential,#3
1023,10409103003,409,3,3,0.052019301009127064,0.039206426683540435,1,1.2523399363663683e-11,-21.458147096161287,-23.838065481217736,sequential,#3
1024,10409103004,409,3,4,0.04885331453182561,0.038324361248163914,1,1.2523399363663683e-11,-21.458147096161287,-27.09882670067584,sequential,#3
1025,10409103005,409,3,5,0.04915874698057246,0.03299913307946102,1,1.2523399363663683e-11,-21.458147096161287,-23.659207465657598,sequential,#3
1026,10409103006,409,3,6,0.046713135652642526,0.05853046740705842,1,1.2523399363663683e-11,-21.458147096161287,-22.505065665957332,sequential,#3
1027,10409103007,409,3,7,0.030137694009149264,0.03584310722094548,1,1.2523399363663683e-11,-21.458147096161287,-31.926084561912486,sequential,#3
1028,10409103008,409,3,8,0.03654943117777,0.05268322537951722,1,1.2523399363663683e-11,-21.458147096161287,-9.961585452597417,sequential,#3
1029,10409103009,409,3,9,0.04920199044764994,0.03847283930738016,1,1.2523399363663683e-11,-21.458147096161287,-30.56792165752779,sequential,#3
1030,10409103010,409,3,10,0.0482414177074647,0.0796738589170597,1,1.2523399363663683e-11,-21.458147096161287,-13.135984081325033,sequential,#3
1031,10409103011,409,3,11,0.062112956727999685,0.05498451698030507,1,1.2523399363663683e-11,-21.458147096161287,-18.74281874501325,sequential,#3
1032,10409103012,409,3,12,0.040594402995166395,0.0514780538452026,1,1.2523399363663683e-11,-21.458147096161287,-28.045884314177766,sequential,#3
1033,10409103013,409,3,13,0.04824404308041275,0.046778405408587576,1,1.2523399363663683e-11,-21.458147096161287,-28.497771918970937,sequential,#3
1034,10409103014,409,3,14,0.039401767383564955,0.07433892338723014,1,1.2523399363663683e-11,-21.458147096161287,-27.629868579574314,sequential,#3
1035,10409103015,409,3,15,0.056862962761699894,0.07202228211685968,1,1.2523399363663683e-11,-21.458147096161287,-23.554683900800978,sequential,#3
1036,10409103016,409,3,16,0.05141654925371827,0.03604578875812896,1,1.2523399363663683e-11,-21.458147096161287,-21.865207825313004,sequential,#3
1037,10409103017,409,3,17,0.11248115640663589,0.07705409942618048,1,1.2523399363663683e-11,-21.458147096161287,-19.930885722088696,sequential,#3
1038,10409103018,409,3,18,0.0499208814839206,0.029724607895183944,1,1.2523399363663683e-11,-21.458147096161287,-20.241450143070416,sequential,#3
1039,10409103019,409,3,19,0.07620048202592737,0.07952829030895861,1,1.2523399363663683e-11,-21.458147096161287,-16.68938251113257,sequential,#3
1040,10409104000,409,4,0,0.01849373003926943,0.07292964048456038,1,7.454767877289857e-11,-22.40487183132197,-20.6226332146504,sequential,#4
1041,10409104001,409,4,1,0.01603847907765369,0.04834855528005021,1,7.454767877289857e-11,-22.40487183132197,-15.298804881784669,sequential,#4
1042,10409104002,409,4,2,0.020837234424588392,0.052429619413817755,1,7.454767877289857e-11,-22.40487183132197,-30.857301653586482,sequential,#4
1043,10409104003,409,4,3,0.015544176777114442,0.07072463296867185,1,7.454767877289857e-11,-22.40487183132197,-33.60766206493491,sequential,#4
1044,10409104004,409,4,4,0.019054973505582582,0.06439986555712959,1,7.454767877289857e-11,-22.40487183132197,-32.51238154159366,sequential,#4
1045,10409104005,409,4,5,0.01912197284976713,0.06214196993975725,1,7.454767877289857e-11,-22.40487183132197,-11.887619881364243,sequential,#4
1046,10409104006,409,4,6,0.01690479503672335,0.062492426339914836,1,7.454767877289857e-11,-22.40487183132197,-28.13404830696697,sequential,#4
1047,10409104007,409,4,7,0.017553397845065145,0.04908964892575664,1,7.454767877289857e-11,-22.40487183132197,-12.864594472387651,sequential,#4
1048,10409104008,409,4,8,0.017725318794008352,0.03218335894589753,1,7.454767877289857e-11,-22.40487183132197,-24.767228229796963,sequential,#4
1049,10409104009,409,4,9,0.021223507800229267,0.06195241841610803,1,7.454767877289857e-11,-22.40487183132197,-22.264750764053233,sequential,#4
1050,10409104010,409,4,10,0.027449232880489526,0.053503720764972874,1,7.454767877289857e-11,-22.40487183132197,-14.545269983468685,sequential,#4
1051,10409104011,409,4,11,0.01421896022435111,0.06446925291973873,1,7.454767877289857e-11,-22.40487183132197,-20.336680440425752,sequential,#4
1052,10409104012,409,4,12,0.01549969039729795,0.07059954999912998,1,7.454767877289857e-11,-22.40487183132197,-26.833532291613217,sequential,#4
1053,10409104013,409,4,13,0.015681356469584674,0.057369979793576484,1,7.454767877289857e-11,-22.40487183132197,-9.238926197711,sequential,#4
1054,10409104014,409,4,14,0.01602026927866595,0.06968310080217613,1,7.454767877289857e-11,-22.40487183132197,-17.218845262798496,sequential,#4
1055,10409104015,409,4,15,0.014372764282431975,0.07347603814985801,1,7.454767877289857e-11,-22.40487183132197,-20.83622392789241,sequential,#4
1056,10409104016,409,4,16,0.017012976981632576,0.06542319951959427,1,7.454767877289857e-11,-22.40487183132197,-37.80334214491401,sequential,#4
1057,10409104017,409,4,17,0.025057022089468507,0.06467220877213407,1,7.454767877289857e-11,-22.40487183132197,-19.62998882082166,sequential,#4
1058,10409104018,409,4,18,0.11336798295678338,0.10858741122265836,1,7.454767877289857e-11,-22.40487183132197,-22.163780805421847,sequential,#4
1059,10409104019,409,4,19,0.025323168667385626,0.1208300090074857,1,7.454767877289857e-11,-22.40487183132197,-26.673821740253153,sequential,#4
1060,10409105000,409,5,0,0.007416583640615083,0.0715007968036413,0,0.014884020428079143,-4.02757463349605,1.1454615543956186,sequential,#5
1061,10409105001,409,5,1,0.006812055504162155,0.07094444496736067,0,0.014884020428079143,-4.02757463349605,-12.826669529658968,sequential,#5
1062,10409105002,409,5,2,0.0033630968367578847,0.0429045858085909,0,0.014884020428079143,-4.02757463349605,-1.9045829957346394,sequential,#5
1063,10409105003,409,5,3,0.010105785173113445,0.024513177087299592,0,0.014884020428079143,-4.02757463349605,-17.424613899900155,sequential,#5
1064,10409105004,409,5,4,0.009708430596409847,0.05418826695039405,0,0.014884020428079143,-4.02757463349605,-2.74288988993293,sequential,#5
1065,10409105005,409,5,5,0.007095399465245541,0.08932569206028257,0,0.014884020428079143,-4.02757463349605,3.413624304939786,sequential,#5
1066,10409105006,409,5,6,0.0029328100503315207,0.047830113084051364,0,0.014884020428079143,-4.02757463349605,-7.364468822440069,sequential,#5
1067,10409105007,409,5,7,0.01237858969272319,0.03577500774770167,0,0.014884020428079143,-4.02757463349605,-7.21905654031917,sequential,#5
1068,10409105008,409,5,8,0.008615635583225435,0.07284479072318543,0,0.014884020428079143,-4.02757463349605,-5.537937637665671,sequential,#5
1069,10409105009,409,5,9,0.0038921787588611766,0.08336154619961088,0,0.014884020428079143,-4.02757463349605,-3.622669753637678,sequential,#5
1070,10409105010,409,5,10,0.010600623826823339,0.13490180423937054,0,0.014884020428079143,-4.02757463349605,-6.112827612494273,sequential,#5
1071,10409105011,409,5,11,0.0031661480191914485,0.03413645199701497,0,0.014884020428079143,-4.02757463349605,-15.734855083757337,sequential,#5
1072,10409105012,409,5,12,0.006113243425333095,0.0682201066009893,0,0.014884020428079143,-4.02757463349605,-6.888419608951092,sequential,#5
1073,10409105013,409,5,13,0.005140719104207943,0.03330970757091336,0,0.014884020428079143,-4.02757463349605,-3.098678140926782,sequential,#5
1074,10409105014,409,5,14,0.0043297306297916055,0.04481230525237967,0,0.014884020428079143,-4.02757463349605,1.069599257550474,sequential,#5
1075,10409105015,409,5,15,0.007118649189954012,0.056852226235085006,0,0.014884020428079143,-4.02757463349605,-7.152058762818166,sequential,#5
1076,10409105016,409,5,16,0.006572429986571812,0.07151962073753315,0,0.014884020428079143,-4.02757463349605,0.06350397211240258,sequential,#5
1077,10409105017,409,5,17,0.005969081880601298,0.07159490798704984,0,0.014884020428079143,-4.02757463349605,-4.239735224447271,sequential,#5
1078,10409105018,409,5,18,0.011489492398661476,0.07725821749641844,0,0.014884020428079143,-4.02757463349605,9.722258774628065,sequential,#5
1079,10409105019,409,5,19,0.006547533036795297,0.10524079866952012,0,0.014884020428079143,-4.02757463349605,5.903522969136867,sequential,#5
1080,10410100000,410,0,0,0.012891571400479137,0.02469846016657334,0,0.1661523629781044,-3.0636167874155276,-8.110339330497641,sequential,#0
1081,10410100001,410,0,1,0.013207494304428972,0.05419041835121756,0,0.1661523629781044,-3.0636167874155276,-5.78250997511914,sequential,#0
1082,10410100002,410,0,2,0.022327723701505688,0.03772030160776274,0,0.1661523629781044,-3.0636167874155276,1.6359492107696976,sequential,#0
1083,10410100003,410,0,3,0.017267807660349414,0.06384620268317956,0,0.1661523629781044,-3.0636167874155276,-1.2621085817286082,sequential,#0
1084,10410100004,410,0,4,0.018532560182808733,0.034839336639482923,0,0.1661523629781044,-3.0636167874155276,6.691275552396755,sequential,#0
1085,10410100005,410,0,5,0.020880981508222478,0.038447088359322056,0,0.1661523629781044,-3.0636167874155276,14.816370032135778,sequential,#0
1086,10410100006,410,0,6,0.035951073550384745,0.03532744462448007,0,0.1661523629781044,-3.0636167874155276,-6.731084540577144,sequential,#0
1087,10410100007,410,0,7,0.016929784876145347,0.0449059613622752,0,0.1661523629781044,-3.0636167874155276,-12.371354075080633,sequential,#0
1088,10410100008,410,0,8,0.021351136928819358,0.03310002804941347,0,0.1661523629781044,-3.0636167874155276,-6.941221580085762,sequential,#0
1089,10410100009,410,0,9,0.044386455328094626,0.03174945516639018,0,0.1661523629781044,-3.0636167874155276,12.289167336796359,sequential,#0
1090,10410100010,410,0,10,0.014310919393467444,0.0462810845706204,0,0.1661523629781044,-3.0636167874155276,-20.4937827576256,sequential,#0
1091,10410100011,410,0,11,0.016024869534328242,0.03980661453101908,0,0.1661523629781044,-3.0636167874155276,9.770934134615482,sequential,#0
1092,10410100012,410,0,12,0.031221540394094912,0.026485894356235853,0,0.1661523629781044,-3.0636167874155276,4.402406139217878,sequential,#0
1093,10410100013,410,0,13,0.019018483464706273,0.03557944361969463,0,0.1661523629781044,-3.0636167874155276,-4.001519488524329,sequential,#0
1094,10410100014,410,0,14,0.021078934206259448,0.061270811381621965,0,0.1661523629781044,-3.0636167874155276,-9.021654627967195,sequential,#0
1095,10410100015,410,0,15,0.013379228972400254,0.033426745669988996,0,0.1661523629781044,-3.0636167874155276,-17.952666097253527,sequential,#0
1096,10410100016,410,0,16,0.019023760742750827,0.030157830769849646,0,0.1661523629781044,-3.0636167874155276,-10.051886399939807,sequential,#0
1097,10410100017,410,0,17,0.01804776376615089,0.028485779762282698,0,0.1661523629781044,-3.0636167874155276,-9.018351457987455,sequential,#0
1098,10410100018,410,0,18,0.025154888234933878,0.04102373254374573,0,0.1661523629781044,-3.0636167874155276,-1.1771492688940899,sequential,#0
1099,10410100019,410,0,19,0.10450416596450349,0.04840153961719878,0,0.1661523629781044,-3.0636167874155276,2.037190027038432,sequential,#0
1100,10410101000,410,1,0,0.12020373816226257,0.049861031482406136,1,8.946936172608365e-10,-20.070430956694388,-1.2342773722176037,sequential,#1
1101,10410101001,410,1,1,0.07937328172393662,0.05015560676625955,1,8.946936172608365e-10,-20.070430956694388,-18.25700639388015,sequential,#1
1102,10410101002,410,1,2,0.05540184004154812,0.03385899469919151,1,8.946936172608365e-10,-20.070430956694388,-12.573657976318229,sequential,#1
1103,10410101003,410,1,3,0.030245125251672063,0.04251126099141593,1,8.946936172608365e-10,-20.070430956694388,-21.068600811114248,sequential,#1
1104,10410101004,410,1,4,0.0514583515274659,0.04514512780606864,1,8.946936172608365e-10,-20.070430956694388,-17.231283102501358,sequential,#1
1105,10410101005,410,1,5,0.020498629315803065,0.037155833632728986,1,8.946936172608365e-10,-20.070430956694388,-21.264889739436562,sequential,#1
1106,10410101006,410,1,6,0.04220049062807209,0.045740396797155455,1,8.946936172608365e-10,-20.070430956694388,-19.285188373816503,sequential,#1
1107,10410101007,410,1,7,0.027298113871441872,0.06415111993080988,1,8.946936172608365e-10,-20.070430956694388,-34.57571381917819,sequential,#1
1108,10410101008,410,1,8,0.029886703270189826,0.06129823537364301,1,8.946936172608365e-10,-20.070430956694388,-25.965096585078516,sequential,#1
1109,10410101009,410,1,9,0.05693731036442827,0.05478565685115335,1,8.946936172608365e-10,-20.070430956694388,-27.11521523530145,sequential,#1
1110,10410101010,410,1,10,0.05886693361654544,0.05466096334089413,1,8.946936172608365e-10,-20.070430956694388,-21.72744247033054,sequential,#1
1111,10410101011,410,1,11,0.04541736298460558,0.040928888532964815,1,8.946936172608365e-10,-20.070430956694388,-28.283704764230244,sequential,#1
1112,10410101012,410,1,12,0.03517980074804306,0.04700415997980763,1,8.946936172608365e-10,-20.070430956694388,-20.11821324478385,sequential,#1
1113,10410101013,410,1,13,0.05037667219161522,0.06910796432044733,1,8.946936172608365e-10,-20.070430956694388,-18.128533012205207,sequential,#1
1114,10410101014,410,1,14,0.03054323092278049,0.04502479929276422,1,8.946936172608365e-10,-20.070430956694388,-27.344476887262104,sequential,#1
1115,10410101015,410,1,15,0.052891786153385856,0.057183509446753066,1,8.946936172608365e-10,-20.070430956694388,-13.306215379486893,sequential,#1
1116,10410101016,410,1,16,0.0457765795973063,0.04340608987253303,1,8.946936172608365e-10,-20.070430956694388,-4.915895231435932,sequential,#1
1117,10410101017,410,1,17,0.035456572119672326,0.06319601538590292,1,8.946936172608365e-10,-20.070430956694388,-17.34122489784818,sequential,#1
1118,10410101018,410,1,18,0.07367371027826068,0.07765189960424088,1,8.946936172608365e-10,-20.070430956694388,-21.583176635534,sequential,#1
1119,10410101019,410,1,19,0.03786469881220909,0.09624182234400672,1,8.946936172608365e-10,-20.070430956694388,-30.088807201928017,sequential,#1
1120,10410102000,410,2,0,0.01157190290816501,0.10283187984993086,1,2.388317676057596e-07,-12.446030946491517,-11.05958111262147,sequential,#2
1121,10410102001,410,2,1,0.00732082650439862,0.06535861538347464,1,2.388317676057596e-07,-12.446030946491517,-7.1189429662902866,sequential,#2
1122,10410102002,410,2,2,0.008982823388358126,0.09287996626824013,1,2.388317676057596e-07,-12.446030946491517,-17.18260107318236,sequential,#2
1123,10410102003,410,2,3,0.008010642237468982,0.07743937001423788,1,2.388317676057596e-07,-12.446030946491517,-19.08009184362903,sequential,#2
1124,10410102004,410,2,4,0.006618957274071936,0.055295147831957714,1,2.388317676057596e-07,-12.446030946491517,-9.48051676794093,sequential,#2
1125,10410102005,410,2,5,0.00993324367725454,0.059138037963604166,1,2.388317676057596e-07,-12.446030946491517,-18.283394098198173,sequential,#2
1126,10410102006,410,2,6,0.0089870930783637,0.0773764908044588,1,2.388317676057596e-07,-12.446030946491517,-16.727828620876128,sequential,#2
1127,10410102007,410,2,7,0.006772308835978089,0.08788345574264986,1,2.388317676057596e-07,-12.446030946491517,-11.72707958472845,sequential,#2
1128,10410102008,410,2,8,0.01233494924305023,0.07680471725605408,1,2.388317676057596e-07,-12.446030946491517,-22.73980985716703,sequential,#2
1129,10410102009,410,2,9,0.004983374330583233,0.12381208164018209,1,2.388317676057596e-07,-12.446030946491517,-7.596963940769924,sequential,#2
1130,10410102010,410,2,10,0.00808688898237329,0.13263936020001857,1,2.388317676057596e-07,-12.446030946491517,0.835567153116778,sequential,#2
1131,10410102011,410,2,11,0.006930484020836798,0.06919054406089806,1,2.388317676057596e-07,-12.446030946491517,-18.64876122167805,sequential,#2
1132,10410102012,410,2,12,0.005358487341429055,0.08916725436230141,1,2.388317676057596e-07,-12.446030946491517,-10.709360215035728,sequential,#2
1133,10410102013,410,2,13,0.007619414312199311,0.039623779951815895,1,2.388317676057596e-07,-12.446030946491517,-23.10664916962942,sequential,#2
1134,10410102014,410,2,14,0.00810965750682048,0.09914339480236585,1,2.388317676057596e-07,-12.446030946491517,-7.321226580005704,sequential,#2
1135,10410102015,410,2,15,0.006510600988263397,0.05295479645361529,1,2.388317676057596e-07,-12.446030946491517,-18.785368612743447,sequential,#2
1136,10410102016,410,2,16,0.005745157750171396,0.0881364447229712,1,2.388317676057596e-07,-12.446030946491517,-10.762023010430132,sequential,#2
1137,10410102017,410,2,17,0.006337021918074606,0.27300695314274176,1,2.388317676057596e-07,-12.446030946491517,-16.244673853238954,sequential,#2
1138,10410102018,410,2,18,0.013866309568502936,0.13375149768633232,1,2.388317676057596e-07,-12.446030946491517,-5.198754982495271,sequential,#2
1139,10410102019,410,2,19,0.006688189977200001,0.11156960266332659,1,2.388317676057596e-07,-12.446030946491517,2.01744142771338,sequential,#2
1140,10410103000,410,3,0,0.04412686523981465,0.0845765475054075,1,0.006712141527121754,4.2799482252825785,-1.7619703657662276,sequential,#3
1141,10410103001,410,3,1,0.037105632696163925,0.05270287504642918,1,0.006712141527121754,4.2799482252825785,0.8052427026223598,sequential,#3
1142,10410103002,410,3,2,0.042243993699737435,0.04779780257253245,1,0.006712141527121754,4.2799482252825785,7.9730710443163675,sequential,#3
1143,10410103003,410,3,3,0.08112010211289472,0.08746327413705281,1,0.006712141527121754,4.2799482252825785,16.716239260702395,sequential,#3
1144,10410103004,410,3,4,0.06248182821957658,0.09979917735573916,1,0.006712141527121754,4.2799482252825785,7.380839533151715,sequential,#3
1145,10410103005,410,3,5,0.07948837387021425,0.11954178116963939,1,0.006712141527121754,4.2799482252825785,2.280059643519441,sequential,#3
1146,10410103006,410,3,6,0.09618841432453994,0.11441989701361187,1,0.006712141527121754,4.2799482252825785,10.994908347742857,sequential,#3
1147,10410103007,410,3,7,0.08400580134137439,0.1209808531518055,1,0.006712141527121754,4.2799482252825785,9.517212241136273,sequential,#3
1148,10410103008,410,3,8,0.07565752230659809,0.2601384952773852,1,0.006712141527121754,4.2799482252825785,1.220597244458756,sequential,#3
1149,10410103009,410,3,9,0.04651925642714313,0.13890413472405685,1,0.006712141527121754,4.2799482252825785,-6.735480467880059,sequential,#3
1150,10410103010,410,3,10,0.0787995523491183,0.13026908029811987,1,0.006712141527121754,4.2799482252825785,9.18764216570451,sequential,#3
1151,10410103011,410,3,11,0.055402869073780725,0.13629339558636636,1,0.006712141527121754,4.2799482252825785,2.725283629902775,sequential,#3
1152,10410103012,410,3,12,0.06258600215010822,0.48880890902287466,1,0.006712141527121754,4.2799482252825785,4.211964688497524,sequential,#3
1153,10410103013,410,3,13,0.13899295301190012,0.058151034699524734,1,0.006712141527121754,4.2799482252825785,-0.25208471169516644,sequential,#3
1154,10410103014,410,3,14,0.10374605868647492,0.2018193007213031,1,0.006712141527121754,4.2799482252825785,-3.291938793847403,sequential,#3
1155,10410103015,410,3,15,0.07063524245345373,0.3233864351867088,1,0.006712141527121754,4.2799482252825785,13.662891173844525,sequential,#3
1156,10410103016,410,3,16,0.15969423689745876,0.2893071764787902,1,0.006712141527121754,4.2799482252825785,11.03103952788853,sequential,#3
1157,10410103017,410,3,17,0.09133546769137772,0.21745458621426458,1,0.006712141527121754,4.2799482252825785,3.930351766337904,sequential,#3
1158,10410103018,410,3,18,0.06869054476828822,0.48098472322363034,1,0.006712141527121754,4.2799482252825785,-2.924465917992553,sequential,#3
1159,10410103019,410,3,19,0.12946451787543656,0.18795748140349358,1,0.006712141527121754,4.2799482252825785,-1.0724382069929546,sequential,#3
1160,10410104000,410,4,0,0.043659239798052044,0.09587561671370874,1,8.714921123644195e-11,-18.897396445208976,-17.50260556562869,sequential,#4
1161,10410104001,410,4,1,0.025535201675767255,0.156745104693745,1,8.714921123644195e-11,-18.897396445208976,-12.940356280208972,sequential,#4
1162,10410104002,410,4,2,0.05640448942418486,0.17792892688337866,1,8.714921123644195e-11,-18.897396445208976,-12.982871811331481,sequential,#4
1163,10410104003,410,4,3,0.08279766360096058,0.12729768539909866,1,8.714921123644195e-11,-18.897396445208976,-13.488694283665906,sequential,#4
1164,10410104004,410,4,4,0.047277019477331955,0.10298407980377056,1,8.714921123644195e-11,-18.897396445208976,-13.643419805671986,sequential,#4
1165,10410104005,410,4,5,0.06619245725083621,0.2293773211054822,1,8.714921123644195e-11,-18.897396445208976,-24.374996445999415,sequential,#4
1166,10410104006,410,4,6,0.04962235517007137,0.1784265215271698,1,8.714921123644195e-11,-18.897396445208976,-11.438209502836441,sequential,#4
1167,10410104007,410,4,7,0.05273129275977715,0.10042551488720075,1,8.714921123644195e-11,-18.897396445208976,-20.13379280817539,sequential,#4
1168,10410104008,410,4,8,0.07797249085340613,0.12708622514269552,1,8.714921123644195e-11,-18.897396445208976,-12.567063186122887,sequential,#4
1169,10410104009,410,4,9,0.08818559589834638,0.09347239655576532,1,8.714921123644195e-11,-18.897396445208976,-9.335969935274095,sequential,#4
1170,10410104010,410,4,10,0.07722518442427133,0.5570104117940986,1,8.714921123644195e-11,-18.897396445208976,-26.030437391863245,sequential,#4
1171,10410104011,410,4,11,0.07653423502985578,0.15231063336630737,1,8.714921123644195e-11,-18.897396445208976,-24.49654233010189,sequential,#4
1172,10410104012,410,4,12,0.08363964404759726,0.367975960167758,1,8.714921123644195e-11,-18.897396445208976,-18.018413772866754,sequential,#4
1173,10410104013,410,4,13,0.10985273033971497,0.18140056289891768,1,8.714921123644195e-11,-18.897396445208976,-30.679244898699864,sequential,#4
1174,10410104014,410,4,14,0.03606807224961534,0.18645204935154874,1,8.714921123644195e-11,-18.897396445208976,-33.58336455313075,sequential,#4
1175,10410104015,410,4,15,0.3234309690656327,0.23573968315846053,1,8.714921123644195e-11,-18.897396445208976,-15.488891864724168,sequential,#4
1176,10410104016,410,4,16,0.12458407728410399,0.17030996910296736,1,8.714921123644195e-11,-18.897396445208976,-22.0554531017412,sequential,#4
1177,10410104017,410,4,17,0.06820764590476745,0.13239505385053799,1,8.714921123644195e-11,-18.897396445208976,-18.991699249066354,sequential,#4
1178,10410104018,410,4,18,0.16523769743250963,0.15266629149060454,1,8.714921123644195e-11,-18.897396445208976,-17.005839875410196,sequential,#4
1179,10410104019,410,4,19,0.015255102842530954,0.04639036691228599,1,8.714921123644195e-11,-18.897396445208976,-23.190062241659852,sequential,#4
1180,10410105000,410,5,0,0.006717187434680454,0.08369027882580464,0,0.10583972683901738,-2.519100075766789,2.915737330182447,sequential,#5
1181,10410105001,410,5,1,0.0077511660899209165,0.06847839714241159,0,0.10583972683901738,-2.519100075766789,3.804172970308153,sequential,#5
1182,10410105002,410,5,2,0.007903800634815097,0.05610235346340383,0,0.10583972683901738,-2.519100075766789,3.7328927950088473,sequential,#5
1183,10410105003,410,5,3,0.013440498506929606,0.05542438031529124,0,0.10583972683901738,-2.519100075766789,-10.896662174928919,sequential,#5
1184,10410105004,410,5,4,0.007585998499075811,0.08541124068601631,0,0.10583972683901738,-2.519100075766789,-4.511454470015642,sequential,#5
1185,10410105005,410,5,5,0.005302179808958439,0.037510427163998224,0,0.10583972683901738,-2.519100075766789,1.2231103138060386,sequential,#5
1186,10410105006,410,5,6,0.011118498178842385,0.05809870347272273,0,0.10583972683901738,-2.519100075766789,-3.516779530682976,sequential,#5
1187,10410105007,410,5,7,0.008459302360309874,0.044526080686579234,0,0.10583972683901738,-2.519100075766789,-3.1578305129582938,sequential,#5
1188,10410105008,410,5,8,0.010872154371368693,0.13557835135677973,0,0.10583972683901738,-2.519100075766789,-4.856748839245697,sequential,#5
1189,10410105009,410,5,9,0.00978011313273828,0.03506842382413665,0,0.10583972683901738,-2.519100075766789,1.618504913389926,sequential,#5
1190,10410105010,410,5,10,0.008054056926018837,0.07797424119325719,0,0.10583972683901738,-2.519100075766789,-4.982340719171656,sequential,#5
1191,10410105011,410,5,11,0.008119192584604619,0.03941874491152865,0,0.10583972683901738,-2.519100075766789,-7.503942683203025,sequential,#5
1192,10410105012,410,5,12,0.005579147007329774,0.046327640333307954,0,0.10583972683901738,-2.519100075766789,-2.879109747363265,sequential,#5
1193,10410105013,410,5,13,0.00832028616079795,0.06451739798556559,0,0.10583972683901738,-2.519100075766789,2.187535338762756,sequential,#5
1194,10410105014,410,5,14,0.007293401870948896,0.05600863298804354,0,0.10583972683901738,-2.519100075766789,-0.5181518880322602,sequential,#5
1195,10410105015,410,5,15,0.008093324278349155,0.027614789056089772,0,0.10583972683901738,-2.519100075766789,-8.935933739899873,sequential,#5
1196,10410105016,410,5,16,0.005704375025510855,0.030641501804435003,0,0.10583972683901738,-2.519100075766789,-18.00753740794071,sequential,#5
1197,10410105017,410,5,17,0.008318153387597628,0.06131830254037982,0,0.10583972683901738,-2.519100075766789,-11.041864210665748,sequential,#5
1198,10410105018,410,5,18,0.007732331240272449,0.05091132034796537,0,0.10583972683901738,-2.519100075766789,9.073531945573148,sequential,#5
1199,10410105019,410,5,19,0.003557423157918143,0.05379287916156388,0,0.10583972683901738,-2.519100075766789,5.870868801740965,sequential,#5
1200,10411100000,411,0,0,0.025714750930720807,0.06723270586600294,1,2.4939289964666774e-08,-12.711417571939537,-13.744386165616342,sequential,#0
1201,10411100001,411,0,1,0.03129823512075443,0.08082918886900001,1,2.4939289964666774e-08,-12.711417571939537,-4.457508794066372,sequential,#0
1202,10411100002,411,0,2,0.028835201121863822,0.051855604348973176,1,2.4939289964666774e-08,-12.711417571939537,-7.485791389267685,sequential,#0
1203,10411100003,411,0,3,0.03226575333341825,0.0631138215309282,1,2.4939289964666774e-08,-12.711417571939537,-5.542649319970734,sequential,#0
1204,10411100004,411,0,4,0.026195289445534637,0.08806040079222892,1,2.4939289964666774e-08,-12.711417571939537,3.8960251217551893,sequential,#0
1205,10411100005,411,0,5,0.02601000657214762,0.05563410826299767,1,2.4939289964666774e-08,-12.711417571939537,-10.506635846652507,sequential,#0
1206,10411100006,411,0,6,0.032589317039025276,0.2878807095650483,1,2.4939289964666774e-08,-12.711417571939537,-17.54622810200937,sequential,#0
1207,10411100007,411,0,7,0.03222307604177607,0.05084743183165129,1,2.4939289964666774e-08,-12.711417571939537,-13.820177235853443,sequential,#0
1208,10411100008,411,0,8,0.042515655257205236,0.05986865404741983,1,2.4939289964666774e-08,-12.711417571939537,-12.423609187464706,sequential,#0
1209,10411100009,411,0,9,0.028085549324219073,0.11401985948369976,1,2.4939289964666774e-08,-12.711417571939537,-16.317756654802405,sequential,#0
1210,10411100010,411,0,10,0.02774345028062221,0.05840521288463857,1,2.4939289964666774e-08,-12.711417571939537,-16.74741973814206,sequential,#0
1211,10411100011,411,0,11,0.021309269913363744,0.1796194994955606,1,2.4939289964666774e-08,-12.711417571939537,-18.397190463082335,sequential,#0
1212,10411100012,411,0,12,0.021619344631735354,0.15346158443231986,1,2.4939289964666774e-08,-12.711417571939537,-13.314201930835464,sequential,#0
1213,10411100013,411,0,13,0.030613397234328335,0.497041175283655,1,2.4939289964666774e-08,-12.711417571939537,-23.83855614239155,sequential,#0
1214,10411100014,411,0,14,0.038944952529409015,0.25391858805141054,1,2.4939289964666774e-08,-12.711417571939537,-14.997992473548704,sequential,#0
1215,10411100015,411,0,15,0.031239350462472705,0.13792716078190928,1,2.4939289964666774e-08,-12.711417571939537,-18.0593527189758,sequential,#0
1216,10411100016,411,0,16,0.02021381591431524,0.2782608176753672,1,2.4939289964666774e-08,-12.711417571939537,-16.932180949584097,sequential,#0
1217,10411100017,411,0,17,0.03862742482423201,0.1900312107249914,1,2.4939289964666774e-08,-12.711417571939537,-5.651465988707548,sequential,#0
1218,10411100018,411,0,18,0.026114491332629785,0.1363894020502857,1,2.4939289964666774e-08,-12.711417571939537,-15.243879674744363,sequential,#0
1219,10411100019,411,0,19,0.037338637030139246,0.3510713694089529,1,2.4939289964666774e-08,-12.711417571939537,-13.097393784830432,sequential,#0
1220,10411101000,411,1,0,0.09788160171020334,2.5203157402950063,1,0.0022964723655480427,-3.6585452395885447,-3.182333536556505,sequential,#1
1221,10411101001,411,1,1,0.890706473517162,0.8642090623030338,1,0.0022964723655480427,-3.6585452395885447,-6.726150232991108,sequential,#1
1222,10411101002,411,1,2,1.360979672731125,0.9406855771975468,1,0.0022964723655480427,-3.6585452395885447,-3.3459253150072152,sequential,#1
1223,10411101003,411,1,3,0.4595621468617966,2.295358917966915,1,0.0022964723655480427,-3.6585452395885447,-3.9865463620646353,sequential,#1
1224,10411101004,411,1,4,0.2361048956697343,0.34204989763373106,1,0.0022964723655480427,-3.6585452395885447,0.9826969428263339,sequential,#1
1225,10411101005,411,1,5,0.2394488933471217,0.5871216980072169,1,0.0022964723655480427,-3.6585452395885447,-8.976748877122127,sequential,#1
1226,10411101006,411,1,6,0.1180434876278288,0.4079459857342587,1,0.0022964723655480427,-3.6585452395885447,3.1504739256477072,sequential,#1
1227,10411101007,411,1,7,0.167896086084805,0.7888955736950073,1,0.0022964723655480427,-3.6585452395885447,-11.701186603252188,sequential,#1
1228,10411101008,411,1,8,0.36672187082491026,0.8904324165487326,1,0.0022964723655480427,-3.6585452395885447,-4.677592590558549,sequential,#1
1229,10411101009,411,1,9,0.24788491323193998,0.7167064885510838,1,0.0022964723655480427,-3.6585452395885447,-10.210014521058847,sequential,#1
1230,10411101010,411,1,10,1.2476795243656615,1.4092528777322815,1,0.0022964723655480427,-3.6585452395885447,0.3796525423470076,sequential,#1
1231,10411101011,411,1,11,0.6692282937040464,0.6796750798320845,1,0.0022964723655480427,-3.6585452395885447,4.590868555221671,sequential,#1
1232,10411101012,411,1,12,0.1213987996385882,0.3657113654350918,1,0.0022964723655480427,-3.6585452395885447,-11.105036664978952,sequential,#1
1233,10411101013,411,1,13,0.20338580984634272,3.1926573898711017,1,0.0022964723655480427,-3.6585452395885447,-2.093040455245264,sequential,#1
1234,10411101014,411,1,14,0.20799301753291222,0.32976724108731553,1,0.0022964723655480427,-3.6585452395885447,-8.619292523138888,sequential,#1
1235,10411101015,411,1,15,0.4799984601977843,0.44129342215476725,1,0.0022964723655480427,-3.6585452395885447,-0.13859673569222736,sequential,#1
1236,10411101016,411,1,16,0.20077208831680604,1.1099926906982882,1,0.0022964723655480427,-3.6585452395885447,-3.1517716892613867,sequential,#1
1237,10411101017,411,1,17,0.24682524999145786,0.5473898369437434,1,0.0022964723655480427,-3.6585452395885447,-0.3303458632165903,sequential,#1
1238,10411101018,411,1,18,0.21893389562235568,0.7258746186424486,1,0.0022964723655480427,-3.6585452395885447,-2.302761395469575,sequential,#1
1239,10411101019,411,1,19,0.2986285209628124,1.9372301012733908,1,0.0022964723655480427,-3.6585452395885447,-1.7272533921995532,sequential,#1
1240,10411102000,411,2,0,0.023144104637987873,0.7953093818756773,0,0.6324100346592121,-0.6080386533151861,8.086539432527372,sequential,#2
1241,10411102001,411,2,1,0.02275653597195239,2.1730886961423854,0,0.6324100346592121,-0.6080386533151861,-7.017952030691564,sequential,#2
1242,10411102002,411,2,2,0.010761821300675165,0.3634520945512935,0,0.6324100346592121,-0.6080386533151861,-11.881756246809035,sequential,#2
1243,10411102003,411,2,3,0.01586906585212897,0.6230879383740787,0,0.6324100346592121,-0.6080386533151861,-5.621175943399066,sequential,#2
1244,10411102004,411,2,4,0.01999251051053896,0.5826976308220504,0,0.6324100346592121,-0.6080386533151861,5.3192783224167925,sequential,#2
1245,10411102005,411,2,5,0.019426241029300975,0.37017847448537633,0,0.6324100346592121,-0.6080386533151861,-4.22900901872281,sequential,#2
1246,10411102006,411,2,6,0.030906397807096427,0.4818716717714361,0,0.6324100346592121,-0.6080386533151861,-5.205592810612471,sequential,#2
1247,10411102007,411,2,7,0.017317399938971904,2.7459744686874097,0,0.6324100346592121,-0.6080386533151861,1.4444681975998397,sequential,#2
1248,10411102008,411,2,8,0.01902106258141312,0.11915141386709356,0,0.6324100346592121,-0.6080386533151861,0.3017097740225684,sequential,#2
1249,10411102009,411,2,9,0.014134923605097627,0.9457496813704039,0,0.6324100346592121,-0.6080386533151861,-5.5481262244185645,sequential,#2
1250,10411102010,411,2,10,0.018079035940638914,2.047752986177005,0,0.6324100346592121,-0.6080386533151861,6.021265885924689,sequential,#2
1251,10411102011,411,2,11,0.02446436748922435,1.5724053925569996,0,0.6324100346592121,-0.6080386533151861,-2.734807330637561,sequential,#2
1252,10411102012,411,2,12,0.019142688885065387,0.7790764336774426,0,0.6324100346592121,-0.6080386533151861,-0.5233449383728229,sequential,#2
1253,10411102013,411,2,13,1.2337217386820145,1.2337217386820145,0,0.6324100346592121,-0.6080386533151861,1.9708142613599877,sequential,#2
1254,10411102014,411,2,14,0.015503383110859161,6.585073276433087,0,0.6324100346592121,-0.6080386533151861,-0.5839049609345345,sequential,#2
1255,10411102015,411,2,15,0.02994390211645319,0.41439556907149566,0,0.6324100346592121,-0.6080386533151861,11.871321184484783,sequential,#2
1256,10411102016,411,2,16,0.8493098467468451,0.8493098467468451,0,0.6324100346592121,-0.6080386533151861,1.0073437315085818,sequential,#2
1257,10411102017,411,2,17,0.017281541381856128,1.6121839431637501,0,0.6324100346592121,-0.6080386533151861,-2.2440645815880953,sequential,#2
1258,10411102018,411,2,18,0.30049338244105517,0.30049338244105517,0,0.6324100346592121,-0.6080386533151861,-3.483549715179539,sequential,#2
1259,10411102019,411,2,19,2.2464542554117877,2.2464542554117877,0,0.6324100346592121,-0.6080386533151861,0.8897699452177273,sequential,#2
1260,10411103000,411,3,0,0.1707421128109649,4.962238561612729,1,8.624446611776989e-10,-15.464793937294786,-8.588129007088837,sequential,#3
1261,10411103001,411,3,1,0.1962039576942304,0.2939022886153448,1,8.624446611776989e-10,-15.464793937294786,-3.344679027607392,sequential,#3
1262,10411103002,411,3,2,0.21101022823547722,1.331880642882784,1,8.624446611776989e-10,-15.464793937294786,-6.2993072381809485,sequential,#3
1263,10411103003,411,3,3,0.1276140727090708,0.5207833219826526,1,8.624446611776989e-10,-15.464793937294786,-3.898498176171083,sequential,#3
1264,10411103004,411,3,4,0.12563797778026706,0.2717566380462623,1,8.624446611776989e-10,-15.464793937294786,-20.17425561741698,sequential,#3
1265,10411103005,411,3,5,0.08937454361709633,0.10543116432711946,1,8.624446611776989e-10,-15.464793937294786,-22.440505923006942,sequential,#3
1266,10411103006,411,3,6,0.10996397107594502,0.09076557054362444,1,8.624446611776989e-10,-15.464793937294786,-10.621741049432618,sequential,#3
1267,10411103007,411,3,7,0.10639037820050673,0.16536915641227057,1,8.624446611776989e-10,-15.464793937294786,-19.794166884039488,sequential,#3
1268,10411103008,411,3,8,0.29333544830836145,0.14750901252091533,1,8.624446611776989e-10,-15.464793937294786,-12.677853215768286,sequential,#3
1269,10411103009,411,3,9,0.14705983285854368,0.15755647292055133,1,8.624446611776989e-10,-15.464793937294786,-14.00152563014321,sequential,#3
1270,10411103010,411,3,10,0.1714564968329919,0.16324092035696308,1,8.624446611776989e-10,-15.464793937294786,-14.743546714389348,sequential,#3
1271,10411103011,411,3,11,0.1636670926824713,0.1291195977303793,1,8.624446611776989e-10,-15.464793937294786,-18.349355314992234,sequential,#3
1272,10411103012,411,3,12,0.11749755531306195,0.0897534017974859,1,8.624446611776989e-10,-15.464793937294786,-18.786965775535226,sequential,#3
1273,10411103013,411,3,13,0.11892863700438037,0.3287667099854951,1,8.624446611776989e-10,-15.464793937294786,-18.0482918712879,sequential,#3
1274,10411103014,411,3,14,0.11111837864734848,0.36692681875621,1,8.624446611776989e-10,-15.464793937294786,-16.444752687951937,sequential,#3
1275,10411103015,411,3,15,0.13474550794869788,0.2018825836077675,1,8.624446611776989e-10,-15.464793937294786,-20.962897203367497,sequential,#3
1276,10411103016,411,3,16,0.11502368413049284,0.1745919591488325,1,8.624446611776989e-10,-15.464793937294786,-17.196851953328313,sequential,#3
1277,10411103017,411,3,17,0.12299544607119975,0.2593874189957102,1,8.624446611776989e-10,-15.464793937294786,-24.717803409899222,sequential,#3
1278,10411103018,411,3,18,0.08030329333353359,0.10771527487188506,1,8.624446611776989e-10,-15.464793937294786,-15.875567739182669,sequential,#3
1279,10411103019,411,3,19,0.0793274656489208,0.21188367073164857,1,8.624446611776989e-10,-15.464793937294786,-22.329184307105624,sequential,#3
1280,10411104000,411,4,0,0.02521525287595854,0.12820646746662492,0,0.7278356241153054,-0.4038282533101146,-7.840521002938908,sequential,#4
1281,10411104001,411,4,1,0.045746269919808374,0.27138060308563045,0,0.7278356241153054,-0.4038282533101146,0.20922918227515966,sequential,#4
1282,10411104002,411,4,2,0.03798651106166933,0.3344102085072736,0,0.7278356241153054,-0.4038282533101146,0.17551442254998686,sequential,#4
1283,10411104003,411,4,3,0.04705778214796134,0.21959509333076163,0,0.7278356241153054,-0.4038282533101146,-9.10243845042443,sequential,#4
1284,10411104004,411,4,4,0.07648073532729403,0.9410800222940509,0,0.7278356241153054,-0.4038282533101146,-2.865093100482602,sequential,#4
1285,10411104005,411,4,5,0.11772863198485051,0.42623545513823985,0,0.7278356241153054,-0.4038282533101146,4.59076799872719,sequential,#4
1286,10411104006,411,4,6,0.04386607913468071,0.348241859050082,0,0.7278356241153054,-0.4038282533101146,-4.385182339257631,sequential,#4
1287,10411104007,411,4,7,0.08378204497284844,0.19156595153923175,0,0.7278356241153054,-0.4038282533101146,2.8573085614953775,sequential,#4
1288,10411104008,411,4,8,0.026423875179696826,0.3385764712047413,0,0.7278356241153054,-0.4038282533101146,-1.9093498940135216,sequential,#4
1289,10411104009,411,4,9,0.026988378311519616,0.17895419547418845,0,0.7278356241153054,-0.4038282533101146,1.219192931660393,sequential,#4
1290,10411104010,411,4,10,0.06331908565941224,0.16381609611072706,0,0.7278356241153054,-0.4038282533101146,-7.087182825974773,sequential,#4
1291,10411104011,411,4,11,0.03595288909045539,0.22590051176284132,0,0.7278356241153054,-0.4038282533101146,8.066427695356694,sequential,#4
1292,10411104012,411,4,12,0.09191457496173634,0.3274391487564114,0,0.7278356241153054,-0.4038282533101146,1.0409939205499548,sequential,#4
1293,10411104013,411,4,13,0.024780846479031983,0.14078577223995814,0,0.7278356241153054,-0.4038282533101146,5.318013606688713,sequential,#4
1294,10411104014,411,4,14,0.02321250896071453,0.1599320348404914,0,0.7278356241153054,-0.4038282533101146,-0.967911735417512,sequential,#4
1295,10411104015,411,4,15,0.07265620101859892,0.19565129223952993,0,0.7278356241153054,-0.4038282533101146,9.814926472819002,sequential,#4
1296,10411104016,411,4,16,0.036402027907664024,0.21885268456209583,0,0.7278356241153054,-0.4038282533101146,0.10827839698902698,sequential,#4
1297,10411104017,411,4,17,0.03971519505485181,0.1824764801520252,0,0.7278356241153054,-0.4038282533101146,1.9527422393858573,sequential,#4
1298,10411104018,411,4,18,0.028106664092172596,0.23836385085806613,0,0.7278356241153054,-0.4038282533101146,-6.230926254708756,sequential,#4
1299,10411104019,411,4,19,0.03540805292021119,0.24402426115217501,0,0.7278356241153054,-0.4038282533101146,-3.0413548914815154,sequential,#4
1300,10411105000,411,5,0,0.017793052483910794,0.8798392672990571,1,3.399827117646456e-05,-7.760974460619022,-24.710547754133234,sequential,#5
1301,10411105001,411,5,1,0.0139187898710302,1.9540668828987546,1,3.399827117646456e-05,-7.760974460619022,-4.432891134354056,sequential,#5
1302,10411105002,411,5,2,0.016006534694221513,1.6345522826727963,1,3.399827117646456e-05,-7.760974460619022,-9.529662051789213,sequential,#5
1303,10411105003,411,5,3,0.013149244958104978,1.0301213733116306,1,3.399827117646456e-05,-7.760974460619022,1.7715147281133148,sequential,#5
1304,10411105004,411,5,4,0.024035636214523676,2.23091958531485,1,3.399827117646456e-05,-7.760974460619022,-10.7686770600551,sequential,#5
1305,10411105005,411,5,5,0.020969425344565543,1.2613370701078201,1,3.399827117646456e-05,-7.760974460619022,-13.728108431185468,sequential,#5
1306,10411105006,411,5,6,0.01663637254254217,3.34659587681837,1,3.399827117646456e-05,-7.760974460619022,-7.737808637353104,sequential,#5
1307,10411105007,411,5,7,0.039433109981161854,1.6679832103780936,1,3.399827117646456e-05,-7.760974460619022,-10.525331847831414,sequential,#5
1308,10411105008,411,5,8,0.020822775476440084,0.2856752490785024,1,3.399827117646456e-05,-7.760974460619022,-14.043127095663959,sequential,#5
1309,10411105009,411,5,9,0.019102192765621917,0.02979667586306693,1,3.399827117646456e-05,-7.760974460619022,-10.367160280002,sequential,#5
1310,10411105010,411,5,10,0.010267906032572001,0.19861220518460052,1,3.399827117646456e-05,-7.760974460619022,-7.019846959845024,sequential,#5
1311,10411105011,411,5,11,0.014414019843266668,2.105763840040456,1,3.399827117646456e-05,-7.760974460619022,-0.10189306572903097,sequential,#5
1312,10411105012,411,5,12,0.015365842613403374,0.9355640185466848,1,3.399827117646456e-05,-7.760974460619022,0.13349841545413663,sequential,#5
1313,10411105013,411,5,13,0.015381729695183326,1.9229429364105766,1,3.399827117646456e-05,-7.760974460619022,-0.7680897627344495,sequential,#5
1314,10411105014,411,5,14,0.04149875617531169,2.676671456430834,1,3.399827117646456e-05,-7.760974460619022,-9.59150161643246,sequential,#5
1315,10411105015,411,5,15,0.01315446928753076,8.05963907746193,1,3.399827117646456e-05,-7.760974460619022,-4.710342395525327,sequential,#5
1316,10411105016,411,5,16,0.017254684114396103,0.3370443853159709,1,3.399827117646456e-05,-7.760974460619022,-9.16157572110015,sequential,#5
1317,10411105017,411,5,17,0.015792656449412204,1.6542701662120787,1,3.399827117646456e-05,-7.760974460619022,-14.133818102352713,sequential,#5
1318,10411105018,411,5,18,0.007856991412949791,0.5372329800177238,1,3.399827117646456e-05,-7.760974460619022,-6.490788058018769,sequential,#5
1319,10411105019,411,5,19,0.01002370196296304,2.412510200308155,1,3.399827117646456e-05,-7.760974460619022,0.6966676181575854,sequential,#5
1320,10412100000,412,0,0,0.013609345166882517,0.027854530559460546,1,4.8586966989039945e-06,-7.8141108499175616,-4.9805061407745175,sequential,#0
1321,10412100001,412,0,1,0.013935430089580729,0.029912815591380752,1,4.8586966989039945e-06,-7.8141108499175616,-12.953268213605329,sequential,#0
1322,10412100002,412,0,2,0.01261296165467351,0.05934373291958586,1,4.8586966989039945e-06,-7.8141108499175616,-4.482019397912151,sequential,#0
1323,10412100003,412,0,3,0.012614463011368888,0.03869619220319272,1,4.8586966989039945e-06,-7.8141108499175616,-5.742588207846151,sequential,#0
1324,10412100004,412,0,4,0.010499383407017676,0.03560663217051695,1,4.8586966989039945e-06,-7.8141108499175616,2.996444294514735,sequential,#0
1325,10412100005,412,0,5,0.011844553655798442,0.04632158534741217,1,4.8586966989039945e-06,-7.8141108499175616,-6.15760598284259,sequential,#0
1326,10412100006,412,0,6,0.012257572172974924,0.057506329403468594,1,4.8586966989039945e-06,-7.8141108499175616,-5.39828761056385,sequential,#0
1327,10412100007,412,0,7,0.009579975069848186,0.09489295265355341,1,4.8586966989039945e-06,-7.8141108499175616,-1.62211471162047,sequential,#0
1328,10412100008,412,0,8,0.017685004342207232,0.08157376856706047,1,4.8586966989039945e-06,-7.8141108499175616,-3.263451507838589,sequential,#0
1329,10412100009,412,0,9,0.016196877724017775,0.07918271499909985,1,4.8586966989039945e-06,-7.8141108499175616,-9.730508582469147,sequential,#0
1330,10412100010,412,0,10,0.014615958861433303,0.19241659185201515,1,4.8586966989039945e-06,-7.8141108499175616,1.301041647050834,sequential,#0
1331,10412100011,412,0,11,0.014307396372455676,0.5157316627537749,1,4.8586966989039945e-06,-7.8141108499175616,-8.210882534392416,sequential,#0
1332,10412100012,412,0,12,0.013889867879485972,0.2941964146962697,1,4.8586966989039945e-06,-7.8141108499175616,-15.091289566323537,sequential,#0
1333,10412100013,412,0,13,0.03096403366955374,0.16766419498308271,1,4.8586966989039945e-06,-7.8141108499175616,-17.30148957242095,sequential,#0
1334,10412100014,412,0,14,0.021896431322289946,0.1916984807490386,1,4.8586966989039945e-06,-7.8141108499175616,-7.908368606138693,sequential,#0
1335,10412100015,412,0,15,0.013155512089566232,0.20151247997206417,1,4.8586966989039945e-06,-7.8141108499175616,-12.970411303929469,sequential,#0
1336,10412100016,412,0,16,0.01933832452812768,0.25750155922233464,1,4.8586966989039945e-06,-7.8141108499175616,-5.882813298848787,sequential,#0
1337,10412100017,412,0,17,0.012670590425742275,0.2807986005662978,1,4.8586966989039945e-06,-7.8141108499175616,-13.33010349984674,sequential,#0
1338,10412100018,412,0,18,0.05717659871997265,0.07591195990046977,1,4.8586966989039945e-06,-7.8141108499175616,-10.339023775271732,sequential,#0
1339,10412100019,412,0,19,0.016058783321552646,0.06969910275109817,1,4.8586966989039945e-06,-7.8141108499175616,-15.21497042727168,sequential,#0
1340,10412101000,412,1,0,2.5816259444458436,0.2300955688707323,1,3.814697265625e-06,-22.172317009737487,0.9325296754354924,sequential,#1
1341,10412101001,412,1,1,0.03626356089962517,0.09522947157706642,1,3.814697265625e-06,-22.172317009737487,-21.650092561992523,sequential,#1
1342,10412101002,412,1,2,0.0366249682313151,0.3674365783524723,1,3.814697265625e-06,-22.172317009737487,-26.81923434183499,sequential,#1
1343,10412101003,412,1,3,0.048555196632139884,0.21912712838710866,1,3.814697265625e-06,-22.172317009737487,-19.918406436801867,sequential,#1
1344,10412101004,412,1,4,0.049251496970166724,1.7087038608415308,1,3.814697265625e-06,-22.172317009737487,-26.93687699894239,sequential,#1
1345,10412101005,412,1,5,0.035423581648156115,0.2900848719917206,1,3.814697265625e-06,-22.172317009737487,-23.509443010483444,sequential,#1
1346,10412101006,412,1,6,0.051240064454793684,0.3720794887767053,1,3.814697265625e-06,-22.172317009737487,-22.32171995226768,sequential,#1
1347,10412101007,412,1,7,0.1441715994351501,1.4870809967964222,1,3.814697265625e-06,-22.172317009737487,-17.919707757522175,sequential,#1
1348,10412101008,412,1,8,0.05252623072954205,0.6203244783904095,1,3.814697265625e-06,-22.172317009737487,-13.415802048482206,sequential,#1
1349,10412101009,412,1,9,0.02971855979515182,0.4775037457791919,1,3.814697265625e-06,-22.172317009737487,-25.262195111527102,sequential,#1
1350,10412101010,412,1,10,0.034921102736767975,0.21198576438133943,1,3.814697265625e-06,-22.172317009737487,-31.329875392341318,sequential,#1
1351,10412101011,412,1,11,0.03485065534504479,0.11735323001611854,1,3.814697265625e-06,-22.172317009737487,-26.966898146447917,sequential,#1
1352,10412101012,412,1,12,0.04476855867954766,0.38236654794659836,1,3.814697265625e-06,-22.172317009737487,-26.351617555016336,sequential,#1
1353,10412101013,412,1,13,0.053385684385478485,0.3637107612004484,1,3.814697265625e-06,-22.172317009737487,-28.742898521017853,sequential,#1
1354,10412101014,412,1,14,0.054825690541980256,0.5597748700071832,1,3.814697265625e-06,-22.172317009737487,-25.315243345200305,sequential,#1
1355,10412101015,412,1,15,0.05489367088971599,0.3642257024255472,1,3.814697265625e-06,-22.172317009737487,-15.647595646771077,sequential,#1
1356,10412101016,412,1,16,0.07156855726624524,0.21841043428925747,1,3.814697265625e-06,-22.172317009737487,-26.231356999861244,sequential,#1
1357,10412101017,412,1,17,0.11220959937536593,0.31683382092715895,1,3.814697265625e-06,-22.172317009737487,-22.598401248050074,sequential,#1
1358,10412101018,412,1,18,0.14583414622330743,0.4771907535035299,1,3.814697265625e-06,-22.172317009737487,-20.048154712058512,sequential,#1
1359,10412101019,412,1,19,0.06094264264394139,0.7837215625883923,1,3.814697265625e-06,-22.172317009737487,-23.39335008356619,sequential,#1
1360,10412102000,412,2,0,0.006013238448752139,0.20633642839976069,1,2.9389686753212388e-18,-24.80204387800676,-23.644447848682315,sequential,#2
1361,10412102001,412,2,1,0.013902250736457603,0.20663596944188048,1,2.9389686753212388e-18,-24.80204387800676,-24.748853116902094,sequential,#2
1362,10412102002,412,2,2,0.011518033906968872,0.14334863839162737,1,2.9389686753212388e-18,-24.80204387800676,-22.97330225705385,sequential,#2
1363,10412102003,412,2,3,0.01439265703768866,0.38557291378270886,1,2.9389686753212388e-18,-24.80204387800676,-22.95408850728641,sequential,#2
1364,10412102004,412,2,4,0.2584497632404006,0.2584497632404006,1,2.9389686753212388e-18,-24.80204387800676,-16.390693291637984,sequential,#2
1365,10412102005,412,2,5,0.009081725679271648,0.2114462743933665,1,2.9389686753212388e-18,-24.80204387800676,-27.96989475893418,sequential,#2
1366,10412102006,412,2,6,0.33473766080622824,0.33473766080622824,1,2.9389686753212388e-18,-24.80204387800676,-29.619585940314774,sequential,#2
1367,10412102007,412,2,7,0.6014724726258097,0.6014724726258097,1,2.9389686753212388e-18,-24.80204387800676,-29.113064156552074,sequential,#2
1368,10412102008,412,2,8,0.007175691934862445,0.7030263734171178,1,2.9389686753212388e-18,-24.80204387800676,-26.618462278974086,sequential,#2
1369,10412102009,412,2,9,0.007886210485863805,0.32315121908683786,1,2.9389686753212388e-18,-24.80204387800676,-24.011101136206488,sequential,#2
1370,10412102010,412,2,10,1.8869871683108659,1.8869871683108659,1,2.9389686753212388e-18,-24.80204387800676,-24.198261864042575,sequential,#2
1371,10412102011,412,2,11,0.008363141847842322,0.4018216438288392,1,2.9389686753212388e-18,-24.80204387800676,-26.66488060500456,sequential,#2
1372,10412102012,412,2,12,0.010138264226730172,0.6409025375521712,1,2.9389686753212388e-18,-24.80204387800676,-21.327834593289726,sequential,#2
1373,10412102013,412,2,13,0.009313842059045408,0.36301950595756993,1,2.9389686753212388e-18,-24.80204387800676,-22.51305785878724,sequential,#2
1374,10412102014,412,2,14,0.006855688447946731,0.3217681520614908,1,2.9389686753212388e-18,-24.80204387800676,-19.990692901814274,sequential,#2
1375,10412102015,412,2,15,0.006930029287503623,0.3025461908245646,1,2.9389686753212388e-18,-24.80204387800676,-26.962633066325118,sequential,#2
1376,10412102016,412,2,16,0.010661083557801852,0.3521459927240918,1,2.9389686753212388e-18,-24.80204387800676,-23.123260419538006,sequential,#2
1377,10412102017,412,2,17,0.0068298845864448385,0.18116994181871984,1,2.9389686753212388e-18,-24.80204387800676,-27.533877057945674,sequential,#2
1378,10412102018,412,2,18,0.0066396133815223414,0.25990440692906114,1,2.9389686753212388e-18,-24.80204387800676,-26.99799115870879,sequential,#2
1379,10412102019,412,2,19,0.00684583490311682,0.2161370562640806,1,2.9389686753212388e-18,-24.80204387800676,-28.68489474213498,sequential,#2
1380,10412103000,412,3,0,0.05514518859068393,0.5780359455607034,1,1.9073486328125e-06,-9.406493124025811,-6.088373696159352,sequential,#3
1381,10412103001,412,3,1,0.04646893804282867,0.27864180322776744,1,1.9073486328125e-06,-9.406493124025811,-7.1513031576597195,sequential,#3
1382,10412103002,412,3,2,0.04682682833161531,0.9338536500288778,1,1.9073486328125e-06,-9.406493124025811,-1.6966055847537211,sequential,#3
1383,10412103003,412,3,3,0.04902565044795665,6.998639764437082,1,1.9073486328125e-06,-9.406493124025811,-13.727379416409173,sequential,#3
1384,10412103004,412,3,4,0.07643387899751217,0.47219472023639303,1,1.9073486328125e-06,-9.406493124025811,-5.441451903214148,sequential,#3
1385,10412103005,412,3,5,0.12721083147873602,6.470682757512073,1,1.9073486328125e-06,-9.406493124025811,-5.7045032541251,sequential,#3
1386,10412103006,412,3,6,0.10247114308123881,1.1561598164735378,1,1.9073486328125e-06,-9.406493124025811,-10.128844291048255,sequential,#3
1387,10412103007,412,3,7,0.1471427914381099,1.1647863219630183,1,1.9073486328125e-06,-9.406493124025811,-6.77915998946459,sequential,#3
1388,10412103008,412,3,8,0.07968454531490297,0.145486422858964,1,1.9073486328125e-06,-9.406493124025811,-9.14411196158947,sequential,#3
1389,10412103009,412,3,9,0.0607407466418192,0.11068641139430922,1,1.9073486328125e-06,-9.406493124025811,-16.221677784160676,sequential,#3
1390,10412103010,412,3,10,0.07117188626013914,0.708503710639861,1,1.9073486328125e-06,-9.406493124025811,-3.7353790186408027,sequential,#3
1391,10412103011,412,3,11,0.05270171944651505,0.20688240675791436,1,1.9073486328125e-06,-9.406493124025811,-9.793932216490013,sequential,#3
1392,10412103012,412,3,12,0.05378919545881341,0.09093549424300346,1,1.9073486328125e-06,-9.406493124025811,-10.24097366271393,sequential,#3
1393,10412103013,412,3,13,0.068330462980354,0.16998460666595444,1,1.9073486328125e-06,-9.406493124025811,-24.72347420353413,sequential,#3
1394,10412103014,412,3,14,0.16168213276476134,0.4550637776450115,1,1.9073486328125e-06,-9.406493124025811,-9.735575999504395,sequential,#3
1395,10412103015,412,3,15,0.09335319863964275,0.23550430866467895,1,1.9073486328125e-06,-9.406493124025811,-8.69008987006394,sequential,#3
1396,10412103016,412,3,16,0.3611272434290875,0.1492602903783211,1,1.9073486328125e-06,-9.406493124025811,-9.120266430685318,sequential,#3
1397,10412103017,412,3,17,0.09073956738908774,0.17541551950286532,1,1.9073486328125e-06,-9.406493124025811,-7.661526787100694,sequential,#3
1398,10412103018,412,3,18,0.052412371187359134,0.8676602513506866,1,1.9073486328125e-06,-9.406493124025811,-3.202720708465322,sequential,#3
1399,10412103019,412,3,19,0.08585339437054851,0.22253932856789332,1,1.9073486328125e-06,-9.406493124025811,-19.142512544733467,sequential,#3
1400,10412104000,412,4,0,0.021279865400792547,0.06709191238497482,1,3.66214622918692e-14,-24.999866575205036,-25.46824833794504,sequential,#4
1401,10412104001,412,4,1,0.028025533463185568,0.09772204855886708,1,3.66214622918692e-14,-24.999866575205036,-10.288294020951204,sequential,#4
1402,10412104002,412,4,2,0.03652904343661157,0.2057412944904184,1,3.66214622918692e-14,-24.999866575205036,-27.57941397123434,sequential,#4
1403,10412104003,412,4,3,0.02432386206831103,0.17214888763583328,1,3.66214622918692e-14,-24.999866575205036,-22.872014307350035,sequential,#4
1404,10412104004,412,4,4,0.03494045463767207,0.10238190623336309,1,3.66214622918692e-14,-24.999866575205036,-22.714280564019543,sequential,#4
1405,10412104005,412,4,5,0.02695090618001162,0.21484623384012286,1,3.66214622918692e-14,-24.999866575205036,-25.38542298454599,sequential,#4
1406,10412104006,412,4,6,0.027395942222942476,0.7194068587342257,1,3.66214622918692e-14,-24.999866575205036,-19.170089365386808,sequential,#4
1407,10412104007,412,4,7,0.028696105105918725,0.2103299577691761,1,3.66214622918692e-14,-24.999866575205036,-21.007616122770628,sequential,#4
1408,10412104008,412,4,8,0.012838235737953629,0.09134960306603813,1,3.66214622918692e-14,-24.999866575205036,-30.686016179856043,sequential,#4
1409,10412104009,412,4,9,0.020580401953713964,0.08281519350297883,1,3.66214622918692e-14,-24.999866575205036,-31.27690288097526,sequential,#4
1410,10412104010,412,4,10,0.017314559904220837,0.19360806055490912,1,3.66214622918692e-14,-24.999866575205036,-23.52605212639749,sequential,#4
1411,10412104011,412,4,11,0.015372403699029974,0.1619605595908949,1,3.66214622918692e-14,-24.999866575205036,-25.031543674385073,sequential,#4
1412,10412104012,412,4,12,0.022881147979426565,0.25651580912107513,1,3.66214622918692e-14,-24.999866575205036,-30.676122359947282,sequential,#4
1413,10412104013,412,4,13,0.024938645926213494,0.11744179246706923,1,3.66214622918692e-14,-24.999866575205036,-20.971922521819415,sequential,#4
1414,10412104014,412,4,14,0.018014578356781077,0.13576639724506157,1,3.66214622918692e-14,-24.999866575205036,-23.013861684438865,sequential,#4
1415,10412104015,412,4,15,0.016363899394926173,0.12562414495111976,1,3.66214622918692e-14,-24.999866575205036,-28.447404033540856,sequential,#4
1416,10412104016,412,4,16,0.018916611868456955,0.29702868155881645,1,3.66214622918692e-14,-24.999866575205036,-28.9283908326236,sequential,#4
1417,10412104017,412,4,17,0.015646477473897413,0.1518914930829844,1,3.66214622918692e-14,-24.999866575205036,-24.996731245483353,sequential,#4
1418,10412104018,412,4,18,0.0162241282104049,0.24760966578443383,1,3.66214622918692e-14,-24.999866575205036,-37.1803076841831,sequential,#4
1419,10412104019,412,4,19,0.02244199811172836,0.16183792500230157,1,3.66214622918692e-14,-24.999866575205036,-20.776696606246812,sequential,#4
1420,10412105000,412,5,0,0.011830467086947164,0.07275503297775057,0,0.2513824971298444,2.308955027821928,-7.1233703117755685,sequential,#5
1421,10412105001,412,5,1,0.008719992695130995,0.17071464319097496,0,0.2513824971298444,2.308955027821928,9.798681554422856,sequential,#5
1422,10412105002,412,5,2,0.005446661164346391,0.25023675990428873,0,0.2513824971298444,2.308955027821928,8.16032034178314,sequential,#5
1423,10412105003,412,5,3,0.005404116224004771,7.092832685088522,0,0.2513824971298444,2.308955027821928,11.562215938821847,sequential,#5
1424,10412105004,412,5,4,0.005346155186160558,0.31114345224403445,0,0.2513824971298444,2.308955027821928,7.702773464944782,sequential,#5
1425,10412105005,412,5,5,0.009421628420088646,0.10229978813906568,0,0.2513824971298444,2.308955027821928,1.1225781407620707,sequential,#5
1426,10412105006,412,5,6,0.007355261373883919,1.5986067025433803,0,0.2513824971298444,2.308955027821928,9.137978771210056,sequential,#5
1427,10412105007,412,5,7,0.004394580837265967,0.16798579326423344,0,0.2513824971298444,2.308955027821928,12.083327125686369,sequential,#5
1428,10412105008,412,5,8,0.0061518422732515145,0.32972412874931933,0,0.2513824971298444,2.308955027821928,-1.8204780117265333,sequential,#5
1429,10412105009,412,5,9,0.010677509478591566,0.6131691120035669,0,0.2513824971298444,2.308955027821928,7.598776186074592,sequential,#5
1430,10412105010,412,5,10,0.004488613349691747,0.6663065383641404,0,0.2513824971298444,2.308955027821928,12.682422850712358,sequential,#5
1431,10412105011,412,5,11,0.011026555090589111,0.08505411849860639,0,0.2513824971298444,2.308955027821928,-9.165490537034987,sequential,#5
1432,10412105012,412,5,12,0.024550492533915495,0.16452663310894494,0,0.2513824971298444,2.308955027821928,-17.952941576499377,sequential,#5
1433,10412105013,412,5,13,0.010289661767640719,0.36833016093921755,0,0.2513824971298444,2.308955027821928,-7.844977051500315,sequential,#5
1434,10412105014,412,5,14,0.011156062379415115,0.30373866689745455,0,0.2513824971298444,2.308955027821928,4.81149707513381,sequential,#5
1435,10412105015,412,5,15,0.015066406661543907,0.15489113222665538,0,0.2513824971298444,2.308955027821928,-5.791675016887893,sequential,#5
1436,10412105016,412,5,16,0.008187425257989838,0.13226289721804765,0,0.2513824971298444,2.308955027821928,-4.16248765339081,sequential,#5
1437,10412105017,412,5,17,0.008708775862933652,0.12534740195636068,0,0.2513824971298444,2.308955027821928,2.7407132959618057,sequential,#5
1438,10412105018,412,5,18,0.011058895139137898,0.1842869535204875,0,0.2513824971298444,2.308955027821928,0.5838996888974604,sequential,#5
1439,10412105019,412,5,19,0.004202803328440142,0.10818062155142283,0,0.2513824971298444,2.308955027821928,12.055336280842905,sequential,#5
1440,10413100000,413,0,0,0.03009618012099832,0.1956385227921685,1,0.007146031099599437,-3.1237873653563,0.8198917797045501,sequential,#0
1441,10413100001,413,0,1,0.06649003214950071,0.1647236743447513,1,0.007146031099599437,-3.1237873653563,-5.330339871799081,sequential,#0
1442,10413100002,413,0,2,0.06779075338406007,0.3197352543844085,1,0.007146031099599437,-3.1237873653563,-10.28007819994327,sequential,#0
1443,10413100003,413,0,3,0.08465835023973038,0.42546888492165247,1,0.007146031099599437,-3.1237873653563,-2.5704310862270194,sequential,#0
1444,10413100004,413,0,4,0.061620151528135075,1.5432164410451532,1,0.007146031099599437,-3.1237873653563,4.7892550583659546,sequential,#0
1445,10413100005,413,0,5,0.04512281364506069,0.5184522039391415,1,0.007146031099599437,-3.1237873653563,-4.276654614110155,sequential,#0
1446,10413100006,413,0,6,0.05445542860471665,0.572129917294967,1,0.007146031099599437,-3.1237873653563,-2.8781872112542635,sequential,#0
1447,10413100007,413,0,7,0.05265400483431568,1.5707777278650847,1,0.007146031099599437,-3.1237873653563,3.0240409715852863,sequential,#0
1448,10413100008,413,0,8,0.05303897987815089,1.2481757185747977,1,0.007146031099599437,-3.1237873653563,3.4024787372153154,sequential,#0
1449,10413100009,413,0,9,0.031692888504623616,1.048781888262369,1,0.007146031099599437,-3.1237873653563,1.3494208347936962,sequential,#0
1450,10413100010,413,0,10,0.04859287220881844,0.9657683691593727,1,0.007146031099599437,-3.1237873653563,-1.388321362931255,sequential,#0
1451,10413100011,413,0,11,0.032488627487039304,0.27253168911836484,1,0.007146031099599437,-3.1237873653563,-1.0606581159836497,sequential,#0
1452,10413100012,413,0,12,0.050158142305205294,0.6642448160985278,1,0.007146031099599437,-3.1237873653563,-1.1324137310810884,sequential,#0
1453,10413100013,413,0,13,0.04002716288258022,0.3442469092711278,1,0.007146031099599437,-3.1237873653563,-12.258403259194676,sequential,#0
1454,10413100014,413,0,14,0.0830008519944203,0.9391872191653002,1,0.007146031099599437,-3.1237873653563,-1.3366761671676473,sequential,#0
1455,10413100015,413,0,15,0.0640992567994092,0.4014903554340408,1,0.007146031099599437,-3.1237873653563,-4.075879614443068,sequential,#0
1456,10413100016,413,0,16,0.04867285372757066,0.5167106862577276,1,0.007146031099599437,-3.1237873653563,-5.957814846522529,sequential,#0
1457,10413100017,413,0,17,0.05197083347722863,0.2092738005288828,1,0.007146031099599437,-3.1237873653563,-7.3635790319886585,sequential,#0
1458,10413100018,413,0,18,0.05347559332215932,0.47816634520458534,1,0.007146031099599437,-3.1237873653563,-8.235936443573395,sequential,#0
1459,10413100019,413,0,19,0.04384061854468203,2.6373230095567557,1,0.007146031099599437,-3.1237873653563,-7.715461132571047,sequential,#0
1460,10413101000,413,1,0,0.27363305074154476,0.9279737486097694,0,0.09393333583475443,1.7353450287578505,6.953031675881893,sequential,#1
1461,10413101001,413,1,1,0.19934904955255248,1.8935991816839381,0,0.09393333583475443,1.7353450287578505,9.431157258095078,sequential,#1
1462,10413101002,413,1,2,0.2576373192465483,0.27999650573432344,0,0.09393333583475443,1.7353450287578505,1.0932873489568002,sequential,#1
1463,10413101003,413,1,3,0.3046538434620002,0.39846884219585754,0,0.09393333583475443,1.7353450287578505,7.890454414859339,sequential,#1
1464,10413101004,413,1,4,0.17011691711637894,0.16463125918076357,0,0.09393333583475443,1.7353450287578505,2.1511368274406997,sequential,#1
1465,10413101005,413,1,5,1.4773463086863277,5.73841426613679,0,0.09393333583475443,1.7353450287578505,-4.650795344945331,sequential,#1
1466,10413101006,413,1,6,0.4174158418976867,0.19329982941789486,0,0.09393333583475443,1.7353450287578505,-8.592695881150668,sequential,#1
1467,10413101007,413,1,7,0.25491349510416383,0.34320655596373145,0,0.09393333583475443,1.7353450287578505,0.9322727973449761,sequential,#1
1468,10413101008,413,1,8,0.23857467113726316,0.4298885274417218,0,0.09393333583475443,1.7353450287578505,-1.9619172028905212,sequential,#1
1469,10413101009,413,1,9,0.516587715569724,0.48566080168756676,0,0.09393333583475443,1.7353450287578505,5.857140998593416,sequential,#1
1470,10413101010,413,1,10,0.7418808302279226,0.3464843869011902,0,0.09393333583475443,1.7353450287578505,0.9430624260474809,sequential,#1
1471,10413101011,413,1,11,0.3223721633766674,0.1849981194339452,0,0.09393333583475443,1.7353450287578505,1.7266146258318742,sequential,#1
1472,10413101012,413,1,12,0.24750344473769156,0.5346051236198761,0,0.09393333583475443,1.7353450287578505,2.2220930661565554,sequential,#1
1473,10413101013,413,1,13,0.20857025752148628,0.14630426300178576,0,0.09393333583475443,1.7353450287578505,1.8755701060606855,sequential,#1
1474,10413101014,413,1,14,0.26210687174379627,0.3157304051626353,0,0.09393333583475443,1.7353450287578505,1.0527116968251948,sequential,#1
1475,10413101015,413,1,15,0.5703227664502735,0.543132830902384,0,0.09393333583475443,1.7353450287578505,6.042588567073899,sequential,#1
1476,10413101016,413,1,16,0.27319983798005676,0.2726635251848971,0,0.09393333583475443,1.7353450287578505,-1.211981887841997,sequential,#1
1477,10413101017,413,1,17,0.2809361070808487,0.34967835714564155,0,0.09393333583475443,1.7353450287578505,-1.8712777977441277,sequential,#1
1478,10413101018,413,1,18,0.27364228523897854,0.45535997134607037,0,0.09393333583475443,1.7353450287578505,5.719436436842006,sequential,#1
1479,10413101019,413,1,19,0.3166675305618969,0.9327327156379005,0,0.09393333583475443,1.7353450287578505,-0.8949895562802428,sequential,#1
1480,10413102000,413,2,0,0.049033097815948626,0.20966882744643364,0,0.17685317993164062,-1.5563366907108376,14.202392853731048,sequential,#2
1481,10413102001,413,2,1,0.05219764616217308,0.7886003905960449,0,0.17685317993164062,-1.5563366907108376,10.02142070505358,sequential,#2
1482,10413102002,413,2,2,0.07920309196093968,0.9118763029300605,0,0.17685317993164062,-1.5563366907108376,-2.5676717866210836,sequential,#2
1483,10413102003,413,2,3,0.08720058374041274,4.057503519823013,0,0.17685317993164062,-1.5563366907108376,1.9992602017816676,sequential,#2
1484,10413102004,413,2,4,0.044856846251357545,6.122221830993894,0,0.17685317993164062,-1.5563366907108376,-2.8251664921304234,sequential,#2
1485,10413102005,413,2,5,0.02758470354663039,0.8379844673340343,0,0.17685317993164062,-1.5563366907108376,-6.120068974653403,sequential,#2
1486,10413102006,413,2,6,0.0627544745023906,0.3647847969032759,0,0.17685317993164062,-1.5563366907108376,-5.849760077471173,sequential,#2
1487,10413102007,413,2,7,0.048055312958434085,0.32992852729924854,0,0.17685317993164062,-1.5563366907108376,-3.829408363186282,sequential,#2
1488,10413102008,413,2,8,0.10951382486732644,0.6273973764915295,0,0.17685317993164062,-1.5563366907108376,-6.449059921162417,sequential,#2
1489,10413102009,413,2,9,0.048119399825269596,2.483024516524653,0,0.17685317993164062,-1.5563366907108376,5.0563618535037875,sequential,#2
1490,10413102010,413,2,10,0.752815626559706,0.752815626559706,0,0.17685317993164062,-1.5563366907108376,-13.623587720705933,sequential,#2
1491,10413102011,413,2,11,0.09629645772497003,0.3613233874347774,0,0.17685317993164062,-1.5563366907108376,-11.217530613009158,sequential,#2
1492,10413102012,413,2,12,0.050668176935958736,1.3636888263833622,0,0.17685317993164062,-1.5563366907108376,-6.259386537781609,sequential,#2
1493,10413102013,413,2,13,0.1250795780787793,0.3824624458352932,0,0.17685317993164062,-1.5563366907108376,-8.063208369350203,sequential,#2
1494,10413102014,413,2,14,0.35955182440109296,2.0836545489220213,0,0.17685317993164062,-1.5563366907108376,19.546110145146532,sequential,#2
1495,10413102015,413,2,15,0.059369376108790964,0.06664095419457897,0,0.17685317993164062,-1.5563366907108376,-0.9384464370647574,sequential,#2
1496,10413102016,413,2,16,0.08338906137337015,2.765300599923252,0,0.17685317993164062,-1.5563366907108376,-5.884663900937235,sequential,#2
1497,10413102017,413,2,17,0.05703864533892327,2.62873778483682,0,0.17685317993164062,-1.5563366907108376,-1.1683833132052241,sequential,#2
1498,10413102018,413,2,18,0.06460975923557899,1.2035000415574957,0,0.17685317993164062,-1.5563366907108376,-7.737189732142146,sequential,#2
1499,10413102019,413,2,19,0.06050762205683961,1.2002046421095391,0,0.17685317993164062,-1.5563366907108376,0.5812526659876801,sequential,#2
1500,10413103000,413,3,0,0.44819079579543863,7.530216786935827,1,7.67964301178187e-06,-8.36530059242618,3.136548583759604,sequential,#3
1501,10413103001,413,3,1,0.3017392190405837,5.088424156547688,1,7.67964301178187e-06,-8.36530059242618,2.0640038931333273,sequential,#3
1502,10413103002,413,3,2,0.25332486358259376,1.2022187993377462,1,7.67964301178187e-06,-8.36530059242618,-7.56106609860771,sequential,#3
1503,10413103003,413,3,3,0.1824360926435701,0.717398023200321,1,7.67964301178187e-06,-8.36530059242618,-3.7961381562943024,sequential,#3
1504,10413103004,413,3,4,0.2981751861543049,0.6869981777722699,1,7.67964301178187e-06,-8.36530059242618,-3.4333686178173517,sequential,#3
1505,10413103005,413,3,5,0.11628596547777345,2.256493283841775,1,7.67964301178187e-06,-8.36530059242618,-4.524721967229586,sequential,#3
1506,10413103006,413,3,6,0.23978125821576377,3.1169090621388325,1,7.67964301178187e-06,-8.36530059242618,-4.676781418323701,sequential,#3
1507,10413103007,413,3,7,0.20194503605994757,0.5958481136045127,1,7.67964301178187e-06,-8.36530059242618,-7.919001274194994,sequential,#3
1508,10413103008,413,3,8,0.1396682780119904,0.5143418432862833,1,7.67964301178187e-06,-8.36530059242618,-6.794347363827236,sequential,#3
1509,10413103009,413,3,9,0.2712566843819077,0.4253261040538602,1,7.67964301178187e-06,-8.36530059242618,-9.2628870673009,sequential,#3
1510,10413103010,413,3,10,0.14764288504944395,0.8825812116046782,1,7.67964301178187e-06,-8.36530059242618,-14.313347119234901,sequential,#3
1511,10413103011,413,3,11,0.20585055797529955,0.563382148485247,1,7.67964301178187e-06,-8.36530059242618,-6.608611234496109,sequential,#3
1512,10413103012,413,3,12,0.6424978691493928,1.456081435907385,1,7.67964301178187e-06,-8.36530059242618,-5.609280746558683,sequential,#3
1513,10413103013,413,3,13,0.22938329749545824,1.188346908294093,1,7.67964301178187e-06,-8.36530059242618,-17.132547414664565,sequential,#3
1514,10413103014,413,3,14,0.11400493616992842,4.392643525396251,1,7.67964301178187e-06,-8.36530059242618,-15.777024165706166,sequential,#3
1515,10413103015,413,3,15,0.19607301925694218,1.5744678714250528,1,7.67964301178187e-06,-8.36530059242618,-4.501656234770298,sequential,#3
1516,10413103016,413,3,16,0.1746639944532065,1.5507805828852002,1,7.67964301178187e-06,-8.36530059242618,-19.47832553742954,sequential,#3
1517,10413103017,413,3,17,0.8660715984048145,0.5708402912633791,1,7.67964301178187e-06,-8.36530059242618,-13.608263875422816,sequential,#3
1518,10413103018,413,3,18,0.1820205858725027,0.7515274450530663,1,7.67964301178187e-06,-8.36530059242618,-13.42865164852006,sequential,#3
1519,10413103019,413,3,19,0.21922046907202647,0.6056543494449261,1,7.67964301178187e-06,-8.36530059242618,-14.08054438501763,sequential,#3
1520,10413104000,413,4,0,0.11225665413019582,0.24901395638087648,1,0.0008569480779476976,4.446903349064263,9.357505324710193,sequential,#4
1521,10413104001,413,4,1,0.13925161689628943,0.788607189292001,1,0.0008569480779476976,4.446903349064263,3.330587710501082,sequential,#4
1522,10413104002,413,4,2,0.19494583984832534,1.816663336874601,1,0.0008569480779476976,4.446903349064263,-5.34939056602319,sequential,#4
1523,10413104003,413,4,3,0.1473222646673021,0.26944231750838316,1,0.0008569480779476976,4.446903349064263,-6.951497657600229,sequential,#4
1524,10413104004,413,4,4,0.08886845288477091,0.35002702281895304,1,0.0008569480779476976,4.446903349064263,2.842019700700119,sequential,#4
1525,10413104005,413,4,5,0.25893063839009967,0.33267501300161967,1,0.0008569480779476976,4.446903349064263,10.015434084575329,sequential,#4
1526,10413104006,413,4,6,0.3184951638435184,0.6788321730548387,1,0.0008569480779476976,4.446903349064263,5.314784412675525,sequential,#4
1527,10413104007,413,4,7,0.08891482219150773,0.4979620906040079,1,0.0008569480779476976,4.446903349064263,-1.5413380730761757,sequential,#4
1528,10413104008,413,4,8,0.15636480075484277,0.2715661392706152,1,0.0008569480779476976,4.446903349064263,9.418093289040012,sequential,#4
1529,10413104009,413,4,9,0.16766614076747346,0.5271564192488141,1,0.0008569480779476976,4.446903349064263,8.163610495788376,sequential,#4
1530,10413104010,413,4,10,0.076181730181073,0.1875154418420394,1,0.0008569480779476976,4.446903349064263,0.11517399618781347,sequential,#4
1531,10413104011,413,4,11,0.032720826060384234,0.261590314331713,1,0.0008569480779476976,4.446903349064263,7.853640540222048,sequential,#4
1532,10413104012,413,4,12,0.16851118114996164,0.3413237340798942,1,0.0008569480779476976,4.446903349064263,0.9923179867174474,sequential,#4
1533,10413104013,413,4,13,0.0773147914219506,0.23419837369425356,1,0.0008569480779476976,4.446903349064263,6.101071104609929,sequential,#4
1534,10413104014,413,4,14,0.07676470646082384,0.3462647443534644,1,0.0008569480779476976,4.446903349064263,9.918424029441795,sequential,#4
1535,10413104015,413,4,15,0.06310765446975156,0.21991884253950147,1,0.0008569480779476976,4.446903349064263,4.711857379734939,sequential,#4
1536,10413104016,413,4,16,0.1312836697824589,0.18071647592896214,1,0.0008569480779476976,4.446903349064263,9.377068478659677,sequential,#4
1537,10413104017,413,4,17,0.19688173747708054,0.3193513790011502,1,0.0008569480779476976,4.446903349064263,8.569879761116303,sequential,#4
1538,10413104018,413,4,18,0.12651306296426212,0.14866211807616747,1,0.0008569480779476976,4.446903349064263,4.4986454478334466,sequential,#4
1539,10413104019,413,4,19,0.10689653804049276,0.10502277461055001,1,0.0008569480779476976,4.446903349064263,2.2001795354708076,sequential,#4
1540,10413105000,413,5,0,0.03532963767235362,9.018250973177627,1,2.1177452186740493e-06,-5.737699510399895,-7.154859970979441,sequential,#5
1541,10413105001,413,5,1,0.0771737900919558,1.2007131096865475,1,2.1177452186740493e-06,-5.737699510399895,-1.768315042367125,sequential,#5
1542,10413105002,413,5,2,0.03837678869194706,1.1309700485855094,1,2.1177452186740493e-06,-5.737699510399895,-6.154102664019698,sequential,#5
1543,10413105003,413,5,3,0.04174829616434399,3.2962879796811753,1,2.1177452186740493e-06,-5.737699510399895,-8.42678100139067,sequential,#5
1544,10413105004,413,5,4,0.034357159904912005,0.8315136209769717,1,2.1177452186740493e-06,-5.737699510399895,-5.331847208216993,sequential,#5
1545,10413105005,413,5,5,0.03585184665155066,0.4181428206140628,1,2.1177452186740493e-06,-5.737699510399895,-13.15164375191069,sequential,#5
1546,10413105006,413,5,6,0.0584781451196103,0.9404419770158172,1,2.1177452186740493e-06,-5.737699510399895,-12.773389633200157,sequential,#5
1547,10413105007,413,5,7,0.027903558465393594,7.233340451216557,1,2.1177452186740493e-06,-5.737699510399895,-7.963889555054382,sequential,#5
1548,10413105008,413,5,8,0.06919592277745419,0.5989786862018068,1,2.1177452186740493e-06,-5.737699510399895,-6.078400316167216,sequential,#5
1549,10413105009,413,5,9,0.05100074969382739,1.044276337742755,1,2.1177452186740493e-06,-5.737699510399895,-11.75744813528204,sequential,#5
1550,10413105010,413,5,10,0.03846666196953253,0.5550102623697504,1,2.1177452186740493e-06,-5.737699510399895,-3.5328018905971774,sequential,#5
1551,10413105011,413,5,11,0.03530537080542166,1.2850988172136346,1,2.1177452186740493e-06,-5.737699510399895,2.6036754399157305,sequential,#5
1552,10413105012,413,5,12,0.033014283745764955,0.7889985446207793,1,2.1177452186740493e-06,-5.737699510399895,-3.608931705455296,sequential,#5
1553,10413105013,413,5,13,0.03996608851818377,1.2991180635078583,1,2.1177452186740493e-06,-5.737699510399895,-4.648180304972056,sequential,#5
1554,10413105014,413,5,14,0.04117121351278286,3.255616567862346,1,2.1177452186740493e-06,-5.737699510399895,-2.1181327128550755,sequential,#5
1555,10413105015,413,5,15,0.044165463162919534,1.6542356202755772,1,2.1177452186740493e-06,-5.737699510399895,-5.340588475392229,sequential,#5
1556,10413105016,413,5,16,0.04425845710384777,0.4465084059093398,1,2.1177452186740493e-06,-5.737699510399895,-5.374947467178038,sequential,#5
1557,10413105017,413,5,17,0.028473646061940805,0.2858257690740421,1,2.1177452186740493e-06,-5.737699510399895,-6.024938242699614,sequential,#5
1558,10413105018,413,5,18,0.03768959757770205,0.40020747063235756,1,2.1177452186740493e-06,-5.737699510399895,-3.3484345454741873,sequential,#5
1559,10413105019,413,5,19,0.04827608519310294,0.4583589542699949,1,2.1177452186740493e-06,-5.737699510399895,-2.8000330247015492,sequential,#5
1560,10414100000,414,0,0,0.03704495338283492,0.04018045686296141,1,2.6076005180127046e-12,-13.286158553062602,-9.789151552675055,sequential,#0
1561,10414100001,414,0,1,0.021866275799149286,0.027969821634781886,1,2.6076005180127046e-12,-13.286158553062602,-14.368160260757511,sequential,#0
1562,10414100002,414,0,2,0.023305980747515633,0.041066625808209384,1,2.6076005180127046e-12,-13.286158553062602,-8.376929483454031,sequential,#0
1563,10414100003,414,0,3,0.027431155886108324,0.052473868555487524,1,2.6076005180127046e-12,-13.286158553062602,-12.241364245906524,sequential,#0
1564,10414100004,414,0,4,0.01568762835418412,0.02911766522914961,1,2.6076005180127046e-12,-13.286158553062602,-8.917420158237244,sequential,#0
1565,10414100005,414,0,5,0.0394957119865893,0.03169774681178162,1,2.6076005180127046e-12,-13.286158553062602,-16.023520876337415,sequential,#0
1566,10414100006,414,0,6,0.015809958391924745,0.03162288654597036,1,2.6076005180127046e-12,-13.286158553062602,-18.115980651569494,sequential,#0
1567,10414100007,414,0,7,0.012771610622750309,0.025333795667768742,1,2.6076005180127046e-12,-13.286158553062602,-16.426750363402338,sequential,#0
1568,10414100008,414,0,8,0.01776062045897887,0.032774099941678014,1,2.6076005180127046e-12,-13.286158553062602,-16.87940351428844,sequential,#0
1569,10414100009,414,0,9,0.010225453498056829,0.035110281927391344,1,2.6076005180127046e-12,-13.286158553062602,-13.949607985155453,sequential,#0
1570,10414100010,414,0,10,0.02804517729760818,0.027491905586509362,1,2.6076005180127046e-12,-13.286158553062602,-17.964853286796572,sequential,#0
1571,10414100011,414,0,11,0.015625939848888708,0.05498622779570972,1,2.6076005180127046e-12,-13.286158553062602,-9.64683664931709,sequential,#0
1572,10414100012,414,0,12,0.019292702774499026,0.09091325267234104,1,2.6076005180127046e-12,-13.286158553062602,-12.414772576820203,sequential,#0
1573,10414100013,414,0,13,0.02249198560919444,0.05693514963703235,1,2.6076005180127046e-12,-13.286158553062602,-11.500376655575874,sequential,#0
1574,10414100014,414,0,14,0.01901104358428958,0.06194444273494622,1,2.6076005180127046e-12,-13.286158553062602,-13.159793547899655,sequential,#0
1575,10414100015,414,0,15,0.026168159868537398,0.04657388872688523,1,2.6076005180127046e-12,-13.286158553062602,-20.394693387413902,sequential,#0
1576,10414100016,414,0,16,0.026145732983997343,0.09524244829982918,1,2.6076005180127046e-12,-13.286158553062602,-13.770992458481341,sequential,#0
1577,10414100017,414,0,17,0.028630676964809174,0.09722744086340598,1,2.6076005180127046e-12,-13.286158553062602,-16.272134784754595,sequential,#0
1578,10414100018,414,0,18,0.017617509569163237,0.06203340684492463,1,2.6076005180127046e-12,-13.286158553062602,-8.814245565109921,sequential,#0
1579,10414100019,414,0,19,0.02026992997913701,0.05123303342349876,1,2.6076005180127046e-12,-13.286158553062602,-6.6961830572993986,sequential,#0
1580,10414101000,414,1,0,0.1808135202364014,2.6538497678182624,0,0.2897317539118586,-1.77126039121018,-0.49704676014783866,sequential,#1
1581,10414101001,414,1,1,0.28668678640482903,0.06686143108851342,0,0.2897317539118586,-1.77126039121018,-15.536306631786406,sequential,#1
1582,10414101002,414,1,2,0.10018055721652727,0.6321085973201379,0,0.2897317539118586,-1.77126039121018,-4.831437827037073,sequential,#1
1583,10414101003,414,1,3,0.24110652518059067,0.8131670048957226,0,0.2897317539118586,-1.77126039121018,-9.178283043962331,sequential,#1
1584,10414101004,414,1,4,0.11512533544879255,0.6135322181993687,0,0.2897317539118586,-1.77126039121018,-8.155807159142064,sequential,#1
1585,10414101005,414,1,5,1.783061123877555,4.191791007187908,0,0.2897317539118586,-1.77126039121018,2.2099431883026934,sequential,#1
1586,10414101006,414,1,6,0.30147988544981963,0.877161044986575,0,0.2897317539118586,-1.77126039121018,-5.85115058373682,sequential,#1
1587,10414101007,414,1,7,0.24874901568680619,0.8526729706873147,0,0.2897317539118586,-1.77126039121018,-5.87414080870203,sequential,#1
1588,10414101008,414,1,8,0.4213873261958808,0.9606309714070025,0,0.2897317539118586,-1.77126039121018,-3.189515639785332,sequential,#1
1589,10414101009,414,1,9,3.3956794527311707,4.324427424917985,0,0.2897317539118586,-1.77126039121018,-2.2829496264542204,sequential,#1
1590,10414101010,414,1,10,9.371418157435798,7.443026885035887,0,0.2897317539118586,-1.77126039121018,-2.0038557419454093,sequential,#1
1591,10414101011,414,1,11,0.6717832463129613,1.650634991913689,0,0.2897317539118586,-1.77126039121018,-7.392455617378628,sequential,#1
1592,10414101012,414,1,12,0.25317818661051544,1.0402702145466423,0,0.2897317539118586,-1.77126039121018,-0.40943719998444955,sequential,#1
1593,10414101013,414,1,13,1.0926141143012316,6.120016024253272,0,0.2897317539118586,-1.77126039121018,-8.43795788834621,sequential,#1
1594,10414101014,414,1,14,0.21802984844083884,0.2797893656272731,0,0.2897317539118586,-1.77126039121018,4.159258023004586,sequential,#1
1595,10414101015,414,1,15,3.538602268071133,5.581513983578007,0,0.2897317539118586,-1.77126039121018,2.0569148950747356,sequential,#1
1596,10414101016,414,1,16,0.7069792334996771,0.7422650494580538,0,0.2897317539118586,-1.77126039121018,0.8003121775043976,sequential,#1
1597,10414101017,414,1,17,0.6649052200448696,1.2120640411872792,0,0.2897317539118586,-1.77126039121018,5.2489843631551665,sequential,#1
1598,10414101018,414,1,18,0.5105492913456029,0.35001136334067023,0,0.2897317539118586,-1.77126039121018,4.743089335050066,sequential,#1
1599,10414101019,414,1,19,4.3004200173252904,1.173746160874825,0,0.2897317539118586,-1.77126039121018,18.996634722113566,sequential,#1
1600,10414102000,414,2,0,0.046498502707694934,0.7783186986878983,0,0.01106018074354727,-4.048915275581525,11.636076063849224,sequential,#2
1601,10414102001,414,2,1,0.05693941471978091,0.6971373470933914,0,0.01106018074354727,-4.048915275581525,-2.220201715436645,sequential,#2
1602,10414102002,414,2,2,0.009541038869459447,0.07247361274475278,0,0.01106018074354727,-4.048915275581525,-11.118521943882094,sequential,#2
1603,10414102003,414,2,3,0.007878422121908724,0.05470832618241066,0,0.01106018074354727,-4.048915275581525,-7.972746510972587,sequential,#2
1604,10414102004,414,2,4,0.009949068044354376,0.0755241651115418,0,0.01106018074354727,-4.048915275581525,-14.849187209065946,sequential,#2
1605,10414102005,414,2,5,0.009315226967557677,0.08228414496156286,0,0.01106018074354727,-4.048915275581525,-10.871714477967338,sequential,#2
1606,10414102006,414,2,6,0.012336614388145366,0.08224541567860362,0,0.01106018074354727,-4.048915275581525,-1.988271416708563,sequential,#2
1607,10414102007,414,2,7,0.009800427132642876,0.08036947039940971,0,0.01106018074354727,-4.048915275581525,-9.699961889228389,sequential,#2
1608,10414102008,414,2,8,0.009912042463027829,0.06670427636032861,0,0.01106018074354727,-4.048915275581525,-0.06438495502899873,sequential,#2
1609,10414102009,414,2,9,0.007630948475422549,0.09403633867164513,0,0.01106018074354727,-4.048915275581525,-0.9288036374763362,sequential,#2
1610,10414102010,414,2,10,0.009866602271014163,0.035740449430236895,0,0.01106018074354727,-4.048915275581525,-2.5929992468136804,sequential,#2
1611,10414102011,414,2,11,0.010257949746799866,0.14410946454400364,0,0.01106018074354727,-4.048915275581525,3.62923852653976,sequential,#2
1612,10414102012,414,2,12,0.0067745358518298375,0.07993459277624566,0,0.01106018074354727,-4.048915275581525,-5.059526009869535,sequential,#2
1613,10414102013,414,2,13,0.006280542680985165,0.2623860043389658,0,0.01106018074354727,-4.048915275581525,-7.510580896423454,sequential,#2
1614,10414102014,414,2,14,0.008194388791467142,0.11371945568704557,0,0.01106018074354727,-4.048915275581525,-2.7595984301360073,sequential,#2
1615,10414102015,414,2,15,0.00849660236746877,0.09705863743905463,0,0.01106018074354727,-4.048915275581525,-14.46548296566847,sequential,#2
1616,10414102016,414,2,16,0.010435885024081697,0.1890577339167714,0,0.01106018074354727,-4.048915275581525,-4.848350045346504,sequential,#2
1617,10414102017,414,2,17,0.008444388362110498,0.11897698744215329,0,0.01106018074354727,-4.048915275581525,0.40255242487819193,sequential,#2
1618,10414102018,414,2,18,0.013154909542353927,0.0932444645523976,0,0.01106018074354727,-4.048915275581525,1.9570884602383178,sequential,#2
1619,10414102019,414,2,19,0.006429697721530439,0.10338767166860764,0,0.01106018074354727,-4.048915275581525,-1.652929637111436,sequential,#2
1620,10414103000,414,3,0,0.20461626737763372,0.3666372886787354,0,0.24630322782403305,-1.0294912885845429,6.528554750683359,sequential,#3
1621,10414103001,414,3,1,0.06264725983219921,0.2659321181784268,0,0.24630322782403305,-1.0294912885845429,-3.867232771950881,sequential,#3
1622,10414103002,414,3,2,0.1807373836333146,3.0267609258909367,0,0.24630322782403305,-1.0294912885845429,-3.850314149125491,sequential,#3
1623,10414103003,414,3,3,0.7448144102123609,2.0356843299588716,0,0.24630322782403305,-1.0294912885845429,-2.380176815320425,sequential,#3
1624,10414103004,414,3,4,0.13881471488382843,1.2623141368274564,0,0.24630322782403305,-1.0294912885845429,3.5037886314922333,sequential,#3
1625,10414103005,414,3,5,0.24997867128942336,2.296676119117041,0,0.24630322782403305,-1.0294912885845429,1.799939922490933,sequential,#3
1626,10414103006,414,3,6,0.36654407967819314,0.23408753665938892,0,0.24630322782403305,-1.0294912885845429,-2.372926659685105,sequential,#3
1627,10414103007,414,3,7,0.4101617399533019,0.6737182742152771,0,0.24630322782403305,-1.0294912885845429,-1.7488873239970713,sequential,#3
1628,10414103008,414,3,8,0.5326283320353129,0.4795343508696819,0,0.24630322782403305,-1.0294912885845429,1.536286096603553,sequential,#3
1629,10414103009,414,3,9,0.10127027489862868,0.285270220560499,0,0.24630322782403305,-1.0294912885845429,-4.7331305302459725,sequential,#3
1630,10414103010,414,3,10,0.5052296313360304,0.9454189208836964,0,0.24630322782403305,-1.0294912885845429,-3.621178506398913,sequential,#3
1631,10414103011,414,3,11,0.33100629745888127,1.0563724309709872,0,0.24630322782403305,-1.0294912885845429,-3.3204614891309094,sequential,#3
1632,10414103012,414,3,12,0.15279931570459238,0.4506892103225492,0,0.24630322782403305,-1.0294912885845429,-1.8959769422445873,sequential,#3
1633,10414103013,414,3,13,0.1188474774601943,3.018686991616333,0,0.24630322782403305,-1.0294912885845429,-3.673448359685248,sequential,#3
1634,10414103014,414,3,14,0.13479816206674783,0.8800940282350633,0,0.24630322782403305,-1.0294912885845429,-7.1275983249891635,sequential,#3
1635,10414103015,414,3,15,0.262786707531392,0.6742240639178659,0,0.24630322782403305,-1.0294912885845429,0.7554505055330748,sequential,#3
1636,10414103016,414,3,16,1.5523456324551765,0.42348956566635265,0,0.24630322782403305,-1.0294912885845429,7.752289518286233,sequential,#3
1637,10414103017,414,3,17,0.7386015680509006,0.9564450442115903,0,0.24630322782403305,-1.0294912885845429,2.1509549936877854,sequential,#3
1638,10414103018,414,3,18,0.6321855044957966,1.3087537338475204,0,0.24630322782403305,-1.0294912885845429,-2.7820798125056303,sequential,#3
1639,10414103019,414,3,19,0.3046328657609923,0.9781429205023653,0,0.24630322782403305,-1.0294912885845429,-3.243678505188633,sequential,#3
1640,10414104000,414,4,0,0.09488073621193684,0.37979128424735525,1,2.4171106423215085e-08,-8.205296355639693,-8.44929803280849,sequential,#4
1641,10414104001,414,4,1,0.09576007982878879,0.9285349172923819,1,2.4171106423215085e-08,-8.205296355639693,-3.5424724156350864,sequential,#4
1642,10414104002,414,4,2,0.21248954956414748,0.6755253592089678,1,2.4171106423215085e-08,-8.205296355639693,-13.004280629757925,sequential,#4
1643,10414104003,414,4,3,0.10556562019861887,1.172038637781598,1,2.4171106423215085e-08,-8.205296355639693,-13.5367310222695,sequential,#4
1644,10414104004,414,4,4,0.5951713091878222,0.4885302894632326,1,2.4171106423215085e-08,-8.205296355639693,-11.997732317911874,sequential,#4
1645,10414104005,414,4,5,0.27431109380604674,0.571375791577827,1,2.4171106423215085e-08,-8.205296355639693,-9.368396462510582,sequential,#4
1646,10414104006,414,4,6,0.14065489697142114,1.119088806458785,1,2.4171106423215085e-08,-8.205296355639693,-10.538686136978715,sequential,#4
1647,10414104007,414,4,7,0.36522617934254237,0.333253623963779,1,2.4171106423215085e-08,-8.205296355639693,-9.918878808985495,sequential,#4
1648,10414104008,414,4,8,0.5350799075392682,0.8803373787821744,1,2.4171106423215085e-08,-8.205296355639693,0.46117768889349586,sequential,#4
1649,10414104009,414,4,9,0.14216790351340933,1.1773538421847738,1,2.4171106423215085e-08,-8.205296355639693,-5.5177730667846046,sequential,#4
1650,10414104010,414,4,10,0.5122581770999068,0.5972413175803276,1,2.4171106423215085e-08,-8.205296355639693,-5.199393253439574,sequential,#4
1651,10414104011,414,4,11,0.018881214294555967,0.18155325132993588,1,2.4171106423215085e-08,-8.205296355639693,-12.942480883909461,sequential,#4
1652,10414104012,414,4,12,0.016491503964902017,0.05838377409898259,1,2.4171106423215085e-08,-8.205296355639693,-6.581444667384495,sequential,#4
1653,10414104013,414,4,13,0.015508755468457121,0.08144199430244686,1,2.4171106423215085e-08,-8.205296355639693,-10.670086446412745,sequential,#4
1654,10414104014,414,4,14,0.1858338494995224,0.46474967710509907,1,2.4171106423215085e-08,-8.205296355639693,-7.019638921924685,sequential,#4
1655,10414104015,414,4,15,0.5598360343515372,0.4677360962189044,1,2.4171106423215085e-08,-8.205296355639693,-1.4181303798596314,sequential,#4
1656,10414104016,414,4,16,0.18679286341553433,0.36193481503436137,1,2.4171106423215085e-08,-8.205296355639693,-10.383083345987332,sequential,#4
1657,10414104017,414,4,17,0.2896407413254783,0.6246803992099009,1,2.4171106423215085e-08,-8.205296355639693,-8.314550432609451,sequential,#4
1658,10414104018,414,4,18,0.2888286878884307,0.32105642838317033,1,2.4171106423215085e-08,-8.205296355639693,-3.7285687383788098,sequential,#4
1659,10414104019,414,4,19,0.44139600245372895,0.9687086516468136,1,2.4171106423215085e-08,-8.205296355639693,-12.43547883813888,sequential,#4
1660,10414105000,414,5,0,0.04049704926935554,1.3895388806264912,0,0.19693085619478787,-1.2590417556763083,5.331791620491639,sequential,#5
1661,10414105001,414,5,1,0.03940439577288768,0.8555516293145705,0,0.19693085619478787,-1.2590417556763083,0.7203389158391637,sequential,#5
1662,10414105002,414,5,2,0.017284651671047653,0.17081707432790996,0,0.19693085619478787,-1.2590417556763083,-4.125252135462445,sequential,#5
1663,10414105003,414,5,3,0.010420964474360625,0.14747359275325636,0,0.19693085619478787,-1.2590417556763083,-4.520202022021907,sequential,#5
1664,10414105004,414,5,4,0.012085679479522712,0.1211367997157252,0,0.19693085619478787,-1.2590417556763083,4.588628207217132,sequential,#5
1665,10414105005,414,5,5,0.007119952113846881,0.15686011896541657,0,0.19693085619478787,-1.2590417556763083,-7.525663492722263,sequential,#5
1666,10414105006,414,5,6,0.027382590144625227,1.7468831633445963,0,0.19693085619478787,-1.2590417556763083,2.078408538637902,sequential,#5
1667,10414105007,414,5,7,0.022610265697822214,0.4506288653917715,0,0.19693085619478787,-1.2590417556763083,-6.017411073674088,sequential,#5
1668,10414105008,414,5,8,0.08900889599805357,0.5723870345796608,0,0.19693085619478787,-1.2590417556763083,1.8514830822718271,sequential,#5
1669,10414105009,414,5,9,0.012823692455040598,0.15816909485187242,0,0.19693085619478787,-1.2590417556763083,-0.723806978665921,sequential,#5
1670,10414105010,414,5,10,0.04219628123424861,0.9784579934444347,0,0.19693085619478787,-1.2590417556763083,1.148106076846244,sequential,#5
1671,10414105011,414,5,11,0.009757615551847666,0.8872375523268519,0,0.19693085619478787,-1.2590417556763083,2.2539919845945273,sequential,#5
1672,10414105012,414,5,12,0.04399262525592179,0.33677910132417416,0,0.19693085619478787,-1.2590417556763083,5.67442332414442,sequential,#5
1673,10414105013,414,5,13,0.039575097418516995,2.7849226962212295,0,0.19693085619478787,-1.2590417556763083,-5.220028592414723,sequential,#5
1674,10414105014,414,5,14,0.050544642126474575,0.6063951826058954,0,0.19693085619478787,-1.2590417556763083,-0.23257161477895819,sequential,#5
1675,10414105015,414,5,15,0.03229079161406789,0.3794728796928015,0,0.19693085619478787,-1.2590417556763083,-6.208619087473811,sequential,#5
1676,10414105016,414,5,16,0.021537997354873193,0.4305415239573136,0,0.19693085619478787,-1.2590417556763083,-0.8989323003145636,sequential,#5
1677,10414105017,414,5,17,0.02216260298818987,1.1480773673214857,0,0.19693085619478787,-1.2590417556763083,-2.9600226038868143,sequential,#5
1678,10414105018,414,5,18,0.06818763811338081,0.9283822305577438,0,0.19693085619478787,-1.2590417556763083,-7.640643601158884,sequential,#5
1679,10414105019,414,5,19,0.014045086874668534,0.29323835205563115,0,0.19693085619478787,-1.2590417556763083,-2.754853360994643,sequential,#5
1680,10415100000,415,0,0,0.023037290871191177,0.20576217666995483,1,8.348956914509516e-12,-16.264551807620432,-11.851702888391863,sequential,#0
1681,10415100001,415,0,1,0.01911814643429248,0.0568730849476089,1,8.348956914509516e-12,-16.264551807620432,-17.716879995793185,sequential,#0
1682,10415100002,415,0,2,0.022379369835605525,0.10715347624665668,1,8.348956914509516e-12,-16.264551807620432,-26.424822704491394,sequential,#0
1683,10415100003,415,0,3,0.022786817739092323,0.17269410502590007,1,8.348956914509516e-12,-16.264551807620432,-19.614540896819086,sequential,#0
1684,10415100004,415,0,4,0.02537755888124814,0.09914736374593926,1,8.348956914509516e-12,-16.264551807620432,-23.285170210182034,sequential,#0
1685,10415100005,415,0,5,0.029270477220588658,0.10725510867026754,1,8.348956914509516e-12,-16.264551807620432,-18.933774982265906,sequential,#0
1686,10415100006,415,0,6,0.02701766015746901,0.05875547517682289,1,8.348956914509516e-12,-16.264551807620432,-19.20010755837734,sequential,#0
1687,10415100007,415,0,7,0.024431190042018453,0.1572955180351914,1,8.348956914509516e-12,-16.264551807620432,-22.283527636912865,sequential,#0
1688,10415100008,415,0,8,0.02321426839020068,0.10312421247002006,1,8.348956914509516e-12,-16.264551807620432,-14.788783168116357,sequential,#0
1689,10415100009,415,0,9,0.030479947191299435,0.16443114241976386,1,8.348956914509516e-12,-16.264551807620432,-20.53249179885563,sequential,#0
1690,10415100010,415,0,10,0.03894289961425611,0.5447042169347106,1,8.348956914509516e-12,-16.264551807620432,-18.422510388760635,sequential,#0
1691,10415100011,415,0,11,0.022662869441555482,0.21779707605836193,1,8.348956914509516e-12,-16.264551807620432,-13.136051395335551,sequential,#0
1692,10415100012,415,0,12,0.031178137931269154,0.1439312362837626,1,8.348956914509516e-12,-16.264551807620432,-10.0370496784427,sequential,#0
1693,10415100013,415,0,13,0.023044978453458834,0.21319296702287818,1,8.348956914509516e-12,-16.264551807620432,-12.958336894004859,sequential,#0
1694,10415100014,415,0,14,0.024852240764378097,0.11088550856836775,1,8.348956914509516e-12,-16.264551807620432,-8.112516457180245,sequential,#0
1695,10415100015,415,0,15,0.026111918523175435,0.2804286796821429,1,8.348956914509516e-12,-16.264551807620432,-10.79278863095502,sequential,#0
1696,10415100016,415,0,16,0.03950188568358314,0.18331565542352676,1,8.348956914509516e-12,-16.264551807620432,-14.948768134953575,sequential,#0
1697,10415100017,415,0,17,0.03287600910292679,0.20857787837499944,1,8.348956914509516e-12,-16.264551807620432,-10.104501974654424,sequential,#0
1698,10415100018,415,0,18,0.038837503910807036,0.4454316443213764,1,8.348956914509516e-12,-16.264551807620432,-13.78284437950846,sequential,#0
1699,10415100019,415,0,19,0.03217494148960592,0.20259063798042337,1,8.348956914509516e-12,-16.264551807620432,-18.363866378407508,sequential,#0
1700,10415101000,415,1,0,0.419635630840679,0.2870361662747215,0,0.3374573025558645,-1.008997703127267,-0.29421815811907726,sequential,#1
1701,10415101001,415,1,1,0.07545585925455048,0.9625341187148533,0,0.3374573025558645,-1.008997703127267,-13.237811057129067,sequential,#1
1702,10415101002,415,1,2,0.21504600264808502,0.4053886724135434,0,0.3374573025558645,-1.008997703127267,1.6301282783731368,sequential,#1
1703,10415101003,415,1,3,0.20738588792906598,4.434243072567183,0,0.3374573025558645,-1.008997703127267,-0.6216201796971067,sequential,#1
1704,10415101004,415,1,4,0.0953898495820777,0.6228559222461124,0,0.3374573025558645,-1.008997703127267,2.392326778006928,sequential,#1
1705,10415101005,415,1,5,0.3341710080342464,6.060755977316642,0,0.3374573025558645,-1.008997703127267,-2.9561937086911128,sequential,#1
1706,10415101006,415,1,6,0.3826847712489629,1.494659420386409,0,0.3374573025558645,-1.008997703127267,-4.809924998819703,sequential,#1
1707,10415101007,415,1,7,0.13730780896771203,1.176705747778156,0,0.3374573025558645,-1.008997703127267,-2.408779279748359,sequential,#1
1708,10415101008,415,1,8,0.1311568769237718,0.5678020531538835,0,0.3374573025558645,-1.008997703127267,-3.1946921092147464,sequential,#1
1709,10415101009,415,1,9,0.2335335567856085,1.495594499357223,0,0.3374573025558645,-1.008997703127267,-1.241783544576793,sequential,#1
1710,10415101010,415,1,10,0.16099770137517705,0.8330326763250588,0,0.3374573025558645,-1.008997703127267,-4.409473711249257,sequential,#1
1711,10415101011,415,1,11,0.5676643440112209,1.3636038784506648,0,0.3374573025558645,-1.008997703127267,-0.056463001550788185,sequential,#1
1712,10415101012,415,1,12,0.26200607468878406,1.3188149976155974,0,0.3374573025558645,-1.008997703127267,-7.641693370935908,sequential,#1
1713,10415101013,415,1,13,0.8727069269536626,2.808607222102611,0,0.3374573025558645,-1.008997703127267,0.16595869414106668,sequential,#1
1714,10415101014,415,1,14,0.15553441292119216,2.587125531711053,0,0.3374573025558645,-1.008997703127267,0.6280643489372223,sequential,#1
1715,10415101015,415,1,15,0.09855912207239342,0.16671004492185812,0,0.3374573025558645,-1.008997703127267,7.464558098804344,sequential,#1
1716,10415101016,415,1,16,0.8082655733635397,0.4386205948484267,0,0.3374573025558645,-1.008997703127267,4.8179679154961805,sequential,#1
1717,10415101017,415,1,17,0.1326255607395079,1.4620410282608263,0,0.3374573025558645,-1.008997703127267,5.194900160126302,sequential,#1
1718,10415101018,415,1,18,0.11830444168230135,1.0058668536234678,0,0.3374573025558645,-1.008997703127267,-0.13331097782966556,sequential,#1
1719,10415101019,415,1,19,0.2859634015933115,0.5735250774192197,0,0.3374573025558645,-1.008997703127267,-1.467894238868937,sequential,#1
1720,10415102000,415,2,0,0.03368483531659522,1.4754211148271508,0,0.7308960714232032,-0.477581571673624,-1.51866255890799,sequential,#2
1721,10415102001,415,2,1,0.023571649629527774,0.07192768422120191,0,0.7308960714232032,-0.477581571673624,3.238325273445059,sequential,#2
1722,10415102002,415,2,2,0.02378113780288825,2.203709614862394,0,0.7308960714232032,-0.477581571673624,7.866474172220937,sequential,#2
1723,10415102003,415,2,3,0.018587147753218517,5.337585915994225,0,0.7308960714232032,-0.477581571673624,-6.853183478999636,sequential,#2
1724,10415102004,415,2,4,0.06397337075523171,5.017469391582872,0,0.7308960714232032,-0.477581571673624,-9.815439447222575,sequential,#2
1725,10415102005,415,2,5,0.09684369587452966,2.7363275419296165,0,0.7308960714232032,-0.477581571673624,0.6430300538313338,sequential,#2
1726,10415102006,415,2,6,0.30362399136801027,2.784576627177442,0,0.7308960714232032,-0.477581571673624,-3.2461988771849,sequential,#2
1727,10415102007,415,2,7,0.2252412518823518,0.2252412518823518,0,0.7308960714232032,-0.477581571673624,4.775253382753516,sequential,#2
1728,10415102008,415,2,8,3.70655217879271,3.70655217879271,0,0.7308960714232032,-0.477581571673624,-12.644799328079916,sequential,#2
1729,10415102009,415,2,9,3.089180785558827,3.089180785558827,0,0.7308960714232032,-0.477581571673624,-3.8817341620721644,sequential,#2
1730,10415102010,415,2,10,6.750862716567502,6.750862716567502,0,0.7308960714232032,-0.477581571673624,9.420956469419396,sequential,#2
1731,10415102011,415,2,11,0.027789898299147783,5.535760457576674,0,0.7308960714232032,-0.477581571673624,4.230994894502513,sequential,#2
1732,10415102012,415,2,12,1.9982786010192501,1.9982786010192501,0,0.7308960714232032,-0.477581571673624,-3.7958402872092174,sequential,#2
1733,10415102013,415,2,13,3.644362098618567,3.644362098618567,0,0.7308960714232032,-0.477581571673624,6.421244209148957,sequential,#2
1734,10415102014,415,2,14,0.711027781095465,2.269196083033697,0,0.7308960714232032,-0.477581571673624,-5.807123176353769,sequential,#2
1735,10415102015,415,2,15,3.1854835531924204,3.1854835531924204,0,0.7308960714232032,-0.477581571673624,-6.913485688085912,sequential,#2
1736,10415102016,415,2,16,0.29663358545335866,3.6359529818232184,0,0.7308960714232032,-0.477581571673624,-1.8329968509795724,sequential,#2
1737,10415102017,415,2,17,3.0032448247543027,3.0032448247543027,0,0.7308960714232032,-0.477581571673624,2.719106489054988,sequential,#2
1738,10415102018,415,2,18,0.2936588119930441,2.729810916982738,0,0.7308960714232032,-0.477581571673624,5.59421051057538,sequential,#2
1739,10415102019,415,2,19,1.7551400437362707,1.7551400437362707,0,0.7308960714232032,-0.477581571673624,1.8482369666710925,sequential,#2
1740,10415103000,415,3,0,0.18590179054601866,0.9948358988847262,0,0.8408222198486328,0.6067018474734832,-2.5384847199244103,sequential,#3
1741,10415103001,415,3,1,0.11791374607644227,0.014069747588590573,0,0.8408222198486328,0.6067018474734832,-0.35973941267001813,sequential,#3
1742,10415103002,415,3,2,0.1332504094616177,0.07534628813138025,0,0.8408222198486328,0.6067018474734832,-0.3971230954702508,sequential,#3
1743,10415103003,415,3,3,0.12915367170402453,4.791157717678178,0,0.8408222198486328,0.6067018474734832,-1.5066031490586758,sequential,#3
1744,10415103004,415,3,4,0.1342450025021232,1.969328200198228,0,0.8408222198486328,0.6067018474734832,-3.7755965787671846,sequential,#3
1745,10415103005,415,3,5,0.31206396368923933,2.6342213547137736,0,0.8408222198486328,0.6067018474734832,-3.8472679308831856,sequential,#3
1746,10415103006,415,3,6,0.28309065873209904,0.4161568175682845,0,0.8408222198486328,0.6067018474734832,-1.2178376676440992,sequential,#3
1747,10415103007,415,3,7,0.12857665540273538,0.9798341049524225,0,0.8408222198486328,0.6067018474734832,-6.683633545605383,sequential,#3
1748,10415103008,415,3,8,0.40567202618280995,3.4328166710922337,0,0.8408222198486328,0.6067018474734832,-1.6092844177576162,sequential,#3
1749,10415103009,415,3,9,0.1571404538853157,1.6146381691993021,0,0.8408222198486328,0.6067018474734832,-4.066066182853093,sequential,#3
1750,10415103010,415,3,10,0.19787465340862634,2.1171806819910834,0,0.8408222198486328,0.6067018474734832,-2.4853303072723807,sequential,#3
1751,10415103011,415,3,11,0.15073109605862964,1.9625330191414396,0,0.8408222198486328,0.6067018474734832,8.60732822700829,sequential,#3
1752,10415103012,415,3,12,0.18652587164270337,0.44220577584724574,0,0.8408222198486328,0.6067018474734832,0.5751900846593216,sequential,#3
1753,10415103013,415,3,13,0.31350527802067685,3.508103308378525,0,0.8408222198486328,0.6067018474734832,0.2564884428399823,sequential,#3
1754,10415103014,415,3,14,0.1310074686798706,1.8029758136795158,0,0.8408222198486328,0.6067018474734832,2.3593710769381246,sequential,#3
1755,10415103015,415,3,15,0.14280067604623337,0.7258454722458109,0,0.8408222198486328,0.6067018474734832,14.17217108893491,sequential,#3
1756,10415103016,415,3,16,0.1762492501037886,6.462027020747813,0,0.8408222198486328,0.6067018474734832,3.7772541249577536,sequential,#3
1757,10415103017,415,3,17,0.25095672376034284,0.41030550779278047,0,0.8408222198486328,0.6067018474734832,-3.4113868164299546,sequential,#3
1758,10415103018,415,3,18,0.23831654574615058,0.971071044073643,0,0.8408222198486328,0.6067018474734832,8.712164831757553,sequential,#3
1759,10415103019,415,3,19,0.19713897575859693,2.5923800868907474,0,0.8408222198486328,0.6067018474734832,5.57242289670998,sequential,#3
1760,10415104000,415,4,0,1.2980001318117642,1.1078320367769874,1,2.1275449993501135e-08,-11.237442988917824,-3.808147650665388,sequential,#4
1761,10415104001,415,4,1,0.1617411343066051,0.5909273422186528,1,2.1275449993501135e-08,-11.237442988917824,-8.476166855074535,sequential,#4
1762,10415104002,415,4,2,0.19119414036885216,0.6079040085584702,1,2.1275449993501135e-08,-11.237442988917824,-10.265659123700248,sequential,#4
1763,10415104003,415,4,3,0.07185026619915555,0.44663852516472435,1,2.1275449993501135e-08,-11.237442988917824,-10.105075684050206,sequential,#4
1764,10415104004,415,4,4,0.15440989826707346,0.6648065464154077,1,2.1275449993501135e-08,-11.237442988917824,-7.706872387288234,sequential,#4
1765,10415104005,415,4,5,0.14698374409124587,0.40675847867221143,1,2.1275449993501135e-08,-11.237442988917824,-3.497473279119561,sequential,#4
1766,10415104006,415,4,6,0.16206051041724387,0.416672170133121,1,2.1275449993501135e-08,-11.237442988917824,-13.540630859241524,sequential,#4
1767,10415104007,415,4,7,0.6013142736328669,6.15453453764711,1,2.1275449993501135e-08,-11.237442988917824,-27.13241087894913,sequential,#4
1768,10415104008,415,4,8,0.31477116380653725,0.736798847416074,1,2.1275449993501135e-08,-11.237442988917824,-9.964159915709464,sequential,#4
1769,10415104009,415,4,9,0.297444310671527,1.400698457330392,1,2.1275449993501135e-08,-11.237442988917824,-11.35154678852642,sequential,#4
1770,10415104010,415,4,10,0.13818148362985463,0.49370399219059996,1,2.1275449993501135e-08,-11.237442988917824,-16.740554673882105,sequential,#4
1771,10415104011,415,4,11,0.46772985373174125,0.393590737111826,1,2.1275449993501135e-08,-11.237442988917824,-5.756717132996192,sequential,#4
1772,10415104012,415,4,12,0.14214971682077507,0.7130783030914825,1,2.1275449993501135e-08,-11.237442988917824,-11.38515702123278,sequential,#4
1773,10415104013,415,4,13,0.09922068404032784,0.9542556639499248,1,2.1275449993501135e-08,-11.237442988917824,-15.930334980861794,sequential,#4
1774,10415104014,415,4,14,0.5622867443553045,1.186072090615116,1,2.1275449993501135e-08,-11.237442988917824,-4.730370954550362,sequential,#4
1775,10415104015,415,4,15,0.6793160721598992,1.1554339358907153,1,2.1275449993501135e-08,-11.237442988917824,-15.098683977251175,sequential,#4
1776,10415104016,415,4,16,0.19430660237146954,2.531243832652565,1,2.1275449993501135e-08,-11.237442988917824,-11.97150178947244,sequential,#4
1777,10415104017,415,4,17,0.1864169224193912,0.818912890163254,1,2.1275449993501135e-08,-11.237442988917824,-7.905672401535877,sequential,#4
1778,10415104018,415,4,18,0.5282306162966541,1.2770478123545972,1,2.1275449993501135e-08,-11.237442988917824,-14.760237181000688,sequential,#4
1779,10415104019,415,4,19,0.6335240897686782,0.5490145867587839,1,2.1275449993501135e-08,-11.237442988917824,-14.621486243248349,sequential,#4
1780,10415105000,415,5,0,0.031415614264714356,0.22522608095090085,0,0.04158999622405998,-3.1229504912675723,-4.286550732417709,sequential,#5
1781,10415105001,415,5,1,0.03857323926958001,0.8200790338458844,0,0.04158999622405998,-3.1229504912675723,-7.001240298458764,sequential,#5
1782,10415105002,415,5,2,0.06735410578899569,0.20954982545730583,0,0.04158999622405998,-3.1229504912675723,-2.802659477025805,sequential,#5
1783,10415105003,415,5,3,0.06658097367768208,0.7483239733245253,0,0.04158999622405998,-3.1229504912675723,-0.6755091519847461,sequential,#5
1784,10415105004,415,5,4,0.034361311241961436,0.24914747469039683,0,0.04158999622405998,-3.1229504912675723,-7.854960956250988,sequential,#5
1785,10415105005,415,5,5,0.03450509895288179,0.15250691887106485,0,0.04158999622405998,-3.1229504912675723,7.295487372805972,sequential,#5
1786,10415105006,415,5,6,0.14829105783149563,0.8222388498063097,0,0.04158999622405998,-3.1229504912675723,4.706750023998254,sequential,#5
1787,10415105007,415,5,7,0.08646625070553145,0.11254571272743949,0,0.04158999622405998,-3.1229504912675723,3.279479346223114,sequential,#5
1788,10415105008,415,5,8,0.01890861821210963,0.2519048175484183,0,0.04158999622405998,-3.1229504912675723,-9.413209789490711,sequential,#5
1789,10415105009,415,5,9,0.04739339267690895,0.2863116342187933,0,0.04158999622405998,-3.1229504912675723,-4.091254536250615,sequential,#5
1790,10415105010,415,5,10,0.03157541433542509,0.16373116972632942,0,0.04158999622405998,-3.1229504912675723,-4.345164655456393,sequential,#5
1791,10415105011,415,5,11,0.03376141428624845,0.26178396643579777,0,0.04158999622405998,-3.1229504912675723,-12.144116267089476,sequential,#5
1792,10415105012,415,5,12,0.08910195706261698,0.4474108476888483,0,0.04158999622405998,-3.1229504912675723,1.4697649251894942,sequential,#5
1793,10415105013,415,5,13,0.05285272551616332,1.1224975909642292,0,0.04158999622405998,-3.1229504912675723,-9.651768720566965,sequential,#5
1794,10415105014,415,5,14,0.10009964887797239,0.5437362452760865,0,0.04158999622405998,-3.1229504912675723,-13.451439449647797,sequential,#5
1795,10415105015,415,5,15,0.08221426486342757,2.526401492078208,0,0.04158999622405998,-3.1229504912675723,8.119677868900439,sequential,#5
1796,10415105016,415,5,16,0.9974972156056163,0.9974972156056163,0,0.04158999622405998,-3.1229504912675723,1.1502278285063792,sequential,#5
1797,10415105017,415,5,17,0.1818263865713441,4.2579778043966465,0,0.04158999622405998,-3.1229504912675723,1.4146512098860067,sequential,#5
1798,10415105018,415,5,18,0.06391712992118972,0.2707376561833058,0,0.04158999622405998,-3.1229504912675723,-3.2270414648346235,sequential,#5
1799,10415105019,415,5,19,0.03384065686568906,0.2873783297905444,0,0.04158999622405998,-3.1229504912675723,-10.95013290138651,sequential,#5
1800,10416100000,416,0,0,0.015108074530802063,0.03444867197397364,1,0.000209808349609375,-7.849878786513043,-34.600622723648094,sequential,#0
1801,10416100001,416,0,1,0.01707565159992918,0.03784206162368131,1,0.000209808349609375,-7.849878786513043,-14.851358484397112,sequential,#0
1802,10416100002,416,0,2,0.02291852393091987,0.027155234646222583,1,0.000209808349609375,-7.849878786513043,-5.582944146691051,sequential,#0
1803,10416100003,416,0,3,0.0435243030940428,0.04666608762474962,1,0.000209808349609375,-7.849878786513043,0.7411813964789502,sequential,#0
1804,10416100004,416,0,4,0.028804848698184084,0.03657578475227254,1,0.000209808349609375,-7.849878786513043,-2.537961229175231,sequential,#0
1805,10416100005,416,0,5,0.019180829272733936,0.049038601472901705,1,0.000209808349609375,-7.849878786513043,-6.753078875233617,sequential,#0
1806,10416100006,416,0,6,0.030712453675987197,0.04733138839517876,1,0.000209808349609375,-7.849878786513043,-8.790380990595146,sequential,#0
1807,10416100007,416,0,7,0.03429273493157047,0.04436954140573055,1,0.000209808349609375,-7.849878786513043,-7.26481783368154,sequential,#0
1808,10416100008,416,0,8,0.029485662187506954,0.03712973753650104,1,0.000209808349609375,-7.849878786513043,0.5991491081730882,sequential,#0
1809,10416100009,416,0,9,0.0356266920183923,0.04900310480113994,1,0.000209808349609375,-7.849878786513043,-5.214683562446228,sequential,#0
1810,10416100010,416,0,10,0.031588779000389616,0.03701029650465985,1,0.000209808349609375,-7.849878786513043,-2.7061778131241145,sequential,#0
1811,10416100011,416,0,11,0.014771303804074156,0.04307910582313531,1,0.000209808349609375,-7.849878786513043,-13.885255478617033,sequential,#0
1812,10416100012,416,0,12,0.023875835793293217,0.046580231012891805,1,0.000209808349609375,-7.849878786513043,-2.633083169527909,sequential,#0
1813,10416100013,416,0,13,0.03453755757761214,0.050094222995685,1,0.000209808349609375,-7.849878786513043,-0.564908446007577,sequential,#0
1814,10416100014,416,0,14,0.03248347480132836,0.03602501335703857,1,0.000209808349609375,-7.849878786513043,6.034588119656457,sequential,#0
1815,10416100015,416,0,15,0.015223366239774635,0.03664576392986618,1,0.000209808349609375,-7.849878786513043,-8.958982241805746,sequential,#0
1816,10416100016,416,0,16,0.02571022156432008,0.04004573431327644,1,0.000209808349609375,-7.849878786513043,-16.966818806868286,sequential,#0
1817,10416100017,416,0,17,0.01896516573740342,0.044070992608019464,1,0.000209808349609375,-7.849878786513043,-9.279761677912068,sequential,#0
1818,10416100018,416,0,18,0.017464974183875884,0.053395459339418146,1,0.000209808349609375,-7.849878786513043,-9.593984227341773,sequential,#0
1819,10416100019,416,0,19,0.0270547333446625,0.04998924037374681,1,0.000209808349609375,-7.849878786513043,-14.187674647496817,sequential,#0
1820,10416101000,416,1,0,0.5097440341459522,0.07920202079858639,1,7.306351291720039e-12,-20.243110851700912,-16.21299856852252,sequential,#1
1821,10416101001,416,1,1,0.056210702458038005,0.11423576468134342,1,7.306351291720039e-12,-20.243110851700912,-27.14900627993256,sequential,#1
1822,10416101002,416,1,2,0.01927028588083252,0.04913996523790978,1,7.306351291720039e-12,-20.243110851700912,-33.73084254581054,sequential,#1
1823,10416101003,416,1,3,0.03750097737334715,0.07996621773686666,1,7.306351291720039e-12,-20.243110851700912,-16.438565261553343,sequential,#1
1824,10416101004,416,1,4,0.11699488005331174,0.13305228864013724,1,7.306351291720039e-12,-20.243110851700912,-18.48591159182463,sequential,#1
1825,10416101005,416,1,5,0.04605338563313528,0.057801053093444466,1,7.306351291720039e-12,-20.243110851700912,-17.539394608541357,sequential,#1
1826,10416101006,416,1,6,0.025018132215673398,0.10504512633751081,1,7.306351291720039e-12,-20.243110851700912,-26.414936396592168,sequential,#1
1827,10416101007,416,1,7,0.03357806587113219,0.07038015040516235,1,7.306351291720039e-12,-20.243110851700912,-23.405867483714225,sequential,#1
1828,10416101008,416,1,8,0.033847535504483946,0.09957904697167434,1,7.306351291720039e-12,-20.243110851700912,-25.926542388568407,sequential,#1
1829,10416101009,416,1,9,0.11172403617202831,0.07002304639467578,1,7.306351291720039e-12,-20.243110851700912,-16.888769746578284,sequential,#1
1830,10416101010,416,1,10,0.06361230742144364,0.08012764063845725,1,7.306351291720039e-12,-20.243110851700912,-25.644160454243977,sequential,#1
1831,10416101011,416,1,11,0.06780753933483687,0.05225521798554123,1,7.306351291720039e-12,-20.243110851700912,-12.357398095003184,sequential,#1
1832,10416101012,416,1,12,0.06193157770533212,0.18189964720918042,1,7.306351291720039e-12,-20.243110851700912,-12.107254626667034,sequential,#1
1833,10416101013,416,1,13,0.057867201342614874,0.1256863247232069,1,7.306351291720039e-12,-20.243110851700912,-15.401566777228403,sequential,#1
1834,10416101014,416,1,14,0.04643838196263923,0.14608006802414908,1,7.306351291720039e-12,-20.243110851700912,-26.697802168865827,sequential,#1
1835,10416101015,416,1,15,0.045818387262129105,0.1490614651343177,1,7.306351291720039e-12,-20.243110851700912,-23.328286454325884,sequential,#1
1836,10416101016,416,1,16,0.04240890335138059,0.10685673653835608,1,7.306351291720039e-12,-20.243110851700912,-17.38800135077256,sequential,#1
1837,10416101017,416,1,17,0.055970140161703125,0.0643384322323983,1,7.306351291720039e-12,-20.243110851700912,-14.19489713288488,sequential,#1
1838,10416101018,416,1,18,0.03445160424305875,0.11452804559915547,1,7.306351291720039e-12,-20.243110851700912,-23.40090887561524,sequential,#1
1839,10416101019,416,1,19,0.05214469287851272,0.09724049547347358,1,7.306351291720039e-12,-20.243110851700912,-12.149106226773243,sequential,#1
1840,10416102000,416,2,0,0.011103521984519941,0.16298671584298224,1,1.2393925042509433e-11,-23.466254813857784,-13.288477575607432,sequential,#2
1841,10416102001,416,2,1,0.008268280375746676,0.24274636356289656,1,1.2393925042509433e-11,-23.466254813857784,-23.869666624896606,sequential,#2
1842,10416102002,416,2,2,0.009272905899191383,0.46845126503716833,1,1.2393925042509433e-11,-23.466254813857784,-24.460383536902118,sequential,#2
1843,10416102003,416,2,3,0.013951706198521934,0.38088641128531975,1,1.2393925042509433e-11,-23.466254813857784,-14.73864055304394,sequential,#2
1844,10416102004,416,2,4,0.011452577528981968,0.20191679133139592,1,1.2393925042509433e-11,-23.466254813857784,-22.16695661045794,sequential,#2
1845,10416102005,416,2,5,0.01646809349117608,0.1838642862590418,1,1.2393925042509433e-11,-23.466254813857784,-10.798459520436507,sequential,#2
1846,10416102006,416,2,6,0.01101745727868474,0.3543178739625951,1,1.2393925042509433e-11,-23.466254813857784,-27.7228574586957,sequential,#2
1847,10416102007,416,2,7,0.011068686998279767,0.11566650467782814,1,1.2393925042509433e-11,-23.466254813857784,-33.08791741047738,sequential,#2
1848,10416102008,416,2,8,0.009139420278796702,0.5032260549363049,1,1.2393925042509433e-11,-23.466254813857784,-37.705942322480645,sequential,#2
1849,10416102009,416,2,9,0.007927906650438105,0.549519628602746,1,1.2393925042509433e-11,-23.466254813857784,-28.92636060653835,sequential,#2
1850,10416102010,416,2,10,0.007366046886409987,0.1401006370639282,1,1.2393925042509433e-11,-23.466254813857784,-18.44245850616526,sequential,#2
1851,10416102011,416,2,11,0.010615063198087393,0.23671036874591533,1,1.2393925042509433e-11,-23.466254813857784,-31.838363711332725,sequential,#2
1852,10416102012,416,2,12,0.008006102133005365,0.33710674486839887,1,1.2393925042509433e-11,-23.466254813857784,-26.768162206492512,sequential,#2
1853,10416102013,416,2,13,0.010404852422087435,0.1799037638542614,1,1.2393925042509433e-11,-23.466254813857784,-18.672402475866424,sequential,#2
1854,10416102014,416,2,14,0.011934978626374689,0.14297469785752337,1,1.2393925042509433e-11,-23.466254813857784,-20.951037970952008,sequential,#2
1855,10416102015,416,2,15,0.008245242125723624,0.14260981758527394,1,1.2393925042509433e-11,-23.466254813857784,-30.10498158329567,sequential,#2
1856,10416102016,416,2,16,0.008502652943631353,0.2296971475503401,1,1.2393925042509433e-11,-23.466254813857784,-22.176120477149254,sequential,#2
1857,10416102017,416,2,17,0.010408163404797374,1.378244231521855,1,1.2393925042509433e-11,-23.466254813857784,-30.328751674562188,sequential,#2
1858,10416102018,416,2,18,0.00947997225062008,0.35366930074828307,1,1.2393925042509433e-11,-23.466254813857784,-19.119405127296925,sequential,#2
1859,10416102019,416,2,19,0.008283375807748287,0.224031579836097,1,1.2393925042509433e-11,-23.466254813857784,-14.157750324506118,sequential,#2
1860,10416103000,416,3,0,0.0951823315785728,0.3517070661760512,1,0.005580902099609375,-4.105454261939495,-5.819839722537742,sequential,#3
1861,10416103001,416,3,1,0.0534524048325386,0.7565027804667928,1,0.005580902099609375,-4.105454261939495,-4.459830436893544,sequential,#3
1862,10416103002,416,3,2,0.1129272149368788,0.22737987028075746,1,0.005580902099609375,-4.105454261939495,3.6811609268573453,sequential,#3
1863,10416103003,416,3,3,0.0985044870805389,8.881820140114849,1,0.005580902099609375,-4.105454261939495,-1.7844916113375842,sequential,#3
1864,10416103004,416,3,4,0.11302851468583905,1.4201455772663707,1,0.005580902099609375,-4.105454261939495,0.38054949476784383,sequential,#3
1865,10416103005,416,3,5,0.1444233266302598,0.8940165841632034,1,0.005580902099609375,-4.105454261939495,-3.2583368491242477,sequential,#3
1866,10416103006,416,3,6,0.07345433701004166,1.552449558453705,1,0.005580902099609375,-4.105454261939495,-7.935342398716764,sequential,#3
1867,10416103007,416,3,7,0.10920017517496688,3.570668022101427,1,0.005580902099609375,-4.105454261939495,-9.118398183812902,sequential,#3
1868,10416103008,416,3,8,0.2024609995858573,0.6335245172785628,1,0.005580902099609375,-4.105454261939495,-5.4488979916327995,sequential,#3
1869,10416103009,416,3,9,0.16050899419968673,4.10001383274754,1,0.005580902099609375,-4.105454261939495,-5.106806664082695,sequential,#3
1870,10416103010,416,3,10,0.3781352901991921,5.452811248959193,1,0.005580902099609375,-4.105454261939495,1.6919558497747018,sequential,#3
1871,10416103011,416,3,11,0.13562352384187434,2.0185620546469005,1,0.005580902099609375,-4.105454261939495,-0.038859122525012474,sequential,#3
1872,10416103012,416,3,12,0.0990132458582524,1.1731500824416454,1,0.005580902099609375,-4.105454261939495,-3.608758848719871,sequential,#3
1873,10416103013,416,3,13,0.12630307320010925,2.571901495267076,1,0.005580902099609375,-4.105454261939495,-2.175040930198099,sequential,#3
1874,10416103014,416,3,14,0.19014771349767315,1.8722245610365773,1,0.005580902099609375,-4.105454261939495,0.2009459117720691,sequential,#3
1875,10416103015,416,3,15,0.08194972753566414,9.53917469055292,1,0.005580902099609375,-4.105454261939495,0.5147800297260103,sequential,#3
1876,10416103016,416,3,16,0.24274789200813562,7.9429023923729325,1,0.005580902099609375,-4.105454261939495,2.5984183941101358,sequential,#3
1877,10416103017,416,3,17,0.11868430711221893,2.3436081079890227,1,0.005580902099609375,-4.105454261939495,-6.20221958151969,sequential,#3
1878,10416103018,416,3,18,0.062421733508097405,0.058947657269062384,1,0.005580902099609375,-4.105454261939495,-9.199717178900809,sequential,#3
1879,10416103019,416,3,19,0.033111433967227655,0.14525209431588004,1,0.005580902099609375,-4.105454261939495,-27.020356325796246,sequential,#3
1880,10416104000,416,4,0,0.0243883831028555,0.07940955602071138,0,0.013616561889648438,-4.247232811931212,-6.391610186079661,sequential,#4
1881,10416104001,416,4,1,0.04941787772283723,0.07246943122381465,0,0.013616561889648438,-4.247232811931212,-1.626848294466135,sequential,#4
1882,10416104002,416,4,2,0.03592289538962601,0.10423494106919494,0,0.013616561889648438,-4.247232811931212,2.9855382019948196,sequential,#4
1883,10416104003,416,4,3,0.011954615050324935,0.05499402195371337,0,0.013616561889648438,-4.247232811931212,-13.263258933491745,sequential,#4
1884,10416104004,416,4,4,0.023475491394012504,0.04761607390172189,0,0.013616561889648438,-4.247232811931212,0.24111628223311415,sequential,#4
1885,10416104005,416,4,5,0.02042735346792945,0.08451985234095576,0,0.013616561889648438,-4.247232811931212,-4.370010121175405,sequential,#4
1886,10416104006,416,4,6,0.021715816460067948,0.13440555898943743,0,0.013616561889648438,-4.247232811931212,2.654799706458683,sequential,#4
1887,10416104007,416,4,7,0.021399193083888872,0.12195064385952656,0,0.013616561889648438,-4.247232811931212,-2.3108532637640984,sequential,#4
1888,10416104008,416,4,8,0.0208117104080687,0.07039307260564229,0,0.013616561889648438,-4.247232811931212,-7.5226952487349745,sequential,#4
1889,10416104009,416,4,9,0.02297368392400275,0.16893574621444513,0,0.013616561889648438,-4.247232811931212,1.9354386576171143,sequential,#4
1890,10416104010,416,4,10,0.025038266304115517,0.06054255253673513,0,0.013616561889648438,-4.247232811931212,-4.935457692647675,sequential,#4
1891,10416104011,416,4,11,0.03211781958967656,0.07090742014001372,0,0.013616561889648438,-4.247232811931212,-13.815272259781704,sequential,#4
1892,10416104012,416,4,12,0.025121027412677015,0.08680890955786562,0,0.013616561889648438,-4.247232811931212,-22.52527183962226,sequential,#4
1893,10416104013,416,4,13,0.01934824315495283,0.09043363193694866,0,0.013616561889648438,-4.247232811931212,0.27964640929455625,sequential,#4
1894,10416104014,416,4,14,0.015099467180405382,0.08119011937031986,0,0.013616561889648438,-4.247232811931212,-5.279053467646671,sequential,#4
1895,10416104015,416,4,15,0.027692786155095496,0.1608414298554222,0,0.013616561889648438,-4.247232811931212,-2.273281077140577,sequential,#4
1896,10416104016,416,4,16,0.019600491722151534,0.08753731786392097,0,0.013616561889648438,-4.247232811931212,-10.654512709209852,sequential,#4
1897,10416104017,416,4,17,0.021006359329241293,0.12547318626633405,0,0.013616561889648438,-4.247232811931212,-3.3194492513862244,sequential,#4
1898,10416104018,416,4,18,0.044400937967235626,0.06156983745757444,0,0.013616561889648438,-4.247232811931212,3.414685276860441,sequential,#4
1899,10416104019,416,4,19,0.03254327114617033,0.09253556963032832,0,0.013616561889648438,-4.247232811931212,1.8316935720640066,sequential,#4
1900,10416105000,416,5,0,0.029294593704839406,0.05323378797703321,1,2.3130514149470693e-06,-9.307960010992087,-15.661634187907458,sequential,#5
1901,10416105001,416,5,1,0.016626668549148894,0.042250754513724384,1,2.3130514149470693e-06,-9.307960010992087,-14.42280933548056,sequential,#5
1902,10416105002,416,5,2,0.012601373914265425,0.07440827821889369,1,2.3130514149470693e-06,-9.307960010992087,-8.424359380196135,sequential,#5
1903,10416105003,416,5,3,0.02078512680658022,0.07774091308000894,1,2.3130514149470693e-06,-9.307960010992087,-6.378836511779137,sequential,#5
1904,10416105004,416,5,4,0.033291881701492596,0.04050733753987804,1,2.3130514149470693e-06,-9.307960010992087,-4.747792463649419,sequential,#5
1905,10416105005,416,5,5,0.016867670809375596,0.05252886560655135,1,2.3130514149470693e-06,-9.307960010992087,-11.815909778847105,sequential,#5
1906,10416105006,416,5,6,0.03062290018792175,0.06803551613733912,1,2.3130514149470693e-06,-9.307960010992087,-7.325331356862817,sequential,#5
1907,10416105007,416,5,7,0.013096289905801249,0.026868694125796958,1,2.3130514149470693e-06,-9.307960010992087,-18.514410377566954,sequential,#5
1908,10416105008,416,5,8,0.011298196732946054,0.034970949523793114,1,2.3130514149470693e-06,-9.307960010992087,-24.087125774088353,sequential,#5
1909,10416105009,416,5,9,0.01142831988062865,0.038797985763386944,1,2.3130514149470693e-06,-9.307960010992087,-18.96030327316952,sequential,#5
1910,10416105010,416,5,10,0.02191064905758141,0.05968658977376381,1,2.3130514149470693e-06,-9.307960010992087,-6.342481322590759,sequential,#5
1911,10416105011,416,5,11,0.0163061108309467,0.030124244844654653,1,2.3130514149470693e-06,-9.307960010992087,-8.926736956420077,sequential,#5
1912,10416105012,416,5,12,0.019679572060971783,0.04824411033698159,1,2.3130514149470693e-06,-9.307960010992087,-12.108863189652698,sequential,#5
1913,10416105013,416,5,13,0.021510302828149534,0.04423228968225899,1,2.3130514149470693e-06,-9.307960010992087,-5.9470609360488815,sequential,#5
1914,10416105014,416,5,14,0.017218127669389887,0.12923031314028377,1,2.3130514149470693e-06,-9.307960010992087,-1.5558123123395726,sequential,#5
1915,10416105015,416,5,15,0.01399152587432302,0.032444750047980676,1,2.3130514149470693e-06,-9.307960010992087,-2.5282741025932043,sequential,#5
1916,10416105016,416,5,16,0.01044679369525125,0.07222479657251876,1,2.3130514149470693e-06,-9.307960010992087,-5.9281935189566735,sequential,#5
1917,10416105017,416,5,17,0.01695314808442895,0.06759595787254791,1,2.3130514149470693e-06,-9.307960010992087,-6.719283496447671,sequential,#5
1918,10416105018,416,5,18,0.010932714930715523,0.046099928872910846,1,2.3130514149470693e-06,-9.307960010992087,-1.1573435504537444,sequential,#5
1919,10416105019,416,5,19,0.012605075706179658,0.05901085115035405,1,2.3130514149470693e-06,-9.307960010992087,-4.6066383947910134,sequential,#5
1920,10417100000,417,0,0,0.048064331461861,0.33536668744400666,0,0.24580985446920584,-1.481440910854475,3.505326287824363,sequential,#0
1921,10417100001,417,0,1,0.08753355155817735,0.13220632050719916,0,0.24580985446920584,-1.481440910854475,-5.752454664573901,sequential,#0
1922,10417100002,417,0,2,0.0454737866445819,0.09629710343540317,0,0.24580985446920584,-1.481440910854475,5.062518367746544,sequential,#0
1923,10417100003,417,0,3,0.046041772578322836,0.14960472231109653,0,0.24580985446920584,-1.481440910854475,1.0331662827627066,sequential,#0
1924,10417100004,417,0,4,0.024651727596666884,0.06140507640707969,0,0.24580985446920584,-1.481440910854475,-10.338985049887711,sequential,#0
1925,10417100005,417,0,5,0.06158020491847156,0.12436432539788177,0,0.24580985446920584,-1.481440910854475,-2.4779793395633867,sequential,#0
1926,10417100006,417,0,6,0.029863638398616603,0.16478060819060308,0,0.24580985446920584,-1.481440910854475,-4.2370782604299,sequential,#0
1927,10417100007,417,0,7,0.02624062975941849,0.13320697448093335,0,0.24580985446920584,-1.481440910854475,-7.31338079255755,sequential,#0
1928,10417100008,417,0,8,0.025926986640845723,0.052243809889949255,0,0.24580985446920584,-1.481440910854475,-0.2968092718028667,sequential,#0
1929,10417100009,417,0,9,0.0289169155110068,0.05414111995360257,0,0.24580985446920584,-1.481440910854475,-9.98762590279625,sequential,#0
1930,10417100010,417,0,10,0.01987221068920429,0.05832921730226969,0,0.24580985446920584,-1.481440910854475,-4.761716657838351,sequential,#0
1931,10417100011,417,0,11,0.024488581230350796,0.13503332557340547,0,0.24580985446920584,-1.481440910854475,-0.47581664638084137,sequential,#0
1932,10417100012,417,0,12,0.06957549648809096,0.14248988543070368,0,0.24580985446920584,-1.481440910854475,0.48929919672891176,sequential,#0
1933,10417100013,417,0,13,0.04989821062346425,0.09339400341018705,0,0.24580985446920584,-1.481440910854475,11.921280192431336,sequential,#0
1934,10417100014,417,0,14,0.025613717820404905,0.23559919537144314,0,0.24580985446920584,-1.481440910854475,-1.9950334335006352,sequential,#0
1935,10417100015,417,0,15,0.031056349668354206,0.18494026276356948,0,0.24580985446920584,-1.481440910854475,-0.09655648107232433,sequential,#0
1936,10417100016,417,0,16,0.033810627457263036,0.32372724864339103,0,0.24580985446920584,-1.481440910854475,5.9410420359367135,sequential,#0
1937,10417100017,417,0,17,0.032710015529122206,0.1037879688561654,0,0.24580985446920584,-1.481440910854475,-7.871571760875288,sequential,#0
1938,10417100018,417,0,18,0.024815652210378538,0.07467103450675079,0,0.24580985446920584,-1.481440910854475,-1.509514314900091,sequential,#0
1939,10417100019,417,0,19,0.024360000263723085,0.1362160242807113,0,0.24580985446920584,-1.481440910854475,-0.4669280043409797,sequential,#0
1940,10417101000,417,1,0,0.4368205516974057,0.26277518952750234,1,2.6463263861396126e-08,-10.498972941514548,-3.8931360332517446,sequential,#1
1941,10417101001,417,1,1,0.09748804697811109,0.2110304331092453,1,2.6463263861396126e-08,-10.498972941514548,-2.607441405595808,sequential,#1
1942,10417101002,417,1,2,0.07083283138627497,0.114948892605301,1,2.6463263861396126e-08,-10.498972941514548,-12.751824469077976,sequential,#1
1943,10417101003,417,1,3,0.06230516359394157,0.17490153576043221,1,2.6463263861396126e-08,-10.498972941514548,-6.706473865801457,sequential,#1
1944,10417101004,417,1,4,0.06498724415661021,0.16577171274642893,1,2.6463263861396126e-08,-10.498972941514548,-7.973798849809205,sequential,#1
1945,10417101005,417,1,5,0.1453753218949913,0.7886719463831625,1,2.6463263861396126e-08,-10.498972941514548,-4.330574971028756,sequential,#1
1946,10417101006,417,1,6,0.106166377785868,0.10980284352924136,1,2.6463263861396126e-08,-10.498972941514548,-7.2631093836552525,sequential,#1
1947,10417101007,417,1,7,0.04757297823222618,0.11755604495737175,1,2.6463263861396126e-08,-10.498972941514548,-10.638146418233369,sequential,#1
1948,10417101008,417,1,8,0.08895587217872239,0.3053135582934295,1,2.6463263861396126e-08,-10.498972941514548,-9.388480483258036,sequential,#1
1949,10417101009,417,1,9,0.07971782772666208,0.1938551788478149,1,2.6463263861396126e-08,-10.498972941514548,-17.65406503774773,sequential,#1
1950,10417101010,417,1,10,0.05970586623335533,0.10795108260737664,1,2.6463263861396126e-08,-10.498972941514548,-6.247056866498315,sequential,#1
1951,10417101011,417,1,11,0.09294918907747474,0.1817273071750191,1,2.6463263861396126e-08,-10.498972941514548,-6.06614680200519,sequential,#1
1952,10417101012,417,1,12,0.11606337923870125,0.32997334228606556,1,2.6463263861396126e-08,-10.498972941514548,-13.664383747640914,sequential,#1
1953,10417101013,417,1,13,0.15342905256487607,0.5445033082879011,1,2.6463263861396126e-08,-10.498972941514548,-6.433880499329662,sequential,#1
1954,10417101014,417,1,14,0.12169917188415054,0.49554208769195507,1,2.6463263861396126e-08,-10.498972941514548,-15.025099016911327,sequential,#1
1955,10417101015,417,1,15,0.324818125072605,0.252846615658449,1,2.6463263861396126e-08,-10.498972941514548,-10.300704799888216,sequential,#1
1956,10417101016,417,1,16,0.13598242348118988,0.23177891867211003,1,2.6463263861396126e-08,-10.498972941514548,-14.910625484303946,sequential,#1
1957,10417101017,417,1,17,0.0639548765517304,0.11342457247541328,1,2.6463263861396126e-08,-10.498972941514548,-17.180656528510788,sequential,#1
1958,10417101018,417,1,18,0.04821625646748623,0.2637162198961932,1,2.6463263861396126e-08,-10.498972941514548,-20.0206678526777,sequential,#1
1959,10417101019,417,1,19,0.07149056797230885,0.23239919022737415,1,2.6463263861396126e-08,-10.498972941514548,-16.923186315065593,sequential,#1
1960,10417102000,417,2,0,0.008384938672360051,0.20383002604122222,1,4.396422357825407e-11,-15.899253068963006,-15.900353716010137,sequential,#2
1961,10417102001,417,2,1,0.008619184467644347,0.11303191802787664,1,4.396422357825407e-11,-15.899253068963006,-26.292536131319576,sequential,#2
1962,10417102002,417,2,2,0.009730254487545982,0.22440157922710088,1,4.396422357825407e-11,-15.899253068963006,-20.865344803475196,sequential,#2
1963,10417102003,417,2,3,0.03037885676253063,0.5466271849241984,1,4.396422357825407e-11,-15.899253068963006,-15.25438135011067,sequential,#2
1964,10417102004,417,2,4,0.01055968830561927,0.1073161621993919,1,4.396422357825407e-11,-15.899253068963006,-20.75525369604848,sequential,#2
1965,10417102005,417,2,5,0.012797410843995913,0.1039894111134592,1,4.396422357825407e-11,-15.899253068963006,-18.930599237601697,sequential,#2
1966,10417102006,417,2,6,0.006656150075032062,0.16453770002661677,1,4.396422357825407e-11,-15.899253068963006,-19.773919056424226,sequential,#2
1967,10417102007,417,2,7,0.014328727692215942,0.2246424750522184,1,4.396422357825407e-11,-15.899253068963006,-7.055095629160123,sequential,#2
1968,10417102008,417,2,8,0.009260191056695557,0.24077660844896143,1,4.396422357825407e-11,-15.899253068963006,-15.795591574396587,sequential,#2
1969,10417102009,417,2,9,0.014696883891380116,0.9284829503284927,1,4.396422357825407e-11,-15.899253068963006,-14.072539053209729,sequential,#2
1970,10417102010,417,2,10,0.11744046545744152,0.3181631527710903,1,4.396422357825407e-11,-15.899253068963006,-12.601184261753833,sequential,#2
1971,10417102011,417,2,11,0.020634688471776373,0.19852497047281975,1,4.396422357825407e-11,-15.899253068963006,-21.124299914898128,sequential,#2
1972,10417102012,417,2,12,0.015247277258096402,0.1650457230189277,1,4.396422357825407e-11,-15.899253068963006,-17.968948282352898,sequential,#2
1973,10417102013,417,2,13,0.01120513992358185,0.45518646168562366,1,4.396422357825407e-11,-15.899253068963006,-10.047802126257883,sequential,#2
1974,10417102014,417,2,14,0.02358230934005539,0.22801649283388398,1,4.396422357825407e-11,-15.899253068963006,-8.322450789081156,sequential,#2
1975,10417102015,417,2,15,0.015952049187083425,0.30500861817278546,1,4.396422357825407e-11,-15.899253068963006,-14.037044646592465,sequential,#2
1976,10417102016,417,2,16,0.012563737124672595,0.7056075505853513,1,4.396422357825407e-11,-15.899253068963006,-10.50488399186904,sequential,#2
1977,10417102017,417,2,17,0.015103492429981323,0.2579856986202976,1,4.396422357825407e-11,-15.899253068963006,-9.917294548423262,sequential,#2
1978,10417102018,417,2,18,0.018993315137572013,0.453081839563949,1,4.396422357825407e-11,-15.899253068963006,-14.247526233450579,sequential,#2
1979,10417102019,417,2,19,0.27304824946105427,0.27304824946105427,1,4.396422357825407e-11,-15.899253068963006,-24.51801233682446,sequential,#2
1980,10417103000,417,3,0,0.2104884737755996,0.2937598708951189,1,1.0666927566562346e-07,-9.796148224328713,-7.03478781235887,sequential,#3
1981,10417103001,417,3,1,0.05190362620881977,0.48267317102402035,1,1.0666927566562346e-07,-9.796148224328713,-8.938789316901637,sequential,#3
1982,10417103002,417,3,2,0.35530108060162124,0.419801546833636,1,1.0666927566562346e-07,-9.796148224328713,-5.315599609018181,sequential,#3
1983,10417103003,417,3,3,0.10195078029073426,0.2559869720765493,1,1.0666927566562346e-07,-9.796148224328713,-6.3625257380383315,sequential,#3
1984,10417103004,417,3,4,0.14755043847320265,0.4056144236131059,1,1.0666927566562346e-07,-9.796148224328713,-6.105681949571801,sequential,#3
1985,10417103005,417,3,5,0.10949663732290907,0.3606874786005293,1,1.0666927566562346e-07,-9.796148224328713,-7.142280618051268,sequential,#3
1986,10417103006,417,3,6,0.08342053128251055,0.34679415617173065,1,1.0666927566562346e-07,-9.796148224328713,-18.965242168899277,sequential,#3
1987,10417103007,417,3,7,0.17235902350582627,0.23171089344773801,1,1.0666927566562346e-07,-9.796148224328713,-13.417117294987065,sequential,#3
1988,10417103008,417,3,8,0.1403949039257623,0.3216348119786857,1,1.0666927566562346e-07,-9.796148224328713,-17.949280290870558,sequential,#3
1989,10417103009,417,3,9,0.08858842786069172,5.337139965757012,1,1.0666927566562346e-07,-9.796148224328713,-7.344551420299326,sequential,#3
1990,10417103010,417,3,10,0.20568557206016455,0.3810590580638969,1,1.0666927566562346e-07,-9.796148224328713,-0.7623276493080862,sequential,#3
1991,10417103011,417,3,11,0.06032420840848392,0.22521310581075488,1,1.0666927566562346e-07,-9.796148224328713,-11.373255384995254,sequential,#3
1992,10417103012,417,3,12,0.11572209932168231,0.16033749273899145,1,1.0666927566562346e-07,-9.796148224328713,-9.687658002313807,sequential,#3
1993,10417103013,417,3,13,0.10334997259830235,0.20861767002320702,1,1.0666927566562346e-07,-9.796148224328713,-18.271873309478647,sequential,#3
1994,10417103014,417,3,14,0.14144375035914222,0.303846688808459,1,1.0666927566562346e-07,-9.796148224328713,-15.721862894210304,sequential,#3
1995,10417103015,417,3,15,0.30518376443897394,0.12212807378868833,1,1.0666927566562346e-07,-9.796148224328713,-2.6787802373121004,sequential,#3
1996,10417103016,417,3,16,0.05815471987640309,0.24474475495783343,1,1.0666927566562346e-07,-9.796148224328713,-5.4010648888692945,sequential,#3
1997,10417103017,417,3,17,0.11903365062227345,0.22901967625448516,1,1.0666927566562346e-07,-9.796148224328713,-16.257567387797682,sequential,#3
1998,10417103018,417,3,18,0.07475038428667365,0.22769984189416295,1,1.0666927566562346e-07,-9.796148224328713,-8.325113044040744,sequential,#3
1999,10417103019,417,3,19,0.07908503549796844,0.2550842515342512,1,1.0666927566562346e-07,-9.796148224328713,-8.86760546925201,sequential,#3
2000,10417104000,417,4,0,0.019307433202477808,0.11957054258717617,1,0.0001678466796875,-8.16366783378648,-8.168173721667559,sequential,#4
2001,10417104001,417,4,1,0.015841812391540745,0.16406095549923472,1,0.0001678466796875,-8.16366783378648,0.9769249386780778,sequential,#4
2002,10417104002,417,4,2,0.03699534137399543,0.11367567594959077,1,0.0001678466796875,-8.16366783378648,-3.8685677625597066,sequential,#4
2003,10417104003,417,4,3,0.04556588389003671,0.20256477918745183,1,0.0001678466796875,-8.16366783378648,-14.0962887506459,sequential,#4
2004,10417104004,417,4,4,0.016503409696854408,0.07654759952979653,1,0.0001678466796875,-8.16366783378648,-12.722588537609495,sequential,#4
2005,10417104005,417,4,5,0.03305361397340681,0.08881529110142046,1,0.0001678466796875,-8.16366783378648,-1.7529584585614433,sequential,#4
2006,10417104006,417,4,6,0.02618157356720157,0.06166853229247599,1,0.0001678466796875,-8.16366783378648,-19.895478498333084,sequential,#4
2007,10417104007,417,4,7,0.01831799347820481,0.10614165562805922,1,0.0001678466796875,-8.16366783378648,-5.31818396667399,sequential,#4
2008,10417104008,417,4,8,0.024334920117670574,0.12518209116271461,1,0.0001678466796875,-8.16366783378648,-36.44636186931641,sequential,#4
2009,10417104009,417,4,9,0.038874580335104214,0.18480594011518664,1,0.0001678466796875,-8.16366783378648,-11.660096829514602,sequential,#4
2010,10417104010,417,4,10,0.09882206767269379,0.4460126681077332,1,0.0001678466796875,-8.16366783378648,-12.267107880244078,sequential,#4
2011,10417104011,417,4,11,0.02362140316376513,0.10848133955491432,1,0.0001678466796875,-8.16366783378648,2.1419039304299896,sequential,#4
2012,10417104012,417,4,12,0.0566062508963246,0.13330309840814067,1,0.0001678466796875,-8.16366783378648,-0.375762044213124,sequential,#4
2013,10417104013,417,4,13,0.020217557438593842,0.16952695261052564,1,0.0001678466796875,-8.16366783378648,-5.809507775533369,sequential,#4
2014,10417104014,417,4,14,0.02188409595220855,0.08925015107027762,1,0.0001678466796875,-8.16366783378648,-7.756246975569865,sequential,#4
2015,10417104015,417,4,15,0.02796405088785018,0.10178481490436374,1,0.0001678466796875,-8.16366783378648,-7.57827645033782,sequential,#4
2016,10417104016,417,4,16,0.027316340235188228,0.10107129137108108,1,0.0001678466796875,-8.16366783378648,-4.840086624850547,sequential,#4
2017,10417104017,417,4,17,0.02253656874731409,0.22002309623149374,1,0.0001678466796875,-8.16366783378648,-14.801987364535327,sequential,#4
2018,10417104018,417,4,18,0.024582965155278323,0.10794830046426657,1,0.0001678466796875,-8.16366783378648,-2.0696648794514947,sequential,#4
2019,10417104019,417,4,19,0.020589289006988816,0.2303305223052764,1,0.0001678466796875,-8.16366783378648,3.0351528447801535,sequential,#4
2020,10417105000,417,5,0,0.026826464153064743,0.0960172299193376,1,0.00019271205264290256,-8.968394323969141,-8.73885794947231,sequential,#5
2021,10417105001,417,5,1,0.010663450072221529,0.09293043111895558,1,0.00019271205264290256,-8.968394323969141,-2.1892157833246255,sequential,#5
2022,10417105002,417,5,2,0.006687300851446462,0.1264770921221686,1,0.00019271205264290256,-8.968394323969141,1.8933708679626697,sequential,#5
2023,10417105003,417,5,3,0.013074086719128976,0.10548712716815783,1,0.00019271205264290256,-8.968394323969141,0.17481660853274608,sequential,#5
2024,10417105004,417,5,4,0.01374344045672447,0.1341977269474411,1,0.00019271205264290256,-8.968394323969141,-17.929786543915867,sequential,#5
2025,10417105005,417,5,5,0.012577207132612758,0.09940649127635001,1,0.00019271205264290256,-8.968394323969141,3.775993691897986,sequential,#5
2026,10417105006,417,5,6,0.00922300635567805,0.1039506591187577,1,0.00019271205264290256,-8.968394323969141,-8.623319768842459,sequential,#5
2027,10417105007,417,5,7,0.009604078176443993,0.08150539644125455,1,0.00019271205264290256,-8.968394323969141,-8.87459679678336,sequential,#5
2028,10417105008,417,5,8,0.010282942067129519,0.09650554090165397,1,0.00019271205264290256,-8.968394323969141,-13.135648567812252,sequential,#5
2029,10417105009,417,5,9,0.011689975888771697,0.07245967766703854,1,0.00019271205264290256,-8.968394323969141,-14.290085356708259,sequential,#5
2030,10417105010,417,5,10,0.010272962865443219,0.14335277139375302,1,0.00019271205264290256,-8.968394323969141,-22.788300325815875,sequential,#5
2031,10417105011,417,5,11,0.016121325854947768,0.13257513156116046,1,0.00019271205264290256,-8.968394323969141,-6.814921870874103,sequential,#5
2032,10417105012,417,5,12,0.10400060684423908,0.10400060684423908,1,0.00019271205264290256,-8.968394323969141,-13.08382680892655,sequential,#5
2033,10417105013,417,5,13,0.011094075427588595,0.08995274072464096,1,0.00019271205264290256,-8.968394323969141,-14.078315242322674,sequential,#5
2034,10417105014,417,5,14,0.02701039893402332,0.22090596045555955,1,0.00019271205264290256,-8.968394323969141,-6.0298953739193495,sequential,#5
2035,10417105015,417,5,15,0.008307885204622223,0.127445317665541,1,0.00019271205264290256,-8.968394323969141,-4.411042436139123,sequential,#5
2036,10417105016,417,5,16,0.006977888909128162,0.061694122098278924,1,0.00019271205264290256,-8.968394323969141,-7.539448516262893,sequential,#5
2037,10417105017,417,5,17,0.004076242070442108,0.08812280419413293,1,0.00019271205264290256,-8.968394323969141,6.773528713046487,sequential,#5
2038,10417105018,417,5,18,0.0060670929037878445,0.15773680422384007,1,0.00019271205264290256,-8.968394323969141,-16.216626376838466,sequential,#5
2039,10417105019,417,5,19,0.009672125941786841,0.32561354134866793,1,0.00019271205264290256,-8.968394323969141,-27.24170864286454,sequential,#5
2040,10418100000,418,0,0,0.03777099032249477,0.09734997182742981,1,3.9583078576839174e-13,-14.721175492008081,-11.513995044928182,sequential,#0
2041,10418100001,418,0,1,0.03842613987025751,0.10299214116631344,1,3.9583078576839174e-13,-14.721175492008081,-14.447025004422517,sequential,#0
2042,10418100002,418,0,2,0.028603595978252523,0.08511494577355397,1,3.9583078576839174e-13,-14.721175492008081,-14.41088517349695,sequential,#0
2043,10418100003,418,0,3,0.02124851948341449,0.06698974002008308,1,3.9583078576839174e-13,-14.721175492008081,-23.242693983765616,sequential,#0
2044,10418100004,418,0,4,0.022557653517940653,0.12564836744852576,1,3.9583078576839174e-13,-14.721175492008081,-15.684574746962056,sequential,#0
2045,10418100005,418,0,5,0.04003486411568143,0.09743706899343467,1,3.9583078576839174e-13,-14.721175492008081,-12.322902635495975,sequential,#0
2046,10418100006,418,0,6,0.022695734008898873,0.12662525028793606,1,3.9583078576839174e-13,-14.721175492008081,-19.65697744864444,sequential,#0
2047,10418100007,418,0,7,0.029583394365108324,0.0744438501473853,1,3.9583078576839174e-13,-14.721175492008081,-12.802797567848668,sequential,#0
2048,10418100008,418,0,8,0.03067585139722398,0.08949487640187945,1,3.9583078576839174e-13,-14.721175492008081,-15.116901614996928,sequential,#0
2049,10418100009,418,0,9,0.03578159041146991,0.07589788984131123,1,3.9583078576839174e-13,-14.721175492008081,-12.754705573301065,sequential,#0
2050,10418100010,418,0,10,0.02947114959856569,0.0862066048476722,1,3.9583078576839174e-13,-14.721175492008081,-14.150006842408063,sequential,#0
2051,10418100011,418,0,11,0.027788287807769523,0.07213786877023913,1,3.9583078576839174e-13,-14.721175492008081,-10.876264268488997,sequential,#0
2052,10418100012,418,0,12,0.02883877128736981,0.10768169014074384,1,3.9583078576839174e-13,-14.721175492008081,-15.055387348888555,sequential,#0
2053,10418100013,418,0,13,0.02147481309225977,0.059092596149443045,1,3.9583078576839174e-13,-14.721175492008081,-17.694317105025284,sequential,#0
2054,10418100014,418,0,14,0.031143049270810533,0.06932741897024657,1,3.9583078576839174e-13,-14.721175492008081,-6.396260718318752,sequential,#0
2055,10418100015,418,0,15,0.025658117371862618,0.13044259418145956,1,3.9583078576839174e-13,-14.721175492008081,-14.232644637621462,sequential,#0
2056,10418100016,418,0,16,0.02815591184077919,0.09807310620482605,1,3.9583078576839174e-13,-14.721175492008081,-18.90690778469423,sequential,#0
2057,10418100017,418,0,17,0.021412666092336538,0.1117739504992566,1,3.9583078576839174e-13,-14.721175492008081,-14.221247861426423,sequential,#0
2058,10418100018,418,0,18,0.026829949222975016,0.05902266305189256,1,3.9583078576839174e-13,-14.721175492008081,-11.118864271142128,sequential,#0
2059,10418100019,418,0,19,0.023682229377324785,0.09436412000012993,1,3.9583078576839174e-13,-14.721175492008081,-19.81815020828532,sequential,#0
2060,10418101000,418,1,0,0.1636258460035254,0.24557954130961343,1,0.001208848168982887,-2.7178544312465376,0.22851130117006105,sequential,#1
2061,10418101001,418,1,1,0.2721652418127952,1.1482707116604556,1,0.001208848168982887,-2.7178544312465376,-0.6371238181663306,sequential,#1
2062,10418101002,418,1,2,0.2043184763834474,0.4312333930749991,1,0.001208848168982887,-2.7178544312465376,1.1277130480629811,sequential,#1
2063,10418101003,418,1,3,0.25763582761767473,1.705038057829326,1,0.001208848168982887,-2.7178544312465376,0.1499448151022595,sequential,#1
2064,10418101004,418,1,4,0.24093752512724964,1.115864485421772,1,0.001208848168982887,-2.7178544312465376,-7.135779038476501,sequential,#1
2065,10418101005,418,1,5,0.11983288009293398,1.0571347655173577,1,0.001208848168982887,-2.7178544312465376,-0.779838726776997,sequential,#1
2066,10418101006,418,1,6,0.09982135324327814,0.3978402010401439,1,0.001208848168982887,-2.7178544312465376,-5.92753393492972,sequential,#1
2067,10418101007,418,1,7,0.10395313261837713,0.7146321942915996,1,0.001208848168982887,-2.7178544312465376,1.4306969687246331,sequential,#1
2068,10418101008,418,1,8,0.13795500255340473,0.2546004259328435,1,0.001208848168982887,-2.7178544312465376,-4.728916226108595,sequential,#1
2069,10418101009,418,1,9,0.1483103150696603,0.5589501147630209,1,0.001208848168982887,-2.7178544312465376,-4.722550836829454,sequential,#1
2070,10418101010,418,1,10,0.25588307145477246,0.2648359354778108,1,0.001208848168982887,-2.7178544312465376,1.3304042536783647,sequential,#1
2071,10418101011,418,1,11,0.16378642784480132,1.620536926882876,1,0.001208848168982887,-2.7178544312465376,-2.7522846194551844,sequential,#1
2072,10418101012,418,1,12,0.5059770572428264,0.4285464436291703,1,0.001208848168982887,-2.7178544312465376,-0.04637406782462552,sequential,#1
2073,10418101013,418,1,13,0.15133759205008185,0.32936872607246176,1,0.001208848168982887,-2.7178544312465376,-3.3146338594276576,sequential,#1
2074,10418101014,418,1,14,0.13953045252825189,0.8909516561344769,1,0.001208848168982887,-2.7178544312465376,-7.946759136178809,sequential,#1
2075,10418101015,418,1,15,0.13683931582295075,0.6439485784603274,1,0.001208848168982887,-2.7178544312465376,-3.9700721699698764,sequential,#1
2076,10418101016,418,1,16,0.18169487911622023,0.7086488060495457,1,0.001208848168982887,-2.7178544312465376,-8.176753591246309,sequential,#1
2077,10418101017,418,1,17,0.1780791643453109,0.8188917528169039,1,0.001208848168982887,-2.7178544312465376,-2.804154237477653,sequential,#1
2078,10418101018,418,1,18,0.21665627250047897,0.45071587021243376,1,0.001208848168982887,-2.7178544312465376,-5.743491647722126,sequential,#1
2079,10418101019,418,1,19,0.1945474344501007,0.2377394381833129,1,0.001208848168982887,-2.7178544312465376,0.061906898920788274,sequential,#1
2080,10418102000,418,2,0,0.042341210538285386,0.3159159675376535,1,4.404132741321204e-09,-15.978522613639772,-11.495512464487648,sequential,#2
2081,10418102001,418,2,1,0.035387381983693005,0.5169711650566843,1,4.404132741321204e-09,-15.978522613639772,-27.944232505910364,sequential,#2
2082,10418102002,418,2,2,0.011002092940168682,0.26586709345851284,1,4.404132741321204e-09,-15.978522613639772,-32.99734442021572,sequential,#2
2083,10418102003,418,2,3,0.01827224874464782,0.6364736106643917,1,4.404132741321204e-09,-15.978522613639772,-17.028537738624923,sequential,#2
2084,10418102004,418,2,4,0.01792770818292305,0.2376609820830254,1,4.404132741321204e-09,-15.978522613639772,-19.37886451450451,sequential,#2
2085,10418102005,418,2,5,0.010894885742658662,0.43381176280141703,1,4.404132741321204e-09,-15.978522613639772,-15.881416994302922,sequential,#2
2086,10418102006,418,2,6,0.01111259587346901,0.3425575644007621,1,4.404132741321204e-09,-15.978522613639772,-20.291138079352113,sequential,#2
2087,10418102007,418,2,7,0.010970462976432277,0.2783885511948122,1,4.404132741321204e-09,-15.978522613639772,-22.914232014215713,sequential,#2
2088,10418102008,418,2,8,0.01585477119343311,0.7294649501257653,1,4.404132741321204e-09,-15.978522613639772,-12.68771400650845,sequential,#2
2089,10418102009,418,2,9,0.00809763570358622,0.19064189086681357,1,4.404132741321204e-09,-15.978522613639772,-18.974208708654437,sequential,#2
2090,10418102010,418,2,10,0.007566972006732194,0.1679144273329692,1,4.404132741321204e-09,-15.978522613639772,-20.692048726818097,sequential,#2
2091,10418102011,418,2,11,0.007006256713836762,0.141665685391674,1,4.404132741321204e-09,-15.978522613639772,-19.97192566054835,sequential,#2
2092,10418102012,418,2,12,0.010200372117576819,0.20281451349995636,1,4.404132741321204e-09,-15.978522613639772,-8.70252312334618,sequential,#2
2093,10418102013,418,2,13,0.005787827535245581,0.18219563664123484,1,4.404132741321204e-09,-15.978522613639772,-9.257709436121926,sequential,#2
2094,10418102014,418,2,14,0.008254622331496674,1.0812672659049944,1,4.404132741321204e-09,-15.978522613639772,-7.62747443218459,sequential,#2
2095,10418102015,418,2,15,0.005724338251903182,0.1225389138573913,1,4.404132741321204e-09,-15.978522613639772,-8.89154558349779,sequential,#2
2096,10418102016,418,2,16,0.005774177795117306,0.13558034778882935,1,4.404132741321204e-09,-15.978522613639772,-11.410917409988784,sequential,#2
2097,10418102017,418,2,17,0.006066019034796731,0.11796657964787385,1,4.404132741321204e-09,-15.978522613639772,-11.3924068379699,sequential,#2
2098,10418102018,418,2,18,0.051410038990420494,0.11471043186013248,1,4.404132741321204e-09,-15.978522613639772,-15.990402481826425,sequential,#2
2099,10418102019,418,2,19,0.020011554180645198,0.12735735766763634,1,4.404132741321204e-09,-15.978522613639772,-6.0402971337166065,sequential,#2
2100,10418103000,418,3,0,0.06688603236254184,0.22178882928420243,1,3.7684362275059314e-12,-14.698701778842025,-10.841985310740338,sequential,#3
2101,10418103001,418,3,1,0.0647481159201321,0.400020344977959,1,3.7684362275059314e-12,-14.698701778842025,-12.011931031509748,sequential,#3
2102,10418103002,418,3,2,0.07036824364074126,0.17630462445040504,1,3.7684362275059314e-12,-14.698701778842025,-7.8435164503384724,sequential,#3
2103,10418103003,418,3,3,0.08431509399120173,0.2593604561737989,1,3.7684362275059314e-12,-14.698701778842025,-13.392682338069529,sequential,#3
2104,10418103004,418,3,4,0.06870859082192594,0.1711036002416146,1,3.7684362275059314e-12,-14.698701778842025,-8.85569719934608,sequential,#3
2105,10418103005,418,3,5,0.05892180837003039,0.21106028780355832,1,3.7684362275059314e-12,-14.698701778842025,-13.12781319847793,sequential,#3
2106,10418103006,418,3,6,0.0603116526199027,0.17897042086060513,1,3.7684362275059314e-12,-14.698701778842025,-17.732286900767985,sequential,#3
2107,10418103007,418,3,7,0.05421276899973511,0.17625920967612987,1,3.7684362275059314e-12,-14.698701778842025,-18.85332619737853,sequential,#3
2108,10418103008,418,3,8,0.06712674157474754,0.26765896947104856,1,3.7684362275059314e-12,-14.698701778842025,-10.189493272970461,sequential,#3
2109,10418103009,418,3,9,0.08519640532360873,0.13243026560289428,1,3.7684362275059314e-12,-14.698701778842025,-17.369878170848516,sequential,#3
2110,10418103010,418,3,10,0.06950421543570687,0.2281876843505018,1,3.7684362275059314e-12,-14.698701778842025,-19.78859131846639,sequential,#3
2111,10418103011,418,3,11,0.06040015397263904,0.1216237698044343,1,3.7684362275059314e-12,-14.698701778842025,-13.755583584626168,sequential,#3
2112,10418103012,418,3,12,0.05256011143424338,0.15489376991407378,1,3.7684362275059314e-12,-14.698701778842025,-15.378080809294305,sequential,#3
2113,10418103013,418,3,13,0.06558783976012894,0.13527210821007038,1,3.7684362275059314e-12,-14.698701778842025,-15.94115158835503,sequential,#3
2114,10418103014,418,3,14,0.0731251805775905,0.11869335239054542,1,3.7684362275059314e-12,-14.698701778842025,-16.983610550312992,sequential,#3
2115,10418103015,418,3,15,0.09037665348488048,0.1351526221242165,1,3.7684362275059314e-12,-14.698701778842025,-9.70557664096452,sequential,#3
2116,10418103016,418,3,16,0.06452298445893699,0.13229694248235407,1,3.7684362275059314e-12,-14.698701778842025,-23.77958088066409,sequential,#3
2117,10418103017,418,3,17,0.07690723799053163,0.18452426637195954,1,3.7684362275059314e-12,-14.698701778842025,-17.58460305156956,sequential,#3
2118,10418103018,418,3,18,0.07170519528907947,0.11754511292209135,1,3.7684362275059314e-12,-14.698701778842025,-19.744438055030365,sequential,#3
2119,10418103019,418,3,19,0.08626415648504364,0.14132897904507963,1,3.7684362275059314e-12,-14.698701778842025,-11.094209027109505,sequential,#3
2120,10418104000,418,4,0,0.03360502504412153,0.11621076587695225,1,1.0024162423183698e-11,-10.89243531402498,-8.783055233638361,sequential,#4
2121,10418104001,418,4,1,0.018736328451128607,0.06682258329995631,1,1.0024162423183698e-11,-10.89243531402498,-15.70556667564848,sequential,#4
2122,10418104002,418,4,2,0.01682882922915995,0.0584425055163105,1,1.0024162423183698e-11,-10.89243531402498,-9.482863999070759,sequential,#4
2123,10418104003,418,4,3,0.021923930545754748,0.08747037758509349,1,1.0024162423183698e-11,-10.89243531402498,-10.843464179515982,sequential,#4
2124,10418104004,418,4,4,0.019261445893779823,0.059191453052476244,1,1.0024162423183698e-11,-10.89243531402498,-11.275112489800904,sequential,#4
2125,10418104005,418,4,5,0.020762509326594247,0.04341011974760411,1,1.0024162423183698e-11,-10.89243531402498,-13.010028224403742,sequential,#4
2126,10418104006,418,4,6,0.015039214693194775,0.060803750777529524,1,1.0024162423183698e-11,-10.89243531402498,-11.214581001625131,sequential,#4
2127,10418104007,418,4,7,0.01609747854318297,0.04840477208863068,1,1.0024162423183698e-11,-10.89243531402498,-7.229110644970149,sequential,#4
2128,10418104008,418,4,8,0.017618928608672417,0.061225613741743415,1,1.0024162423183698e-11,-10.89243531402498,-12.105436925521817,sequential,#4
2129,10418104009,418,4,9,0.014489878209191362,0.04290511477892207,1,1.0024162423183698e-11,-10.89243531402498,-2.5723584348553716,sequential,#4
2130,10418104010,418,4,10,0.019286370866554634,0.054426175303418096,1,1.0024162423183698e-11,-10.89243531402498,-10.992784176115862,sequential,#4
2131,10418104011,418,4,11,0.015315701300095257,0.04426357190137599,1,1.0024162423183698e-11,-10.89243531402498,-11.319342511749177,sequential,#4
2132,10418104012,418,4,12,0.023558703472743636,0.05854832722863496,1,1.0024162423183698e-11,-10.89243531402498,-10.942506087405091,sequential,#4
2133,10418104013,418,4,13,0.033213847633224956,0.10483525095548019,1,1.0024162423183698e-11,-10.89243531402498,-10.621178541932297,sequential,#4
2134,10418104014,418,4,14,0.01746681418742465,0.0629374211616566,1,1.0024162423183698e-11,-10.89243531402498,-15.984676893064297,sequential,#4
2135,10418104015,418,4,15,0.034969528789747815,0.05390517796206797,1,1.0024162423183698e-11,-10.89243531402498,-8.020430644384962,sequential,#4
2136,10418104016,418,4,16,0.02008169212964269,0.06099808906002629,1,1.0024162423183698e-11,-10.89243531402498,-7.3847144009608865,sequential,#4
2137,10418104017,418,4,17,0.0181641946526213,0.05186575100997388,1,1.0024162423183698e-11,-10.89243531402498,-12.463174605716215,sequential,#4
2138,10418104018,418,4,18,0.022421160349685026,0.07878636556499172,1,1.0024162423183698e-11,-10.89243531402498,-10.19479648923897,sequential,#4
2139,10418104019,418,4,19,0.01691200163098415,0.06884628193577888,1,1.0024162423183698e-11,-10.89243531402498,-17.70352412088112,sequential,#4
2140,10418105000,418,5,0,0.011762199414601725,0.16696837564203215,1,5.570279048205379e-05,-8.299013272068807,-19.472378587354125,sequential,#5
2141,10418105001,418,5,1,0.008673809647565998,0.06923779669621147,1,5.570279048205379e-05,-8.299013272068807,-22.046928867725264,sequential,#5
2142,10418105002,418,5,2,0.0084168660057063,0.11280840817295973,1,5.570279048205379e-05,-8.299013272068807,-18.783770565761,sequential,#5
2143,10418105003,418,5,3,0.007381497790929355,0.07112398991220337,1,5.570279048205379e-05,-8.299013272068807,-14.47083649851588,sequential,#5
2144,10418105004,418,5,4,0.006689441644339836,0.05871638283081994,1,5.570279048205379e-05,-8.299013272068807,-16.28658712969119,sequential,#5
2145,10418105005,418,5,5,0.00753367541795829,0.07730718403800828,1,5.570279048205379e-05,-8.299013272068807,-13.72981491088703,sequential,#5
2146,10418105006,418,5,6,0.007254520186176499,0.06689437515963838,1,5.570279048205379e-05,-8.299013272068807,-12.649007097593513,sequential,#5
2147,10418105007,418,5,7,0.006300330489803216,0.07186849029827466,1,5.570279048205379e-05,-8.299013272068807,-6.033495541494308,sequential,#5
2148,10418105008,418,5,8,0.009280834841388263,0.121966172487548,1,5.570279048205379e-05,-8.299013272068807,-10.322820044427305,sequential,#5
2149,10418105009,418,5,9,0.006280662802178816,0.0771924131826345,1,5.570279048205379e-05,-8.299013272068807,-2.2577676188058344,sequential,#5
2150,10418105010,418,5,10,0.0038701575943168387,0.06342265969202601,1,5.570279048205379e-05,-8.299013272068807,0.3411774602598014,sequential,#5
2151,10418105011,418,5,11,0.005726358901605625,0.12867711252175157,1,5.570279048205379e-05,-8.299013272068807,-3.5303555741513852,sequential,#5
2152,10418105012,418,5,12,0.00547535750528126,0.10573203021801685,1,5.570279048205379e-05,-8.299013272068807,-4.7266235198985305,sequential,#5
2153,10418105013,418,5,13,0.0074361290746935435,0.07116778934707375,1,5.570279048205379e-05,-8.299013272068807,-8.974122706420392,sequential,#5
2154,10418105014,418,5,14,0.00641321010732845,0.09378987401750681,1,5.570279048205379e-05,-8.299013272068807,-6.631894615173002,sequential,#5
2155,10418105015,418,5,15,0.005044546759074102,0.09557141821696229,1,5.570279048205379e-05,-8.299013272068807,-1.085419070766433,sequential,#5
2156,10418105016,418,5,16,0.007173326318706937,0.1450668594343983,1,5.570279048205379e-05,-8.299013272068807,-2.852991773047441,sequential,#5
2157,10418105017,418,5,17,0.005835776014679189,0.17551526874202672,1,5.570279048205379e-05,-8.299013272068807,-1.0960276554717145,sequential,#5
2158,10418105018,418,5,18,0.013391954251084389,0.06481910140978814,1,5.570279048205379e-05,-8.299013272068807,-0.2932751096657799,sequential,#5
2159,10418105019,418,5,19,0.010891102664243544,0.10672166736957005,1,5.570279048205379e-05,-8.299013272068807,-1.0773260147858137,sequential,#5
2160,10419100000,419,0,0,0.028992125575745382,0.03010258466725095,0,0.7386371687777255,0.626913022741536,1.4330602315679637,sequential,#0
2161,10419100001,419,0,1,0.026876999439279032,0.03732691670949804,0,0.7386371687777255,0.626913022741536,-0.8750802124275644,sequential,#0
2162,10419100002,419,0,2,0.02713981641684018,0.06185702999248871,0,0.7386371687777255,0.626913022741536,-1.2143111657981065,sequential,#0
2163,10419100003,419,0,3,0.036843244006672986,0.03885462732113466,0,0.7386371687777255,0.626913022741536,-1.5044337113523973,sequential,#0
2164,10419100004,419,0,4,0.022901665725629496,0.05497417859173687,0,0.7386371687777255,0.626913022741536,-13.117878765597846,sequential,#0
2165,10419100005,419,0,5,0.0247314733468911,0.04576786556547194,0,0.7386371687777255,0.626913022741536,-9.068164995721446,sequential,#0
2166,10419100006,419,0,6,0.018504149845387806,0.09603872575954533,0,0.7386371687777255,0.626913022741536,-2.5376630077944404,sequential,#0
2167,10419100007,419,0,7,0.026915081051425274,0.23618714225480578,0,0.7386371687777255,0.626913022741536,-1.7111782715170467,sequential,#0
2168,10419100008,419,0,8,0.02489384100817526,0.03547812990490702,0,0.7386371687777255,0.626913022741536,-0.5148036614284289,sequential,#0
2169,10419100009,419,0,9,0.04048692998532378,0.0580519222370394,0,0.7386371687777255,0.626913022741536,13.370405511593468,sequential,#0
2170,10419100010,419,0,10,0.05721811896968022,0.10025549484914571,0,0.7386371687777255,0.626913022741536,1.4066512593721012,sequential,#0
2171,10419100011,419,0,11,0.030360182450362594,0.10766874862720771,0,0.7386371687777255,0.626913022741536,-15.28370744967909,sequential,#0
2172,10419100012,419,0,12,0.023187874675687663,0.04214596938128546,0,0.7386371687777255,0.626913022741536,-10.740770585663823,sequential,#0
2173,10419100013,419,0,13,0.04694008371254619,0.03622009877109027,0,0.7386371687777255,0.626913022741536,8.559058469475127,sequential,#0
2174,10419100014,419,0,14,0.025148856467088778,0.06186094091219644,0,0.7386371687777255,0.626913022741536,-0.7966920864242747,sequential,#0
2175,10419100015,419,0,15,0.06525293748417568,0.16582989039426724,0,0.7386371687777255,0.626913022741536,10.18702845712322,sequential,#0
2176,10419100016,419,0,16,0.05790063871149881,0.10135623796856824,0,0.7386371687777255,0.626913022741536,12.647337556409246,sequential,#0
2177,10419100017,419,0,17,0.0675370062674315,0.04679350069681692,0,0.7386371687777255,0.626913022741536,9.001974467680704,sequential,#0
2178,10419100018,419,0,18,0.0360949899079027,0.09115348451175918,0,0.7386371687777255,0.626913022741536,5.352230804848732,sequential,#0
2179,10419100019,419,0,19,0.039999529343187505,0.05198927030013196,0,0.7386371687777255,0.626913022741536,7.945197610164619,sequential,#0
2180,10419101000,419,1,0,7.074954990307444,1.206434433838154,1,5.494209537416818e-12,-31.389428157913557,-18.500480216008256,sequential,#1
2181,10419101001,419,1,1,0.10422767755162538,0.1342120699040328,1,5.494209537416818e-12,-31.389428157913557,-26.9868766153671,sequential,#1
2182,10419101002,419,1,2,0.433020698261636,0.32361799329472635,1,5.494209537416818e-12,-31.389428157913557,-17.575411324241298,sequential,#1
2183,10419101003,419,1,3,2.2671677451875785,0.10480770761395417,1,5.494209537416818e-12,-31.389428157913557,-26.9532233514808,sequential,#1
2184,10419101004,419,1,4,1.0880699505870026,0.09920602788850759,1,5.494209537416818e-12,-31.389428157913557,-31.468874827118732,sequential,#1
2185,10419101005,419,1,5,0.17395884676907114,0.11002954917500768,1,5.494209537416818e-12,-31.389428157913557,-25.10162585673473,sequential,#1
2186,10419101006,419,1,6,0.19766722267700432,0.18958079745534537,1,5.494209537416818e-12,-31.389428157913557,-42.09830667307736,sequential,#1
2187,10419101007,419,1,7,0.04942988616882859,0.13361994148133488,1,5.494209537416818e-12,-31.389428157913557,-30.701427022644978,sequential,#1
2188,10419101008,419,1,8,0.14052316069644052,0.2904341588446443,1,5.494209537416818e-12,-31.389428157913557,-20.535196948531933,sequential,#1
2189,10419101009,419,1,9,0.07082635233696916,0.11828070752273905,1,5.494209537416818e-12,-31.389428157913557,-28.18757474374752,sequential,#1
2190,10419101010,419,1,10,0.04915119133606471,0.1049565759898216,1,5.494209537416818e-12,-31.389428157913557,-30.626092008720338,sequential,#1
2191,10419101011,419,1,11,0.07186096939687046,0.1663172258113917,1,5.494209537416818e-12,-31.389428157913557,-22.04887237635615,sequential,#1
2192,10419101012,419,1,12,0.2162666355084081,0.2747549004593041,1,5.494209537416818e-12,-31.389428157913557,-33.18307182824433,sequential,#1
2193,10419101013,419,1,13,0.15828013120236042,0.1056730442273673,1,5.494209537416818e-12,-31.389428157913557,-40.855999627088494,sequential,#1
2194,10419101014,419,1,14,0.06257156522871031,0.4783985331745989,1,5.494209537416818e-12,-31.389428157913557,-33.4314954588624,sequential,#1
2195,10419101015,419,1,15,0.06752919917576695,0.16590917298452146,1,5.494209537416818e-12,-31.389428157913557,-51.32367141814798,sequential,#1
2196,10419101016,419,1,16,0.03844396230455654,0.17569352226349821,1,5.494209537416818e-12,-31.389428157913557,-46.13630725036175,sequential,#1
2197,10419101017,419,1,17,0.07771366089549797,0.195958891362853,1,5.494209537416818e-12,-31.389428157913557,-44.40918050264978,sequential,#1
2198,10419101018,419,1,18,0.6424332764260519,0.47650860970451836,1,5.494209537416818e-12,-31.389428157913557,-27.675984304006853,sequential,#1
2199,10419101019,419,1,19,0.2936463397690542,0.3348435752497522,1,5.494209537416818e-12,-31.389428157913557,-29.988890804880334,sequential,#1
2200,10419102000,419,2,0,0.34736682611498304,0.34736682611498304,1,1.506708442445783e-05,-15.197323304714104,-46.577604457947125,sequential,#2
2201,10419102001,419,2,1,0.07012833827909228,0.2865834042446176,1,1.506708442445783e-05,-15.197323304714104,-25.34546542884953,sequential,#2
2202,10419102002,419,2,2,0.009126492225260446,0.1821984323185263,1,1.506708442445783e-05,-15.197323304714104,-22.518508894506084,sequential,#2
2203,10419102003,419,2,3,0.011505214466406085,0.28267332282102964,1,1.506708442445783e-05,-15.197323304714104,-31.04615772487053,sequential,#2
2204,10419102004,419,2,4,0.007409873493112329,0.5088079706646331,1,1.506708442445783e-05,-15.197323304714104,-10.872772731637705,sequential,#2
2205,10419102005,419,2,5,0.008353967781991004,0.901170002021205,1,1.506708442445783e-05,-15.197323304714104,-20.371045716965877,sequential,#2
2206,10419102006,419,2,6,0.009822352010038917,0.776197956895917,1,1.506708442445783e-05,-15.197323304714104,-8.9387905052304,sequential,#2
2207,10419102007,419,2,7,0.26284620969414646,0.26284620969414646,1,1.506708442445783e-05,-15.197323304714104,-9.31988899273942,sequential,#2
2208,10419102008,419,2,8,0.0309684289963303,1.92639737794155,1,1.506708442445783e-05,-15.197323304714104,-13.38789411772915,sequential,#2
2209,10419102009,419,2,9,0.014853311520693968,1.4172222920598976,1,1.506708442445783e-05,-15.197323304714104,-12.926776709237208,sequential,#2
2210,10419102010,419,2,10,0.009150748489689286,1.2494498450979812,1,1.506708442445783e-05,-15.197323304714104,-22.020558067914155,sequential,#2
2211,10419102011,419,2,11,0.012110923955679195,0.7049326607833262,1,1.506708442445783e-05,-15.197323304714104,-17.6071171607365,sequential,#2
2212,10419102012,419,2,12,0.03496657974771867,1.7659887965524526,1,1.506708442445783e-05,-15.197323304714104,7.417868932334443,sequential,#2
2213,10419102013,419,2,13,0.0194492717848564,2.0200064921869756,1,1.506708442445783e-05,-15.197323304714104,-3.9058502343502677,sequential,#2
2214,10419102014,419,2,14,0.006940847854551651,3.5398506798797165,1,1.506708442445783e-05,-15.197323304714104,-21.0280303646046,sequential,#2
2215,10419102015,419,2,15,0.010398959946789103,0.41726936541940907,1,1.506708442445783e-05,-15.197323304714104,-6.427800463409888,sequential,#2
2216,10419102016,419,2,16,0.01407439171675058,0.8314911832187505,1,1.506708442445783e-05,-15.197323304714104,-20.965580860118,sequential,#2
2217,10419102017,419,2,17,0.011689721659905243,0.2505644333322576,1,1.506708442445783e-05,-15.197323304714104,-4.627616482491823,sequential,#2
2218,10419102018,419,2,18,0.009296384314516777,6.145485148425692,1,1.506708442445783e-05,-15.197323304714104,-11.029768515415332,sequential,#2
2219,10419102019,419,2,19,0.013352956767039955,0.6682128894180922,1,1.506708442445783e-05,-15.197323304714104,-2.447107597862902,sequential,#2
2220,10419103000,419,3,0,0.09913205994562013,3.2426382516678656,1,0.0072833909164943525,3.197997479830775,4.765913009758018,sequential,#3
2221,10419103001,419,3,1,0.1196245873746715,0.3150200613519286,1,0.0072833909164943525,3.197997479830775,1.3413630295058006,sequential,#3
2222,10419103002,419,3,2,0.08108708730675776,0.25113871868951193,1,0.0072833909164943525,3.197997479830775,4.238038900756116,sequential,#3
2223,10419103003,419,3,3,0.1818571176001899,0.17244164957010719,1,0.0072833909164943525,3.197997479830775,1.869763496482376,sequential,#3
2224,10419103004,419,3,4,0.11454189496858251,0.33264148598727905,1,0.0072833909164943525,3.197997479830775,0.5137646269956788,sequential,#3
2225,10419103005,419,3,5,0.05830795935335615,0.6235036715444546,1,0.0072833909164943525,3.197997479830775,0.18579994323809335,sequential,#3
2226,10419103006,419,3,6,0.12912326714305794,0.1716321060407308,1,0.0072833909164943525,3.197997479830775,7.303728819517276,sequential,#3
2227,10419103007,419,3,7,0.11484278005689574,0.17826675810709822,1,0.0072833909164943525,3.197997479830775,4.930911583175852,sequential,#3
2228,10419103008,419,3,8,0.10277082577060417,0.15780403649620695,1,0.0072833909164943525,3.197997479830775,13.220898795471294,sequential,#3
2229,10419103009,419,3,9,0.17873373485102376,0.5731527207339928,1,0.0072833909164943525,3.197997479830775,10.108177723220484,sequential,#3
2230,10419103010,419,3,10,0.11760776303772635,0.36045179542344846,1,0.0072833909164943525,3.197997479830775,-0.5693144598634107,sequential,#3
2231,10419103011,419,3,11,0.06327922276230805,0.2111006786423155,1,0.0072833909164943525,3.197997479830775,-3.759813510565512,sequential,#3
2232,10419103012,419,3,12,0.08688727139854949,0.25429725532716513,1,0.0072833909164943525,3.197997479830775,-2.0450886950479417,sequential,#3
2233,10419103013,419,3,13,0.07018540043684746,0.11388427100555677,1,0.0072833909164943525,3.197997479830775,-1.0684567718418538,sequential,#3
2234,10419103014,419,3,14,0.09851464101588531,0.12912961968612768,1,0.0072833909164943525,3.197997479830775,-3.9331995635122166,sequential,#3
2235,10419103015,419,3,15,0.04914477478936395,0.10794465634866912,1,0.0072833909164943525,3.197997479830775,3.4276646448173786,sequential,#3
2236,10419103016,419,3,16,0.08601900067185332,0.23766203693084412,1,0.0072833909164943525,3.197997479830775,9.644020444524761,sequential,#3
2237,10419103017,419,3,17,0.08548196063548444,0.1253865773537355,1,0.0072833909164943525,3.197997479830775,6.448067928771636,sequential,#3
2238,10419103018,419,3,18,0.06589626270808167,0.09022737328852476,1,0.0072833909164943525,3.197997479830775,0.09340330139133621,sequential,#3
2239,10419103019,419,3,19,0.07348840398793863,0.29577891854020516,1,0.0072833909164943525,3.197997479830775,7.244306349820332,sequential,#3
2240,10419104000,419,4,0,0.047333115103639745,0.10155124102212136,1,1.1046275214897697e-09,-21.369136128576674,-10.782628273748575,sequential,#4
2241,10419104001,419,4,1,0.048793430829318626,0.06732301536784618,1,1.1046275214897697e-09,-21.369136128576674,-8.123173919359276,sequential,#4
2242,10419104002,419,4,2,0.06653467943274384,0.44207445004088164,1,1.1046275214897697e-09,-21.369136128576674,-12.254178173681304,sequential,#4
2243,10419104003,419,4,3,0.08084499061606741,0.09143192528493559,1,1.1046275214897697e-09,-21.369136128576674,-11.373446524561903,sequential,#4
2244,10419104004,419,4,4,0.029507850032150697,0.14465063479846757,1,1.1046275214897697e-09,-21.369136128576674,-8.531192490904422,sequential,#4
2245,10419104005,419,4,5,0.024506944033464696,0.08795280199056905,1,1.1046275214897697e-09,-21.369136128576674,-19.61073275227033,sequential,#4
2246,10419104006,419,4,6,0.030608346620488294,0.07901970515838333,1,1.1046275214897697e-09,-21.369136128576674,-27.3417663686316,sequential,#4
2247,10419104007,419,4,7,0.017220524581973946,0.08974648895730186,1,1.1046275214897697e-09,-21.369136128576674,-25.946106046063143,sequential,#4
2248,10419104008,419,4,8,0.024182929310375918,0.09151696903633472,1,1.1046275214897697e-09,-21.369136128576674,-23.332840770645443,sequential,#4
2249,10419104009,419,4,9,0.019442816247267753,0.08074812105929953,1,1.1046275214897697e-09,-21.369136128576674,-28.576390209704975,sequential,#4
2250,10419104010,419,4,10,0.027560518165657015,0.17260948888028183,1,1.1046275214897697e-09,-21.369136128576674,-31.716462948063914,sequential,#4
2251,10419104011,419,4,11,0.03427323029759628,0.26353900632877986,1,1.1046275214897697e-09,-21.369136128576674,-14.442810428968418,sequential,#4
2252,10419104012,419,4,12,0.020889381693361585,0.12156722748504867,1,1.1046275214897697e-09,-21.369136128576674,-26.109712238028493,sequential,#4
2253,10419104013,419,4,13,0.024349508866003053,0.1302682227751442,1,1.1046275214897697e-09,-21.369136128576674,-24.636487057655813,sequential,#4
2254,10419104014,419,4,14,0.04169750365358149,0.22140081062831826,1,1.1046275214897697e-09,-21.369136128576674,-20.949786229700567,sequential,#4
2255,10419104015,419,4,15,0.17377565310139387,0.1706355371459396,1,1.1046275214897697e-09,-21.369136128576674,-29.845282431233855,sequential,#4
2256,10419104016,419,4,16,0.03853327282890171,0.11028476404229084,1,1.1046275214897697e-09,-21.369136128576674,-38.85110966541632,sequential,#4
2257,10419104017,419,4,17,0.03315912494659914,0.28736399682022473,1,1.1046275214897697e-09,-21.369136128576674,-30.447887773007896,sequential,#4
2258,10419104018,419,4,18,0.1462702345409469,0.08813436941507852,1,1.1046275214897697e-09,-21.369136128576674,-17.644806870373266,sequential,#4
2259,10419104019,419,4,19,0.055144411683283164,0.19408024664578416,1,1.1046275214897697e-09,-21.369136128576674,-16.865921399513976,sequential,#4
2260,10419105000,419,5,0,0.02658945547871451,0.1679306540071335,0,0.05488576914209537,2.700452091003931,6.460991825450992,sequential,#5
2261,10419105001,419,5,1,0.02135775485753904,7.661951126099049,0,0.05488576914209537,2.700452091003931,6.707906535384198,sequential,#5
2262,10419105002,419,5,2,0.0171781054103343,0.23616466963306285,0,0.05488576914209537,2.700452091003931,4.754486360750642,sequential,#5
2263,10419105003,419,5,3,0.0153704201292925,0.30158963484946916,0,0.05488576914209537,2.700452091003931,4.869913909514833,sequential,#5
2264,10419105004,419,5,4,0.021917054280154315,0.4135354537263618,0,0.05488576914209537,2.700452091003931,8.287374616762497,sequential,#5
2265,10419105005,419,5,5,0.02475466722458785,0.32807450346988704,0,0.05488576914209537,2.700452091003931,-6.786951651344874,sequential,#5
2266,10419105006,419,5,6,0.014360805542981381,0.34099833258763035,0,0.05488576914209537,2.700452091003931,11.96440756484012,sequential,#5
2267,10419105007,419,5,7,0.02326641728118787,0.35574007729795165,0,0.05488576914209537,2.700452091003931,-3.4887171167423925,sequential,#5
2268,10419105008,419,5,8,0.02852137597324039,0.4079370301377208,0,0.05488576914209537,2.700452091003931,-9.325935989880358,sequential,#5
2269,10419105009,419,5,9,0.03014040439335877,0.626224432162976,0,0.05488576914209537,2.700452091003931,8.421368240767578,sequential,#5
2270,10419105010,419,5,10,0.019426198161501543,0.06634441785441367,0,0.05488576914209537,2.700452091003931,-1.7329652352667146,sequential,#5
2271,10419105011,419,5,11,0.053444392658083484,0.4228344394694151,0,0.05488576914209537,2.700452091003931,5.456227388034201,sequential,#5
2272,10419105012,419,5,12,0.04430461177303033,0.32774420000572146,0,0.05488576914209537,2.700452091003931,-6.662475209543689,sequential,#5
2273,10419105013,419,5,13,0.02003373684187416,0.30080799312305373,0,0.05488576914209537,2.700452091003931,1.781882376171958,sequential,#5
2274,10419105014,419,5,14,0.1498252366137212,0.1498252366137212,0,0.05488576914209537,2.700452091003931,6.150582548607116,sequential,#5
2275,10419105015,419,5,15,0.01657987466593841,0.10278484435345728,0,0.05488576914209537,2.700452091003931,0.18818180424967765,sequential,#5
2276,10419105016,419,5,16,0.0133643942713544,0.4800439580677958,0,0.05488576914209537,2.700452091003931,-1.581477712975793,sequential,#5
2277,10419105017,419,5,17,0.01689724807239315,2.8642304045085094,0,0.05488576914209537,2.700452091003931,7.7777731263134084,sequential,#5
2278,10419105018,419,5,18,0.012721733217721236,0.3906537154294756,0,0.05488576914209537,2.700452091003931,3.399789256721361,sequential,#5
2279,10419105019,419,5,19,0.013828225594083157,0.28990192508631957,0,0.05488576914209537,2.700452091003931,7.366679182263862,sequential,#5
2280,10420100000,420,0,0,0.012208116419814067,0.021511479790186024,1,0.002932433679657393,-6.727363729949685,-11.912863942345899,sequential,#0
2281,10420100001,420,0,1,0.011368924475356215,0.04018189993710724,1,0.002932433679657393,-6.727363729949685,0.826343771621028,sequential,#0
2282,10420100002,420,0,2,0.013038596156753651,0.0354255189899417,1,0.002932433679657393,-6.727363729949685,-1.2593147496905264,sequential,#0
2283,10420100003,420,0,3,0.010204464955262614,0.03691618294082944,1,0.002932433679657393,-6.727363729949685,4.107716860003016,sequential,#0
2284,10420100004,420,0,4,0.011883494367079018,0.026714163012733376,1,0.002932433679657393,-6.727363729949685,0.852234856191481,sequential,#0
2285,10420100005,420,0,5,0.02760290140929566,0.025327885087539394,1,0.002932433679657393,-6.727363729949685,-6.60193010365872,sequential,#0
2286,10420100006,420,0,6,0.01933352792455272,0.026340857365466326,1,0.002932433679657393,-6.727363729949685,-7.867851008046024,sequential,#0
2287,10420100007,420,0,7,0.014354084938046508,0.07236929503091204,1,0.002932433679657393,-6.727363729949685,-26.134058143358665,sequential,#0
2288,10420100008,420,0,8,0.017192452860794717,0.07903767233713203,1,0.002932433679657393,-6.727363729949685,6.180831460403257,sequential,#0
2289,10420100009,420,0,9,0.010466072658990539,0.045503625149005904,1,0.002932433679657393,-6.727363729949685,-12.694531552390234,sequential,#0
2290,10420100010,420,0,10,0.0254146675169972,0.046335002541899706,1,0.002932433679657393,-6.727363729949685,-10.775285370804674,sequential,#0
2291,10420100011,420,0,11,0.011227506817369325,0.049004467134270854,1,0.002932433679657393,-6.727363729949685,-19.988127846909745,sequential,#0
2292,10420100012,420,0,12,0.01207955593713192,0.02945405983684773,1,0.002932433679657393,-6.727363729949685,-5.310690075580562,sequential,#0
2293,10420100013,420,0,13,0.014098093588938215,0.02939174587821762,1,0.002932433679657393,-6.727363729949685,-9.326802973146552,sequential,#0
2294,10420100014,420,0,14,0.009641476869414118,0.023318439900838723,1,0.002932433679657393,-6.727363729949685,-17.36230204469664,sequential,#0
2295,10420100015,420,0,15,0.011457196449281892,0.0348171582449105,1,0.002932433679657393,-6.727363729949685,-3.1193869400657115,sequential,#0
2296,10420100016,420,0,16,0.010587272912076515,0.026334235720115978,1,0.002932433679657393,-6.727363729949685,-16.325869115157214,sequential,#0
2297,10420100017,420,0,17,0.01342325315837791,0.035558384415348684,1,0.002932433679657393,-6.727363729949685,-3.206935974402219,sequential,#0
2298,10420100018,420,0,18,0.009375345560951051,0.03697097237387608,1,0.002932433679657393,-6.727363729949685,2.1200746404822937,sequential,#0
2299,10420100019,420,0,19,0.016472219018056122,0.021645899642497426,1,0.002932433679657393,-6.727363729949685,3.2514736525585963,sequential,#0
2300,10420101000,420,1,0,0.03051344644164802,0.0702377307518127,1,5.273465128835299e-14,-31.825171255820038,-20.81615106274247,sequential,#1
2301,10420101001,420,1,1,0.013303454343086694,0.06584136138565798,1,5.273465128835299e-14,-31.825171255820038,-30.316850839024696,sequential,#1
2302,10420101002,420,1,2,0.013666168758149029,0.0244915732647381,1,5.273465128835299e-14,-31.825171255820038,-34.6159140541623,sequential,#1
2303,10420101003,420,1,3,0.01777595836237792,0.029817090362467092,1,5.273465128835299e-14,-31.825171255820038,-25.995776753136415,sequential,#1
2304,10420101004,420,1,4,0.013710341700584258,0.027357660892877538,1,5.273465128835299e-14,-31.825171255820038,-25.119015022541433,sequential,#1
2305,10420101005,420,1,5,0.014509914429930769,0.021702200121428875,1,5.273465128835299e-14,-31.825171255820038,-24.264934685304198,sequential,#1
2306,10420101006,420,1,6,0.016520525355577746,0.021031363949971037,1,5.273465128835299e-14,-31.825171255820038,-41.7652947277072,sequential,#1
2307,10420101007,420,1,7,0.01287974270536721,0.020540499360141008,1,5.273465128835299e-14,-31.825171255820038,-38.72050251960036,sequential,#1
2308,10420101008,420,1,8,0.011259154437964103,0.018881372068575653,1,5.273465128835299e-14,-31.825171255820038,-23.07724589144485,sequential,#1
2309,10420101009,420,1,9,0.018412858261456718,0.02462361024953974,1,5.273465128835299e-14,-31.825171255820038,-32.78541234972374,sequential,#1
2310,10420101010,420,1,10,0.015966343749302624,0.01893439567569266,1,5.273465128835299e-14,-31.825171255820038,-25.94684786019811,sequential,#1
2311,10420101011,420,1,11,0.013713153201130358,0.020513596875164394,1,5.273465128835299e-14,-31.825171255820038,-39.420387780510694,sequential,#1
2312,10420101012,420,1,12,0.01598112832365218,0.03287300648241862,1,5.273465128835299e-14,-31.825171255820038,-45.26636844417185,sequential,#1
2313,10420101013,420,1,13,0.012323435199906585,0.02272734288559225,1,5.273465128835299e-14,-31.825171255820038,-42.90205555240993,sequential,#1
2314,10420101014,420,1,14,0.015284546468381904,0.027314384281607304,1,5.273465128835299e-14,-31.825171255820038,-39.84619439286341,sequential,#1
2315,10420101015,420,1,15,0.01714302878247775,0.015506798066441358,1,5.273465128835299e-14,-31.825171255820038,-33.21850564066133,sequential,#1
2316,10420101016,420,1,16,0.014684932510758196,0.020972213591948504,1,5.273465128835299e-14,-31.825171255820038,-30.514921466971817,sequential,#1
2317,10420101017,420,1,17,0.013413513465424945,0.021796426343425674,1,5.273465128835299e-14,-31.825171255820038,-26.52793084497305,sequential,#1
2318,10420101018,420,1,18,0.012851824744302229,0.018366569959892127,1,5.273465128835299e-14,-31.825171255820038,-27.414184218947184,sequential,#1
2319,10420101019,420,1,19,0.01614782076200989,0.0214944873375804,1,5.273465128835299e-14,-31.825171255820038,-27.9689310093057,sequential,#1
2320,10420102000,420,2,0,0.005388154164746016,0.07264868343989668,1,8.524083087190129e-12,-25.506424018917492,-8.595139525651133,sequential,#2
2321,10420102001,420,2,1,0.010457484110320847,0.05880443772198661,1,8.524083087190129e-12,-25.506424018917492,-27.133737901407635,sequential,#2
2322,10420102002,420,2,2,0.008297313236558367,0.10678590673379099,1,8.524083087190129e-12,-25.506424018917492,-38.589001290842766,sequential,#2
2323,10420102003,420,2,3,0.011554554465053461,0.08500117003942538,1,8.524083087190129e-12,-25.506424018917492,-33.88522762568957,sequential,#2
2324,10420102004,420,2,4,0.005752542433538415,0.08471402736194812,1,8.524083087190129e-12,-25.506424018917492,-25.488224534236323,sequential,#2
2325,10420102005,420,2,5,0.006538431989359848,0.0749634006085014,1,8.524083087190129e-12,-25.506424018917492,-21.532626743744995,sequential,#2
2326,10420102006,420,2,6,0.01059526493082951,0.0753722855214838,1,8.524083087190129e-12,-25.506424018917492,-30.136105238930792,sequential,#2
2327,10420102007,420,2,7,0.006935324954512041,0.056140874151198734,1,8.524083087190129e-12,-25.506424018917492,-23.21270060741746,sequential,#2
2328,10420102008,420,2,8,0.012394177462539431,0.08749172025432433,1,8.524083087190129e-12,-25.506424018917492,-30.734678479082586,sequential,#2
2329,10420102009,420,2,9,0.008406367899832965,0.05652461815568712,1,8.524083087190129e-12,-25.506424018917492,-15.480118154967375,sequential,#2
2330,10420102010,420,2,10,0.007270279685628605,0.05657218973464737,1,8.524083087190129e-12,-25.506424018917492,-29.11315827706734,sequential,#2
2331,10420102011,420,2,11,0.007061744814894803,0.09591765539103073,1,8.524083087190129e-12,-25.506424018917492,-19.766539894297377,sequential,#2
2332,10420102012,420,2,12,0.011424148304244305,0.08494357714260267,1,8.524083087190129e-12,-25.506424018917492,-31.80410576882169,sequential,#2
2333,10420102013,420,2,13,0.005297978826147227,0.23243797045624123,1,8.524083087190129e-12,-25.506424018917492,-29.12103963765342,sequential,#2
2334,10420102014,420,2,14,0.010600777752840195,0.0940857268690669,1,8.524083087190129e-12,-25.506424018917492,-33.72033129763666,sequential,#2
2335,10420102015,420,2,15,0.00786210633276587,0.09303402477162613,1,8.524083087190129e-12,-25.506424018917492,-12.768889867623315,sequential,#2
2336,10420102016,420,2,16,0.006682607172230717,0.18256500815806254,1,8.524083087190129e-12,-25.506424018917492,-16.55632903983209,sequential,#2
2337,10420102017,420,2,17,0.011071562990609993,0.2361655818996966,1,8.524083087190129e-12,-25.506424018917492,-28.513845080259443,sequential,#2
2338,10420102018,420,2,18,0.008727729336591017,0.1722267217969957,1,8.524083087190129e-12,-25.506424018917492,-31.026059848053034,sequential,#2
2339,10420102019,420,2,19,0.007252572050711956,0.13674414438269455,1,8.524083087190129e-12,-25.506424018917492,-22.95062156513485,sequential,#2
2340,10420103000,420,3,0,0.032496416888925586,0.03850987888728222,1,6.02423084160928e-10,-18.68334929589715,0.8070714504921302,sequential,#3
2341,10420103001,420,3,1,0.02047028859942685,0.03802502875959536,1,6.02423084160928e-10,-18.68334929589715,-10.958438212277846,sequential,#3
2342,10420103002,420,3,2,0.023902107322521952,0.049028659679394945,1,6.02423084160928e-10,-18.68334929589715,-20.079160852634814,sequential,#3
2343,10420103003,420,3,3,0.019347024502405448,0.05873373684779771,1,6.02423084160928e-10,-18.68334929589715,-22.868614612199412,sequential,#3
2344,10420103004,420,3,4,0.02273803064989339,0.05911726230160835,1,6.02423084160928e-10,-18.68334929589715,-25.879216803952954,sequential,#3
2345,10420103005,420,3,5,0.0286662109957104,0.050014292258541634,1,6.02423084160928e-10,-18.68334929589715,-13.662463184558849,sequential,#3
2346,10420103006,420,3,6,0.022812872288913013,0.05066383993835052,1,6.02423084160928e-10,-18.68334929589715,-21.12378437038769,sequential,#3
2347,10420103007,420,3,7,0.026891144761092663,0.03932943897070471,1,6.02423084160928e-10,-18.68334929589715,-28.634471997422196,sequential,#3
2348,10420103008,420,3,8,0.032541177876437545,0.03639182391639296,1,6.02423084160928e-10,-18.68334929589715,-22.846019019342624,sequential,#3
2349,10420103009,420,3,9,0.022064283199998345,0.05329195364056977,1,6.02423084160928e-10,-18.68334929589715,-24.760134730198846,sequential,#3
2350,10420103010,420,3,10,0.02622063842482357,0.06266139737102341,1,6.02423084160928e-10,-18.68334929589715,-26.195794324033724,sequential,#3
2351,10420103011,420,3,11,0.02952785751648674,0.05931696889242265,1,6.02423084160928e-10,-18.68334929589715,-23.801966727071328,sequential,#3
2352,10420103012,420,3,12,0.029240866218112952,0.042949210690745976,1,6.02423084160928e-10,-18.68334929589715,-4.838038999634186,sequential,#3
2353,10420103013,420,3,13,0.022277361844926537,0.05450129274711953,1,6.02423084160928e-10,-18.68334929589715,-23.064310817752,sequential,#3
2354,10420103014,420,3,14,0.021780188207204135,0.03777909860492098,1,6.02423084160928e-10,-18.68334929589715,-16.779411024386942,sequential,#3
2355,10420103015,420,3,15,0.020044125148190924,0.043191889380576644,1,6.02423084160928e-10,-18.68334929589715,-17.80120723853132,sequential,#3
2356,10420103016,420,3,16,0.024959950869261446,0.05351747943877,1,6.02423084160928e-10,-18.68334929589715,-17.546237197281414,sequential,#3
2357,10420103017,420,3,17,0.02252181207028648,0.06914453530164723,1,6.02423084160928e-10,-18.68334929589715,-16.992019287361828,sequential,#3
2358,10420103018,420,3,18,0.03229615821249341,0.04820638288101118,1,6.02423084160928e-10,-18.68334929589715,-21.55753352676504,sequential,#3
2359,10420103019,420,3,19,0.021684345327064057,0.07324013811758653,1,6.02423084160928e-10,-18.68334929589715,-15.085234442642072,sequential,#3
2360,10420104000,420,4,0,0.011808780831257883,0.025875271346922184,1,4.200808300720757e-15,-32.155888247407525,-19.274095580893857,sequential,#4
2361,10420104001,420,4,1,0.011326622739722455,0.01881214921516618,1,4.200808300720757e-15,-32.155888247407525,-24.9637223995535,sequential,#4
2362,10420104002,420,4,2,0.01404327245005749,0.021257202394475098,1,4.200808300720757e-15,-32.155888247407525,-27.663833181929594,sequential,#4
2363,10420104003,420,4,3,0.01073239181880719,0.023968939521424974,1,4.200808300720757e-15,-32.155888247407525,-32.02099783092263,sequential,#4
2364,10420104004,420,4,4,0.010858669110030089,0.028107726386650676,1,4.200808300720757e-15,-32.155888247407525,-31.576125525169836,sequential,#4
2365,10420104005,420,4,5,0.009627271899995458,0.026277629353674118,1,4.200808300720757e-15,-32.155888247407525,-20.552570690249937,sequential,#4
2366,10420104006,420,4,6,0.010448183558393635,0.033469195427692715,1,4.200808300720757e-15,-32.155888247407525,-30.251874004726275,sequential,#4
2367,10420104007,420,4,7,0.011753697025261333,0.03433208778686289,1,4.200808300720757e-15,-32.155888247407525,-32.09613301620454,sequential,#4
2368,10420104008,420,4,8,0.01574690152139969,0.02800787461371258,1,4.200808300720757e-15,-32.155888247407525,-34.77423056927025,sequential,#4
2369,10420104009,420,4,9,0.03386464275270189,0.029898637121179638,1,4.200808300720757e-15,-32.155888247407525,-30.771104002096163,sequential,#4
2370,10420104010,420,4,10,0.009404144709183493,0.03149914931310428,1,4.200808300720757e-15,-32.155888247407525,-32.59384840920204,sequential,#4
2371,10420104011,420,4,11,0.008723317818144278,0.0214102518853512,1,4.200808300720757e-15,-32.155888247407525,-37.3495240014732,sequential,#4
2372,10420104012,420,4,12,0.012909685729726589,0.03080406536265923,1,4.200808300720757e-15,-32.155888247407525,-41.77908100933445,sequential,#4
2373,10420104013,420,4,13,0.010038146899109339,0.025259059476967022,1,4.200808300720757e-15,-32.155888247407525,-36.997277167973486,sequential,#4
2374,10420104014,420,4,14,0.016512380535157717,0.032558505552402466,1,4.200808300720757e-15,-32.155888247407525,-38.61866029021197,sequential,#4
2375,10420104015,420,4,15,0.012333347768109227,0.0346309534871219,1,4.200808300720757e-15,-32.155888247407525,-32.126111442715505,sequential,#4
2376,10420104016,420,4,16,0.019535236165833726,0.0409367777342297,1,4.200808300720757e-15,-32.155888247407525,-37.52990225845154,sequential,#4
2377,10420104017,420,4,17,0.013966300024866969,0.03167202102718304,1,4.200808300720757e-15,-32.155888247407525,-44.901861133219334,sequential,#4
2378,10420104018,420,4,18,0.012198539973374067,0.04588996197554467,1,4.200808300720757e-15,-32.155888247407525,-29.15961728061132,sequential,#4
2379,10420104019,420,4,19,0.015943760583120976,0.048686038889277944,1,4.200808300720757e-15,-32.155888247407525,-28.117195153941065,sequential,#4
2380,10420105000,420,5,0,0.007395654746365671,0.05930188054722175,0,0.19178592877208026,-3.160229697019597,-8.101436544903624,sequential,#5
2381,10420105001,420,5,1,0.008756897359091584,0.03231315039402831,0,0.19178592877208026,-3.160229697019597,0.7949403900379857,sequential,#5
2382,10420105002,420,5,2,0.006144660389796031,0.07218391872736092,0,0.19178592877208026,-3.160229697019597,-13.724911920449378,sequential,#5
2383,10420105003,420,5,3,0.009680720496357393,0.031398143614885986,0,0.19178592877208026,-3.160229697019597,-16.67048125481753,sequential,#5
2384,10420105004,420,5,4,0.0076753726862913785,0.06885876546037678,0,0.19178592877208026,-3.160229697019597,-23.478394924750116,sequential,#5
2385,10420105005,420,5,5,0.007732960138829037,0.05360010278931029,0,0.19178592877208026,-3.160229697019597,-7.759966309600819,sequential,#5
2386,10420105006,420,5,6,0.005112845713414206,0.03938269081819086,0,0.19178592877208026,-3.160229697019597,3.2219612080938336,sequential,#5
2387,10420105007,420,5,7,0.004593285511407752,0.12232829436798179,0,0.19178592877208026,-3.160229697019597,9.50295233076442,sequential,#5
2388,10420105008,420,5,8,0.007717492169438555,0.047535452293630855,0,0.19178592877208026,-3.160229697019597,-0.9878684375375204,sequential,#5
2389,10420105009,420,5,9,0.008734402159491606,0.13783584520895237,0,0.19178592877208026,-3.160229697019597,8.960533808462552,sequential,#5
2390,10420105010,420,5,10,0.003988586435398596,0.3488219884387213,0,0.19178592877208026,-3.160229697019597,8.324581157727557,sequential,#5
2391,10420105011,420,5,11,0.008290378191153825,0.15920209182097955,0,0.19178592877208026,-3.160229697019597,-2.6587101201507677,sequential,#5
2392,10420105012,420,5,12,0.007364344715720079,0.13633741798914023,0,0.19178592877208026,-3.160229697019597,-6.858828092247834,sequential,#5
2393,10420105013,420,5,13,0.0048521021610571065,0.07951489956021739,0,0.19178592877208026,-3.160229697019597,-19.81567741317362,sequential,#5
2394,10420105014,420,5,14,0.008418282634466083,0.07618897635834661,0,0.19178592877208026,-3.160229697019597,-6.376139360526827,sequential,#5
2395,10420105015,420,5,15,0.0028559601636109705,0.5110669708112385,0,0.19178592877208026,-3.160229697019597,15.79165125932748,sequential,#5
2396,10420105016,420,5,16,0.004576220039711466,0.07741798113979326,0,0.19178592877208026,-3.160229697019597,2.1409928929070574,sequential,#5
2397,10420105017,420,5,17,0.009131011048558594,0.12113229806085837,0,0.19178592877208026,-3.160229697019597,-5.78117697706822,sequential,#5
2398,10420105018,420,5,18,0.0054516246553376205,0.2358145381922012,0,0.19178592877208026,-3.160229697019597,7.252359079513765,sequential,#5
2399,10420105019,420,5,19,0.0034689421724829884,0.10395608526178099,0,0.19178592877208026,-3.160229697019597,-6.98097471200033,sequential,#5
