,unique_trial_id,part,id_move,trial,curvature_pt,curvature_st,signi,pvalue,avg_cross,cross,condition,par_r,par_h,par_mondis,bin
0,10000100000.0,420.0,0.0,0.0,0.1525980156464161,4.404471663853911,0.0,,-2.508753121015727,-2.508753121015727,sequential,7e-06,1,0.1,"(0.111, 0.222]"
1,10000101000.0,420.0,1.0,0.0,0.3662899804329059,9.167668918623535,0.0,,-3.634305873167764,-3.634305873167764,sequential,7e-06,1,0.1,"(0.333, 0.444]"
2,10000102000.0,420.0,2.0,0.0,0.0655298944347962,7.67237110495899,0.0,,-1.8555063555575175,-1.8555063555575175,sequential,7e-06,1,0.1,"(0.0, 0.111]"
3,10000103000.0,420.0,3.0,0.0,0.3661766372961402,8.324236441177833,0.0,,-3.6327334678520216,-3.6327334678520216,sequential,7e-06,1,0.1,"(0.333, 0.444]"
4,10000104000.0,420.0,4.0,0.0,0.1525678909189691,5.191130868527993,0.0,,-2.50613492070704,-2.50613492070704,sequential,7e-06,1,0.1,"(0.111, 0.222]"
5,10000105000.0,420.0,5.0,0.0,0.0656391085095508,7.195724207374681,0.0,,-1.8633234004520551,-1.8633234004520551,sequential,7e-06,1,0.1,"(0.0, 0.111]"
6,10001100000.0,421.0,0.0,0.0,0.1526557161669617,7.04485844001896,0.0,,-2.510056146244512,-2.510056146244512,sequential,7e-06,1,0.4,"(0.111, 0.222]"
7,10001101000.0,421.0,1.0,0.0,0.362523601501809,3.656472767456108,0.0,,-3.579895798448137,-3.579895798448137,sequential,7e-06,1,0.4,"(0.333, 0.444]"
8,10001102000.0,421.0,2.0,0.0,0.0654380761714207,9.8402599701794,0.0,,-1.8463162499660128,-1.8463162499660128,sequential,7e-06,1,0.4,"(0.0, 0.111]"
9,10001103000.0,421.0,3.0,0.0,0.3657978858989877,4.620466937812809,0.0,,-3.622147778377816,-3.622147778377816,sequential,7e-06,1,0.4,"(0.333, 0.444]"
10,10001104000.0,421.0,4.0,0.0,0.1525827442442477,6.488337524173331,0.0,,-2.503950571505976,-2.503950571505976,sequential,7e-06,1,0.4,"(0.111, 0.222]"
11,10001105000.0,421.0,5.0,0.0,0.0655213517686107,7.46305950169192,0.0,,-1.8525531759602485,-1.8525531759602485,sequential,7e-06,1,0.4,"(0.0, 0.111]"
12,10002100000.0,422.0,0.0,0.0,0.1523480917383966,5.535028978482874,0.0,,-2.4843609969601337,-2.4843609969601337,sequential,7e-06,1,0.5,"(0.111, 0.222]"
13,10002101000.0,422.0,1.0,0.0,0.3656155321124659,4.023103265484875,0.0,,-3.6194281022219137,-3.6194281022219137,sequential,7e-06,1,0.5,"(0.333, 0.444]"
14,10002102000.0,422.0,2.0,0.0,0.0652523659853701,5.821208322746509,0.0,,-1.8640805507977072,-1.8640805507977072,sequential,7e-06,1,0.5,"(0.0, 0.111]"
15,10002103000.0,422.0,3.0,0.0,0.3641133066825927,3.627556380551876,0.0,,-3.599634035520122,-3.599634035520122,sequential,7e-06,1,0.5,"(0.333, 0.444]"
16,10002104000.0,422.0,4.0,0.0,0.1523902591986142,5.754396992689049,0.0,,-2.4878200402409845,-2.4878200402409845,sequential,7e-06,1,0.5,"(0.111, 0.222]"
17,10002105000.0,422.0,5.0,0.0,0.0654507614465501,4.14629415278005,0.0,,-1.847182892805749,-1.847182892805749,sequential,7e-06,1,0.5,"(0.0, 0.111]"
18,10003100000.0,423.0,0.0,0.0,0.1524581338749016,2.374707360359213,0.0,,-2.4942736531596865,-2.4942736531596865,sequential,7e-06,1,0.7,"(0.111, 0.222]"
19,10003101000.0,423.0,1.0,0.0,0.364547852774751,2.2864962744257,0.0,,-3.606704806488577,-3.606704806488577,sequential,7e-06,1,0.7,"(0.333, 0.444]"
20,10003102000.0,423.0,2.0,0.0,0.0656725842647903,1.6780259015781278,0.0,,-1.8641165558729176,-1.8641165558729176,sequential,7e-06,1,0.7,"(0.0, 0.111]"
21,10003103000.0,423.0,3.0,0.0,0.3664625897822586,5.034224192139186,0.0,,-3.6323125733382335,-3.6323125733382335,sequential,7e-06,1,0.7,"(0.333, 0.444]"
22,10003104000.0,423.0,4.0,0.0,0.1524295759931817,2.8123856062171795,0.0,,-2.4918946212880737,-2.4918946212880737,sequential,7e-06,1,0.7,"(0.111, 0.222]"
23,10003105000.0,423.0,5.0,0.0,0.0653345803588719,2.533480007221496,0.0,,-1.8394953569958743,-1.8394953569958743,sequential,7e-06,1,0.7,"(0.0, 0.111]"
24,10004100000.0,424.0,0.0,0.0,0.1526204942857237,0.7099297911017507,0.0,,-2.507829301330826,-2.507829301330826,sequential,7e-06,1,1.0,"(0.111, 0.222]"
25,10004101000.0,424.0,1.0,0.0,0.3678053835579351,6.792504745301036,0.0,,-3.651009278095428,-3.651009278095428,sequential,7e-06,1,1.0,"(0.333, 0.444]"
26,10004102000.0,424.0,2.0,0.0,0.065620759707977,0.8272364182632314,0.0,,-1.86011961747489,-1.86011961747489,sequential,7e-06,1,1.0,"(0.0, 0.111]"
27,10004103000.0,424.0,3.0,0.0,0.3658513090443319,8.135653666248007,0.0,,-3.623707092741496,-3.623707092741496,sequential,7e-06,1,1.0,"(0.333, 0.444]"
28,10004104000.0,424.0,4.0,0.0,0.1526609060216112,0.722791014479161,0.0,,-2.5114692554103013,-2.5114692554103013,sequential,7e-06,1,1.0,"(0.111, 0.222]"
29,10004105000.0,424.0,5.0,0.0,0.0655014166564707,0.8925263818633755,0.0,,-1.851409387556424,-1.851409387556424,sequential,7e-06,1,1.0,"(0.0, 0.111]"
30,10005100000.0,425.0,0.0,0.0,0.1523798855930373,0.3483571839963721,0.0,,-2.48781110933341,-2.48781110933341,sequential,7e-06,1,1.5,"(0.111, 0.222]"
31,10005101000.0,425.0,1.0,0.0,0.3650195531267626,2.075851420917176,0.0,,-3.6130664589156463,-3.6130664589156463,sequential,7e-06,1,1.5,"(0.333, 0.444]"
32,10005102000.0,425.0,2.0,0.0,0.0653258299887558,0.4898340555561598,0.0,,-1.8388692047484625,-1.8388692047484625,sequential,7e-06,1,1.5,"(0.0, 0.111]"
33,10005103000.0,425.0,3.0,0.0,0.3644170391832911,2.6608994766077894,0.0,,-3.6049674533609,-3.6049674533609,sequential,7e-06,1,1.5,"(0.333, 0.444]"
34,10005104000.0,425.0,4.0,0.0,0.1524635273323522,0.3190109571912773,0.0,,-2.4947357195645647,-2.4947357195645647,sequential,7e-06,1,1.5,"(0.111, 0.222]"
35,10005105000.0,425.0,5.0,0.0,0.0654296908423563,0.4610135619843601,0.0,,-1.846430039116916,-1.846430039116916,sequential,7e-06,1,1.5,"(0.0, 0.111]"
36,10006100000.0,426.0,0.0,0.0,0.1523501461037552,0.1801583090655617,0.0,,-2.484503922795849,-2.484503922795849,sequential,7e-06,1,2.0,"(0.111, 0.222]"
37,10006101000.0,426.0,1.0,0.0,0.3660149829584832,0.6820431883474272,0.0,,-3.62499373203762,-3.62499373203762,sequential,7e-06,1,2.0,"(0.333, 0.444]"
38,10006102000.0,426.0,2.0,0.0,0.0654252468371104,0.2904560154874238,0.0,,-1.8452671341452416,-1.8452671341452416,sequential,7e-06,1,2.0,"(0.0, 0.111]"
39,10006103000.0,426.0,3.0,0.0,0.3649602455866464,0.7500773968393528,0.0,,-3.610320725589955,-3.610320725589955,sequential,7e-06,1,2.0,"(0.333, 0.444]"
40,10006104000.0,426.0,4.0,0.0,0.1524948123508045,0.1693083398397067,0.0,,-2.496131372697456,-2.496131372697456,sequential,7e-06,1,2.0,"(0.111, 0.222]"
41,10006105000.0,426.0,5.0,0.0,0.0651573141929372,0.307922799738235,0.0,,-1.8577880287346715,-1.8577880287346715,sequential,7e-06,1,2.0,"(0.0, 0.111]"
42,10007100000.0,448.0,0.0,0.0,0.1327253753864936,7.9133941427791825,0.0,,-2.704374794139538,-2.704374794139538,sequential,8e-06,1,0.1,"(0.111, 0.222]"
43,10007101000.0,448.0,1.0,0.0,0.3187251477048517,3.783101635361219,0.0,,-3.8824884756040574,-3.8824884756040574,sequential,8e-06,1,0.1,"(0.222, 0.333]"
44,10007102000.0,448.0,2.0,0.0,0.0565524326270526,7.499393872818228,0.0,,-2.0198829066137067,-2.0198829066137067,sequential,8e-06,1,0.1,"(0.0, 0.111]"
45,10007103000.0,448.0,3.0,0.0,0.3193371124518285,9.365563632735617,0.0,,-3.894354529378338,-3.894354529378338,sequential,8e-06,1,0.1,"(0.222, 0.333]"
46,10007104000.0,448.0,4.0,0.0,0.1326265768413205,7.346473683551147,0.0,,-2.6958005521834814,-2.6958005521834814,sequential,8e-06,1,0.1,"(0.111, 0.222]"
47,10007105000.0,448.0,5.0,0.0,0.0566484913924206,6.600732488200025,0.0,,-2.0282649588710906,-2.0282649588710906,sequential,8e-06,1,0.1,"(0.0, 0.111]"
48,10008100000.0,449.0,0.0,0.0,0.1325201125271288,9.496242796540288,0.0,,-2.6861518362402776,-2.6861518362402776,sequential,8e-06,1,0.4,"(0.111, 0.222]"
49,10008101000.0,449.0,1.0,0.0,0.3173475205987726,7.977497466522695,0.0,,-3.855714844155719,-3.855714844155719,sequential,8e-06,1,0.4,"(0.222, 0.333]"
50,10008102000.0,449.0,2.0,0.0,0.0564048560194315,7.165350370552714,0.0,,-2.0075268899164254,-2.0075268899164254,sequential,8e-06,1,0.4,"(0.0, 0.111]"
51,10008103000.0,449.0,3.0,0.0,0.3178774892479378,4.565410632175737,0.0,,-3.865116682403204,-3.865116682403204,sequential,8e-06,1,0.4,"(0.222, 0.333]"
52,10008104000.0,449.0,4.0,0.0,0.1323303502670977,9.156216615277186,0.0,,-2.6704928993591577,-2.6704928993591577,sequential,8e-06,1,0.4,"(0.111, 0.222]"
53,10008105000.0,449.0,5.0,0.0,0.0563080877757486,5.22959428713247,0.0,,-1.9998588270523336,-1.9998588270523336,sequential,8e-06,1,0.4,"(0.0, 0.111]"
54,10009100000.0,450.0,0.0,0.0,0.1321575015411263,6.3935656589970415,0.0,,-2.656570580189946,-2.656570580189946,sequential,8e-06,1,0.5,"(0.111, 0.222]"
55,10009101000.0,450.0,1.0,0.0,0.317927777643164,2.9278753261836425,0.0,,-3.865435490108896,-3.865435490108896,sequential,8e-06,1,0.5,"(0.222, 0.333]"
56,10009102000.0,450.0,2.0,0.0,0.0562568054137881,5.941596611886491,0.0,,-1.9952985634177296,-1.9952985634177296,sequential,8e-06,1,0.5,"(0.0, 0.111]"
57,10009103000.0,450.0,3.0,0.0,0.317826597990356,3.081575633681212,0.0,,-3.86341945022263,-3.86341945022263,sequential,8e-06,1,0.5,"(0.222, 0.333]"
58,10009104000.0,450.0,4.0,0.0,0.1326009823195496,3.86750085977902,0.0,,-2.693027497919793,-2.693027497919793,sequential,8e-06,1,0.5,"(0.111, 0.222]"
59,10009105000.0,450.0,5.0,0.0,0.0563828997962607,5.473784195056368,0.0,,-2.005394174667688,-2.005394174667688,sequential,8e-06,1,0.5,"(0.0, 0.111]"
60,10010100000.0,451.0,0.0,0.0,0.132819591748743,1.5130373422795398,0.0,,-2.7135390942348163,-2.7135390942348163,sequential,8e-06,1,0.7,"(0.111, 0.222]"
61,10010101000.0,451.0,1.0,0.0,0.3199951270930927,6.442207512262777,0.0,,-3.908921538391445,-3.908921538391445,sequential,8e-06,1,0.7,"(0.222, 0.333]"
62,10010102000.0,451.0,2.0,0.0,0.056498279634779,2.133777014597804,0.0,,-2.0158116444712104,-2.0158116444712104,sequential,8e-06,1,0.7,"(0.0, 0.111]"
63,10010103000.0,451.0,3.0,0.0,0.3188573313447634,9.681739711376556,0.0,,-3.885776235966725,-3.885776235966725,sequential,8e-06,1,0.7,"(0.222, 0.333]"
64,10010104000.0,451.0,4.0,0.0,0.1323811320025318,2.9949022444729683,0.0,,-2.6753201339585795,-2.6753201339585795,sequential,8e-06,1,0.7,"(0.111, 0.222]"
65,10010105000.0,451.0,5.0,0.0,0.056597570575183,2.04405478297574,0.0,,-2.0240031788942403,-2.0240031788942403,sequential,8e-06,1,0.7,"(0.0, 0.111]"
66,10011100000.0,452.0,0.0,0.0,0.1326445699602411,0.6549615880604689,0.0,,-2.697458710530232,-2.697458710530232,sequential,8e-06,1,1.0,"(0.111, 0.222]"
67,10011101000.0,452.0,1.0,0.0,0.3187884191713145,7.25523601198881,0.0,,-3.883844399634098,-3.883844399634098,sequential,8e-06,1,1.0,"(0.222, 0.333]"
68,10011102000.0,452.0,2.0,0.0,0.0566061495460373,0.8349744447053145,0.0,,-2.0245786881707737,-2.0245786881707737,sequential,8e-06,1,1.0,"(0.0, 0.111]"
69,10011103000.0,452.0,3.0,0.0,0.3198695493148963,6.872828104578487,0.0,,-3.905784018631776,-3.905784018631776,sequential,8e-06,1,1.0,"(0.222, 0.333]"
70,10011104000.0,452.0,4.0,0.0,0.1327592933520776,0.6402008532329823,0.0,,-2.707592857453122,-2.707592857453122,sequential,8e-06,1,1.0,"(0.111, 0.222]"
71,10011105000.0,452.0,5.0,0.0,0.0566994881781872,0.7658838333920254,0.0,,-2.0324807517513785,-2.0324807517513785,sequential,8e-06,1,1.0,"(0.0, 0.111]"
72,10012100000.0,453.0,0.0,0.0,0.1326884731910818,0.2619222186024202,0.0,,-2.7006815401299025,-2.7006815401299025,sequential,8e-06,1,1.5,"(0.111, 0.222]"
73,10012101000.0,453.0,1.0,0.0,0.3181100373504245,2.829519752513856,0.0,,-3.8694281639085104,-3.8694281639085104,sequential,8e-06,1,1.5,"(0.222, 0.333]"
74,10012102000.0,453.0,2.0,0.0,0.0564166712845121,0.4539382807269055,0.0,,-2.0083914940260965,-2.0083914940260965,sequential,8e-06,1,1.5,"(0.0, 0.111]"
75,10012103000.0,453.0,3.0,0.0,0.3193484983392007,1.8839312763199203,0.0,,-3.894089862710755,-3.894089862710755,sequential,8e-06,1,1.5,"(0.222, 0.333]"
76,10012104000.0,453.0,4.0,0.0,0.1325448146109353,0.2763644890361767,0.0,,-2.688176906958755,-2.688176906958755,sequential,8e-06,1,1.5,"(0.111, 0.222]"
77,10012105000.0,453.0,5.0,0.0,0.0565627246978289,0.4305551760767699,0.0,,-2.0205712804277973,-2.0205712804277973,sequential,8e-06,1,1.5,"(0.0, 0.111]"
78,10013100000.0,454.0,0.0,0.0,0.1321926524881991,0.1885329861846211,0.0,,-2.659708991351716,-2.659708991351716,sequential,8e-06,1,2.0,"(0.111, 0.222]"
79,10013101000.0,454.0,1.0,0.0,0.3180097529659055,0.9732156001772972,0.0,,-3.867517882669085,-3.867517882669085,sequential,8e-06,1,2.0,"(0.222, 0.333]"
80,10013102000.0,454.0,2.0,0.0,0.0563610844803601,0.3181811781706571,0.0,,-2.003747320894045,-2.003747320894045,sequential,8e-06,1,2.0,"(0.0, 0.111]"
81,10013103000.0,454.0,3.0,0.0,0.3182309992022288,0.9257211541320494,0.0,,-3.871947024844964,-3.871947024844964,sequential,8e-06,1,2.0,"(0.222, 0.333]"
82,10013104000.0,454.0,4.0,0.0,0.1321804281753812,0.193569006922492,0.0,,-2.6587365631683744,-2.6587365631683744,sequential,8e-06,1,2.0,"(0.111, 0.222]"
83,10013105000.0,454.0,5.0,0.0,0.0563720779073114,0.3148886271603523,0.0,,-2.004670199893403,-2.004670199893403,sequential,8e-06,1,2.0,"(0.0, 0.111]"
84,10014100000.0,476.0,0.0,0.0,0.1042219231280145,4.377726578735654,0.0,,-3.052864017715807,-3.052864017715807,sequential,1e-05,1,0.1,"(0.0, 0.111]"
85,10014101000.0,476.0,1.0,0.0,0.2525235105307907,9.947979776227047,0.0,,-4.417290500720341,-4.417290500720341,sequential,1e-05,1,0.1,"(0.222, 0.333]"
86,10014102000.0,476.0,2.0,0.0,0.044759452816118,8.090661459912685,0.0,,-2.2502340334884106,-2.2502340334884106,sequential,1e-05,1,0.1,"(0.0, 0.111]"
87,10014103000.0,476.0,3.0,0.0,0.253432434937245,5.963033377445506,0.0,,-4.377508772133816,-4.377508772133816,sequential,1e-05,1,0.1,"(0.222, 0.333]"
88,10014104000.0,476.0,4.0,0.0,0.1043270192524291,4.432629769364379,0.0,,-3.0626254814079767,-3.0626254814079767,sequential,1e-05,1,0.1,"(0.0, 0.111]"
89,10014105000.0,476.0,5.0,0.0,0.0448757639824401,9.347068133407774,0.0,,-2.268065605505313,-2.268065605505313,sequential,1e-05,1,0.1,"(0.0, 0.111]"
90,10015100000.0,477.0,0.0,0.0,0.1041975792805778,7.978184663063019,0.0,,-3.0469761221277616,-3.0469761221277616,sequential,1e-05,1,0.4,"(0.0, 0.111]"
91,10015101000.0,477.0,1.0,0.0,0.2526905944341222,6.545475870029439,0.0,,-4.417687047230096,-4.417687047230096,sequential,1e-05,1,0.4,"(0.222, 0.333]"
92,10015102000.0,477.0,2.0,0.0,0.0447705750672019,7.412183220635728,0.0,,-2.249358775012744,-2.249358775012744,sequential,1e-05,1,0.4,"(0.0, 0.111]"
93,10015103000.0,477.0,3.0,0.0,0.2542730172912084,6.751660231001549,0.0,,-4.422904481537896,-4.422904481537896,sequential,1e-05,1,0.4,"(0.222, 0.333]"
94,10015104000.0,477.0,4.0,0.0,0.1041684005079588,8.060704454573177,0.0,,-3.044095461788644,-3.044095461788644,sequential,1e-05,1,0.4,"(0.0, 0.111]"
95,10015105000.0,477.0,5.0,0.0,0.0448089939015277,6.501745586041927,0.0,,-2.255434635288242,-2.255434635288242,sequential,1e-05,1,0.4,"(0.0, 0.111]"
96,10016100000.0,478.0,0.0,0.0,0.1041577538560187,5.866099197677578,0.0,,-3.0452645938716083,-3.0452645938716083,sequential,1e-05,1,0.5,"(0.0, 0.111]"
97,10016101000.0,478.0,1.0,0.0,0.2527599445547853,3.7955720243354616,0.0,,-4.424712868335287,-4.424712868335287,sequential,1e-05,1,0.5,"(0.222, 0.333]"
98,10016102000.0,478.0,2.0,0.0,0.0447812229369476,5.098442352167004,0.0,,-2.2526181732414003,-2.2526181732414003,sequential,1e-05,1,0.5,"(0.0, 0.111]"
99,10016103000.0,478.0,3.0,0.0,0.2536083409670297,9.516217216968462,0.0,,-4.383070663832504,-4.383070663832504,sequential,1e-05,1,0.5,"(0.222, 0.333]"
100,10016104000.0,478.0,4.0,0.0,0.1041930860321709,6.55807346856916,0.0,,-3.048678322716929,-3.048678322716929,sequential,1e-05,1,0.5,"(0.0, 0.111]"
101,10016105000.0,478.0,5.0,0.0,0.0448489776959787,5.287498299659006,0.0,,-2.2627739260173056,-2.2627739260173056,sequential,1e-05,1,0.5,"(0.0, 0.111]"
102,10017100000.0,479.0,0.0,0.0,0.1043866194839421,1.6847716831556605,0.0,,-3.066998201709049,-3.066998201709049,sequential,1e-05,1,0.7,"(0.0, 0.111]"
103,10017101000.0,479.0,1.0,0.0,0.2528453442473513,9.223430387775192,0.0,,-4.427646357783904,-4.427646357783904,sequential,1e-05,1,0.7,"(0.222, 0.333]"
104,10017102000.0,479.0,2.0,0.0,0.0448934565065406,1.6022753674181174,0.0,,-2.269679992051474,-2.269679992051474,sequential,1e-05,1,0.7,"(0.0, 0.111]"
105,10017103000.0,479.0,3.0,0.0,0.252639300987128,7.03568670618376,0.0,,-4.418902658877607,-4.418902658877607,sequential,1e-05,1,0.7,"(0.222, 0.333]"
106,10017104000.0,479.0,4.0,0.0,0.1040152350298165,2.685821048613598,0.0,,-3.032028042881598,-3.032028042881598,sequential,1e-05,1,0.7,"(0.0, 0.111]"
107,10017105000.0,479.0,5.0,0.0,0.0449307712206217,1.6350712025712035,0.0,,-2.275356765161596,-2.275356765161596,sequential,1e-05,1,0.7,"(0.0, 0.111]"
108,10018100000.0,480.0,0.0,0.0,0.104353963765869,0.6198492269216622,0.0,,-3.0633881392928446,-3.0633881392928446,sequential,1e-05,1,1.0,"(0.0, 0.111]"
109,10018101000.0,480.0,1.0,0.0,0.2524469140307283,8.922338396695253,0.0,,-4.410196413925341,-4.410196413925341,sequential,1e-05,1,1.0,"(0.222, 0.333]"
110,10018102000.0,480.0,2.0,0.0,0.0447282724673221,0.9387614711692864,0.0,,-2.2439016752588907,-2.2439016752588907,sequential,1e-05,1,1.0,"(0.0, 0.111]"
111,10018103000.0,480.0,3.0,0.0,0.2525049213229739,7.298202844490063,0.0,,-4.412596359653817,-4.412596359653817,sequential,1e-05,1,1.0,"(0.222, 0.333]"
112,10018104000.0,480.0,4.0,0.0,0.1040656627083396,0.904128716616888,0.0,,-3.035675786302371,-3.035675786302371,sequential,1e-05,1,1.0,"(0.0, 0.111]"
113,10018105000.0,480.0,5.0,0.0,0.0448561789505158,0.7992178285244194,0.0,,-2.2634860831129617,-2.2634860831129617,sequential,1e-05,1,1.0,"(0.0, 0.111]"
114,10019100000.0,481.0,0.0,0.0,0.1043464480189532,0.2627451935699721,0.0,,-3.0625824228497462,-3.0625824228497462,sequential,1e-05,1,1.5,"(0.0, 0.111]"
115,10019101000.0,481.0,1.0,0.0,0.2520760200349862,2.909965553707846,0.0,,-4.396283822461148,-4.396283822461148,sequential,1e-05,1,1.5,"(0.222, 0.333]"
116,10019102000.0,481.0,2.0,0.0,0.04466947778096,0.461230087333648,0.0,,-2.2354575799744496,-2.2354575799744496,sequential,1e-05,1,1.5,"(0.0, 0.111]"
117,10019103000.0,481.0,3.0,0.0,0.2533389107747841,1.6249609707974129,0.0,,-4.369097697787988,-4.369097697787988,sequential,1e-05,1,1.5,"(0.222, 0.333]"
118,10019104000.0,481.0,4.0,0.0,0.1044587647184145,0.2501640574273757,0.0,,-3.025662017767411,-3.025662017767411,sequential,1e-05,1,1.5,"(0.0, 0.111]"
119,10019105000.0,481.0,5.0,0.0,0.0447409213231055,0.4371713202100548,0.0,,-2.245802091459419,-2.245802091459419,sequential,1e-05,1,1.5,"(0.0, 0.111]"
120,10020100000.0,482.0,0.0,0.0,0.1040984090557565,0.171149490641727,0.0,,-3.0383418734419907,-3.0383418734419907,sequential,1e-05,1,2.0,"(0.0, 0.111]"
121,10020101000.0,482.0,1.0,0.0,0.2530288876133577,0.664435262796598,0.0,,-4.354234182641624,-4.354234182641624,sequential,1e-05,1,2.0,"(0.222, 0.333]"
122,10020102000.0,482.0,2.0,0.0,0.0446762812658262,0.2947524478277284,0.0,,-2.2361157811124097,-2.2361157811124097,sequential,1e-05,1,2.0,"(0.0, 0.111]"
123,10020103000.0,482.0,3.0,0.0,0.2525790381850119,0.7949856758398318,0.0,,-4.414856937802344,-4.414856937802344,sequential,1e-05,1,2.0,"(0.222, 0.333]"
124,10020104000.0,482.0,4.0,0.0,0.1042116280990318,0.1630776459784922,0.0,,-3.0487520341284777,-3.0487520341284777,sequential,1e-05,1,2.0,"(0.0, 0.111]"
125,10020105000.0,482.0,5.0,0.0,0.0447190669299984,0.2916136677851846,0.0,,-2.242146507613063,-2.242146507613063,sequential,1e-05,1,2.0,"(0.0, 0.111]"
126,10021100000.0,504.0,0.0,0.0,0.0555585300210845,7.391960113085874,0.0,,-4.005623609201855,-4.005623609201855,sequential,2e-05,1,0.1,"(0.0, 0.111]"
127,10021101000.0,504.0,1.0,0.0,0.1374289301021114,5.687483156261462,0.0,,-5.841166081537073,-5.841166081537073,sequential,2e-05,1,0.1,"(0.111, 0.222]"
128,10021102000.0,504.0,2.0,0.0,0.0237856740746964,4.85134710586166,0.0,,-2.962237217482637,-2.962237217482637,sequential,2e-05,1,0.1,"(0.0, 0.111]"
129,10021103000.0,504.0,3.0,0.0,0.1362290299560039,2.161621646405563,0.0,,-5.757191904406533,-5.757191904406533,sequential,2e-05,1,0.1,"(0.111, 0.222]"
130,10021104000.0,504.0,4.0,0.0,0.055504914021286,7.240768486859626,0.0,,-3.9773315691046216,-3.9773315691046216,sequential,2e-05,1,0.1,"(0.0, 0.111]"
131,10021105000.0,504.0,5.0,0.0,0.0238143108821036,8.787983619542016,0.0,,-2.9742521577055845,-2.9742521577055845,sequential,2e-05,1,0.1,"(0.0, 0.111]"
132,10022100000.0,505.0,0.0,0.0,0.0555110129572107,4.889877416293064,0.0,,-3.9797958325618414,-3.9797958325618414,sequential,2e-05,1,0.4,"(0.0, 0.111]"
133,10022101000.0,505.0,1.0,0.0,0.1369201771482977,6.862103858194487,0.0,,-5.803722258617567,-5.803722258617567,sequential,2e-05,1,0.4,"(0.111, 0.222]"
134,10022102000.0,505.0,2.0,0.0,0.0238022816850276,3.792748374453325,0.0,,-2.9687660153104902,-2.9687660153104902,sequential,2e-05,1,0.4,"(0.0, 0.111]"
135,10022103000.0,505.0,3.0,0.0,0.1367063693237596,6.122230930336856,0.0,,-5.788227399296844,-5.788227399296844,sequential,2e-05,1,0.4,"(0.111, 0.222]"
136,10022104000.0,505.0,4.0,0.0,0.0554003572173057,6.081597946862825,0.0,,-3.963150320994472,-3.963150320994472,sequential,2e-05,1,0.4,"(0.0, 0.111]"
137,10022105000.0,505.0,5.0,0.0,0.0237547232956089,4.520875879754677,0.0,,-2.9496231620294378,-2.9496231620294378,sequential,2e-05,1,0.4,"(0.0, 0.111]"
138,10023100000.0,506.0,0.0,0.0,0.0555185311974399,2.643437100206178,0.0,,-3.984554291821524,-3.984554291821524,sequential,2e-05,1,0.5,"(0.0, 0.111]"
139,10023101000.0,506.0,1.0,0.0,0.1364299731159915,6.071036588834778,0.0,,-5.771099647459444,-5.771099647459444,sequential,2e-05,1,0.5,"(0.111, 0.222]"
140,10023102000.0,506.0,2.0,0.0,0.023762143162184,2.6713427562095617,0.0,,-2.953174024692085,-2.953174024692085,sequential,2e-05,1,0.5,"(0.0, 0.111]"
141,10023103000.0,506.0,3.0,0.0,0.1364778442664843,6.5089665239619325,0.0,,-5.774437528493936,-5.774437528493936,sequential,2e-05,1,0.5,"(0.111, 0.222]"
142,10023104000.0,506.0,4.0,0.0,0.055447319525063,4.17714988946831,0.0,,-3.98474559816826,-3.98474559816826,sequential,2e-05,1,0.5,"(0.0, 0.111]"
143,10023105000.0,506.0,5.0,0.0,0.023816756844606,2.3164686453325425,0.0,,-2.975280485446414,-2.975280485446414,sequential,2e-05,1,0.5,"(0.0, 0.111]"
144,10024100000.0,507.0,0.0,0.0,0.0555013685365281,1.936125413115929,0.0,,-3.983077896027901,-3.983077896027901,sequential,2e-05,1,0.7,"(0.0, 0.111]"
145,10024101000.0,507.0,1.0,0.0,0.1369523513085616,7.994139928794049,0.0,,-5.816252815200913,-5.816252815200913,sequential,2e-05,1,0.7,"(0.111, 0.222]"
146,10024102000.0,507.0,2.0,0.0,0.0238392720796213,1.349727334840486,0.0,,-2.9881499719183786,-2.9881499719183786,sequential,2e-05,1,0.7,"(0.0, 0.111]"
147,10024103000.0,507.0,3.0,0.0,0.1373884424894168,8.083954867344897,0.0,,-5.846527186499757,-5.846527186499757,sequential,2e-05,1,0.7,"(0.111, 0.222]"
148,10024104000.0,507.0,4.0,0.0,0.0555719131921548,1.4828481766381083,0.0,,-4.020107261909242,-4.020107261909242,sequential,2e-05,1,0.7,"(0.0, 0.111]"
149,10024105000.0,507.0,5.0,0.0,0.0238308267502848,1.5093937274591145,0.0,,-2.984571040258906,-2.984571040258906,sequential,2e-05,1,0.7,"(0.0, 0.111]"
150,10025100000.0,508.0,0.0,0.0,0.055507869054921,0.5478613682312213,0.0,,-3.978779662444284,-3.978779662444284,sequential,2e-05,1,1.0,"(0.0, 0.111]"
151,10025101000.0,508.0,1.0,0.0,0.1369178454562416,3.850238016610505,0.0,,-5.804351549535493,-5.804351549535493,sequential,2e-05,1,1.0,"(0.111, 0.222]"
152,10025102000.0,508.0,2.0,0.0,0.0238072287459206,0.6659804136813369,0.0,,-2.9712090385206404,-2.9712090385206404,sequential,2e-05,1,1.0,"(0.0, 0.111]"
153,10025103000.0,508.0,3.0,0.0,0.1362332689965907,4.697159390824761,0.0,,-5.75731298194538,-5.75731298194538,sequential,2e-05,1,1.0,"(0.111, 0.222]"
154,10025104000.0,508.0,4.0,0.0,0.0554469206581707,0.6800046128495985,0.0,,-3.984434049577572,-3.984434049577572,sequential,2e-05,1,1.0,"(0.0, 0.111]"
155,10025105000.0,508.0,5.0,0.0,0.0237448747993338,0.7425279596168678,0.0,,-2.946082359913952,-2.946082359913952,sequential,2e-05,1,1.0,"(0.0, 0.111]"
156,10026100000.0,509.0,0.0,0.0,0.0554516371297196,0.2791883557786774,0.0,,-3.98652922348432,-3.98652922348432,sequential,2e-05,1,1.5,"(0.0, 0.111]"
157,10026101000.0,509.0,1.0,0.0,0.1361083848687196,1.7466071366464722,0.0,,-5.74853221899357,-5.74853221899357,sequential,2e-05,1,1.5,"(0.111, 0.222]"
158,10026102000.0,509.0,2.0,0.0,0.0237597098536706,0.3738231090432474,0.0,,-2.9520211217402155,-2.9520211217402155,sequential,2e-05,1,1.5,"(0.0, 0.111]"
159,10026103000.0,509.0,3.0,0.0,0.1365016613819657,1.4565168362028782,0.0,,-5.775758333802157,-5.775758333802157,sequential,2e-05,1,1.5,"(0.111, 0.222]"
160,10026104000.0,509.0,4.0,0.0,0.0555099411484582,0.2540953963677937,0.0,,-3.9797488760453534,-3.9797488760453534,sequential,2e-05,1,1.5,"(0.0, 0.111]"
161,10026105000.0,509.0,5.0,0.0,0.0237367236253031,0.3832235947334169,0.0,,-2.942688846908275,-2.942688846908275,sequential,2e-05,1,1.5,"(0.0, 0.111]"
162,10027100000.0,510.0,0.0,0.0,0.0553736848353186,0.1638794980980581,0.0,,-3.9496521885136593,-3.9496521885136593,sequential,2e-05,1,2.0,"(0.0, 0.111]"
163,10027101000.0,510.0,1.0,0.0,0.1363704070805501,0.6129755053171728,0.0,,-5.762834902119541,-5.762834902119541,sequential,2e-05,1,2.0,"(0.111, 0.222]"
164,10027102000.0,510.0,2.0,0.0,0.0236767732478939,0.2828876229814018,0.0,,-2.918229900593667,-2.918229900593667,sequential,2e-05,1,2.0,"(0.0, 0.111]"
165,10027103000.0,510.0,3.0,0.0,0.1358222688458933,0.7125567233395751,0.0,,-5.726415645669785,-5.726415645669785,sequential,2e-05,1,2.0,"(0.111, 0.222]"
166,10027104000.0,510.0,4.0,0.0,0.0554364778995055,0.1488881170101783,0.0,,-3.977336877183146,-3.977336877183146,sequential,2e-05,1,2.0,"(0.0, 0.111]"
167,10027105000.0,510.0,5.0,0.0,0.0237078383461783,0.278520575669803,0.0,,-2.9298414984265926,-2.9298414984265926,sequential,2e-05,1,2.0,"(0.0, 0.111]"
168,10028100000.0,532.0,0.0,0.0,0.0406803823975826,4.3676257525773154,0.0,,-4.177919445277163,-4.177919445277163,sequential,3e-05,1,0.1,"(0.0, 0.111]"
169,10028101000.0,532.0,1.0,0.0,0.1016475025785564,2.5240421228590098,0.0,,-6.20658651258838,-6.20658651258838,sequential,3e-05,1,0.1,"(0.0, 0.111]"
170,10028102000.0,532.0,2.0,0.0,0.0175278370358713,5.784627111738775,0.0,,-3.09417042170698,-3.09417042170698,sequential,3e-05,1,0.1,"(0.0, 0.111]"
171,10028103000.0,532.0,3.0,0.0,0.1012001694633275,1.6486734426327014,0.0,,-6.155917115210864,-6.155917115210864,sequential,3e-05,1,0.1,"(0.0, 0.111]"
172,10028104000.0,532.0,4.0,0.0,0.0406564031819749,5.235356041417645,0.0,,-4.140132674919132,-4.140132674919132,sequential,3e-05,1,0.1,"(0.0, 0.111]"
173,10028105000.0,532.0,5.0,0.0,0.0175450805891384,8.972429409323121,0.0,,-3.1089458023374776,-3.1089458023374776,sequential,3e-05,1,0.1,"(0.0, 0.111]"
174,10029100000.0,533.0,0.0,0.0,0.0406940663620202,4.231224374433536,0.0,,-4.180133074553605,-4.180133074553605,sequential,3e-05,1,0.4,"(0.0, 0.111]"
175,10029101000.0,533.0,1.0,0.0,0.1007471467321376,3.7025534884546825,0.0,,-6.095275920445048,-6.095275920445048,sequential,3e-05,1,0.4,"(0.0, 0.111]"
176,10029102000.0,533.0,2.0,0.0,0.0174761992440477,6.114896698942936,0.0,,-3.044273952728658,-3.044273952728658,sequential,3e-05,1,0.4,"(0.0, 0.111]"
177,10029103000.0,533.0,3.0,0.0,0.1010796836454347,4.080011394236244,0.0,,-6.131301508138801,-6.131301508138801,sequential,3e-05,1,0.4,"(0.0, 0.111]"
178,10029104000.0,533.0,4.0,0.0,0.0406423823760763,4.56340900321091,0.0,,-4.133040241532123,-4.133040241532123,sequential,3e-05,1,0.4,"(0.0, 0.111]"
179,10029105000.0,533.0,5.0,0.0,0.0175220383478193,4.322214118297909,0.0,,-3.0827942366215604,-3.0827942366215604,sequential,3e-05,1,0.4,"(0.0, 0.111]"
180,10030100000.0,534.0,0.0,0.0,0.0406044900758522,3.4537648545354926,0.0,,-4.100632943068077,-4.100632943068077,sequential,3e-05,1,0.5,"(0.0, 0.111]"
181,10030101000.0,534.0,1.0,0.0,0.1003444173147654,3.596946577969199,0.0,,-6.051293085786945,-6.051293085786945,sequential,3e-05,1,0.5,"(0.0, 0.111]"
182,10030102000.0,534.0,2.0,0.0,0.0175117439081422,2.218045780738476,0.0,,-3.072675697043933,-3.072675697043933,sequential,3e-05,1,0.5,"(0.0, 0.111]"
183,10030103000.0,534.0,3.0,0.0,0.1009749233616029,4.591261947751891,0.0,,-6.118033929193753,-6.118033929193753,sequential,3e-05,1,0.5,"(0.0, 0.111]"
184,10030104000.0,534.0,4.0,0.0,0.040664278580232,2.6134664037354383,0.0,,-4.149809453010844,-4.149809453010844,sequential,3e-05,1,0.5,"(0.0, 0.111]"
185,10030105000.0,534.0,5.0,0.0,0.017484961420278,2.5367732330073007,0.0,,-3.049787825833996,-3.049787825833996,sequential,3e-05,1,0.5,"(0.0, 0.111]"
186,10031100000.0,535.0,0.0,0.0,0.0406990757766942,1.322428628810301,0.0,,-4.192976728661716,-4.192976728661716,sequential,3e-05,1,0.7,"(0.0, 0.111]"
187,10031101000.0,535.0,1.0,0.0,0.1015272903580422,4.602893051287162,0.0,,-6.191147140719141,-6.191147140719141,sequential,3e-05,1,0.7,"(0.0, 0.111]"
188,10031102000.0,535.0,2.0,0.0,0.0175455361871443,1.2372527586902584,0.0,,-3.1087028995082004,-3.1087028995082004,sequential,3e-05,1,0.7,"(0.0, 0.111]"
189,10031103000.0,535.0,3.0,0.0,0.1007422121456582,4.690027453983643,0.0,,-6.1051493677604025,-6.1051493677604025,sequential,3e-05,1,0.7,"(0.0, 0.111]"
190,10031104000.0,535.0,4.0,0.0,0.0407316743329005,1.0236876344390504,0.0,,-4.225810172359764,-4.225810172359764,sequential,3e-05,1,0.7,"(0.0, 0.111]"
191,10031105000.0,535.0,5.0,0.0,0.0175649209847018,1.0768729808894089,0.0,,-3.127895271337652,-3.127895271337652,sequential,3e-05,1,0.7,"(0.0, 0.111]"
192,10032100000.0,536.0,0.0,0.0,0.0406749671309929,0.4811588991619177,0.0,,-4.160787383539415,-4.160787383539415,sequential,3e-05,1,1.0,"(0.0, 0.111]"
193,10032101000.0,536.0,1.0,0.0,0.1011107038391037,2.869045390390088,0.0,,-6.134372311557105,-6.134372311557105,sequential,3e-05,1,1.0,"(0.0, 0.111]"
194,10032102000.0,536.0,2.0,0.0,0.0175098251403633,0.5951906790644117,0.0,,-3.071385654546717,-3.071385654546717,sequential,3e-05,1,1.0,"(0.0, 0.111]"
195,10032103000.0,536.0,3.0,0.0,0.1010742575825438,2.9056229007869003,0.0,,-6.130151926821304,-6.130151926821304,sequential,3e-05,1,1.0,"(0.0, 0.111]"
196,10032104000.0,536.0,4.0,0.0,0.0406420650351077,0.5590093583688617,0.0,,-4.13200234958606,-4.13200234958606,sequential,3e-05,1,1.0,"(0.0, 0.111]"
197,10032105000.0,536.0,5.0,0.0,0.017469590836891,0.6712351257017892,0.0,,-3.038198483215389,-3.038198483215389,sequential,3e-05,1,1.0,"(0.0, 0.111]"
198,10033100000.0,537.0,0.0,0.0,0.0406680645316663,0.2107020015000437,0.0,,-4.153405031111919,-4.153405031111919,sequential,3e-05,1,1.5,"(0.0, 0.111]"
199,10033101000.0,537.0,1.0,0.0,0.1009176645332532,0.8950433000240298,0.0,,-6.111490870256764,-6.111490870256764,sequential,3e-05,1,1.5,"(0.0, 0.111]"
200,10033102000.0,537.0,2.0,0.0,0.0175303162094582,0.3501549271571775,0.0,,-3.088923820142014,-3.088923820142014,sequential,3e-05,1,1.5,"(0.0, 0.111]"
201,10033103000.0,537.0,3.0,0.0,0.1002618425145644,1.2047294454686066,0.0,,-6.042502046060676,-6.042502046060676,sequential,3e-05,1,1.5,"(0.0, 0.111]"
202,10033104000.0,537.0,4.0,0.0,0.0406052266951288,0.2613410998341992,0.0,,-4.101259989788755,-4.101259989788755,sequential,3e-05,1,1.5,"(0.0, 0.111]"
203,10033105000.0,537.0,5.0,0.0,0.0174650811124661,0.3765895528161929,0.0,,-3.033753750480055,-3.033753750480055,sequential,3e-05,1,1.5,"(0.0, 0.111]"
204,10034100000.0,538.0,0.0,0.0,0.0406469901295033,0.155349719005566,0.0,,-4.137110175283531,-4.137110175283531,sequential,3e-05,1,2.0,"(0.0, 0.111]"
205,10034101000.0,538.0,1.0,0.0,0.1000805846000827,0.6462292023987295,0.0,,-6.027166684578639,-6.027166684578639,sequential,3e-05,1,2.0,"(0.0, 0.111]"
206,10034102000.0,538.0,2.0,0.0,0.0175163930735159,0.2656037542659215,0.0,,-3.077657908683091,-3.077657908683091,sequential,3e-05,1,2.0,"(0.0, 0.111]"
207,10034103000.0,538.0,3.0,0.0,0.1010606548633803,0.4449593025005322,0.0,,-6.129094496627673,-6.129094496627673,sequential,3e-05,1,2.0,"(0.0, 0.111]"
208,10034104000.0,538.0,4.0,0.0,0.040672420977093,0.1473026551725454,0.0,,-4.158955612973613,-4.158955612973613,sequential,3e-05,1,2.0,"(0.0, 0.111]"
209,10034105000.0,538.0,5.0,0.0,0.0175262381526488,0.2659670557431505,0.0,,-3.0866244325349586,-3.0866244325349586,sequential,3e-05,1,2.0,"(0.0, 0.111]"
210,10035100000.0,560.0,0.0,0.0,0.0292149723359687,2.5338122293415832,0.0,,-3.502344010012039,-3.502344010012039,sequential,5e-05,1,0.1,"(0.0, 0.111]"
211,10035101000.0,560.0,1.0,0.0,0.0732204164011438,1.6171369182509334,0.0,,-5.29744355940742,-5.29744355940742,sequential,5e-05,1,0.1,"(0.0, 0.111]"
212,10035102000.0,560.0,2.0,0.0,0.0126706744055326,7.677725612702797,0.0,,-2.5277753829227905,-2.5277753829227905,sequential,5e-05,1,0.1,"(0.0, 0.111]"
213,10035103000.0,560.0,3.0,0.0,0.0732054238216927,1.2004563138952846,0.0,,-5.29454404184139,-5.29454404184139,sequential,5e-05,1,0.1,"(0.0, 0.111]"
214,10035104000.0,560.0,4.0,0.0,0.0292185390234505,2.871574320556423,0.0,,-3.5073679882275868,-3.5073679882275868,sequential,5e-05,1,0.1,"(0.0, 0.111]"
215,10035105000.0,560.0,5.0,0.0,0.0126802202422931,7.212200182604402,0.0,,-2.54034944396669,-2.54034944396669,sequential,5e-05,1,0.1,"(0.0, 0.111]"
216,10036100000.0,561.0,0.0,0.0,0.0291381768120566,2.57129210053694,0.0,,-3.393338345062961,-3.393338345062961,sequential,5e-05,1,0.4,"(0.0, 0.111]"
217,10036101000.0,561.0,1.0,0.0,0.0725674194539691,2.36438829871575,0.0,,-5.095815513258177,-5.095815513258177,sequential,5e-05,1,0.4,"(0.0, 0.111]"
218,10036102000.0,561.0,2.0,0.0,0.0126283543438535,2.956554906659965,0.0,,-2.4679357801567403,-2.4679357801567403,sequential,5e-05,1,0.4,"(0.0, 0.111]"
219,10036103000.0,561.0,3.0,0.0,0.0725735984277411,2.155345731610968,0.0,,-5.096913635929126,-5.096913635929126,sequential,5e-05,1,0.4,"(0.0, 0.111]"
220,10036104000.0,561.0,4.0,0.0,0.0291237280157153,2.52403641704894,0.0,,-3.378540656755121,-3.378540656755121,sequential,5e-05,1,0.4,"(0.0, 0.111]"
221,10036105000.0,561.0,5.0,0.0,0.0125967901485434,3.9394164979695008,0.0,,-2.4308738080348125,-2.4308738080348125,sequential,5e-05,1,0.4,"(0.0, 0.111]"
222,10037100000.0,562.0,0.0,0.0,0.0291826944346203,1.792210852359176,0.0,,-3.4606277755543835,-3.4606277755543835,sequential,5e-05,1,0.5,"(0.0, 0.111]"
223,10037101000.0,562.0,1.0,0.0,0.0728134556720613,2.354811779192472,0.0,,-5.155756469041822,-5.155756469041822,sequential,5e-05,1,0.5,"(0.0, 0.111]"
224,10037102000.0,562.0,2.0,0.0,0.012661886146163,2.0274306016965364,0.0,,-2.5171675341256625,-2.5171675341256625,sequential,5e-05,1,0.5,"(0.0, 0.111]"
225,10037103000.0,562.0,3.0,0.0,0.07329416422675,2.11039072658882,0.0,,-5.309275290581648,-5.309275290581648,sequential,5e-05,1,0.5,"(0.0, 0.111]"
226,10037104000.0,562.0,4.0,0.0,0.029161494703953,2.146503081566181,0.0,,-3.436524714941815,-3.436524714941815,sequential,5e-05,1,0.5,"(0.0, 0.111]"
227,10037105000.0,562.0,5.0,0.0,0.0126330752325377,2.416867492639027,0.0,,-2.4824542907454688,-2.4824542907454688,sequential,5e-05,1,0.5,"(0.0, 0.111]"
228,10038100000.0,563.0,0.0,0.0,0.0291741918565036,0.8367909401246735,0.0,,-3.436701863031562,-3.436701863031562,sequential,5e-05,1,0.7,"(0.0, 0.111]"
229,10038101000.0,563.0,1.0,0.0,0.0724671256822272,2.435279466246649,0.0,,-5.081209547807708,-5.081209547807708,sequential,5e-05,1,0.7,"(0.0, 0.111]"
230,10038102000.0,563.0,2.0,0.0,0.0126150194354459,0.9829870937749472,0.0,,-2.4532529664979217,-2.4532529664979217,sequential,5e-05,1,0.7,"(0.0, 0.111]"
231,10038103000.0,563.0,3.0,0.0,0.0724369808323192,2.3116701361765464,0.0,,-5.075978472928122,-5.075978472928122,sequential,5e-05,1,0.7,"(0.0, 0.111]"
232,10038104000.0,563.0,4.0,0.0,0.0291299984828837,1.0151221258218948,0.0,,-3.3868574348629608,-3.3868574348629608,sequential,5e-05,1,0.7,"(0.0, 0.111]"
233,10038105000.0,563.0,5.0,0.0,0.0126044195610291,1.0816610367934278,0.0,,-2.4406195075645707,-2.4406195075645707,sequential,5e-05,1,0.7,"(0.0, 0.111]"
234,10039100000.0,564.0,0.0,0.0,0.0292150911785303,0.4417494018365421,0.0,,-3.502667266802101,-3.502667266802101,sequential,5e-05,1,1.0,"(0.0, 0.111]"
235,10039101000.0,564.0,1.0,0.0,0.073359272012628,1.9629714983555837,0.0,,-5.3229565701943296,-5.3229565701943296,sequential,5e-05,1,1.0,"(0.0, 0.111]"
236,10039102000.0,564.0,2.0,0.0,0.0126567069862847,0.6143087204096797,0.0,,-2.511063325670686,-2.511063325670686,sequential,5e-05,1,1.0,"(0.0, 0.111]"
237,10039103000.0,564.0,3.0,0.0,0.0725101241202896,2.1413506463050607,0.0,,-5.083912860262035,-5.083912860262035,sequential,5e-05,1,1.0,"(0.0, 0.111]"
238,10039104000.0,564.0,4.0,0.0,0.029166104928784,0.5194207735702159,0.0,,-3.4431464455725904,-3.4431464455725904,sequential,5e-05,1,1.0,"(0.0, 0.111]"
239,10039105000.0,564.0,5.0,0.0,0.0126543342387128,0.622121605260925,0.0,,-2.508061246148487,-2.508061246148487,sequential,5e-05,1,1.0,"(0.0, 0.111]"
240,10040100000.0,565.0,0.0,0.0,0.0291047024261648,0.2180524083464092,0.0,,-3.284216321184848,-3.284216321184848,sequential,5e-05,1,1.5,"(0.0, 0.111]"
241,10040101000.0,565.0,1.0,0.0,0.0726007918394027,0.8038486735529161,0.0,,-5.100359342901302,-5.100359342901302,sequential,5e-05,1,1.5,"(0.0, 0.111]"
242,10040102000.0,565.0,2.0,0.0,0.0126383036606699,0.3728616000103872,0.0,,-2.489613796066751,-2.489613796066751,sequential,5e-05,1,1.5,"(0.0, 0.111]"
243,10040103000.0,565.0,3.0,0.0,0.0729219303062137,1.1869671741186052,0.0,,-5.176698401035144,-5.176698401035144,sequential,5e-05,1,1.5,"(0.0, 0.111]"
244,10040104000.0,565.0,4.0,0.0,0.0291693812237077,0.2325960517626293,0.0,,-3.447441226245952,-3.447441226245952,sequential,5e-05,1,1.5,"(0.0, 0.111]"
245,10040105000.0,565.0,5.0,0.0,0.0126194014058101,0.3450061164131319,0.0,,-2.456077716191592,-2.456077716191592,sequential,5e-05,1,1.5,"(0.0, 0.111]"
246,10041100000.0,566.0,0.0,0.0,0.0291520263100044,0.1318151748303227,0.0,,-3.409352292068156,-3.409352292068156,sequential,5e-05,1,2.0,"(0.0, 0.111]"
247,10041101000.0,566.0,1.0,0.0,0.0722110869601022,0.5234772536702724,0.0,,-5.035208127886707,-5.035208127886707,sequential,5e-05,1,2.0,"(0.0, 0.111]"
248,10041102000.0,566.0,2.0,0.0,0.0126001483882888,0.292634980534792,0.0,,-2.4344113294445107,-2.4344113294445107,sequential,5e-05,1,2.0,"(0.0, 0.111]"
249,10041103000.0,566.0,3.0,0.0,0.0724745889912459,0.4566279710274107,0.0,,-5.078693408211297,-5.078693408211297,sequential,5e-05,1,2.0,"(0.0, 0.111]"
250,10041104000.0,566.0,4.0,0.0,0.0291378553275769,0.1400122565985724,0.0,,-3.392366240323917,-3.392366240323917,sequential,5e-05,1,2.0,"(0.0, 0.111]"
251,10041105000.0,566.0,5.0,0.0,0.0125872850763302,0.2900430213908965,0.0,,-2.4205289362944,-2.4205289362944,sequential,5e-05,1,2.0,"(0.0, 0.111]"
252,10042100000.0,588.0,0.0,0.0,0.0199828319560268,1.596509186794835,0.0,,0.6385073419972879,0.6385073419972879,sequential,0.0001,1,0.1,"(0.0, 0.111]"
253,10042101000.0,588.0,1.0,0.0,0.0495681973953552,1.0369341334789202,0.0,,0.923530553178997,0.923530553178997,sequential,0.0001,1,0.1,"(0.0, 0.111]"
254,10042102000.0,588.0,2.0,0.0,0.0086406974929648,5.181132811405006,0.0,,0.4703683712629121,0.4703683712629121,sequential,0.0001,1,0.1,"(0.0, 0.111]"
255,10042103000.0,588.0,3.0,0.0,0.0497162432377814,0.8854738047712977,0.0,,0.8876104049643062,0.8876104049643062,sequential,0.0001,1,0.1,"(0.0, 0.111]"
256,10042104000.0,588.0,4.0,0.0,0.0200157052149217,1.7279201514602938,0.0,,0.6055184271006386,0.6055184271006386,sequential,0.0001,1,0.1,"(0.0, 0.111]"
257,10042105000.0,588.0,5.0,0.0,0.0086417124617486,4.511982052242315,0.0,,0.4691732265046337,0.4691732265046337,sequential,0.0001,1,0.1,"(0.0, 0.111]"
258,10043100000.0,589.0,0.0,0.0,0.0199960128180435,1.3981760478840597,0.0,,0.6225801683717428,0.6225801683717428,sequential,0.0001,1,0.4,"(0.0, 0.111]"
259,10043101000.0,589.0,1.0,0.0,0.0497316777292386,1.360335269107566,0.0,,0.8813397606518577,0.8813397606518577,sequential,0.0001,1,0.4,"(0.0, 0.111]"
260,10043102000.0,589.0,2.0,0.0,0.0086606585133398,2.823690249433519,0.0,,0.4461618958328336,0.4461618958328336,sequential,0.0001,1,0.4,"(0.0, 0.111]"
261,10043103000.0,589.0,3.0,0.0,0.0495750804126465,1.1698983399331695,0.0,,0.919055875342516,0.919055875342516,sequential,0.0001,1,0.4,"(0.0, 0.111]"
262,10043104000.0,589.0,4.0,0.0,0.0199962270742303,1.396706983170685,0.0,,0.6223561328457664,0.6223561328457664,sequential,0.0001,1,0.4,"(0.0, 0.111]"
263,10043105000.0,589.0,5.0,0.0,0.0086562492701831,2.9464182191639763,0.0,,0.4504104899562285,0.4504104899562285,sequential,0.0001,1,0.4,"(0.0, 0.111]"
264,10044100000.0,590.0,0.0,0.0,0.0199898388824825,1.2618977500520436,0.0,,0.6310728040148603,0.6310728040148603,sequential,0.0001,1,0.5,"(0.0, 0.111]"
265,10044101000.0,590.0,1.0,0.0,0.0495717529028584,1.3521932025662198,0.0,,0.922348991178384,0.922348991178384,sequential,0.0001,1,0.5,"(0.0, 0.111]"
266,10044102000.0,590.0,2.0,0.0,0.0086507001597033,1.674836090956847,0.0,,0.458330149743719,0.458330149743719,sequential,0.0001,1,0.5,"(0.0, 0.111]"
267,10044104000.0,590.0,4.0,0.0,0.0199977834666836,1.225779234067302,0.0,,0.6228338576405591,0.6228338576405591,sequential,0.0001,1,0.5,"(0.0, 0.111]"
268,10044105000.0,590.0,5.0,0.0,0.008651090058944,1.67520704317307,0.0,,0.4578648810184207,0.4578648810184207,sequential,0.0001,1,0.5,"(0.0, 0.111]"
269,,590.0,3.0,,,,0.0,,,,,0.0001,1,0.5,
270,,590.0,3.0,0.0,,,,,,,sequential,0.0001,1,0.5,
271,10045100000.0,591.0,0.0,0.0,0.0200157665285481,0.7090361022220498,0.0,,0.6049383639211743,0.6049383639211743,sequential,0.0001,1,0.7,"(0.0, 0.111]"
272,10045101000.0,591.0,1.0,0.0,0.049580625098734,1.1885082657715995,0.0,,0.9197046730006486,0.9197046730006486,sequential,0.0001,1,0.7,"(0.0, 0.111]"
273,10045102000.0,591.0,2.0,0.0,0.0086499651972319,0.9779518142484944,0.0,,0.4589782931487091,0.4589782931487091,sequential,0.0001,1,0.7,"(0.0, 0.111]"
274,10045103000.0,591.0,3.0,0.0,0.0497744309235425,1.3190617989164768,0.0,,0.8716564062466727,0.8716564062466727,sequential,0.0001,1,0.7,"(0.0, 0.111]"
275,10045104000.0,591.0,4.0,0.0,0.0199894219506853,0.7943466225754907,0.0,,0.6311170549421301,0.6311170549421301,sequential,0.0001,1,0.7,"(0.0, 0.111]"
276,10045105000.0,591.0,5.0,0.0,0.0086595749911126,0.9140543008091712,0.0,,0.4483975022770973,0.4483975022770973,sequential,0.0001,1,0.7,"(0.0, 0.111]"
277,10046100000.0,592.0,0.0,0.0,0.0199576312702415,0.4482926159978442,0.0,,0.6636609908722574,0.6636609908722574,sequential,0.0001,1,1.0,"(0.0, 0.111]"
278,10046101000.0,592.0,1.0,0.0,0.0495341545977798,1.2736605186835117,0.0,,0.9342784928370732,0.9342784928370732,sequential,0.0001,1,1.0,"(0.0, 0.111]"
279,10046102000.0,592.0,2.0,0.0,0.0086243022750598,0.6400376001753881,0.0,,0.4894739885056415,0.4894739885056415,sequential,0.0001,1,1.0,"(0.0, 0.111]"
280,10046103000.0,592.0,3.0,0.0,0.0495297680920205,1.28296619735988,0.0,,0.9353727389600486,0.9353727389600486,sequential,0.0001,1,1.0,"(0.0, 0.111]"
281,10046104000.0,592.0,4.0,0.0,0.0199847097712265,0.4014119350777625,0.0,,0.6385971139147616,0.6385971139147616,sequential,0.0001,1,1.0,"(0.0, 0.111]"
282,10046105000.0,592.0,5.0,0.0,0.0086205735554056,0.666160175703701,0.0,,0.4936741966364322,0.4936741966364322,sequential,0.0001,1,1.0,"(0.0, 0.111]"
283,10047100000.0,593.0,0.0,0.0,0.0200156981879979,0.2078789722928144,0.0,,0.6039390583915264,0.6039390583915264,sequential,0.0001,1,1.5,"(0.0, 0.111]"
284,10047101000.0,593.0,1.0,0.0,0.0497734230725332,0.6237899845733075,0.0,,0.8707346249815578,0.8707346249815578,sequential,0.0001,1,1.5,"(0.0, 0.111]"
285,10047102000.0,593.0,2.0,0.0,0.0086490432040089,0.4254746425749666,0.0,,0.4592601158927701,0.4592601158927701,sequential,0.0001,1,1.5,"(0.0, 0.111]"
286,10047103000.0,593.0,3.0,0.0,0.0496438160698605,0.677806903530116,0.0,,0.9023891621462198,0.9023891621462198,sequential,0.0001,1,1.5,"(0.0, 0.111]"
287,10047104000.0,593.0,4.0,0.0,0.02004390523209,0.2058404382856529,0.0,,0.5736053778127318,0.5736053778127318,sequential,0.0001,1,1.5,"(0.0, 0.111]"
288,10047105000.0,593.0,5.0,0.0,0.0086608766962584,0.4143350027127352,0.0,,0.4461137895656615,0.4461137895656615,sequential,0.0001,1,1.5,"(0.0, 0.111]"
289,10048100000.0,594.0,0.0,0.0,0.0200226365288665,0.1600511050172034,0.0,,0.5837012750383298,0.5837012750383298,sequential,0.0001,1,2.0,"(0.0, 0.111]"
290,10048101000.0,594.0,1.0,0.0,0.0497774672117378,0.4434477662311723,0.0,,0.8552362074807726,0.8552362074807726,sequential,0.0001,1,2.0,"(0.0, 0.111]"
291,10048102000.0,594.0,2.0,0.0,0.008665468488627,0.367164145274154,0.0,,0.4325540546772969,0.4325540546772969,sequential,0.0001,1,2.0,"(0.0, 0.111]"
292,10048103000.0,594.0,3.0,0.0,0.0499108477707151,0.3891100538531424,0.0,,0.8221419529671837,0.8221419529671837,sequential,0.0001,1,2.0,"(0.0, 0.111]"
293,10048104000.0,594.0,4.0,0.0,0.020043363552516,0.1579418516566078,0.0,,0.5627489862007681,0.5627489862007681,sequential,0.0001,1,2.0,"(0.0, 0.111]"
294,10048105000.0,594.0,5.0,0.0,0.0086698059384784,0.3577139329688816,0.0,,0.4273155616349361,0.4273155616349361,sequential,0.0001,1,2.0,"(0.0, 0.111]"
295,10049102000.0,616.0,2.0,0.0,0.0035802411267395,6.177784543292016,0.0,,15.439929325246249,15.439929325246249,sequential,0.0005,1,0.1,"(0.0, 0.111]"
296,10049105000.0,616.0,5.0,0.0,0.0035804991483828,2.4382917066404164,0.0,,15.440573243218378,15.440573243218378,sequential,0.0005,1,0.1,"(0.0, 0.111]"
297,,616.0,0.0,,,,0.0,,,,,0.0005,1,0.1,
298,,616.0,1.0,,,,0.0,,,,,0.0005,1,0.1,
299,,616.0,3.0,,,,0.0,,,,,0.0005,1,0.1,
300,,616.0,4.0,,,,0.0,,,,,0.0005,1,0.1,
301,,616.0,0.0,0.0,,,,,,,sequential,0.0005,1,0.1,
302,,616.0,1.0,0.0,,,,,,,sequential,0.0005,1,0.1,
303,,616.0,3.0,0.0,,,,,,,sequential,0.0005,1,0.1,
304,,616.0,4.0,0.0,,,,,,,sequential,0.0005,1,0.1,
305,10050102000.0,617.0,2.0,0.0,0.003568570961339,2.578451098716355,0.0,,15.411257793638857,15.411257793638857,sequential,0.0005,1,0.4,"(0.0, 0.111]"
306,10050105000.0,617.0,5.0,0.0,0.003571451080934,2.7548513751336894,0.0,,15.418517065257316,15.418517065257316,sequential,0.0005,1,0.4,"(0.0, 0.111]"
307,,617.0,0.0,,,,0.0,,,,,0.0005,1,0.4,
308,,617.0,1.0,,,,0.0,,,,,0.0005,1,0.4,
309,,617.0,3.0,,,,0.0,,,,,0.0005,1,0.4,
310,,617.0,4.0,,,,0.0,,,,,0.0005,1,0.4,
311,,617.0,0.0,0.0,,,,,,,sequential,0.0005,1,0.4,
312,,617.0,1.0,0.0,,,,,,,sequential,0.0005,1,0.4,
313,,617.0,3.0,0.0,,,,,,,sequential,0.0005,1,0.4,
314,,617.0,4.0,0.0,,,,,,,sequential,0.0005,1,0.4,
315,10051102000.0,618.0,2.0,0.0,0.0035824745420046,2.99648641809031,0.0,,15.44500338202362,15.44500338202362,sequential,0.0005,1,0.5,"(0.0, 0.111]"
316,10051105000.0,618.0,5.0,0.0,0.0035916920931065,2.7635622666265456,0.0,,14.917249487386208,14.917249487386208,sequential,0.0005,1,0.5,"(0.0, 0.111]"
317,,618.0,0.0,,,,0.0,,,,,0.0005,1,0.5,
318,,618.0,1.0,,,,0.0,,,,,0.0005,1,0.5,
319,,618.0,3.0,,,,0.0,,,,,0.0005,1,0.5,
320,,618.0,4.0,,,,0.0,,,,,0.0005,1,0.5,
321,,618.0,0.0,0.0,,,,,,,sequential,0.0005,1,0.5,
322,,618.0,1.0,0.0,,,,,,,sequential,0.0005,1,0.5,
323,,618.0,3.0,0.0,,,,,,,sequential,0.0005,1,0.5,
324,,618.0,4.0,0.0,,,,,,,sequential,0.0005,1,0.5,
325,10052102000.0,619.0,2.0,0.0,0.0035827341768286,2.2408270767730256,0.0,,15.44320855861597,15.44320855861597,sequential,0.0005,1,0.7,"(0.0, 0.111]"
326,10052105000.0,619.0,5.0,0.0,0.0035829670226756,2.2185268382866274,0.0,,15.443789434003904,15.443789434003904,sequential,0.0005,1,0.7,"(0.0, 0.111]"
327,,619.0,0.0,,,,0.0,,,,,0.0005,1,0.7,
328,,619.0,1.0,,,,0.0,,,,,0.0005,1,0.7,
329,,619.0,3.0,,,,0.0,,,,,0.0005,1,0.7,
330,,619.0,4.0,,,,0.0,,,,,0.0005,1,0.7,
331,,619.0,0.0,0.0,,,,,,,sequential,0.0005,1,0.7,
332,,619.0,1.0,0.0,,,,,,,sequential,0.0005,1,0.7,
333,,619.0,3.0,0.0,,,,,,,sequential,0.0005,1,0.7,
334,,619.0,4.0,0.0,,,,,,,sequential,0.0005,1,0.7,
335,10053102000.0,620.0,2.0,0.0,0.0036033942184943,1.598243863461044,0.0,,14.9462642851771,14.9462642851771,sequential,0.0005,1,1.0,"(0.0, 0.111]"
336,10053105000.0,620.0,5.0,0.0,0.0035968461494178,1.688816975854993,0.0,,14.929809871958575,14.929809871958575,sequential,0.0005,1,1.0,"(0.0, 0.111]"
337,,620.0,0.0,,,,0.0,,,,,0.0005,1,1.0,
338,,620.0,1.0,,,,0.0,,,,,0.0005,1,1.0,
339,,620.0,3.0,,,,0.0,,,,,0.0005,1,1.0,
340,,620.0,4.0,,,,0.0,,,,,0.0005,1,1.0,
341,,620.0,0.0,0.0,,,,,,,sequential,0.0005,1,1.0,
342,,620.0,1.0,0.0,,,,,,,sequential,0.0005,1,1.0,
343,,620.0,3.0,0.0,,,,,,,sequential,0.0005,1,1.0,
344,,620.0,4.0,0.0,,,,,,,sequential,0.0005,1,1.0,
345,10054102000.0,621.0,2.0,0.0,0.0035784151540194,1.3557701972115614,0.0,,15.43534658539522,15.43534658539522,sequential,0.0005,1,1.5,"(0.0, 0.111]"
346,10054105000.0,621.0,5.0,0.0,0.0035769502405348,1.3360774955076953,0.0,,15.431672615242077,15.431672615242077,sequential,0.0005,1,1.5,"(0.0, 0.111]"
347,,621.0,0.0,,,,0.0,,,,,0.0005,1,1.5,
348,,621.0,1.0,,,,0.0,,,,,0.0005,1,1.5,
349,,621.0,3.0,,,,0.0,,,,,0.0005,1,1.5,
350,,621.0,4.0,,,,0.0,,,,,0.0005,1,1.5,
351,,621.0,0.0,0.0,,,,,,,sequential,0.0005,1,1.5,
352,,621.0,1.0,0.0,,,,,,,sequential,0.0005,1,1.5,
353,,621.0,3.0,0.0,,,,,,,sequential,0.0005,1,1.5,
354,,621.0,4.0,0.0,,,,,,,sequential,0.0005,1,1.5,
355,10055102000.0,622.0,2.0,0.0,0.0035750142444063,1.287001767406866,0.0,,15.426653942646208,15.426653942646208,sequential,0.0005,1,2.0,"(0.0, 0.111]"
356,10055105000.0,622.0,5.0,0.0,0.0035872491717723,1.2801591747928127,0.0,,15.45767532424228,15.45767532424228,sequential,0.0005,1,2.0,"(0.0, 0.111]"
357,,622.0,0.0,,,,0.0,,,,,0.0005,1,2.0,
358,,622.0,1.0,,,,0.0,,,,,0.0005,1,2.0,
359,,622.0,3.0,,,,0.0,,,,,0.0005,1,2.0,
360,,622.0,4.0,,,,0.0,,,,,0.0005,1,2.0,
361,,622.0,0.0,0.0,,,,,,,sequential,0.0005,1,2.0,
362,,622.0,1.0,0.0,,,,,,,sequential,0.0005,1,2.0,
363,,622.0,3.0,0.0,,,,,,,sequential,0.0005,1,2.0,
364,,622.0,4.0,0.0,,,,,,,sequential,0.0005,1,2.0,
365,10056102000.0,644.0,2.0,0.0,0.0023169919200725,4.993932573784853,0.0,,21.6250744818256,21.6250744818256,sequential,0.001,1,0.1,"(0.0, 0.111]"
366,10056105000.0,644.0,5.0,0.0,0.002318231940613,4.49262121729188,0.0,,21.63291300111044,21.63291300111044,sequential,0.001,1,0.1,"(0.0, 0.111]"
367,,644.0,0.0,,,,0.0,,,,,0.001,1,0.1,
368,,644.0,1.0,,,,0.0,,,,,0.001,1,0.1,
369,,644.0,3.0,,,,0.0,,,,,0.001,1,0.1,
370,,644.0,4.0,,,,0.0,,,,,0.001,1,0.1,
371,,644.0,0.0,0.0,,,,,,,sequential,0.001,1,0.1,
372,,644.0,1.0,0.0,,,,,,,sequential,0.001,1,0.1,
373,,644.0,3.0,0.0,,,,,,,sequential,0.001,1,0.1,
374,,644.0,4.0,0.0,,,,,,,sequential,0.001,1,0.1,
375,10057102000.0,645.0,2.0,0.0,0.0023287989514577,5.444426755177503,0.0,,21.699176782309493,21.699176782309493,sequential,0.001,1,0.4,"(0.0, 0.111]"
376,10057105000.0,645.0,5.0,0.0,0.0023332975140329,4.216719623740295,0.0,,21.72721908127224,21.72721908127224,sequential,0.001,1,0.4,"(0.0, 0.111]"
377,,645.0,0.0,,,,0.0,,,,,0.001,1,0.4,
378,,645.0,1.0,,,,0.0,,,,,0.001,1,0.4,
379,,645.0,3.0,,,,0.0,,,,,0.001,1,0.4,
380,,645.0,4.0,,,,0.0,,,,,0.001,1,0.4,
381,,645.0,0.0,0.0,,,,,,,sequential,0.001,1,0.4,
382,,645.0,1.0,0.0,,,,,,,sequential,0.001,1,0.4,
383,,645.0,3.0,0.0,,,,,,,sequential,0.001,1,0.4,
384,,645.0,4.0,0.0,,,,,,,sequential,0.001,1,0.4,
385,10058102000.0,646.0,2.0,0.0,0.0023233573083636,4.579323328830284,0.0,,21.664688729392527,21.664688729392527,sequential,0.001,1,0.5,"(0.0, 0.111]"
386,10058105000.0,646.0,5.0,0.0,0.0023288273938343,4.324296464421306,0.0,,21.69933273400641,21.69933273400641,sequential,0.001,1,0.5,"(0.0, 0.111]"
387,,646.0,0.0,,,,0.0,,,,,0.001,1,0.5,
388,,646.0,1.0,,,,0.0,,,,,0.001,1,0.5,
389,,646.0,3.0,,,,0.0,,,,,0.001,1,0.5,
390,,646.0,4.0,,,,0.0,,,,,0.001,1,0.5,
391,,646.0,0.0,0.0,,,,,,,sequential,0.001,1,0.5,
392,,646.0,1.0,0.0,,,,,,,sequential,0.001,1,0.5,
393,,646.0,3.0,0.0,,,,,,,sequential,0.001,1,0.5,
394,,646.0,4.0,0.0,,,,,,,sequential,0.001,1,0.5,
395,10059102000.0,647.0,2.0,0.0,0.0023307831677716,4.6434005827309655,0.0,,21.71168180432896,21.71168180432896,sequential,0.001,1,0.7,"(0.0, 0.111]"
396,10059105000.0,647.0,5.0,0.0,0.0023264853527665,3.917198105584371,0.0,,21.68483451171441,21.68483451171441,sequential,0.001,1,0.7,"(0.0, 0.111]"
397,,647.0,0.0,,,,0.0,,,,,0.001,1,0.7,
398,,647.0,1.0,,,,0.0,,,,,0.001,1,0.7,
399,,647.0,3.0,,,,0.0,,,,,0.001,1,0.7,
400,,647.0,4.0,,,,0.0,,,,,0.001,1,0.7,
401,,647.0,0.0,0.0,,,,,,,sequential,0.001,1,0.7,
402,,647.0,1.0,0.0,,,,,,,sequential,0.001,1,0.7,
403,,647.0,3.0,0.0,,,,,,,sequential,0.001,1,0.7,
404,,647.0,4.0,0.0,,,,,,,sequential,0.001,1,0.7,
405,10060102000.0,648.0,2.0,0.0,0.0023323303280553,3.6858722278748473,0.0,,21.718762297525004,21.718762297525004,sequential,0.001,1,1.0,"(0.0, 0.111]"
406,10060105000.0,648.0,5.0,0.0,0.0023408022588009,3.6499884496713695,0.0,,21.771786076490297,21.771786076490297,sequential,0.001,1,1.0,"(0.0, 0.111]"
407,,648.0,0.0,,,,0.0,,,,,0.001,1,1.0,
408,,648.0,1.0,,,,0.0,,,,,0.001,1,1.0,
409,,648.0,3.0,,,,0.0,,,,,0.001,1,1.0,
410,,648.0,4.0,,,,0.0,,,,,0.001,1,1.0,
411,,648.0,0.0,0.0,,,,,,,sequential,0.001,1,1.0,
412,,648.0,1.0,0.0,,,,,,,sequential,0.001,1,1.0,
413,,648.0,3.0,0.0,,,,,,,sequential,0.001,1,1.0,
414,,648.0,4.0,0.0,,,,,,,sequential,0.001,1,1.0,
415,10061102000.0,649.0,2.0,0.0,0.0023467149434028,2.783308806732419,0.0,,21.80845125790627,21.80845125790627,sequential,0.001,1,1.5,"(0.0, 0.111]"
416,10061105000.0,649.0,5.0,0.0,0.002332876089141,2.8955052531680003,0.0,,21.72199934705729,21.72199934705729,sequential,0.001,1,1.5,"(0.0, 0.111]"
417,,649.0,0.0,,,,0.0,,,,,0.001,1,1.5,
418,,649.0,1.0,,,,0.0,,,,,0.001,1,1.5,
419,,649.0,3.0,,,,0.0,,,,,0.001,1,1.5,
420,,649.0,4.0,,,,0.0,,,,,0.001,1,1.5,
421,,649.0,0.0,0.0,,,,,,,sequential,0.001,1,1.5,
422,,649.0,1.0,0.0,,,,,,,sequential,0.001,1,1.5,
423,,649.0,3.0,0.0,,,,,,,sequential,0.001,1,1.5,
424,,649.0,4.0,0.0,,,,,,,sequential,0.001,1,1.5,
425,10062102000.0,650.0,2.0,0.0,0.0023298154539252,2.7731978996232667,0.0,,21.705415800901356,21.705415800901356,sequential,0.001,1,2.0,"(0.0, 0.111]"
426,10062105000.0,650.0,5.0,0.0,0.0023395786728481,2.801468309629376,0.0,,21.76633638217645,21.76633638217645,sequential,0.001,1,2.0,"(0.0, 0.111]"
427,,650.0,0.0,,,,0.0,,,,,0.001,1,2.0,
428,,650.0,1.0,,,,0.0,,,,,0.001,1,2.0,
429,,650.0,3.0,,,,0.0,,,,,0.001,1,2.0,
430,,650.0,4.0,,,,0.0,,,,,0.001,1,2.0,
431,,650.0,0.0,0.0,,,,,,,sequential,0.001,1,2.0,
432,,650.0,1.0,0.0,,,,,,,sequential,0.001,1,2.0,
433,,650.0,3.0,0.0,,,,,,,sequential,0.001,1,2.0,
434,,650.0,4.0,0.0,,,,,,,sequential,0.001,1,2.0,
435,10063100000.0,427.0,0.0,0.0,0.1558804901004835,4.802898515543703,0.0,,-3.352570776666864,-3.352570776666864,sequential,7e-06,2,0.1,"(0.111, 0.222]"
436,10063101000.0,427.0,1.0,0.0,0.3720736543278048,7.971786337239609,0.0,,-4.767244863187253,-4.767244863187253,sequential,7e-06,2,0.1,"(0.333, 0.444]"
437,10063102000.0,427.0,2.0,0.0,0.0670392863636003,4.739502838411652,0.0,,-2.5013579939215456,-2.5013579939215456,sequential,7e-06,2,0.1,"(0.0, 0.111]"
438,10063103000.0,427.0,3.0,0.0,0.3699196121073304,8.667838247755663,0.0,,-4.734577914252861,-4.734577914252861,sequential,7e-06,2,0.1,"(0.333, 0.444]"
439,10063104000.0,427.0,4.0,0.0,0.1562920623993179,7.2078654931033235,0.0,,-3.3225125377533864,-3.3225125377533864,sequential,7e-06,2,0.1,"(0.111, 0.222]"
440,10063105000.0,427.0,5.0,0.0,0.0669055886460834,8.811005399333942,0.0,,-2.4894201484939504,-2.4894201484939504,sequential,7e-06,2,0.1,"(0.0, 0.111]"
441,10064100000.0,428.0,0.0,0.0,0.1558235189479786,7.498735821043421,0.0,,-3.3463300035768366,-3.3463300035768366,sequential,7e-06,2,0.4,"(0.111, 0.222]"
442,10064101000.0,428.0,1.0,0.0,0.3699467990695846,7.084056192452167,0.0,,-4.734472986746374,-4.734472986746374,sequential,7e-06,2,0.4,"(0.333, 0.444]"
443,10064102000.0,428.0,2.0,0.0,0.0669778425345628,9.678794242095854,0.0,,-2.4954748976147765,-2.4954748976147765,sequential,7e-06,2,0.4,"(0.0, 0.111]"
444,10064103000.0,428.0,3.0,0.0,0.3718947821497921,8.872860460642016,0.0,,-4.763986998270214,-4.763986998270214,sequential,7e-06,2,0.4,"(0.333, 0.444]"
445,10064104000.0,428.0,4.0,0.0,0.1558509091355882,7.973775712045265,0.0,,-3.3491263688395354,-3.3491263688395354,sequential,7e-06,2,0.4,"(0.111, 0.222]"
446,10064105000.0,428.0,5.0,0.0,0.0670295941519399,9.265719639310326,0.0,,-2.5002812389102838,-2.5002812389102838,sequential,7e-06,2,0.4,"(0.0, 0.111]"
447,10065100000.0,429.0,0.0,0.0,0.1559121682275587,5.531401891234468,0.0,,-3.3545319362659995,-3.3545319362659995,sequential,7e-06,2,0.5,"(0.111, 0.222]"
448,10065101000.0,429.0,1.0,0.0,0.3706835103963554,7.777217430564531,0.0,,-4.744437003339296,-4.744437003339296,sequential,7e-06,2,0.5,"(0.333, 0.444]"
449,10065102000.0,429.0,2.0,0.0,0.0670080345556543,3.853247954274934,0.0,,-2.498081224356199,-2.498081224356199,sequential,7e-06,2,0.5,"(0.0, 0.111]"
450,10065103000.0,429.0,3.0,0.0,0.3690675510627075,3.034168952993803,0.0,,-4.720621993721983,-4.720621993721983,sequential,7e-06,2,0.5,"(0.333, 0.444]"
451,10065104000.0,429.0,4.0,0.0,0.1559537497004333,5.369670006491932,0.0,,-3.358983400544496,-3.358983400544496,sequential,7e-06,2,0.5,"(0.111, 0.222]"
452,10065105000.0,429.0,5.0,0.0,0.0669442903345964,3.795691793454162,0.0,,-2.492170126562524,-2.492170126562524,sequential,7e-06,2,0.5,"(0.0, 0.111]"
453,10066100000.0,430.0,0.0,0.0,0.1560984276658455,1.812004851810404,0.0,,-3.374901491401477,-3.374901491401477,sequential,7e-06,2,0.7,"(0.111, 0.222]"
454,10066101000.0,430.0,1.0,0.0,0.3714319204315316,4.34439051618903,0.0,,-4.756735482631283,-4.756735482631283,sequential,7e-06,2,0.7,"(0.333, 0.444]"
455,10066102000.0,430.0,2.0,0.0,0.0670595913389399,1.6419899497295405,0.0,,-2.503117514704374,-2.503117514704374,sequential,7e-06,2,0.7,"(0.0, 0.111]"
456,10066103000.0,430.0,3.0,0.0,0.3697548169890983,7.709856583397339,0.0,,-4.731666004809727,-4.731666004809727,sequential,7e-06,2,0.7,"(0.333, 0.444]"
457,10066104000.0,430.0,4.0,0.0,0.1559379466831963,2.592567776099225,0.0,,-3.3577243890681125,-3.3577243890681125,sequential,7e-06,2,0.7,"(0.111, 0.222]"
458,10066105000.0,430.0,5.0,0.0,0.0667400052648842,2.557791590320765,0.0,,-2.474831982022476,-2.474831982022476,sequential,7e-06,2,0.7,"(0.0, 0.111]"
459,10067100000.0,431.0,0.0,0.0,0.1561724701920821,0.8574236841670976,0.0,,-3.3113211261510878,-3.3113211261510878,sequential,7e-06,2,1.0,"(0.111, 0.222]"
460,10067101000.0,431.0,1.0,0.0,0.3706349643679967,9.78737096678984,0.0,,-4.749743318919731,-4.749743318919731,sequential,7e-06,2,1.0,"(0.333, 0.444]"
461,10067102000.0,431.0,2.0,0.0,0.0669888739704434,1.0153232650090904,0.0,,-2.498785269119016,-2.498785269119016,sequential,7e-06,2,1.0,"(0.0, 0.111]"
462,10067103000.0,431.0,3.0,0.0,0.3729860587895206,8.197944918689606,0.0,,-4.785745372089064,-4.785745372089064,sequential,7e-06,2,1.0,"(0.333, 0.444]"
463,10067104000.0,431.0,4.0,0.0,0.1561342786689164,0.898280203657299,0.0,,-3.306807102538041,-3.306807102538041,sequential,7e-06,2,1.0,"(0.111, 0.222]"
464,10067105000.0,431.0,5.0,0.0,0.0672536807286372,0.7931632437422561,0.0,,-2.522824537782593,-2.522824537782593,sequential,7e-06,2,1.0,"(0.0, 0.111]"
465,10068100000.0,432.0,0.0,0.0,0.1563008560763176,0.2712929849117678,0.0,,-3.323672153758088,-3.323672153758088,sequential,7e-06,2,1.5,"(0.111, 0.222]"
466,10068101000.0,432.0,1.0,0.0,0.3713116281683967,2.326885502671216,0.0,,-4.7552347999306255,-4.7552347999306255,sequential,7e-06,2,1.5,"(0.333, 0.444]"
467,10068102000.0,432.0,2.0,0.0,0.0667960668451161,0.4758964851208645,0.0,,-2.480025814606499,-2.480025814606499,sequential,7e-06,2,1.5,"(0.0, 0.111]"
468,10068103000.0,432.0,3.0,0.0,0.3720391913539696,1.903473412645144,0.0,,-4.766748803505611,-4.766748803505611,sequential,7e-06,2,1.5,"(0.333, 0.444]"
469,10068104000.0,432.0,4.0,0.0,0.1561153025965884,0.3149315653342943,0.0,,-3.301376909858768,-3.301376909858768,sequential,7e-06,2,1.5,"(0.111, 0.222]"
470,10068105000.0,432.0,5.0,0.0,0.0670242182383981,0.4414590373635422,0.0,,-2.499978697792253,-2.499978697792253,sequential,7e-06,2,1.5,"(0.0, 0.111]"
471,10069100000.0,433.0,0.0,0.0,0.1562114488671668,0.1707932824112597,0.0,,-3.312936818099097,-3.312936818099097,sequential,7e-06,2,2.0,"(0.111, 0.222]"
472,10069101000.0,433.0,1.0,0.0,0.3702075430578883,0.931612242345412,0.0,,-4.739022291653774,-4.739022291653774,sequential,7e-06,2,2.0,"(0.333, 0.444]"
473,10069102000.0,433.0,2.0,0.0,0.0670040673761925,0.2883333028853208,0.0,,-2.4981079579969925,-2.4981079579969925,sequential,7e-06,2,2.0,"(0.0, 0.111]"
474,10069103000.0,433.0,3.0,0.0,0.3693348081669504,1.0702191131605687,0.0,,-4.725843211217567,-4.725843211217567,sequential,7e-06,2,2.0,"(0.333, 0.444]"
475,10069104000.0,433.0,4.0,0.0,0.156135165878964,0.178160803287107,0.0,,-3.3037275417820595,-3.3037275417820595,sequential,7e-06,2,2.0,"(0.111, 0.222]"
476,10069105000.0,433.0,5.0,0.0,0.0671303836564454,0.2816017471294779,0.0,,-2.509602117888676,-2.509602117888676,sequential,7e-06,2,2.0,"(0.0, 0.111]"
477,10070100000.0,455.0,0.0,0.0,0.1363838174047519,6.003160914202429,0.0,,-3.638365949034446,-3.638365949034446,sequential,8e-06,2,0.1,"(0.111, 0.222]"
478,10070101000.0,455.0,1.0,0.0,0.3282197702323381,3.8796429707230553,0.0,,-5.238366694169546,-5.238366694169546,sequential,8e-06,2,0.1,"(0.222, 0.333]"
479,10070102000.0,455.0,2.0,0.0,0.0580614945363628,2.785042486671501,0.0,,-2.72328093926348,-2.72328093926348,sequential,8e-06,2,0.1,"(0.0, 0.111]"
480,10070103000.0,455.0,3.0,0.0,0.3284247439689604,9.224104431687168,0.0,,-5.2436479278474994,-5.2436479278474994,sequential,8e-06,2,0.1,"(0.222, 0.333]"
481,10070104000.0,455.0,4.0,0.0,0.1363108621144672,6.131449870586418,0.0,,-3.629537332681156,-3.629537332681156,sequential,8e-06,2,0.1,"(0.111, 0.222]"
482,10070105000.0,455.0,5.0,0.0,0.0582198779867538,6.543611169222971,0.0,,-2.7403832762239926,-2.7403832762239926,sequential,8e-06,2,0.1,"(0.0, 0.111]"
483,10071100000.0,456.0,0.0,0.0,0.1358513618466617,6.370224018654176,0.0,,-3.656745147068072,-3.656745147068072,sequential,8e-06,2,0.4,"(0.111, 0.222]"
484,10071101000.0,456.0,1.0,0.0,0.3252464865206639,9.429496140052697,0.0,,-5.16435277746479,-5.16435277746479,sequential,8e-06,2,0.4,"(0.222, 0.333]"
485,10071102000.0,456.0,2.0,0.0,0.0580627237828534,8.513475864115328,0.0,,-2.721102466419844,-2.721102466419844,sequential,8e-06,2,0.4,"(0.0, 0.111]"
486,10071103000.0,456.0,3.0,0.0,0.3245447054302536,5.110874691213636,0.0,,-5.148577521938235,-5.148577521938235,sequential,8e-06,2,0.4,"(0.222, 0.333]"
487,10071104000.0,456.0,4.0,0.0,0.1363047468916472,8.37473072284434,0.0,,-3.7076599614702,-3.7076599614702,sequential,8e-06,2,0.4,"(0.111, 0.222]"
488,10071105000.0,456.0,5.0,0.0,0.0581255542237867,7.760701698676693,0.0,,-2.728076758200299,-2.728076758200299,sequential,8e-06,2,0.4,"(0.0, 0.111]"
489,10072100000.0,457.0,0.0,0.0,0.1360935702798572,4.017858058169789,0.0,,-3.681585564310124,-3.681585564310124,sequential,8e-06,2,0.5,"(0.111, 0.222]"
490,10072101000.0,457.0,1.0,0.0,0.322681611853729,4.929600577372611,0.0,,-5.236556569290076,-5.236556569290076,sequential,8e-06,2,0.5,"(0.222, 0.333]"
491,10072102000.0,457.0,2.0,0.0,0.0580258057637164,3.778139059405312,0.0,,-2.716319308191568,-2.716319308191568,sequential,8e-06,2,0.5,"(0.0, 0.111]"
492,10072103000.0,457.0,3.0,0.0,0.3236356598547495,4.887427531371734,0.0,,-5.255486913246481,-5.255486913246481,sequential,8e-06,2,0.5,"(0.222, 0.333]"
493,10072104000.0,457.0,4.0,0.0,0.1356647530913239,7.488156650491457,0.0,,-3.635662124424912,-3.635662124424912,sequential,8e-06,2,0.5,"(0.111, 0.222]"
494,10072105000.0,457.0,5.0,0.0,0.0579599843241543,4.476352128286971,0.0,,-2.7090666977961013,-2.7090666977961013,sequential,8e-06,2,0.5,"(0.0, 0.111]"
495,10073100000.0,458.0,0.0,0.0,0.1360529114065901,1.5574150141124048,0.0,,-3.6768029457227054,-3.6768029457227054,sequential,8e-06,2,0.7,"(0.111, 0.222]"
496,10073101000.0,458.0,1.0,0.0,0.3241860745437502,9.35139102352178,0.0,,-5.267316261075332,-5.267316261075332,sequential,8e-06,2,0.7,"(0.222, 0.333]"
497,10073102000.0,458.0,2.0,0.0,0.0579164287765538,1.8826796111812052,0.0,,-2.7047260381053846,-2.7047260381053846,sequential,8e-06,2,0.7,"(0.0, 0.111]"
498,10073103000.0,458.0,3.0,0.0,0.3257852667043423,4.452978134104436,0.0,,-5.173920793224609,-5.173920793224609,sequential,8e-06,2,0.7,"(0.222, 0.333]"
499,10073104000.0,458.0,4.0,0.0,0.1360056248784669,1.7693511204594594,0.0,,-3.6713442558802014,-3.6713442558802014,sequential,8e-06,2,0.7,"(0.111, 0.222]"
500,10073105000.0,458.0,5.0,0.0,0.0577512214116059,2.3166372726501496,0.0,,-2.745849446458991,-2.745849446458991,sequential,8e-06,2,0.7,"(0.0, 0.111]"
501,10074100000.0,459.0,0.0,0.0,0.1360306255511674,0.7938304745077661,0.0,,-3.6759133413715737,-3.6759133413715737,sequential,8e-06,2,1.0,"(0.111, 0.222]"
502,10074101000.0,459.0,1.0,0.0,0.3246821375320819,4.986629594731253,0.0,,-5.1516556879672,-5.1516556879672,sequential,8e-06,2,1.0,"(0.222, 0.333]"
503,10074102000.0,459.0,2.0,0.0,0.0582459207664003,0.7325707101253209,0.0,,-2.741306832025397,-2.741306832025397,sequential,8e-06,2,1.0,"(0.0, 0.111]"
504,10074103000.0,459.0,3.0,0.0,0.3267920719337166,6.970932171923725,0.0,,-5.199662350311894,-5.199662350311894,sequential,8e-06,2,1.0,"(0.222, 0.333]"
505,10074104000.0,459.0,4.0,0.0,0.1363262363142905,0.6040573967535187,0.0,,-3.628450144980646,-3.628450144980646,sequential,8e-06,2,1.0,"(0.111, 0.222]"
506,10074105000.0,459.0,5.0,0.0,0.0581163103700551,0.8073072694390604,0.0,,-2.727051052070922,-2.727051052070922,sequential,8e-06,2,1.0,"(0.0, 0.111]"
507,10075100000.0,460.0,0.0,0.0,0.1361013921803469,0.2807492731101701,0.0,,-3.683170443603133,-3.683170443603133,sequential,8e-06,2,1.5,"(0.111, 0.222]"
508,10075101000.0,460.0,1.0,0.0,0.3241696813695641,3.356796384496868,0.0,,-5.268455037379592,-5.268455037379592,sequential,8e-06,2,1.5,"(0.222, 0.333]"
509,10075102000.0,460.0,2.0,0.0,0.0579517634736536,0.41784518717365,0.0,,-2.709151405518354,-2.709151405518354,sequential,8e-06,2,1.5,"(0.0, 0.111]"
510,10075103000.0,460.0,3.0,0.0,0.3271121074986503,1.6118597562666546,0.0,,-5.20606646277836,-5.20606646277836,sequential,8e-06,2,1.5,"(0.222, 0.333]"
511,10075104000.0,460.0,4.0,0.0,0.1361751175315996,0.2827699010420856,0.0,,-3.6919309134921496,-3.6919309134921496,sequential,8e-06,2,1.5,"(0.111, 0.222]"
512,10075105000.0,460.0,5.0,0.0,0.0580753800422254,0.3985390470951166,0.0,,-2.7222778377904717,-2.7222778377904717,sequential,8e-06,2,1.5,"(0.0, 0.111]"
513,10076100000.0,461.0,0.0,0.0,0.1357714489930615,0.1870261053074663,0.0,,-3.6473541555122986,-3.6473541555122986,sequential,8e-06,2,2.0,"(0.111, 0.222]"
514,10076101000.0,461.0,1.0,0.0,0.3248734140022806,0.8038094614174927,0.0,,-5.154629639455093,-5.154629639455093,sequential,8e-06,2,2.0,"(0.222, 0.333]"
515,10076102000.0,461.0,2.0,0.0,0.0580562298413172,0.2830945055282504,0.0,,-2.719960634117653,-2.719960634117653,sequential,8e-06,2,2.0,"(0.0, 0.111]"
516,10076103000.0,461.0,3.0,0.0,0.3242375718113599,0.9529377691613226,0.0,,-5.269317550826556,-5.269317550826556,sequential,8e-06,2,2.0,"(0.222, 0.333]"
517,10076104000.0,461.0,4.0,0.0,0.1357708375221793,0.1910743232195026,0.0,,-3.647291677812033,-3.647291677812033,sequential,8e-06,2,2.0,"(0.111, 0.222]"
518,10076105000.0,461.0,5.0,0.0,0.0579232757773093,0.2940025689252554,0.0,,-2.7058296123017973,-2.7058296123017973,sequential,8e-06,2,2.0,"(0.0, 0.111]"
519,10077100000.0,483.0,0.0,0.0,0.107680744281373,9.662448308664189,0.0,,-4.216485920827829,-4.216485920827829,sequential,1e-05,2,0.1,"(0.0, 0.111]"
520,10077101000.0,483.0,1.0,0.0,0.2601317657802467,9.623676565750335,0.0,,-6.04962115358912,-6.04962115358912,sequential,1e-05,2,0.1,"(0.222, 0.333]"
521,10077102000.0,483.0,2.0,0.0,0.0463062803812328,8.09140412367367,0.0,,-3.1711975751101167,-3.1711975751101167,sequential,1e-05,2,0.1,"(0.0, 0.111]"
522,10077103000.0,483.0,3.0,0.0,0.260001446038275,9.332555113173482,0.0,,-6.043816974376893,-6.043816974376893,sequential,1e-05,2,0.1,"(0.222, 0.333]"
523,10077104000.0,483.0,4.0,0.0,0.1075995611546283,9.553116826261572,0.0,,-4.206519869121546,-4.206519869121546,sequential,1e-05,2,0.1,"(0.0, 0.111]"
524,10077105000.0,483.0,5.0,0.0,0.0463162143167035,8.469389912007959,0.0,,-3.1732073091834194,-3.1732073091834194,sequential,1e-05,2,0.1,"(0.0, 0.111]"
525,10078100000.0,484.0,0.0,0.0,0.1080571665197337,8.209747266454672,0.0,,-4.272969778602974,-4.272969778602974,sequential,1e-05,2,0.4,"(0.0, 0.111]"
526,10078101000.0,484.0,1.0,0.0,0.2624575113371385,3.919013189852048,0.0,,-6.025514547902582,-6.025514547902582,sequential,1e-05,2,0.4,"(0.222, 0.333]"
527,10078102000.0,484.0,2.0,0.0,0.0465204710374927,7.38902897915685,0.0,,-3.218590046383794,-3.218590046383794,sequential,1e-05,2,0.4,"(0.0, 0.111]"
528,10078103000.0,484.0,3.0,0.0,0.2626378631669668,6.761730492799327,0.0,,-6.035950959794081,-6.035950959794081,sequential,1e-05,2,0.4,"(0.222, 0.333]"
529,10078104000.0,484.0,4.0,0.0,0.108160722994761,7.324402986896758,0.0,,-4.287543829167097,-4.287543829167097,sequential,1e-05,2,0.4,"(0.0, 0.111]"
530,10078105000.0,484.0,5.0,0.0,0.046503248291691,7.120547748187715,0.0,,-3.2148952192383247,-3.2148952192383247,sequential,1e-05,2,0.4,"(0.0, 0.111]"
531,10079100000.0,485.0,0.0,0.0,0.1076710680078617,4.32066774470269,0.0,,-4.215150552358651,-4.215150552358651,sequential,1e-05,2,0.5,"(0.0, 0.111]"
532,10079101000.0,485.0,1.0,0.0,0.2601684501147005,7.32391373326139,0.0,,-6.051153380280143,-6.051153380280143,sequential,1e-05,2,0.5,"(0.222, 0.333]"
533,10079102000.0,485.0,2.0,0.0,0.0462141113317994,6.098868183067652,0.0,,-3.153368338597848,-3.153368338597848,sequential,1e-05,2,0.5,"(0.0, 0.111]"
534,10079103000.0,485.0,3.0,0.0,0.2600337517816326,3.961995940681044,0.0,,-6.045136895763141,-6.045136895763141,sequential,1e-05,2,0.5,"(0.222, 0.333]"
535,10079104000.0,485.0,4.0,0.0,0.1074995737986722,5.616407025035812,0.0,,-4.193660350802044,-4.193660350802044,sequential,1e-05,2,0.5,"(0.0, 0.111]"
536,10079105000.0,485.0,5.0,0.0,0.0463632955463696,4.070027569704866,0.0,,-3.1823427783705918,-3.1823427783705918,sequential,1e-05,2,0.5,"(0.0, 0.111]"
537,10080100000.0,486.0,0.0,0.0,0.1076292838945616,2.0407423047753617,0.0,,-4.210981981085763,-4.210981981085763,sequential,1e-05,2,0.7,"(0.0, 0.111]"
538,10080101000.0,486.0,1.0,0.0,0.2614420336833389,5.246789690806646,0.0,,-5.964666530252438,-5.964666530252438,sequential,1e-05,2,0.7,"(0.222, 0.333]"
539,10080102000.0,486.0,2.0,0.0,0.0464381160778888,1.4638765544118584,0.0,,-3.1983832201040423,-3.1983832201040423,sequential,1e-05,2,0.7,"(0.0, 0.111]"
540,10080103000.0,486.0,3.0,0.0,0.2603348632630394,6.349336932491182,0.0,,-6.059925316667994,-6.059925316667994,sequential,1e-05,2,0.7,"(0.222, 0.333]"
541,10080104000.0,486.0,4.0,0.0,0.1074674363744042,2.4290828443864214,0.0,,-4.191155274705396,-4.191155274705396,sequential,1e-05,2,0.7,"(0.0, 0.111]"
542,10080105000.0,486.0,5.0,0.0,0.0463847405277529,1.7127594828838362,0.0,,-3.187187590932716,-3.187187590932716,sequential,1e-05,2,0.7,"(0.0, 0.111]"
543,10081100000.0,487.0,0.0,0.0,0.1077163209933895,0.6812508408891782,0.0,,-4.221419051917029,-4.221419051917029,sequential,1e-05,2,1.0,"(0.0, 0.111]"
544,10081101000.0,487.0,1.0,0.0,0.2603295302914705,7.146529149178466,0.0,,-6.058940977415401,-6.058940977415401,sequential,1e-05,2,1.0,"(0.222, 0.333]"
545,10081102000.0,487.0,2.0,0.0,0.0463156036283954,0.7829982224322471,0.0,,-3.173238874552222,-3.173238874552222,sequential,1e-05,2,1.0,"(0.0, 0.111]"
546,10081103000.0,487.0,3.0,0.0,0.2608371987375289,5.582371251797646,0.0,,-6.081247373803733,-6.081247373803733,sequential,1e-05,2,1.0,"(0.222, 0.333]"
547,10081104000.0,487.0,4.0,0.0,0.107723472387379,0.6680595859446837,0.0,,-4.222380164804552,-4.222380164804552,sequential,1e-05,2,1.0,"(0.0, 0.111]"
548,10081105000.0,487.0,5.0,0.0,0.0463173076741839,0.7782933714053604,0.0,,-3.1735826136916345,-3.1735826136916345,sequential,1e-05,2,1.0,"(0.0, 0.111]"
549,10082100000.0,488.0,0.0,0.0,0.1078283327543343,0.2583998807800649,0.0,,-4.236989426672309,-4.236989426672309,sequential,1e-05,2,1.5,"(0.0, 0.111]"
550,10082101000.0,488.0,1.0,0.0,0.261040145446676,2.1042424858545834,0.0,,-6.0917614873970125,-6.0917614873970125,sequential,1e-05,2,1.5,"(0.222, 0.333]"
551,10082102000.0,488.0,2.0,0.0,0.0463416563616186,0.4178607548507956,0.0,,-3.178858199958014,-3.178858199958014,sequential,1e-05,2,1.5,"(0.0, 0.111]"
552,10082103000.0,488.0,3.0,0.0,0.2604492119436943,2.52665683488946,0.0,,-6.065270891538187,-6.065270891538187,sequential,1e-05,2,1.5,"(0.222, 0.333]"
553,10082104000.0,488.0,4.0,0.0,0.1074696989139056,0.3493933324111157,0.0,,-4.191533895253118,-4.191533895253118,sequential,1e-05,2,1.5,"(0.0, 0.111]"
554,10082105000.0,488.0,5.0,0.0,0.0463410536104365,0.4182112666557788,0.0,,-3.178734195111461,-3.178734195111461,sequential,1e-05,2,1.5,"(0.0, 0.111]"
555,10083100000.0,489.0,0.0,0.0,0.1078053474214611,0.1762226993545699,0.0,,-4.238037451146078,-4.238037451146078,sequential,1e-05,2,2.0,"(0.0, 0.111]"
556,10083101000.0,489.0,1.0,0.0,0.2608078785501732,1.2151952647848043,0.0,,-6.088861225819117,-6.088861225819117,sequential,1e-05,2,2.0,"(0.222, 0.333]"
557,10083102000.0,489.0,2.0,0.0,0.0464259263488928,0.2691259747584762,0.0,,-3.1987447340157567,-3.1987447340157567,sequential,1e-05,2,2.0,"(0.0, 0.111]"
558,10083103000.0,489.0,3.0,0.0,0.2608755622162022,1.14621093458738,0.0,,-6.092037807747936,-6.092037807747936,sequential,1e-05,2,2.0,"(0.222, 0.333]"
559,10083104000.0,489.0,4.0,0.0,0.1078318420267152,0.1719839816631118,0.0,,-4.241615654733047,-4.241615654733047,sequential,1e-05,2,2.0,"(0.0, 0.111]"
560,10083105000.0,489.0,5.0,0.0,0.0464070593504219,0.2764912745518644,0.0,,-3.194839215019776,-3.194839215019776,sequential,1e-05,2,2.0,"(0.0, 0.111]"
561,10084100000.0,511.0,0.0,0.0,0.0591611869502869,6.011758419644536,0.0,,-6.271366740094101,-6.271366740094101,sequential,2e-05,2,0.1,"(0.0, 0.111]"
562,10084101000.0,511.0,1.0,0.0,0.1441210123105225,4.291633926630312,0.0,,-8.81098524963502,-8.81098524963502,sequential,2e-05,2,0.1,"(0.111, 0.222]"
563,10084102000.0,511.0,2.0,0.0,0.0253841780771171,7.429163944083309,0.0,,-4.773768717403438,-4.773768717403438,sequential,2e-05,2,0.1,"(0.0, 0.111]"
564,10084103000.0,511.0,3.0,0.0,0.1440363758311959,2.029042978218287,0.0,,-8.804607858862129,-8.804607858862129,sequential,2e-05,2,0.1,"(0.111, 0.222]"
565,10084104000.0,511.0,4.0,0.0,0.059160261204919,6.874111316124296,0.0,,-6.2701817837197655,-6.2701817837197655,sequential,2e-05,2,0.1,"(0.0, 0.111]"
566,10084105000.0,511.0,5.0,0.0,0.0254321088024097,9.836824143108732,0.0,,-4.72126049117568,-4.72126049117568,sequential,2e-05,2,0.1,"(0.0, 0.111]"
567,10085100000.0,512.0,0.0,0.0,0.0590859958583946,5.433508737850216,0.0,,-6.300866797334364,-6.300866797334364,sequential,2e-05,2,0.4,"(0.0, 0.111]"
568,10085101000.0,512.0,1.0,0.0,0.1439894655954421,4.841081008944589,0.0,,-8.788601428371104,-8.788601428371104,sequential,2e-05,2,0.4,"(0.111, 0.222]"
569,10085102000.0,512.0,2.0,0.0,0.0254059890038333,3.374323517910599,0.0,,-4.700923862191372,-4.700923862191372,sequential,2e-05,2,0.4,"(0.0, 0.111]"
570,10085103000.0,512.0,3.0,0.0,0.143528028423893,4.714066425605804,0.0,,-8.720702263196477,-8.720702263196477,sequential,2e-05,2,0.4,"(0.111, 0.222]"
571,10085104000.0,512.0,4.0,0.0,0.0591342950211401,4.186166467592862,0.0,,-6.22972879545303,-6.22972879545303,sequential,2e-05,2,0.4,"(0.0, 0.111]"
572,10085105000.0,512.0,5.0,0.0,0.0253554845212384,4.738013526699959,0.0,,-4.74365252126711,-4.74365252126711,sequential,2e-05,2,0.4,"(0.0, 0.111]"
573,10086100000.0,513.0,0.0,0.0,0.0590807572477363,3.5833577042016524,0.0,,-6.294825193402746,-6.294825193402746,sequential,2e-05,2,0.5,"(0.0, 0.111]"
574,10086101000.0,513.0,1.0,0.0,0.1434925990737458,5.249760455694256,0.0,,-8.71404855668354,-8.71404855668354,sequential,2e-05,2,0.5,"(0.111, 0.222]"
575,10086102000.0,513.0,2.0,0.0,0.0253534575802863,2.4856395485152247,0.0,,-4.741342737521911,-4.741342737521911,sequential,2e-05,2,0.5,"(0.0, 0.111]"
576,10086103000.0,513.0,3.0,0.0,0.1436390641043687,6.066951959551136,0.0,,-8.7354474426975,-8.7354474426975,sequential,2e-05,2,0.5,"(0.111, 0.222]"
577,10086104000.0,513.0,4.0,0.0,0.059055737454352,4.618868879085413,0.0,,-6.273630356478293,-6.273630356478293,sequential,2e-05,2,0.5,"(0.0, 0.111]"
578,10086105000.0,513.0,5.0,0.0,0.0253917382898403,2.08375407188316,0.0,,-4.773610206566119,-4.773610206566119,sequential,2e-05,2,0.5,"(0.0, 0.111]"
579,10087100000.0,514.0,0.0,0.0,0.0591061552695385,1.866583885736028,0.0,,-6.201830362754273,-6.201830362754273,sequential,2e-05,2,0.7,"(0.0, 0.111]"
580,10087101000.0,514.0,1.0,0.0,0.1436958773115262,7.328368256910425,0.0,,-8.747371085440113,-8.747371085440113,sequential,2e-05,2,0.7,"(0.111, 0.222]"
581,10087102000.0,514.0,2.0,0.0,0.0254046579118023,1.0793497434035444,0.0,,-4.700632257700585,-4.700632257700585,sequential,2e-05,2,0.7,"(0.0, 0.111]"
582,10087103000.0,514.0,3.0,0.0,0.1438468734163535,7.195238277356531,0.0,,-8.77018947015314,-8.77018947015314,sequential,2e-05,2,0.7,"(0.111, 0.222]"
583,10087104000.0,514.0,4.0,0.0,0.0591452038543358,1.4936652481750412,0.0,,-6.243717528694916,-6.243717528694916,sequential,2e-05,2,0.7,"(0.0, 0.111]"
584,10087105000.0,514.0,5.0,0.0,0.0254202275942296,0.986420299871462,0.0,,-4.710278887218941,-4.710278887218941,sequential,2e-05,2,0.7,"(0.0, 0.111]"
585,10088100000.0,515.0,0.0,0.0,0.0591728204930141,0.471263656920917,0.0,,-6.278170997785095,-6.278170997785095,sequential,2e-05,2,1.0,"(0.0, 0.111]"
586,10088101000.0,515.0,1.0,0.0,0.1450880520708093,3.3484362604050784,0.0,,-8.875582482806399,-8.875582482806399,sequential,2e-05,2,1.0,"(0.111, 0.222]"
587,10088102000.0,515.0,2.0,0.0,0.025439829163896,0.5385823205152079,0.0,,-4.722184778452251,-4.722184778452251,sequential,2e-05,2,1.0,"(0.0, 0.111]"
588,10088103000.0,515.0,3.0,0.0,0.1437648835409197,4.6904121969332655,0.0,,-8.758933539461296,-8.758933539461296,sequential,2e-05,2,1.0,"(0.111, 0.222]"
589,10088104000.0,515.0,4.0,0.0,0.059110967015048,0.673789982636643,0.0,,-6.2077143063523925,-6.2077143063523925,sequential,2e-05,2,1.0,"(0.0, 0.111]"
590,10088105000.0,515.0,5.0,0.0,0.0253574493274472,0.6614600884431834,0.0,,-4.747506350934165,-4.747506350934165,sequential,2e-05,2,1.0,"(0.0, 0.111]"
591,10089100000.0,516.0,0.0,0.0,0.0591242410390003,0.2276751759586089,0.0,,-6.218347423527371,-6.218347423527371,sequential,2e-05,2,1.5,"(0.0, 0.111]"
592,10089101000.0,516.0,1.0,0.0,0.1436046824785614,1.891138436060072,0.0,,-8.731962467877242,-8.731962467877242,sequential,2e-05,2,1.5,"(0.111, 0.222]"
593,10089102000.0,516.0,2.0,0.0,0.0253831635977921,0.3411540310326869,0.0,,-4.76724687947677,-4.76724687947677,sequential,2e-05,2,1.5,"(0.0, 0.111]"
594,10089103000.0,516.0,3.0,0.0,0.1442681961360198,1.3260246948036531,0.0,,-8.810697048037373,-8.810697048037373,sequential,2e-05,2,1.5,"(0.111, 0.222]"
595,10089104000.0,516.0,4.0,0.0,0.0591357452680575,0.2207040015050611,0.0,,-6.231453315026327,-6.231453315026327,sequential,2e-05,2,1.5,"(0.0, 0.111]"
596,10089105000.0,516.0,5.0,0.0,0.0253572822736628,0.3550964097726593,0.0,,-4.745236836923274,-4.745236836923274,sequential,2e-05,2,1.5,"(0.0, 0.111]"
597,10090100000.0,517.0,0.0,0.0,0.0591358613008981,0.1380907673417553,0.0,,-6.231386753899129,-6.231386753899129,sequential,2e-05,2,2.0,"(0.0, 0.111]"
598,10090101000.0,517.0,1.0,0.0,0.1441921520939323,0.5892067097329291,0.0,,-8.804637158699482,-8.804637158699482,sequential,2e-05,2,2.0,"(0.111, 0.222]"
599,10090102000.0,517.0,2.0,0.0,0.0253603193226733,0.23775061158921,0.0,,-4.747752450084699,-4.747752450084699,sequential,2e-05,2,2.0,"(0.0, 0.111]"
600,10090103000.0,517.0,3.0,0.0,0.1435889056543529,0.8540168517444827,0.0,,-8.7293015953362,-8.7293015953362,sequential,2e-05,2,2.0,"(0.111, 0.222]"
601,10090104000.0,517.0,4.0,0.0,0.059107703247601,0.1420149074420315,0.0,,-6.201903614049053,-6.201903614049053,sequential,2e-05,2,2.0,"(0.0, 0.111]"
602,10090105000.0,517.0,5.0,0.0,0.0253815680273813,0.2335162307764414,0.0,,-4.765702276376107,-4.765702276376107,sequential,2e-05,2,2.0,"(0.0, 0.111]"
603,10091100000.0,539.0,0.0,0.0,0.0445929545234083,3.589251579845909,0.0,,-7.461149545737959,-7.461149545737959,sequential,3e-05,2,0.1,"(0.0, 0.111]"
604,10091101000.0,539.0,1.0,0.0,0.1096705034179496,2.1600143305906028,0.0,,-10.516710199825416,-10.516710199825416,sequential,3e-05,2,0.1,"(0.0, 0.111]"
605,10091102000.0,539.0,2.0,0.0,0.0192939569421449,9.231542113679428,0.0,,-5.656141427834437,-5.656141427834437,sequential,3e-05,2,0.1,"(0.0, 0.111]"
606,10091103000.0,539.0,3.0,0.0,0.1099358985742942,2.2545576773115843,0.0,,-10.33103428486021,-10.33103428486021,sequential,3e-05,2,0.1,"(0.0, 0.111]"
607,10091104000.0,539.0,4.0,0.0,0.044596243201796,4.427598427574678,0.0,,-7.481867537767483,-7.481867537767483,sequential,3e-05,2,0.1,"(0.0, 0.111]"
608,10091105000.0,539.0,5.0,0.0,0.0193156718955707,9.912991368345972,0.0,,-5.693568056161146,-5.693568056161146,sequential,3e-05,2,0.1,"(0.0, 0.111]"
609,10092100000.0,540.0,0.0,0.0,0.044562187429036,3.852597376125099,0.0,,-7.470981444983818,-7.470981444983818,sequential,3e-05,2,0.4,"(0.0, 0.111]"
610,10092101000.0,540.0,1.0,0.0,0.1092873902362441,3.342249370153386,0.0,,-10.443056339284006,-10.443056339284006,sequential,3e-05,2,0.4,"(0.0, 0.111]"
611,10092102000.0,540.0,2.0,0.0,0.0192714289891079,4.264521726702301,0.0,,-5.616824518784586,-5.616824518784586,sequential,3e-05,2,0.4,"(0.0, 0.111]"
612,10092103000.0,540.0,3.0,0.0,0.1097133529552896,3.2377380358484085,0.0,,-10.517132377561271,-10.517132377561271,sequential,3e-05,2,0.4,"(0.0, 0.111]"
613,10092104000.0,540.0,4.0,0.0,0.044574554593499,3.2266664024106517,0.0,,-7.377056386763924,-7.377056386763924,sequential,3e-05,2,0.4,"(0.0, 0.111]"
614,10092105000.0,540.0,5.0,0.0,0.0192888694717128,3.518687616813497,0.0,,-5.6448464433443215,-5.6448464433443215,sequential,3e-05,2,0.4,"(0.0, 0.111]"
615,10093100000.0,541.0,0.0,0.0,0.0445804566896786,2.5020848856821463,0.0,,-7.4013930817343825,-7.4013930817343825,sequential,3e-05,2,0.5,"(0.0, 0.111]"
616,10093101000.0,541.0,1.0,0.0,0.1094832777124346,3.2213791578517657,0.0,,-10.479360808220784,-10.479360808220784,sequential,3e-05,2,0.5,"(0.0, 0.111]"
617,10093102000.0,541.0,2.0,0.0,0.0193020658133425,1.832311573489369,0.0,,-5.667518461204923,-5.667518461204923,sequential,3e-05,2,0.5,"(0.0, 0.111]"
618,10093103000.0,541.0,3.0,0.0,0.1094691702709547,3.0296855247116565,0.0,,-10.476841110940368,-10.476841110940368,sequential,3e-05,2,0.5,"(0.0, 0.111]"
619,10093104000.0,541.0,4.0,0.0,0.044581609982181,2.596075521716546,0.0,,-7.405989967687095,-7.405989967687095,sequential,3e-05,2,0.5,"(0.0, 0.111]"
620,10093105000.0,541.0,5.0,0.0,0.0193042289319508,1.8139072164947363,0.0,,-5.671392481828629,-5.671392481828629,sequential,3e-05,2,0.5,"(0.0, 0.111]"
621,10094100000.0,542.0,0.0,0.0,0.0445934584044111,1.1156176876364443,0.0,,-7.461102600765742,-7.461102600765742,sequential,3e-05,2,0.7,"(0.0, 0.111]"
622,10094101000.0,542.0,1.0,0.0,0.1092528046590741,3.7435994263099808,0.0,,-10.443723451142164,-10.443723451142164,sequential,3e-05,2,0.7,"(0.0, 0.111]"
623,10094102000.0,542.0,2.0,0.0,0.0192892584687569,1.1171368814277962,0.0,,-5.647128446263513,-5.647128446263513,sequential,3e-05,2,0.7,"(0.0, 0.111]"
624,10094103000.0,542.0,3.0,0.0,0.1099914658146584,4.392893541410368,0.0,,-10.34029603757733,-10.34029603757733,sequential,3e-05,2,0.7,"(0.0, 0.111]"
625,10094104000.0,542.0,4.0,0.0,0.0445897206269309,1.265420099826315,0.0,,-7.440763429919822,-7.440763429919822,sequential,3e-05,2,0.7,"(0.0, 0.111]"
626,10094105000.0,542.0,5.0,0.0,0.0193096801883287,0.9632119194232128,0.0,,-5.681873221635466,-5.681873221635466,sequential,3e-05,2,0.7,"(0.0, 0.111]"
627,10095100000.0,543.0,0.0,0.0,0.0445790431443498,0.4670711154748663,0.0,,-7.404026037304927,-7.404026037304927,sequential,3e-05,2,1.0,"(0.0, 0.111]"
628,10095101000.0,543.0,1.0,0.0,0.108871106479427,3.628009770226493,0.0,,-10.383004441316686,-10.383004441316686,sequential,3e-05,2,1.0,"(0.0, 0.111]"
629,10095102000.0,543.0,2.0,0.0,0.0192908259504381,0.5148904930753982,0.0,,-5.651646983925474,-5.651646983925474,sequential,3e-05,2,1.0,"(0.0, 0.111]"
630,10095103000.0,543.0,3.0,0.0,0.108916357194485,3.487491311148388,0.0,,-10.39045285133948,-10.39045285133948,sequential,3e-05,2,1.0,"(0.0, 0.111]"
631,10095104000.0,543.0,4.0,0.0,0.044576849204741,0.478761810043833,0.0,,-7.395501022291123,-7.395501022291123,sequential,3e-05,2,1.0,"(0.0, 0.111]"
632,10095105000.0,543.0,5.0,0.0,0.019300637053128,0.5053346988894101,0.0,,-5.667540659588581,-5.667540659588581,sequential,3e-05,2,1.0,"(0.0, 0.111]"
633,10096100000.0,544.0,0.0,0.0,0.0445830505037926,0.2222718294530647,0.0,,-7.417987182697725,-7.417987182697725,sequential,3e-05,2,1.5,"(0.0, 0.111]"
634,10096101000.0,544.0,1.0,0.0,0.1096495994378346,1.5949214892863803,0.0,,-10.513391591417712,-10.513391591417712,sequential,3e-05,2,1.5,"(0.0, 0.111]"
635,10096102000.0,544.0,2.0,0.0,0.0192981313379422,0.3248716000496416,0.0,,-5.66359189346549,-5.66359189346549,sequential,3e-05,2,1.5,"(0.0, 0.111]"
636,10096103000.0,544.0,3.0,0.0,0.1094537621356815,1.681948269368362,0.0,,-10.481217030007072,-10.481217030007072,sequential,3e-05,2,1.5,"(0.0, 0.111]"
637,10096104000.0,544.0,4.0,0.0,0.0445964496538286,0.1962330675617485,0.0,,-7.484089993069743,-7.484089993069743,sequential,3e-05,2,1.5,"(0.0, 0.111]"
638,10096105000.0,544.0,5.0,0.0,0.0192892354186623,0.3241532058964938,0.0,,-5.649592282506307,-5.649592282506307,sequential,3e-05,2,1.5,"(0.0, 0.111]"
639,10097100000.0,545.0,0.0,0.0,0.0445980511931118,0.1305443099903832,0.0,,-7.52281480159916,-7.52281480159916,sequential,3e-05,2,2.0,"(0.0, 0.111]"
640,10097101000.0,545.0,1.0,0.0,0.1099990540699533,0.7031708526349263,0.0,,-10.35774175993016,-10.35774175993016,sequential,3e-05,2,2.0,"(0.0, 0.111]"
641,10097102000.0,545.0,2.0,0.0,0.0193144555444115,0.2262235428104648,0.0,,-5.697721168749636,-5.697721168749636,sequential,3e-05,2,2.0,"(0.0, 0.111]"
642,10097103000.0,545.0,3.0,0.0,0.1103460116694658,0.5943205308633296,0.0,,-10.42505635615674,-10.42505635615674,sequential,3e-05,2,2.0,"(0.0, 0.111]"
643,10097104000.0,545.0,4.0,0.0,0.0445936351461057,0.1381048225080668,0.0,,-7.486939367511173,-7.486939367511173,sequential,3e-05,2,2.0,"(0.0, 0.111]"
644,10097105000.0,545.0,5.0,0.0,0.019331682323132,0.2234361113255269,0.0,,-5.72856196512907,-5.72856196512907,sequential,3e-05,2,2.0,"(0.0, 0.111]"
645,10098100000.0,567.0,0.0,0.0,0.0336737685680989,1.9834707527466784,0.0,,-8.685599969448186,-8.685599969448186,sequential,5e-05,2,0.1,"(0.0, 0.111]"
646,10098101000.0,567.0,1.0,0.0,0.0832476723838323,1.3433276182848592,0.0,,-12.109321970657506,-12.109321970657506,sequential,5e-05,2,0.1,"(0.0, 0.111]"
647,10098102000.0,567.0,2.0,0.0,0.0147133132409603,5.931313937860412,0.0,,-6.519863228139346,-6.519863228139346,sequential,5e-05,2,0.1,"(0.0, 0.111]"
648,10098103000.0,567.0,3.0,0.0,0.0831993838391783,1.060405612968106,0.0,,-12.096108864150136,-12.096108864150136,sequential,5e-05,2,0.1,"(0.0, 0.111]"
649,10098104000.0,567.0,4.0,0.0,0.0336694413643528,2.0313749474458738,0.0,,-8.779714449870216,-8.779714449870216,sequential,5e-05,2,0.1,"(0.0, 0.111]"
650,10098105000.0,567.0,5.0,0.0,0.0147132084480282,5.515968258018387,0.0,,-6.519509100347972,-6.519509100347972,sequential,5e-05,2,0.1,"(0.0, 0.111]"
651,10099100000.0,568.0,0.0,0.0,0.0336745072271895,2.185619792733404,0.0,,-8.732589769778025,-8.732589769778025,sequential,5e-05,2,0.4,"(0.0, 0.111]"
652,10099101000.0,568.0,1.0,0.0,0.0826463837224798,1.8869339336488415,0.0,,-11.926897348784168,-11.926897348784168,sequential,5e-05,2,0.4,"(0.0, 0.111]"
653,10099102000.0,568.0,2.0,0.0,0.0146974344112068,2.9857805868710408,0.0,,-6.547154734249943,-6.547154734249943,sequential,5e-05,2,0.4,"(0.0, 0.111]"
654,10099103000.0,568.0,3.0,0.0,0.0831089896344394,1.8206936695813696,0.0,,-12.04620009256438,-12.04620009256438,sequential,5e-05,2,0.4,"(0.0, 0.111]"
655,10099104000.0,568.0,4.0,0.0,0.0336747101786982,2.04074705233658,0.0,,-8.75433959432539,-8.75433959432539,sequential,5e-05,2,0.4,"(0.0, 0.111]"
656,10099105000.0,568.0,5.0,0.0,0.0147201421688209,2.242849401223709,0.0,,-6.544404011159355,-6.544404011159355,sequential,5e-05,2,0.4,"(0.0, 0.111]"
657,10100100000.0,569.0,0.0,0.0,0.0336697220616147,1.7938170213466589,0.0,,-8.691753338825164,-8.691753338825164,sequential,5e-05,2,0.5,"(0.0, 0.111]"
658,10100101000.0,569.0,1.0,0.0,0.0828048232845942,1.7837054305032731,0.0,,-11.96119826113536,-11.96119826113536,sequential,5e-05,2,0.5,"(0.0, 0.111]"
659,10100102000.0,569.0,2.0,0.0,0.0147034219707604,1.484185995716627,0.0,,-6.5613861081765865,-6.5613861081765865,sequential,5e-05,2,0.5,"(0.0, 0.111]"
660,10100103000.0,569.0,3.0,0.0,0.0825728081788413,1.787157155763822,0.0,,-12.146978916472454,-12.146978916472454,sequential,5e-05,2,0.5,"(0.0, 0.111]"
661,10100104000.0,569.0,4.0,0.0,0.0336738376851279,1.496217940144403,0.0,,-8.686945773827015,-8.686945773827015,sequential,5e-05,2,0.5,"(0.0, 0.111]"
662,10100105000.0,569.0,5.0,0.0,0.0146992602775468,1.6224423120703306,0.0,,-6.548681093661521,-6.548681093661521,sequential,5e-05,2,0.5,"(0.0, 0.111]"
663,10101100000.0,570.0,0.0,0.0,0.0336697476056039,1.1729361969666183,0.0,,-8.75722083195092,-8.75722083195092,sequential,5e-05,2,0.7,"(0.0, 0.111]"
664,10101101000.0,570.0,1.0,0.0,0.083355601023135,1.8083917629947488,0.0,,-12.134015694811971,-12.134015694811971,sequential,5e-05,2,0.7,"(0.0, 0.111]"
665,10101102000.0,570.0,2.0,0.0,0.0147322438084171,0.7540232268257849,0.0,,-6.59686440806307,-6.59686440806307,sequential,5e-05,2,0.7,"(0.0, 0.111]"
666,10101103000.0,570.0,3.0,0.0,0.0834910410252843,1.825911187361989,0.0,,-12.172949184458856,-12.172949184458856,sequential,5e-05,2,0.7,"(0.0, 0.111]"
667,10101104000.0,570.0,4.0,0.0,0.0336691089337798,0.9203096079399262,0.0,,-8.729389494207712,-8.729389494207712,sequential,5e-05,2,0.7,"(0.0, 0.111]"
668,10101105000.0,570.0,5.0,0.0,0.0147205432452836,0.8430601543479227,0.0,,-6.558695664487637,-6.558695664487637,sequential,5e-05,2,0.7,"(0.0, 0.111]"
669,10102100000.0,571.0,0.0,0.0,0.0336746667696476,0.3526843041743605,0.0,,-8.725453523946808,-8.725453523946808,sequential,5e-05,2,1.0,"(0.0, 0.111]"
670,10102101000.0,571.0,1.0,0.0,0.0823546412640699,1.9208820456837663,0.0,,-12.099196958751696,-12.099196958751696,sequential,5e-05,2,1.0,"(0.0, 0.111]"
671,10102102000.0,571.0,2.0,0.0,0.0147180279668382,0.4312737492228956,0.0,,-6.536551003611634,-6.536551003611634,sequential,5e-05,2,1.0,"(0.0, 0.111]"
672,10102103000.0,571.0,3.0,0.0,0.0830698354261134,1.8252264737302133,0.0,,-12.03417785791182,-12.03417785791182,sequential,5e-05,2,1.0,"(0.0, 0.111]"
673,10102104000.0,571.0,4.0,0.0,0.0336717131441042,0.4112204959439878,0.0,,-8.670394938684046,-8.670394938684046,sequential,5e-05,2,1.0,"(0.0, 0.111]"
674,10102105000.0,571.0,5.0,0.0,0.0147058499822054,0.4558154974177786,0.0,,-6.498381030769599,-6.498381030769599,sequential,5e-05,2,1.0,"(0.0, 0.111]"
675,10103100000.0,572.0,0.0,0.0,0.0336701271832818,0.2094021798612953,0.0,,-8.730276425468183,-8.730276425468183,sequential,5e-05,2,1.5,"(0.0, 0.111]"
676,10103101000.0,572.0,1.0,0.0,0.083081586943433,1.2224727732997966,0.0,,-12.057649285347653,-12.057649285347653,sequential,5e-05,2,1.5,"(0.0, 0.111]"
677,10103102000.0,572.0,2.0,0.0,0.0147160472696975,0.2694498954246483,0.0,,-6.541475359783945,-6.541475359783945,sequential,5e-05,2,1.5,"(0.0, 0.111]"
678,10103103000.0,572.0,3.0,0.0,0.0834070034447081,0.9789208946274074,0.0,,-12.145213491311637,-12.145213491311637,sequential,5e-05,2,1.5,"(0.0, 0.111]"
679,10103104000.0,572.0,4.0,0.0,0.0336712124375102,0.1825079773134694,0.0,,-8.672873372126887,-8.672873372126887,sequential,5e-05,2,1.5,"(0.0, 0.111]"
680,10103105000.0,572.0,5.0,0.0,0.0147270795431373,0.2643809490542573,0.0,,-6.576759916096871,-6.576759916096871,sequential,5e-05,2,1.5,"(0.0, 0.111]"
681,10104100000.0,573.0,0.0,0.0,0.0336722656318315,0.1269426969266698,0.0,,-8.705559676304505,-8.705559676304505,sequential,5e-05,2,2.0,"(0.0, 0.111]"
682,10104101000.0,573.0,1.0,0.0,0.0828235211240138,0.5911427196931747,0.0,,-11.97617791886482,-11.97617791886482,sequential,5e-05,2,2.0,"(0.0, 0.111]"
683,10104102000.0,573.0,2.0,0.0,0.0147069371499884,0.2164019919754575,0.0,,-6.5048860131358,-6.5048860131358,sequential,5e-05,2,2.0,"(0.0, 0.111]"
684,10104103000.0,573.0,3.0,0.0,0.083128799106443,0.4839526339665357,0.0,,-12.054672183526664,-12.054672183526664,sequential,5e-05,2,2.0,"(0.0, 0.111]"
685,10104104000.0,573.0,4.0,0.0,0.0336729402935777,0.1222777955075981,0.0,,-8.724088833277216,-8.724088833277216,sequential,5e-05,2,2.0,"(0.0, 0.111]"
686,10104105000.0,573.0,5.0,0.0,0.0147071056079912,0.2161368250486265,0.0,,-6.505408926618855,-6.505408926618855,sequential,5e-05,2,2.0,"(0.0, 0.111]"
687,10105100000.0,595.0,0.0,0.0,0.0257374352049274,0.9063073290110466,0.0,,-9.010094570475662,-9.010094570475662,sequential,0.0001,2,0.1,"(0.0, 0.111]"
688,10105101000.0,595.0,1.0,0.0,0.0616934509888555,0.7147673896138093,0.0,,-12.52112986200137,-12.52112986200137,sequential,0.0001,2,0.1,"(0.0, 0.111]"
689,10105102000.0,595.0,2.0,0.0,0.0113601092732355,3.2204759926249125,0.0,,-6.676111373519388,-6.676111373519388,sequential,0.0001,2,0.1,"(0.0, 0.111]"
690,10105103000.0,595.0,3.0,0.0,0.0622185896916553,0.6452388997858414,0.0,,-12.697350583907184,-12.697350583907184,sequential,0.0001,2,0.1,"(0.0, 0.111]"
691,10105104000.0,595.0,4.0,0.0,0.0257493532991928,0.8475663832122641,0.0,,-8.907080416642875,-8.907080416642875,sequential,0.0001,2,0.1,"(0.0, 0.111]"
692,10105105000.0,595.0,5.0,0.0,0.011357910499893,2.9148072224622448,0.0,,-6.652869307706795,-6.652869307706795,sequential,0.0001,2,0.1,"(0.0, 0.111]"
693,10106100000.0,596.0,0.0,0.0,0.0257376489078961,0.8497887332008949,0.0,,-9.01408477182349,-9.01408477182349,sequential,0.0001,2,0.4,"(0.0, 0.111]"
694,10106101000.0,596.0,1.0,0.0,0.0621998286434468,0.8836726048194132,0.0,,-12.68817616623044,-12.68817616623044,sequential,0.0001,2,0.4,"(0.0, 0.111]"
695,10106102000.0,596.0,2.0,0.0,0.0113669927251879,1.3935181563760926,0.0,,-6.768785125966101,-6.768785125966101,sequential,0.0001,2,0.4,"(0.0, 0.111]"
696,10106103000.0,596.0,3.0,0.0,0.0621560157178287,0.7885688470783802,0.0,,-12.67248135274934,-12.67248135274934,sequential,0.0001,2,0.4,"(0.0, 0.111]"
697,10106104000.0,596.0,4.0,0.0,0.0257373396988992,0.8953600820916033,0.0,,-9.016133518184388,-9.016133518184388,sequential,0.0001,2,0.4,"(0.0, 0.111]"
698,10106105000.0,596.0,5.0,0.0,0.0113656034947802,1.3939101646713892,0.0,,-6.747853627321706,-6.747853627321706,sequential,0.0001,2,0.4,"(0.0, 0.111]"
699,10107100000.0,597.0,0.0,0.0,0.0257115439500929,0.9147637678924544,0.0,,-9.084787751372367,-9.084787751372367,sequential,0.0001,2,0.5,"(0.0, 0.111]"
700,10107101000.0,597.0,1.0,0.0,0.0624212656336891,0.8962677670741767,0.0,,-12.789725004603014,-12.789725004603014,sequential,0.0001,2,0.5,"(0.0, 0.111]"
701,10107102000.0,597.0,2.0,0.0,0.0113673936053862,0.9974197857190776,0.0,,-6.792716513700463,-6.792716513700463,sequential,0.0001,2,0.5,"(0.0, 0.111]"
702,10107103000.0,597.0,3.0,0.0,0.0629028873249104,0.8780019186661241,0.0,,-12.97040055063661,-12.97040055063661,sequential,0.0001,2,0.5,"(0.0, 0.111]"
703,10107104000.0,597.0,4.0,0.0,0.0257148600229791,0.9047863197510692,0.0,,-9.135324709036794,-9.135324709036794,sequential,0.0001,2,0.5,"(0.0, 0.111]"
704,10107105000.0,597.0,5.0,0.0,0.0113649764809528,1.1070314261568155,0.0,,-6.775871115572333,-6.775871115572333,sequential,0.0001,2,0.5,"(0.0, 0.111]"
705,10108100000.0,598.0,0.0,0.0,0.0257405574798623,0.6901219360416011,0.0,,-8.996237703770088,-8.996237703770088,sequential,0.0001,2,0.7,"(0.0, 0.111]"
706,10108101000.0,598.0,1.0,0.0,0.0618924607469112,0.93018340712769,0.0,,-12.581055016346594,-12.581055016346594,sequential,0.0001,2,0.7,"(0.0, 0.111]"
707,10108102000.0,598.0,2.0,0.0,0.0113624075470346,0.6750520640538787,0.0,,-6.697783613548569,-6.697783613548569,sequential,0.0001,2,0.7,"(0.0, 0.111]"
708,10108103000.0,598.0,3.0,0.0,0.0620251119977004,0.8895210051959231,0.0,,-12.623678419403156,-12.623678419403156,sequential,0.0001,2,0.7,"(0.0, 0.111]"
709,10108104000.0,598.0,4.0,0.0,0.0257366234808044,0.6613999134360732,0.0,,-9.022738210704285,-9.022738210704285,sequential,0.0001,2,0.7,"(0.0, 0.111]"
710,10108105000.0,598.0,5.0,0.0,0.0113658539535598,0.6016301939157674,0.0,,-6.749021262359959,-6.749021262359959,sequential,0.0001,2,0.7,"(0.0, 0.111]"
711,10109100000.0,599.0,0.0,0.0,0.0257362345510825,0.3484598233422658,0.0,,-9.023502399831626,-9.023502399831626,sequential,0.0001,2,1.0,"(0.0, 0.111]"
712,10109101000.0,599.0,1.0,0.0,0.0619490400242555,0.7430109710067562,0.0,,-12.603271220330749,-12.603271220330749,sequential,0.0001,2,1.0,"(0.0, 0.111]"
713,10109102000.0,599.0,2.0,0.0,0.0113670194203201,0.3664250350911422,0.0,,-6.76928324285901,-6.76928324285901,sequential,0.0001,2,1.0,"(0.0, 0.111]"
714,10109103000.0,599.0,3.0,0.0,0.0624199551978926,0.9812410758767938,0.0,,-12.766250889066695,-12.766250889066695,sequential,0.0001,2,1.0,"(0.0, 0.111]"
715,10109104000.0,599.0,4.0,0.0,0.0257319769132234,0.3020943907053835,0.0,,-9.05061572969698,-9.05061572969698,sequential,0.0001,2,1.0,"(0.0, 0.111]"
716,10109105000.0,599.0,5.0,0.0,0.0113618890407699,0.397009759614896,0.0,,-6.693927010487495,-6.693927010487495,sequential,0.0001,2,1.0,"(0.0, 0.111]"
717,10110100000.0,600.0,0.0,0.0,0.0257505840666834,0.1799221344030275,0.0,,-8.909636516121761,-8.909636516121761,sequential,0.0001,2,1.5,"(0.0, 0.111]"
718,10110101000.0,600.0,1.0,0.0,0.0619325407961797,0.7028702662323661,0.0,,-12.58974284905597,-12.58974284905597,sequential,0.0001,2,1.5,"(0.0, 0.111]"
719,10110102000.0,600.0,2.0,0.0,0.0113618647523465,0.2506566686962067,0.0,,-6.687627013107928,-6.687627013107928,sequential,0.0001,2,1.5,"(0.0, 0.111]"
720,10110103000.0,600.0,3.0,0.0,0.0621979824876211,0.6432131039862821,0.0,,-12.680811641649946,-12.680811641649946,sequential,0.0001,2,1.5,"(0.0, 0.111]"
721,10110104000.0,600.0,4.0,0.0,0.0257470382143591,0.1637014076791577,0.0,,-8.945361552288732,-8.945361552288732,sequential,0.0001,2,1.5,"(0.0, 0.111]"
722,10110105000.0,600.0,5.0,0.0,0.0113656970954707,0.2514501189409568,0.0,,-6.744067856578495,-6.744067856578495,sequential,0.0001,2,1.5,"(0.0, 0.111]"
723,10111100000.0,601.0,0.0,0.0,0.0257391922233758,0.1140559205389649,0.0,,-8.988219941057112,-8.988219941057112,sequential,0.0001,2,2.0,"(0.0, 0.111]"
724,10111101000.0,601.0,1.0,0.0,0.062492999251815,0.3648456802897553,0.0,,-12.804836073849112,-12.804836073849112,sequential,0.0001,2,2.0,"(0.0, 0.111]"
725,10111102000.0,601.0,2.0,0.0,0.0113598843260123,0.2152583182545743,0.0,,-6.688033165590268,-6.688033165590268,sequential,0.0001,2,2.0,"(0.0, 0.111]"
726,10111103000.0,601.0,3.0,0.0,0.0624401847974148,0.3779974034240067,0.0,,-12.784765738700033,-12.784765738700033,sequential,0.0001,2,2.0,"(0.0, 0.111]"
727,10111104000.0,601.0,4.0,0.0,0.025741659086763,0.1110524094278977,0.0,,-8.964579070106325,-8.964579070106325,sequential,0.0001,2,2.0,"(0.0, 0.111]"
728,10111105000.0,601.0,5.0,0.0,0.01136528424389,0.2155935801770881,0.0,,-6.7608864591041336,-6.7608864591041336,sequential,0.0001,2,2.0,"(0.0, 0.111]"
729,10112100000.0,623.0,0.0,0.0,0.0165585018544358,0.3216262939856293,0.0,,0.1339623804689191,0.1339623804689191,sequential,0.0005,2,0.1,"(0.0, 0.111]"
730,10112102000.0,623.0,2.0,0.0,0.0072811578765868,1.1226243223553598,0.0,,0.0436174661997739,0.0436174661997739,sequential,0.0005,2,0.1,"(0.0, 0.111]"
731,10112104000.0,623.0,4.0,0.0,0.0165790008705513,0.302733655911246,0.0,,0.0944291409753257,0.0944291409753257,sequential,0.0005,2,0.1,"(0.0, 0.111]"
732,10112105000.0,623.0,5.0,0.0,0.0072741952066448,0.7379115948714328,0.0,,0.061837496062285,0.061837496062285,sequential,0.0005,2,0.1,"(0.0, 0.111]"
733,,623.0,1.0,,,,0.0,,,,,0.0005,2,0.1,
734,,623.0,3.0,,,,0.0,,,,,0.0005,2,0.1,
735,,623.0,1.0,0.0,,,,,,,sequential,0.0005,2,0.1,
736,,623.0,3.0,0.0,,,,,,,sequential,0.0005,2,0.1,
737,10113100000.0,624.0,0.0,0.0,0.0166029656701971,0.3151975246864112,0.0,,0.0361368212583501,0.0361368212583501,sequential,0.0005,2,0.4,"(0.0, 0.111]"
738,10113102000.0,624.0,2.0,0.0,0.0072670776266298,0.7078911655573573,0.0,,0.0777626744176716,0.0777626744176716,sequential,0.0005,2,0.4,"(0.0, 0.111]"
739,10113104000.0,624.0,4.0,0.0,0.016595079107544,0.3211412580827003,0.0,,0.0536291694840816,0.0536291694840816,sequential,0.0005,2,0.4,"(0.0, 0.111]"
740,10113105000.0,624.0,5.0,0.0,0.0072673952992342,0.7070268155054524,0.0,,0.0769270979263963,0.0769270979263963,sequential,0.0005,2,0.4,"(0.0, 0.111]"
741,,624.0,1.0,,,,0.0,,,,,0.0005,2,0.4,
742,,624.0,3.0,,,,0.0,,,,,0.0005,2,0.4,
743,,624.0,1.0,0.0,,,,,,,sequential,0.0005,2,0.4,
744,,624.0,3.0,0.0,,,,,,,sequential,0.0005,2,0.4,
745,10114100000.0,625.0,0.0,0.0,0.0165794304601123,0.3078065907222125,0.0,,0.0964417695728781,0.0964417695728781,sequential,0.0005,2,0.5,"(0.0, 0.111]"
746,10114102000.0,625.0,2.0,0.0,0.0072538787438901,0.6894507981904651,0.0,,0.1146284633218374,0.1146284633218374,sequential,0.0005,2,0.5,"(0.0, 0.111]"
747,10114104000.0,625.0,4.0,0.0,0.016568368862077,0.3182488115144871,0.0,,0.1192023877017834,0.1192023877017834,sequential,0.0005,2,0.5,"(0.0, 0.111]"
748,10114105000.0,625.0,5.0,0.0,0.0072545369387868,0.6932484617784169,0.0,,0.1129765854794017,0.1129765854794017,sequential,0.0005,2,0.5,"(0.0, 0.111]"
749,,625.0,1.0,,,,0.0,,,,,0.0005,2,0.5,
750,,625.0,3.0,,,,0.0,,,,,0.0005,2,0.5,
751,,625.0,1.0,0.0,,,,,,,sequential,0.0005,2,0.5,
752,,625.0,3.0,0.0,,,,,,,sequential,0.0005,2,0.5,
753,10115100000.0,626.0,0.0,0.0,0.0165815226220867,0.2774489832061309,0.0,,0.089433645899456,0.089433645899456,sequential,0.0005,2,0.7,"(0.0, 0.111]"
754,10115102000.0,626.0,2.0,0.0,0.007265229636938,0.5740757491608774,0.0,,0.0852342634266743,0.0852342634266743,sequential,0.0005,2,0.7,"(0.0, 0.111]"
755,10115104000.0,626.0,4.0,0.0,0.0165654053002865,0.2716989536948818,0.0,,0.1232000218384403,0.1232000218384403,sequential,0.0005,2,0.7,"(0.0, 0.111]"
756,10115105000.0,626.0,5.0,0.0,0.007258377116629,0.58538197026737,0.0,,0.1013790202110719,0.1013790202110719,sequential,0.0005,2,0.7,"(0.0, 0.111]"
757,,626.0,1.0,,,,0.0,,,,,0.0005,2,0.7,
758,,626.0,3.0,,,,0.0,,,,,0.0005,2,0.7,
759,,626.0,1.0,0.0,,,,,,,sequential,0.0005,2,0.7,
760,,626.0,3.0,0.0,,,,,,,sequential,0.0005,2,0.7,
761,10116100000.0,627.0,0.0,0.0,0.016611821248093,0.2406266299474688,0.0,,-0.00088590925133,-0.00088590925133,sequential,0.0005,2,1.0,"(0.0, 0.111]"
762,10116102000.0,627.0,2.0,0.0,0.0072946726225941,0.4097202958272454,0.0,,-0.0059956477082847,-0.0059956477082847,sequential,0.0005,2,1.0,"(0.0, 0.111]"
763,10116104000.0,627.0,4.0,0.0,0.0165919136206153,0.248623423346624,0.0,,0.0429281551152632,0.0429281551152632,sequential,0.0005,2,1.0,"(0.0, 0.111]"
764,10116105000.0,627.0,5.0,0.0,0.007288599851835,0.4063566867267965,0.0,,0.0102156289915027,0.0102156289915027,sequential,0.0005,2,1.0,"(0.0, 0.111]"
765,,627.0,1.0,,,,0.0,,,,,0.0005,2,1.0,
766,,627.0,3.0,,,,0.0,,,,,0.0005,2,1.0,
767,,627.0,1.0,0.0,,,,,,,sequential,0.0005,2,1.0,
768,,627.0,3.0,0.0,,,,,,,sequential,0.0005,2,1.0,
769,10117100000.0,628.0,0.0,0.0,0.0165875760357323,0.1650345879049742,0.0,,0.0520721079574232,0.0520721079574232,sequential,0.0005,2,1.5,"(0.0, 0.111]"
770,10117102000.0,628.0,2.0,0.0,0.0072875005730614,0.3386606411025537,0.0,,0.0129251519758166,0.0129251519758166,sequential,0.0005,2,1.5,"(0.0, 0.111]"
771,10117104000.0,628.0,4.0,0.0,0.0166003616063622,0.1633216014537322,0.0,,0.0246978380640004,0.0246978380640004,sequential,0.0005,2,1.5,"(0.0, 0.111]"
772,10117105000.0,628.0,5.0,0.0,0.0072673632377965,0.338075786640412,0.0,,0.0834343890264762,0.0834343890264762,sequential,0.0005,2,1.5,"(0.0, 0.111]"
773,,628.0,1.0,,,,0.0,,,,,0.0005,2,1.5,
774,,628.0,3.0,,,,0.0,,,,,0.0005,2,1.5,
775,,628.0,1.0,0.0,,,,,,,sequential,0.0005,2,1.5,
776,,628.0,3.0,0.0,,,,,,,sequential,0.0005,2,1.5,
777,10118100000.0,629.0,0.0,0.0,0.016556041757849,0.1280272962385509,0.0,,0.1407361640469366,0.1407361640469366,sequential,0.0005,2,2.0,"(0.0, 0.111]"
778,10118102000.0,629.0,2.0,0.0,0.0072580815561345,0.3334515257986494,0.0,,0.1023963241609667,0.1023963241609667,sequential,0.0005,2,2.0,"(0.0, 0.111]"
779,10118104000.0,629.0,4.0,0.0,0.0165921380960177,0.1212364702507141,0.0,,0.0666763021092798,0.0666763021092798,sequential,0.0005,2,2.0,"(0.0, 0.111]"
780,10118105000.0,629.0,5.0,0.0,0.0072552895580969,0.3365724412020705,0.0,,0.1094238319812848,0.1094238319812848,sequential,0.0005,2,2.0,"(0.0, 0.111]"
781,,629.0,1.0,,,,0.0,,,,,0.0005,2,2.0,
782,,629.0,3.0,,,,0.0,,,,,0.0005,2,2.0,
783,,629.0,1.0,0.0,,,,,,,sequential,0.0005,2,2.0,
784,,629.0,3.0,0.0,,,,,,,sequential,0.0005,2,2.0,
785,10119100000.0,651.0,0.0,0.0,0.0131589316498136,0.3411269090604685,0.0,,8.395744182232887,8.395744182232887,sequential,0.001,2,0.1,"(0.0, 0.111]"
786,10119102000.0,651.0,2.0,0.0,0.005634788674086,0.9488633137383088,0.0,,5.489994913263481,5.489994913263481,sequential,0.001,2,0.1,"(0.0, 0.111]"
787,10119104000.0,651.0,4.0,0.0,0.0131714804763742,0.3121630226875119,0.0,,8.391779622936081,8.391779622936081,sequential,0.001,2,0.1,"(0.0, 0.111]"
788,10119105000.0,651.0,5.0,0.0,0.0056566946577816,0.8414922786848011,0.0,,5.478848530655751,5.478848530655751,sequential,0.001,2,0.1,"(0.0, 0.111]"
789,,651.0,1.0,,,,0.0,,,,,0.001,2,0.1,
790,,651.0,3.0,,,,0.0,,,,,0.001,2,0.1,
791,,651.0,1.0,0.0,,,,,,,sequential,0.001,2,0.1,
792,,651.0,3.0,0.0,,,,,,,sequential,0.001,2,0.1,
793,10120100000.0,652.0,0.0,0.0,0.0131670265317198,0.3050114279823074,0.0,,8.392072179934344,8.392072179934344,sequential,0.001,2,0.4,"(0.0, 0.111]"
794,10120102000.0,652.0,2.0,0.0,0.005639544370362,0.8629898584674475,0.0,,5.486997988541686,5.486997988541686,sequential,0.001,2,0.4,"(0.0, 0.111]"
795,10120104000.0,652.0,4.0,0.0,0.0131557112022441,0.3079125355419121,0.0,,8.396586901384635,8.396586901384635,sequential,0.001,2,0.4,"(0.0, 0.111]"
796,10120105000.0,652.0,5.0,0.0,0.0056456268256013,0.8566181111943536,0.0,,5.484462891926747,5.484462891926747,sequential,0.001,2,0.4,"(0.0, 0.111]"
797,,652.0,1.0,,,,0.0,,,,,0.001,2,0.4,
798,,652.0,3.0,,,,0.0,,,,,0.001,2,0.4,
799,,652.0,1.0,0.0,,,,,,,sequential,0.001,2,0.4,
800,,652.0,3.0,0.0,,,,,,,sequential,0.001,2,0.4,
801,10121100000.0,653.0,0.0,0.0,0.013157438931307,0.3061126480033869,0.0,,8.396502799422677,8.396502799422677,sequential,0.001,2,0.5,"(0.0, 0.111]"
802,10121102000.0,653.0,2.0,0.0,0.0056320586004665,0.7739292732481995,0.0,,5.491622598024399,5.491622598024399,sequential,0.001,2,0.5,"(0.0, 0.111]"
803,10121104000.0,653.0,4.0,0.0,0.0131258115266,0.3102569165925959,0.0,,8.407132936754355,8.407132936754355,sequential,0.001,2,0.5,"(0.0, 0.111]"
804,10121105000.0,653.0,5.0,0.0,0.0056477955391507,0.7609226688510283,0.0,,5.483620562883793,5.483620562883793,sequential,0.001,2,0.5,"(0.0, 0.111]"
805,,653.0,1.0,,,,0.0,,,,,0.001,2,0.5,
806,,653.0,3.0,,,,0.0,,,,,0.001,2,0.5,
807,,653.0,1.0,0.0,,,,,,,sequential,0.001,2,0.5,
808,,653.0,3.0,0.0,,,,,,,sequential,0.001,2,0.5,
809,10122100000.0,654.0,0.0,0.0,0.0131825821489253,0.2801011237226412,0.0,,8.386265557605583,8.386265557605583,sequential,0.001,2,0.7,"(0.0, 0.111]"
810,10122102000.0,654.0,2.0,0.0,0.0056617013602169,0.7284846007666019,0.0,,5.475028745879859,5.475028745879859,sequential,0.001,2,0.7,"(0.0, 0.111]"
811,10122104000.0,654.0,4.0,0.0,0.0131605358686701,0.2670054894159966,0.0,,8.394213921657087,8.394213921657087,sequential,0.001,2,0.7,"(0.0, 0.111]"
812,10122105000.0,654.0,5.0,0.0,0.0056538206826147,0.7306641763132289,0.0,,5.47918213542445,5.47918213542445,sequential,0.001,2,0.7,"(0.0, 0.111]"
813,,654.0,1.0,,,,0.0,,,,,0.001,2,0.7,
814,,654.0,3.0,,,,0.0,,,,,0.001,2,0.7,
815,,654.0,1.0,0.0,,,,,,,sequential,0.001,2,0.7,
816,,654.0,3.0,0.0,,,,,,,sequential,0.001,2,0.7,
817,10123100000.0,655.0,0.0,0.0,0.013144430211236,0.2569001679211863,0.0,,8.403093815425667,8.403093815425667,sequential,0.001,2,1.0,"(0.0, 0.111]"
818,10123102000.0,655.0,2.0,0.0,0.0056160636764264,0.6323730179014412,0.0,,5.5002135898108655,5.5002135898108655,sequential,0.001,2,1.0,"(0.0, 0.111]"
819,10123104000.0,655.0,4.0,0.0,0.0130985770455701,0.2603405574984815,0.0,,8.416947231943123,8.416947231943123,sequential,0.001,2,1.0,"(0.0, 0.111]"
820,10123105000.0,655.0,5.0,0.0,0.0056192502335893,0.6269842035824673,0.0,,5.498675373905743,5.498675373905743,sequential,0.001,2,1.0,"(0.0, 0.111]"
821,,655.0,1.0,,,,0.0,,,,,0.001,2,1.0,
822,,655.0,3.0,,,,0.0,,,,,0.001,2,1.0,
823,,655.0,1.0,0.0,,,,,,,sequential,0.001,2,1.0,
824,,655.0,3.0,0.0,,,,,,,sequential,0.001,2,1.0,
825,10124100000.0,656.0,0.0,0.0,0.0131313030672673,0.1913513986978789,0.0,,8.406317429317983,8.406317429317983,sequential,0.001,2,1.5,"(0.0, 0.111]"
826,10124102000.0,656.0,2.0,0.0,0.0056449105915781,0.497412980714866,0.0,,5.48605120597215,5.48605120597215,sequential,0.001,2,1.5,"(0.0, 0.111]"
827,10124104000.0,656.0,4.0,0.0,0.0131524932984475,0.1922153310321052,0.0,,8.399384647367734,8.399384647367734,sequential,0.001,2,1.5,"(0.0, 0.111]"
828,10124105000.0,656.0,5.0,0.0,0.0056203936111713,0.5059152417793522,0.0,,5.4975248643066745,5.4975248643066745,sequential,0.001,2,1.5,"(0.0, 0.111]"
829,,656.0,1.0,,,,0.0,,,,,0.001,2,1.5,
830,,656.0,3.0,,,,0.0,,,,,0.001,2,1.5,
831,,656.0,1.0,0.0,,,,,,,sequential,0.001,2,1.5,
832,,656.0,3.0,0.0,,,,,,,sequential,0.001,2,1.5,
833,10125100000.0,657.0,0.0,0.0,0.0131585093662288,0.1655106840300057,0.0,,8.39480509945785,8.39480509945785,sequential,0.001,2,2.0,"(0.0, 0.111]"
834,10125104000.0,657.0,4.0,0.0,0.0131229116900379,0.1709799233931116,0.0,,8.405055582033613,8.405055582033613,sequential,0.001,2,2.0,"(0.0, 0.111]"
835,,657.0,1.0,,,,0.0,,,,,0.001,2,2.0,
836,,657.0,3.0,,,,0.0,,,,,0.001,2,2.0,
837,,657.0,1.0,0.0,,,,,,,sequential,0.001,2,2.0,
838,,657.0,3.0,0.0,,,,,,,sequential,0.001,2,2.0,
839,10126100000.0,434.0,0.0,0.0,0.1576497328757613,8.676021118275196,0.0,,-3.6101188025183126,-3.6101188025183126,sequential,7e-06,10,0.1,"(0.111, 0.222]"
840,10126101000.0,434.0,1.0,0.0,0.3622174889845057,5.216688708869295,0.0,,-5.198492440586708,-5.198492440586708,sequential,7e-06,10,0.1,"(0.333, 0.444]"
841,10126102000.0,434.0,2.0,0.0,0.0674825570611714,5.677645429321421,0.0,,-2.7309505701439694,-2.7309505701439694,sequential,7e-06,10,0.1,"(0.0, 0.111]"
842,10126103000.0,434.0,3.0,0.0,0.3591616062402462,7.836726291385914,0.0,,-5.15007450296608,-5.15007450296608,sequential,7e-06,10,0.1,"(0.333, 0.444]"
843,10126104000.0,434.0,4.0,0.0,0.1576251902062031,7.779285479280815,0.0,,-3.60731914535507,-3.60731914535507,sequential,7e-06,10,0.1,"(0.111, 0.222]"
844,10126105000.0,434.0,5.0,0.0,0.0674812080495747,5.719405285394489,0.0,,-2.730821538443264,-2.730821538443264,sequential,7e-06,10,0.1,"(0.0, 0.111]"
845,10127100000.0,435.0,0.0,0.0,0.1574704423782619,9.676795132736052,0.0,,-3.590931598703607,-3.590931598703607,sequential,7e-06,10,0.4,"(0.111, 0.222]"
846,10127101000.0,435.0,1.0,0.0,0.3596144000843304,8.90132616403574,0.0,,-5.157335225625913,-5.157335225625913,sequential,7e-06,10,0.4,"(0.333, 0.444]"
847,10127102000.0,435.0,2.0,0.0,0.0673286215190826,8.247235981232532,0.0,,-2.716975694505891,-2.716975694505891,sequential,7e-06,10,0.4,"(0.0, 0.111]"
848,10127103000.0,435.0,3.0,0.0,0.3618102194251429,7.234037577466646,0.0,,-5.191841135577579,-5.191841135577579,sequential,7e-06,10,0.4,"(0.333, 0.444]"
849,10127104000.0,435.0,4.0,0.0,0.1574136267290002,7.754921341483013,0.0,,-3.5849147430793247,-3.5849147430793247,sequential,7e-06,10,0.4,"(0.111, 0.222]"
850,10127105000.0,435.0,5.0,0.0,0.0672190910786605,5.955939275867079,0.0,,-2.707400379790712,-2.707400379790712,sequential,7e-06,10,0.4,"(0.0, 0.111]"
851,10128100000.0,436.0,0.0,0.0,0.1576376542736763,4.286024264847802,0.0,,-3.608494061401162,-3.608494061401162,sequential,7e-06,10,0.5,"(0.111, 0.222]"
852,10128101000.0,436.0,1.0,0.0,0.3576883634717844,8.726234968241343,0.0,,-5.127946230478904,-5.127946230478904,sequential,7e-06,10,0.5,"(0.333, 0.444]"
853,10128102000.0,436.0,2.0,0.0,0.067412351742371,4.458075306786839,0.0,,-2.72414037984268,-2.72414037984268,sequential,7e-06,10,0.5,"(0.0, 0.111]"
854,10128103000.0,436.0,3.0,0.0,0.3598397368326,3.3397361760101,0.0,,-5.16024791949793,-5.16024791949793,sequential,7e-06,10,0.5,"(0.333, 0.444]"
855,10128104000.0,436.0,4.0,0.0,0.1575448216376754,4.7923872525992,0.0,,-3.5980462888855165,-3.5980462888855165,sequential,7e-06,10,0.5,"(0.111, 0.222]"
856,10128105000.0,436.0,5.0,0.0,0.0673510174330453,4.893625395643814,0.0,,-2.7187814830040287,-2.7187814830040287,sequential,7e-06,10,0.5,"(0.0, 0.111]"
857,10129100000.0,437.0,0.0,0.0,0.1574554310329635,2.657628345234655,0.0,,-3.5894282582403694,-3.5894282582403694,sequential,7e-06,10,0.7,"(0.111, 0.222]"
858,10129101000.0,437.0,1.0,0.0,0.362271499595596,4.598654543509922,0.0,,-5.199627040459678,-5.199627040459678,sequential,7e-06,10,0.7,"(0.333, 0.444]"
859,10129102000.0,437.0,2.0,0.0,0.0674619722005551,1.9359856800874653,0.0,,-2.7290994812671885,-2.7290994812671885,sequential,7e-06,10,0.7,"(0.0, 0.111]"
860,10129103000.0,437.0,3.0,0.0,0.3601549046365064,2.342429904909039,0.0,,-5.166029533515629,-5.166029533515629,sequential,7e-06,10,0.7,"(0.333, 0.444]"
861,10129104000.0,437.0,4.0,0.0,0.157521976539445,2.198437453488724,0.0,,-3.5965806212216824,-3.5965806212216824,sequential,7e-06,10,0.7,"(0.111, 0.222]"
862,10129105000.0,437.0,5.0,0.0,0.0674540685615779,1.9572012876864175,0.0,,-2.728350531659951,-2.728350531659951,sequential,7e-06,10,0.7,"(0.0, 0.111]"
863,10130100000.0,438.0,0.0,0.0,0.1576290792647221,0.9214922618787036,0.0,,-3.611342736552027,-3.611342736552027,sequential,7e-06,10,1.0,"(0.111, 0.222]"
864,10130101000.0,438.0,1.0,0.0,0.3636375939615034,7.938692495238724,0.0,,-5.226858954215016,-5.226858954215016,sequential,7e-06,10,1.0,"(0.333, 0.444]"
865,10130102000.0,438.0,2.0,0.0,0.0675019938505377,0.9144159499555838,0.0,,-2.73512203390178,-2.73512203390178,sequential,7e-06,10,1.0,"(0.0, 0.111]"
866,10130103000.0,438.0,3.0,0.0,0.3636811518143033,7.811000141451089,0.0,,-5.227600621919642,-5.227600621919642,sequential,7e-06,10,1.0,"(0.333, 0.444]"
867,10130104000.0,438.0,4.0,0.0,0.1577773496888389,0.7894936800684222,0.0,,-3.627851306234208,-3.627851306234208,sequential,7e-06,10,1.0,"(0.111, 0.222]"
868,10130105000.0,438.0,5.0,0.0,0.0677358882159167,0.7642161848952804,0.0,,-2.756788055793289,-2.756788055793289,sequential,7e-06,10,1.0,"(0.0, 0.111]"
869,10131100000.0,439.0,0.0,0.0,0.1577059591806097,0.2575283241528261,0.0,,-3.615729445898787,-3.615729445898787,sequential,7e-06,10,1.5,"(0.111, 0.222]"
870,10131101000.0,439.0,1.0,0.0,0.3617481091227224,1.8154857713287256,0.0,,-5.190069080381734,-5.190069080381734,sequential,7e-06,10,1.5,"(0.333, 0.444]"
871,10131102000.0,439.0,2.0,0.0,0.067120616391382,0.4808098624965303,0.0,,-2.6980644409264447,-2.6980644409264447,sequential,7e-06,10,1.5,"(0.0, 0.111]"
872,10131103000.0,439.0,3.0,0.0,0.3588630801546163,3.081965170930665,0.0,,-5.1445772552877935,-5.1445772552877935,sequential,7e-06,10,1.5,"(0.333, 0.444]"
873,10131104000.0,439.0,4.0,0.0,0.1573297749913497,0.340480941484894,0.0,,-3.575567057433926,-3.575567057433926,sequential,7e-06,10,1.5,"(0.111, 0.222]"
874,10131105000.0,439.0,5.0,0.0,0.0671756502612021,0.4629305857200603,0.0,,-2.70299451097864,-2.70299451097864,sequential,7e-06,10,1.5,"(0.0, 0.111]"
875,10132100000.0,440.0,0.0,0.0,0.1575190706137914,0.1851140988587659,0.0,,-3.5964888623370315,-3.5964888623370315,sequential,7e-06,10,2.0,"(0.111, 0.222]"
876,10132101000.0,440.0,1.0,0.0,0.3605423352471828,0.950871384512333,0.0,,-5.172559286084898,-5.172559286084898,sequential,7e-06,10,2.0,"(0.333, 0.444]"
877,10132102000.0,440.0,2.0,0.0,0.0674071006570583,0.2787271265292188,0.0,,-2.72445875424306,-2.72445875424306,sequential,7e-06,10,2.0,"(0.0, 0.111]"
878,10132103000.0,440.0,3.0,0.0,0.3616441735443834,0.7951598699331427,0.0,,-5.189509576925413,-5.189509576925413,sequential,7e-06,10,2.0,"(0.333, 0.444]"
879,10132104000.0,440.0,4.0,0.0,0.1575301873185996,0.1840707691209531,0.0,,-3.5976975895690435,-3.5976975895690435,sequential,7e-06,10,2.0,"(0.111, 0.222]"
880,10132105000.0,440.0,5.0,0.0,0.0675469699757358,0.274688872217962,0.0,,-2.7373045149333013,-2.7373045149333013,sequential,7e-06,10,2.0,"(0.0, 0.111]"
881,10133100000.0,462.0,0.0,0.0,0.1378339619804643,6.995064775483843,0.0,,-3.994579588982163,-3.994579588982163,sequential,8e-06,10,0.1,"(0.111, 0.222]"
882,10133101000.0,462.0,1.0,0.0,0.3201296374695487,7.496579158012786,0.0,,-5.732788069837167,-5.732788069837167,sequential,8e-06,10,0.1,"(0.222, 0.333]"
883,10133102000.0,462.0,2.0,0.0,0.0586577080409728,8.37836348661593,0.0,,-3.0032971651400637,-3.0032971651400637,sequential,8e-06,10,0.1,"(0.0, 0.111]"
884,10133103000.0,462.0,3.0,0.0,0.318271355570648,9.242002282192203,0.0,,-5.687121382060639,-5.687121382060639,sequential,8e-06,10,0.1,"(0.222, 0.333]"
885,10133104000.0,462.0,4.0,0.0,0.1378197740102614,5.959627624078154,0.0,,-3.992722879805762,-3.992722879805762,sequential,8e-06,10,0.1,"(0.111, 0.222]"
886,10133105000.0,462.0,5.0,0.0,0.0585603826562219,2.614019768756876,0.0,,-2.9926987871581616,-2.9926987871581616,sequential,8e-06,10,0.1,"(0.0, 0.111]"
887,10134100000.0,463.0,0.0,0.0,0.1372994043054028,9.440306456868926,0.0,,-4.020602767178836,-4.020602767178836,sequential,8e-06,10,0.4,"(0.111, 0.222]"
888,10134101000.0,463.0,1.0,0.0,0.3142854594120606,9.871281093433272,0.0,,-5.587691335794521,-5.587691335794521,sequential,8e-06,10,0.4,"(0.222, 0.333]"
889,10134102000.0,463.0,2.0,0.0,0.0582850919816612,8.21070106327761,0.0,,-2.9585722956385707,-2.9585722956385707,sequential,8e-06,10,0.4,"(0.0, 0.111]"
890,10134103000.0,463.0,3.0,0.0,0.3168392612165576,7.210253954465511,0.0,,-5.643509420164386,-5.643509420164386,sequential,8e-06,10,0.4,"(0.222, 0.333]"
891,10134104000.0,463.0,4.0,0.0,0.1370525142215493,8.050852378769417,0.0,,-3.994818097153697,-3.994818097153697,sequential,8e-06,10,0.4,"(0.111, 0.222]"
892,10134105000.0,463.0,5.0,0.0,0.0584145001880675,7.345924284236606,0.0,,-2.9725708157713937,-2.9725708157713937,sequential,8e-06,10,0.4,"(0.0, 0.111]"
893,10135100000.0,464.0,0.0,0.0,0.1375200245098132,7.098285358696254,0.0,,-3.95722666637743,-3.95722666637743,sequential,8e-06,10,0.5,"(0.111, 0.222]"
894,10135101000.0,464.0,1.0,0.0,0.3196811838974974,3.954041912878608,0.0,,-5.721448936175141,-5.721448936175141,sequential,8e-06,10,0.5,"(0.222, 0.333]"
895,10135102000.0,464.0,2.0,0.0,0.0585633915674508,5.185290326593149,0.0,,-2.993181935873368,-2.993181935873368,sequential,8e-06,10,0.5,"(0.0, 0.111]"
896,10135103000.0,464.0,3.0,0.0,0.3186351309695648,6.097184351785147,0.0,,-5.69634853675577,-5.69634853675577,sequential,8e-06,10,0.5,"(0.222, 0.333]"
897,10135104000.0,464.0,4.0,0.0,0.1378201531102807,4.841825231223842,0.0,,-3.9929094170274633,-3.9929094170274633,sequential,8e-06,10,0.5,"(0.111, 0.222]"
898,10135105000.0,464.0,5.0,0.0,0.0586241055599848,5.049158539579758,0.0,,-3.00004133878278,-3.00004133878278,sequential,8e-06,10,0.5,"(0.0, 0.111]"
899,10136100000.0,465.0,0.0,0.0,0.1376302435133931,1.4227719968522756,0.0,,-3.9656863493966874,-3.9656863493966874,sequential,8e-06,10,0.7,"(0.111, 0.222]"
900,10136101000.0,465.0,1.0,0.0,0.3168539204140859,2.042362335267665,0.0,,-5.647103890412457,-5.647103890412457,sequential,8e-06,10,0.7,"(0.222, 0.333]"
901,10136102000.0,465.0,2.0,0.0,0.0584171940028236,1.8621155894332355,0.0,,-2.9741663930978075,-2.9741663930978075,sequential,8e-06,10,0.7,"(0.0, 0.111]"
902,10136103000.0,465.0,3.0,0.0,0.3165495014530512,2.192309413233787,0.0,,-5.640014186777642,-5.640014186777642,sequential,8e-06,10,0.7,"(0.222, 0.333]"
903,10136104000.0,465.0,4.0,0.0,0.1376069509798223,1.5477461580996406,0.0,,-3.962807222132044,-3.962807222132044,sequential,8e-06,10,0.7,"(0.111, 0.222]"
904,10136105000.0,465.0,5.0,0.0,0.0584184971897012,1.8627937376781665,0.0,,-2.9743105514469965,-2.9743105514469965,sequential,8e-06,10,0.7,"(0.0, 0.111]"
905,10137100000.0,466.0,0.0,0.0,0.1374816804023348,0.6013674550890801,0.0,,-3.9479995845916727,-3.9479995845916727,sequential,8e-06,10,1.0,"(0.111, 0.222]"
906,10137101000.0,466.0,1.0,0.0,0.3176850648364104,6.887596206714075,0.0,,-5.665236672171166,-5.665236672171166,sequential,8e-06,10,1.0,"(0.222, 0.333]"
907,10137102000.0,466.0,2.0,0.0,0.0585186502581373,0.7290896100495107,0.0,,-2.98494225389704,-2.98494225389704,sequential,8e-06,10,1.0,"(0.0, 0.111]"
908,10137103000.0,466.0,3.0,0.0,0.3176762908331292,6.798792489137837,0.0,,-5.665020464432931,-5.665020464432931,sequential,8e-06,10,1.0,"(0.222, 0.333]"
909,10137104000.0,466.0,4.0,0.0,0.1372873129826071,0.757068635251596,0.0,,-4.0207686343494,-4.0207686343494,sequential,8e-06,10,1.0,"(0.111, 0.222]"
910,10137105000.0,466.0,5.0,0.0,0.0586210294422063,0.6857889226143785,0.0,,-2.996332566039136,-2.996332566039136,sequential,8e-06,10,1.0,"(0.0, 0.111]"
911,10138100000.0,467.0,0.0,0.0,0.1374195612843537,0.3459089197265295,0.0,,-3.944907862679879,-3.944907862679879,sequential,8e-06,10,1.5,"(0.111, 0.222]"
912,10138101000.0,467.0,1.0,0.0,0.3174502199879861,3.2995164341142718,0.0,,-5.666640895536761,-5.666640895536761,sequential,8e-06,10,1.5,"(0.222, 0.333]"
913,10138102000.0,467.0,2.0,0.0,0.0585671367935133,0.4091709568437875,0.0,,-2.9931597529395693,-2.9931597529395693,sequential,8e-06,10,1.5,"(0.0, 0.111]"
914,10138103000.0,467.0,3.0,0.0,0.3190696204322132,2.578414198249348,0.0,,-5.704965484165745,-5.704965484165745,sequential,8e-06,10,1.5,"(0.222, 0.333]"
915,10138104000.0,467.0,4.0,0.0,0.1374612164701112,0.3326363019212426,0.0,,-3.949704108743528,-3.949704108743528,sequential,8e-06,10,1.5,"(0.111, 0.222]"
916,10138105000.0,467.0,5.0,0.0,0.0586367796204902,0.4142182834272931,0.0,,-3.0006373370358346,-3.0006373370358346,sequential,8e-06,10,1.5,"(0.0, 0.111]"
917,10139100000.0,468.0,0.0,0.0,0.1374802057061789,0.169007012978494,0.0,,-3.948336552809415,-3.948336552809415,sequential,8e-06,10,2.0,"(0.111, 0.222]"
918,10139101000.0,468.0,1.0,0.0,0.3192961936015297,0.6166478648473847,0.0,,-5.705249218503388,-5.705249218503388,sequential,8e-06,10,2.0,"(0.222, 0.333]"
919,10139102000.0,468.0,2.0,0.0,0.0584586355514032,0.2800793152565449,0.0,,-2.978943461375394,-2.978943461375394,sequential,8e-06,10,2.0,"(0.0, 0.111]"
920,10139103000.0,468.0,3.0,0.0,0.3180502850862305,0.7922555520195439,0.0,,-5.675011601917156,-5.675011601917156,sequential,8e-06,10,2.0,"(0.222, 0.333]"
921,10139104000.0,468.0,4.0,0.0,0.1376452645439524,0.1610094794777225,0.0,,-3.967707350058327,-3.967707350058327,sequential,8e-06,10,2.0,"(0.111, 0.222]"
922,10139105000.0,468.0,5.0,0.0,0.0585136842537474,0.2781436463328303,0.0,,-2.98472322789416,-2.98472322789416,sequential,8e-06,10,2.0,"(0.0, 0.111]"
923,10140100000.0,490.0,0.0,0.0,0.108969471939871,8.242251935662932,0.0,,-4.6655978360764,-4.6655978360764,sequential,1e-05,10,0.1,"(0.0, 0.111]"
924,10140101000.0,490.0,1.0,0.0,0.2557100611814093,9.029758899281957,0.0,,-6.556739626949187,-6.556739626949187,sequential,1e-05,10,0.1,"(0.222, 0.333]"
925,10140102000.0,490.0,2.0,0.0,0.0467527903754854,7.885516143185179,0.0,,-3.4917897568796654,-3.4917897568796654,sequential,1e-05,10,0.1,"(0.0, 0.111]"
926,10140103000.0,490.0,3.0,0.0,0.2553669517717504,9.28727700152769,0.0,,-6.5396597224811055,-6.5396597224811055,sequential,1e-05,10,0.1,"(0.222, 0.333]"
927,10140104000.0,490.0,4.0,0.0,0.1091003562605559,9.115584885857002,0.0,,-4.682953185317942,-4.682953185317942,sequential,1e-05,10,0.1,"(0.0, 0.111]"
928,10140105000.0,490.0,5.0,0.0,0.0468498858831695,3.762434247497462,0.0,,-3.5114447521634515,-3.5114447521634515,sequential,1e-05,10,0.1,"(0.0, 0.111]"
929,10141100000.0,491.0,0.0,0.0,0.1087509694807386,5.92907997784221,0.0,,-4.638216144495011,-4.638216144495011,sequential,1e-05,10,0.4,"(0.0, 0.111]"
930,10141101000.0,491.0,1.0,0.0,0.2560609898030768,3.709828533642938,0.0,,-6.5756384885205685,-6.5756384885205685,sequential,1e-05,10,0.4,"(0.222, 0.333]"
931,10141102000.0,491.0,2.0,0.0,0.0469302191917688,7.662713517330117,0.0,,-3.5286078453310625,-3.5286078453310625,sequential,1e-05,10,0.4,"(0.0, 0.111]"
932,10141103000.0,491.0,3.0,0.0,0.2551827893621786,5.345736605390949,0.0,,-6.533214348634811,-6.533214348634811,sequential,1e-05,10,0.4,"(0.222, 0.333]"
933,10141104000.0,491.0,4.0,0.0,0.1087916201360008,9.417143607466633,0.0,,-4.643428636135501,-4.643428636135501,sequential,1e-05,10,0.4,"(0.0, 0.111]"
934,10141105000.0,491.0,5.0,0.0,0.0468361553888517,5.205226187436384,0.0,,-3.5090013315246886,-3.5090013315246886,sequential,1e-05,10,0.4,"(0.0, 0.111]"
935,10142100000.0,492.0,0.0,0.0,0.1088996403284875,4.584147720580524,0.0,,-4.655310100390658,-4.655310100390658,sequential,1e-05,10,0.5,"(0.0, 0.111]"
936,10142101000.0,492.0,1.0,0.0,0.2540951994670221,7.423552613868737,0.0,,-6.479593617552383,-6.479593617552383,sequential,1e-05,10,0.5,"(0.222, 0.333]"
937,10142102000.0,492.0,2.0,0.0,0.0467385566491305,4.631032539729503,0.0,,-3.487400548175672,-3.487400548175672,sequential,1e-05,10,0.5,"(0.0, 0.111]"
938,10142103000.0,492.0,3.0,0.0,0.2549205592673536,9.740957757149614,0.0,,-6.516236967598798,-6.516236967598798,sequential,1e-05,10,0.5,"(0.222, 0.333]"
939,10142104000.0,492.0,4.0,0.0,0.1086375874434571,6.113875747565972,0.0,,-4.621980929851793,-4.621980929851793,sequential,1e-05,10,0.5,"(0.0, 0.111]"
940,10142105000.0,492.0,5.0,0.0,0.0467427150981394,4.509525193616627,0.0,,-3.4882576458046373,-3.4882576458046373,sequential,1e-05,10,0.5,"(0.0, 0.111]"
941,10143100000.0,493.0,0.0,0.0,0.1088814033462419,1.947584832057747,0.0,,-4.653369232731088,-4.653369232731088,sequential,1e-05,10,0.7,"(0.0, 0.111]"
942,10143101000.0,493.0,1.0,0.0,0.2541769897818752,6.72002514479853,0.0,,-6.48448434652973,-6.48448434652973,sequential,1e-05,10,0.7,"(0.222, 0.333]"
943,10143102000.0,493.0,2.0,0.0,0.0467832995609671,1.789345648712534,0.0,,-3.497121853854634,-3.497121853854634,sequential,1e-05,10,0.7,"(0.0, 0.111]"
944,10143103000.0,493.0,3.0,0.0,0.2555478412222289,9.43752808642476,0.0,,-6.547814281341041,-6.547814281341041,sequential,1e-05,10,0.7,"(0.222, 0.333]"
945,10143104000.0,493.0,4.0,0.0,0.1089232703397361,1.819743702104195,0.0,,-4.658966405781214,-4.658966405781214,sequential,1e-05,10,0.7,"(0.0, 0.111]"
946,10143105000.0,493.0,5.0,0.0,0.0468045263257293,1.8002068594328495,0.0,,-3.5015503670397883,-3.5015503670397883,sequential,1e-05,10,0.7,"(0.0, 0.111]"
947,10144100000.0,494.0,0.0,0.0,0.1088353874190613,0.7001880768713502,0.0,,-4.648934422899837,-4.648934422899837,sequential,1e-05,10,1.0,"(0.0, 0.111]"
948,10144101000.0,494.0,1.0,0.0,0.2554048883811811,5.75775224561948,0.0,,-6.542320292848144,-6.542320292848144,sequential,1e-05,10,1.0,"(0.222, 0.333]"
949,10144102000.0,494.0,2.0,0.0,0.0469514140285381,0.7106433670569872,0.0,,-3.4568968891597853,-3.4568968891597853,sequential,1e-05,10,1.0,"(0.0, 0.111]"
950,10144103000.0,494.0,3.0,0.0,0.2559496676197688,5.3569621724723975,0.0,,-6.569670104112768,-6.569670104112768,sequential,1e-05,10,1.0,"(0.222, 0.333]"
951,10144104000.0,494.0,4.0,0.0,0.1091250764983757,0.5540166821236552,0.0,,-4.686748207714454,-4.686748207714454,sequential,1e-05,10,1.0,"(0.0, 0.111]"
952,10144105000.0,494.0,5.0,0.0,0.0469955293504824,0.6798343538711414,0.0,,-3.4664319980499974,-3.4664319980499974,sequential,1e-05,10,1.0,"(0.0, 0.111]"
953,10145100000.0,495.0,0.0,0.0,0.1088071306962628,0.2869144526028258,0.0,,-4.644755823921396,-4.644755823921396,sequential,1e-05,10,1.5,"(0.0, 0.111]"
954,10145101000.0,495.0,1.0,0.0,0.2544405563855715,2.6482829814550253,0.0,,-6.497368660624725,-6.497368660624725,sequential,1e-05,10,1.5,"(0.222, 0.333]"
955,10145102000.0,495.0,2.0,0.0,0.0469210194388461,0.3566697401051367,0.0,,-3.5262409083426216,-3.5262409083426216,sequential,1e-05,10,1.5,"(0.0, 0.111]"
956,10145103000.0,495.0,3.0,0.0,0.2547366596454964,2.4657429460843727,0.0,,-6.510954812920413,-6.510954812920413,sequential,1e-05,10,1.5,"(0.222, 0.333]"
957,10145104000.0,495.0,4.0,0.0,0.1087899230727196,0.2913097998387327,0.0,,-4.642532088294289,-4.642532088294289,sequential,1e-05,10,1.5,"(0.0, 0.111]"
958,10145105000.0,495.0,5.0,0.0,0.0468070668665523,0.3814977058510708,0.0,,-3.50243096960882,-3.50243096960882,sequential,1e-05,10,1.5,"(0.0, 0.111]"
959,10146100000.0,496.0,0.0,0.0,0.1089828001575823,0.1594025284586943,0.0,,-4.667937344063435,-4.667937344063435,sequential,1e-05,10,2.0,"(0.0, 0.111]"
960,10146101000.0,496.0,1.0,0.0,0.2547963080810009,1.203477156326309,0.0,,-6.515090153228692,-6.515090153228692,sequential,1e-05,10,2.0,"(0.222, 0.333]"
961,10146102000.0,496.0,2.0,0.0,0.0469243476543881,0.2531904263398127,0.0,,-3.52734524882878,-3.52734524882878,sequential,1e-05,10,2.0,"(0.0, 0.111]"
962,10146103000.0,496.0,3.0,0.0,0.2555951955192839,0.8428927762037461,0.0,,-6.552017852218393,-6.552017852218393,sequential,1e-05,10,2.0,"(0.222, 0.333]"
963,10146104000.0,496.0,4.0,0.0,0.1091612348480982,0.1533827802618189,0.0,,-4.691975098651445,-4.691975098651445,sequential,1e-05,10,2.0,"(0.0, 0.111]"
964,10146105000.0,496.0,5.0,0.0,0.0468734874875183,0.2640957312878836,0.0,,-3.516895083613484,-3.516895083613484,sequential,1e-05,10,2.0,"(0.0, 0.111]"
965,10147100000.0,518.0,0.0,0.0,0.0605616374888081,5.747993136447915,0.0,,-7.132612009554878,-7.132612009554878,sequential,2e-05,10,0.1,"(0.0, 0.111]"
966,10147101000.0,518.0,1.0,0.0,0.1442873199720836,4.619500629015701,0.0,,-9.86331333607251,-9.86331333607251,sequential,2e-05,10,0.1,"(0.111, 0.222]"
967,10147102000.0,518.0,2.0,0.0,0.026010449479749,5.591430978666042,0.0,,-5.366203913637209,-5.366203913637209,sequential,2e-05,10,0.1,"(0.0, 0.111]"
968,10147103000.0,518.0,3.0,0.0,0.1435887362518792,3.005143133159996,0.0,,-9.79055614015146,-9.79055614015146,sequential,2e-05,10,0.1,"(0.111, 0.222]"
969,10147104000.0,518.0,4.0,0.0,0.0605855624212927,6.397409732591259,0.0,,-7.171245608170051,-7.171245608170051,sequential,2e-05,10,0.1,"(0.0, 0.111]"
970,10147105000.0,518.0,5.0,0.0,0.0260442778942749,7.812226829251801,0.0,,-5.401535115232603,-5.401535115232603,sequential,2e-05,10,0.1,"(0.0, 0.111]"
971,10148100000.0,519.0,0.0,0.0,0.0605901951218277,4.9662022610591645,0.0,,-7.180393169349774,-7.180393169349774,sequential,2e-05,10,0.4,"(0.0, 0.111]"
972,10148101000.0,519.0,1.0,0.0,0.1434143375442252,5.027876392334487,0.0,,-9.765322958170511,-9.765322958170511,sequential,2e-05,10,0.4,"(0.111, 0.222]"
973,10148102000.0,519.0,2.0,0.0,0.0260237909605891,4.348281953322022,0.0,,-5.379824658348307,-5.379824658348307,sequential,2e-05,10,0.4,"(0.0, 0.111]"
974,10148103000.0,519.0,3.0,0.0,0.1444346184181799,5.295136564503602,0.0,,-9.876193640851607,-9.876193640851607,sequential,2e-05,10,0.4,"(0.111, 0.222]"
975,10148104000.0,519.0,4.0,0.0,0.060544541934591,5.226697716392326,0.0,,-7.109801759433803,-7.109801759433803,sequential,2e-05,10,0.4,"(0.0, 0.111]"
976,10148105000.0,519.0,5.0,0.0,0.0260042609314578,5.061365764050224,0.0,,-5.359910857813201,-5.359910857813201,sequential,2e-05,10,0.4,"(0.0, 0.111]"
977,10149100000.0,520.0,0.0,0.0,0.0605034348764853,3.422244592812356,0.0,,-7.046716925038647,-7.046716925038647,sequential,2e-05,10,0.5,"(0.0, 0.111]"
978,10149101000.0,520.0,1.0,0.0,0.1426297572199674,4.742596871829193,0.0,,-9.88831244131841,-9.88831244131841,sequential,2e-05,10,0.5,"(0.111, 0.222]"
979,10149102000.0,520.0,2.0,0.0,0.0259898602735829,2.965334817949479,0.0,,-5.338645564434678,-5.338645564434678,sequential,2e-05,10,0.5,"(0.0, 0.111]"
980,10149103000.0,520.0,3.0,0.0,0.1435743872042286,7.674751903100319,0.0,,-9.773180295113905,-9.773180295113905,sequential,2e-05,10,0.5,"(0.111, 0.222]"
981,10149104000.0,520.0,4.0,0.0,0.060557570062825,3.349856175278285,0.0,,-7.115323907003313,-7.115323907003313,sequential,2e-05,10,0.5,"(0.0, 0.111]"
982,10149105000.0,520.0,5.0,0.0,0.0259803905306957,3.0250768595734674,0.0,,-5.3297169917806295,-5.3297169917806295,sequential,2e-05,10,0.5,"(0.0, 0.111]"
983,10150100000.0,521.0,0.0,0.0,0.0605345023207242,1.4239070801372211,0.0,,-7.084341468379886,-7.084341468379886,sequential,2e-05,10,0.7,"(0.0, 0.111]"
984,10150101000.0,521.0,1.0,0.0,0.1429567822564619,7.308414146661281,0.0,,-9.68061564420948,-9.68061564420948,sequential,2e-05,10,0.7,"(0.111, 0.222]"
985,10150102000.0,521.0,2.0,0.0,0.0260219768874816,0.95127826266445,0.0,,-5.372478074715647,-5.372478074715647,sequential,2e-05,10,0.7,"(0.0, 0.111]"
986,10150103000.0,521.0,3.0,0.0,0.1429048053751289,6.9141246335801645,0.0,,-9.67296355426609,-9.67296355426609,sequential,2e-05,10,0.7,"(0.111, 0.222]"
987,10150104000.0,521.0,4.0,0.0,0.0605141312678721,1.8760157740812853,0.0,,-7.059939021067685,-7.059939021067685,sequential,2e-05,10,0.7,"(0.0, 0.111]"
988,10150105000.0,521.0,5.0,0.0,0.0259891760244583,1.089160831526776,0.0,,-5.338109029932137,-5.338109029932137,sequential,2e-05,10,0.7,"(0.0, 0.111]"
989,10151100000.0,522.0,0.0,0.0,0.0605049354581692,0.5117706905608389,0.0,,-7.046771717887767,-7.046771717887767,sequential,2e-05,10,1.0,"(0.0, 0.111]"
990,10151101000.0,522.0,1.0,0.0,0.1430797649406142,4.11308929720304,0.0,,-9.69388701473449,-9.69388701473449,sequential,2e-05,10,1.0,"(0.111, 0.222]"
991,10151102000.0,522.0,2.0,0.0,0.0259636581914794,0.6031751044367931,0.0,,-5.311904269113309,-5.311904269113309,sequential,2e-05,10,1.0,"(0.0, 0.111]"
992,10151103000.0,522.0,3.0,0.0,0.14290268627645,4.056716935666272,0.0,,-9.66960967257289,-9.66960967257289,sequential,2e-05,10,1.0,"(0.111, 0.222]"
993,10151104000.0,522.0,4.0,0.0,0.060473126981637,0.6473382735658895,0.0,,-7.012852086038205,-7.012852086038205,sequential,2e-05,10,1.0,"(0.0, 0.111]"
994,10151105000.0,522.0,5.0,0.0,0.0259604118700395,0.615020365339822,0.0,,-5.308657700760318,-5.308657700760318,sequential,2e-05,10,1.0,"(0.0, 0.111]"
995,10152100000.0,523.0,0.0,0.0,0.0605276240966594,0.2524795107285954,0.0,,-7.082909174259627,-7.082909174259627,sequential,2e-05,10,1.5,"(0.0, 0.111]"
996,10152101000.0,523.0,1.0,0.0,0.1429790654507866,2.0756551411161834,0.0,,-9.692312968477394,-9.692312968477394,sequential,2e-05,10,1.5,"(0.111, 0.222]"
997,10152102000.0,523.0,2.0,0.0,0.0259803181666991,0.3228614593117849,0.0,,-5.333004751816458,-5.333004751816458,sequential,2e-05,10,1.5,"(0.0, 0.111]"
998,10152103000.0,523.0,3.0,0.0,0.1433453693061138,1.526849645673913,0.0,,-9.74615601819997,-9.74615601819997,sequential,2e-05,10,1.5,"(0.111, 0.222]"
999,10152104000.0,523.0,4.0,0.0,0.060491645321388,0.2823169765740798,0.0,,-7.041358801353738,-7.041358801353738,sequential,2e-05,10,1.5,"(0.0, 0.111]"
1000,10152105000.0,523.0,5.0,0.0,0.026005737108937,0.3125579590247377,0.0,,-5.358567562586316,-5.358567562586316,sequential,2e-05,10,1.5,"(0.0, 0.111]"
1001,10153100000.0,524.0,0.0,0.0,0.0604999753836522,0.1481712748782063,0.0,,-7.04319309798511,-7.04319309798511,sequential,2e-05,10,2.0,"(0.0, 0.111]"
1002,10153101000.0,524.0,1.0,0.0,0.1430516654571227,0.7891628073882384,0.0,,-9.694864332368985,-9.694864332368985,sequential,2e-05,10,2.0,"(0.111, 0.222]"
1003,10153102000.0,524.0,2.0,0.0,0.025957303909003,0.2366056954913521,0.0,,-5.3078099173260975,-5.3078099173260975,sequential,2e-05,10,2.0,"(0.0, 0.111]"
1004,10153103000.0,524.0,3.0,0.0,0.1437246378866493,0.5280437636118103,0.0,,-9.79965411540063,-9.79965411540063,sequential,2e-05,10,2.0,"(0.111, 0.222]"
1005,10153104000.0,524.0,4.0,0.0,0.0604887206808107,0.1526118027176745,0.0,,-7.03224489559639,-7.03224489559639,sequential,2e-05,10,2.0,"(0.0, 0.111]"
1006,10153105000.0,524.0,5.0,0.0,0.0260208259981182,0.2226839357331343,0.0,,-5.371229549801443,-5.371229549801443,sequential,2e-05,10,2.0,"(0.0, 0.111]"
1007,10154100000.0,546.0,0.0,0.0,0.0461293225562392,3.405485370072016,0.0,,-8.712852044948248,-8.712852044948248,sequential,3e-05,10,0.1,"(0.0, 0.111]"
1008,10154101000.0,546.0,1.0,0.0,0.110251370172176,2.0886796966818846,0.0,,-11.979633845265193,-11.979633845265193,sequential,3e-05,10,0.1,"(0.0, 0.111]"
1009,10154102000.0,546.0,2.0,0.0,0.0200120352388429,9.110029817854103,0.0,,-6.600273599024072,-6.600273599024072,sequential,3e-05,10,0.1,"(0.0, 0.111]"
1010,10154103000.0,546.0,3.0,0.0,0.1102585070282732,1.4742830501540154,0.0,,-11.980897373657884,-11.980897373657884,sequential,3e-05,10,0.1,"(0.0, 0.111]"
1011,10154104000.0,546.0,4.0,0.0,0.0461258952300291,3.8889709640518793,0.0,,-8.665427136274506,-8.665427136274506,sequential,3e-05,10,0.1,"(0.0, 0.111]"
1012,10154105000.0,546.0,5.0,0.0,0.0200106998249735,9.267388873591372,0.0,,-6.596859240192591,-6.596859240192591,sequential,3e-05,10,0.1,"(0.0, 0.111]"
1013,10155100000.0,547.0,0.0,0.0,0.0461287543088587,3.7043426415101632,0.0,,-8.689401501804644,-8.689401501804644,sequential,3e-05,10,0.4,"(0.0, 0.111]"
1014,10155101000.0,547.0,1.0,0.0,0.110796735374878,3.1817213730571794,0.0,,-11.773001980488342,-11.773001980488342,sequential,3e-05,10,0.4,"(0.0, 0.111]"
1015,10155102000.0,547.0,2.0,0.0,0.0199978785105091,2.8015352537746425,0.0,,-6.565680116224642,-6.565680116224642,sequential,3e-05,10,0.4,"(0.0, 0.111]"
1016,10155103000.0,547.0,3.0,0.0,0.1099937257736629,2.8577058837940448,0.0,,-11.932559692720936,-11.932559692720936,sequential,3e-05,10,0.4,"(0.0, 0.111]"
1017,10155104000.0,547.0,4.0,0.0,0.0461272186012914,3.706387286501757,0.0,,-8.675541821502296,-8.675541821502296,sequential,3e-05,10,0.4,"(0.0, 0.111]"
1018,10155105000.0,547.0,5.0,0.0,0.0199989002515259,2.7422371845094795,0.0,,-6.568129113994793,-6.568129113994793,sequential,3e-05,10,0.4,"(0.0, 0.111]"
1019,10156100000.0,548.0,0.0,0.0,0.0461261222340845,2.326900067871755,0.0,,-8.597380754101959,-8.597380754101959,sequential,3e-05,10,0.5,"(0.0, 0.111]"
1020,10156101000.0,548.0,1.0,0.0,0.1112711262528767,3.0881945512142392,0.0,,-11.884852225206393,-11.884852225206393,sequential,3e-05,10,0.5,"(0.111, 0.222]"
1021,10156102000.0,548.0,2.0,0.0,0.0199947625478166,2.258452906885478,0.0,,-6.567532746482969,-6.567532746482969,sequential,3e-05,10,0.5,"(0.0, 0.111]"
1022,10156103000.0,548.0,3.0,0.0,0.1113188112715338,3.112167685390689,0.0,,-11.895070675568649,-11.895070675568649,sequential,3e-05,10,0.5,"(0.111, 0.222]"
1023,10156104000.0,548.0,4.0,0.0,0.046126480829227,2.611872643271838,0.0,,-8.758741008677239,-8.758741008677239,sequential,3e-05,10,0.5,"(0.0, 0.111]"
1024,10156105000.0,548.0,5.0,0.0,0.0199989449442638,2.2546875531991284,0.0,,-6.5773299790981685,-6.5773299790981685,sequential,3e-05,10,0.5,"(0.0, 0.111]"
1025,10157100000.0,549.0,0.0,0.0,0.0461269259383315,1.4415132856098567,0.0,,-8.674685432087971,-8.674685432087971,sequential,3e-05,10,0.7,"(0.0, 0.111]"
1026,10157101000.0,549.0,1.0,0.0,0.110483865144511,4.334388817942088,0.0,,-12.018651227620984,-12.018651227620984,sequential,3e-05,10,0.7,"(0.0, 0.111]"
1027,10157102000.0,549.0,2.0,0.0,0.0199985065560873,0.9571458182448034,0.0,,-6.567546878855301,-6.567546878855301,sequential,3e-05,10,0.7,"(0.0, 0.111]"
1028,10157103000.0,549.0,3.0,0.0,0.1101404717561529,3.714091919899032,0.0,,-11.959086570309736,-11.959086570309736,sequential,3e-05,10,0.7,"(0.0, 0.111]"
1029,10157104000.0,549.0,4.0,0.0,0.0461273462094135,1.4162091417218892,0.0,,-8.68041515730958,-8.68041515730958,sequential,3e-05,10,0.7,"(0.0, 0.111]"
1030,10157105000.0,549.0,5.0,0.0,0.0199997169811558,0.9482530231747068,0.0,,-6.570454108783275,-6.570454108783275,sequential,3e-05,10,0.7,"(0.0, 0.111]"
1031,10158100000.0,550.0,0.0,0.0,0.0461284951171762,0.4884327919473854,0.0,,-8.673008082962294,-8.673008082962294,sequential,3e-05,10,1.0,"(0.0, 0.111]"
1032,10158101000.0,550.0,1.0,0.0,0.1101147713579941,3.3214214363699885,0.0,,-11.947716844516757,-11.947716844516757,sequential,3e-05,10,1.0,"(0.0, 0.111]"
1033,10158102000.0,550.0,2.0,0.0,0.0199614185033402,0.5532720174630087,0.0,,-6.600102917298554,-6.600102917298554,sequential,3e-05,10,1.0,"(0.0, 0.111]"
1034,10158103000.0,550.0,3.0,0.0,0.1094346533406566,3.467793591492998,0.0,,-11.837931213598557,-11.837931213598557,sequential,3e-05,10,1.0,"(0.0, 0.111]"
1035,10158104000.0,550.0,4.0,0.0,0.0461235280517497,0.5579799173713785,0.0,,-8.629769917874707,-8.629769917874707,sequential,3e-05,10,1.0,"(0.0, 0.111]"
1036,10158105000.0,550.0,5.0,0.0,0.0199697063354104,0.538942299343508,0.0,,-6.501125125572581,-6.501125125572581,sequential,3e-05,10,1.0,"(0.0, 0.111]"
1037,10159100000.0,551.0,0.0,0.0,0.0461227450543843,0.2180845951516719,0.0,,-8.623411063764161,-8.623411063764161,sequential,3e-05,10,1.5,"(0.0, 0.111]"
1038,10159101000.0,551.0,1.0,0.0,0.1098613529132145,1.4819059814653317,0.0,,-11.9059956269293,-11.9059956269293,sequential,3e-05,10,1.5,"(0.0, 0.111]"
1039,10159102000.0,551.0,2.0,0.0,0.0199919795885719,0.2804901254387753,0.0,,-6.550197964469895,-6.550197964469895,sequential,3e-05,10,1.5,"(0.0, 0.111]"
1040,10159103000.0,551.0,3.0,0.0,0.1098663398765076,1.4847358700594062,0.0,,-11.90684297255297,-11.90684297255297,sequential,3e-05,10,1.5,"(0.0, 0.111]"
1041,10159104000.0,551.0,4.0,0.0,0.0461287806564337,0.1938705375073492,0.0,,-8.676912317834436,-8.676912317834436,sequential,3e-05,10,1.5,"(0.0, 0.111]"
1042,10159105000.0,551.0,5.0,0.0,0.0199895982548274,0.280134809777703,0.0,,-6.544593259635219,-6.544593259635219,sequential,3e-05,10,1.5,"(0.0, 0.111]"
1043,10160100000.0,552.0,0.0,0.0,0.0461293414665391,0.1223383791214769,0.0,,-8.70316168055737,-8.70316168055737,sequential,3e-05,10,2.0,"(0.0, 0.111]"
1044,10160101000.0,552.0,1.0,0.0,0.1103477921246711,0.5968069354928474,0.0,,-11.992923243335891,-11.992923243335891,sequential,3e-05,10,2.0,"(0.0, 0.111]"
1045,10160102000.0,552.0,2.0,0.0,0.0199938684716948,0.2075040156502868,0.0,,-6.556182328899872,-6.556182328899872,sequential,3e-05,10,2.0,"(0.0, 0.111]"
1046,10160103000.0,552.0,3.0,0.0,0.1104307777868593,0.5585411137461628,0.0,,-12.00816952926426,-12.00816952926426,sequential,3e-05,10,2.0,"(0.0, 0.111]"
1047,10160104000.0,552.0,4.0,0.0,0.0461303407944967,0.1209866757590727,0.0,,-8.741860490491929,-8.741860490491929,sequential,3e-05,10,2.0,"(0.0, 0.111]"
1048,10160105000.0,552.0,5.0,0.0,0.0199966637395111,0.2076479955846005,0.0,,-6.562819726817253,-6.562819726817253,sequential,3e-05,10,2.0,"(0.0, 0.111]"
1049,10161100000.0,574.0,0.0,0.0,0.0355254650578727,1.962650653204008,0.0,,-10.61050865930107,-10.61050865930107,sequential,5e-05,10,0.1,"(0.0, 0.111]"
1050,10161101000.0,574.0,1.0,0.0,0.0840232229077404,1.2552940035749116,0.0,,-14.185940800626376,-14.185940800626376,sequential,5e-05,10,0.1,"(0.0, 0.111]"
1051,10161102000.0,574.0,2.0,0.0,0.0155575900598617,6.056400368555506,0.0,,-8.08898666304996,-8.08898666304996,sequential,5e-05,10,0.1,"(0.0, 0.111]"
1052,10161103000.0,574.0,3.0,0.0,0.0847903252922508,1.0037167391722637,0.0,,-14.359585270396511,-14.359585270396511,sequential,5e-05,10,0.1,"(0.0, 0.111]"
1053,10161104000.0,574.0,4.0,0.0,0.0355326110725003,2.150793001646678,0.0,,-10.559891152350778,-10.559891152350778,sequential,5e-05,10,0.1,"(0.0, 0.111]"
1054,10161105000.0,574.0,5.0,0.0,0.015555771570281,5.606551939001119,0.0,,-8.079416760106625,-8.079416760106625,sequential,5e-05,10,0.1,"(0.0, 0.111]"
1055,10162100000.0,575.0,0.0,0.0,0.0355194120197219,1.8720796065613503,0.0,,-10.646376903064958,-10.646376903064958,sequential,5e-05,10,0.4,"(0.0, 0.111]"
1056,10162101000.0,575.0,1.0,0.0,0.0848576344774376,1.7415982395773022,0.0,,-14.377155683224744,-14.377155683224744,sequential,5e-05,10,0.4,"(0.0, 0.111]"
1057,10162102000.0,575.0,2.0,0.0,0.0155650955011684,1.8664355923708933,0.0,,-8.128971759311241,-8.128971759311241,sequential,5e-05,10,0.4,"(0.0, 0.111]"
1058,10162103000.0,575.0,3.0,0.0,0.0840222967197207,1.436569554685364,0.0,,-14.187183068357088,-14.187183068357088,sequential,5e-05,10,0.4,"(0.0, 0.111]"
1059,10162104000.0,575.0,4.0,0.0,0.0355221530900386,1.9267959661633995,0.0,,-10.62947701966412,-10.62947701966412,sequential,5e-05,10,0.4,"(0.0, 0.111]"
1060,10162105000.0,575.0,5.0,0.0,0.0155483310342646,2.626272111305001,0.0,,-8.029842508657325,-8.029842508657325,sequential,5e-05,10,0.4,"(0.0, 0.111]"
1061,10163100000.0,576.0,0.0,0.0,0.0355200975373245,1.662751272087916,0.0,,-10.63920767341804,-10.63920767341804,sequential,5e-05,10,0.5,"(0.0, 0.111]"
1062,10163101000.0,576.0,1.0,0.0,0.0850175043973165,1.7084298171676915,0.0,,-14.42028573023627,-14.42028573023627,sequential,5e-05,10,0.5,"(0.0, 0.111]"
1063,10163102000.0,576.0,2.0,0.0,0.0155680645033591,1.2295559401361322,0.0,,-8.148192245061807,-8.148192245061807,sequential,5e-05,10,0.5,"(0.0, 0.111]"
1064,10163103000.0,576.0,3.0,0.0,0.0844788413601033,1.5769064038523477,0.0,,-14.292500760600882,-14.292500760600882,sequential,5e-05,10,0.5,"(0.0, 0.111]"
1065,10163104000.0,576.0,4.0,0.0,0.0355211284710873,1.53876285927639,0.0,,-10.6333399035804,-10.6333399035804,sequential,5e-05,10,0.5,"(0.0, 0.111]"
1066,10163105000.0,576.0,5.0,0.0,0.0155653120447757,1.2615366606611325,0.0,,-8.134066445197249,-8.134066445197249,sequential,5e-05,10,0.5,"(0.0, 0.111]"
1067,10164100000.0,577.0,0.0,0.0,0.0355249496160235,0.9187794391329124,0.0,,-10.601201438218771,-10.601201438218771,sequential,5e-05,10,0.7,"(0.0, 0.111]"
1068,10164101000.0,577.0,1.0,0.0,0.0850296985559009,1.7521546388306162,0.0,,-14.43283672814356,-14.43283672814356,sequential,5e-05,10,0.7,"(0.0, 0.111]"
1069,10164102000.0,577.0,2.0,0.0,0.0155551260520411,0.763610559253549,0.0,,-8.087487142060482,-8.087487142060482,sequential,5e-05,10,0.7,"(0.0, 0.111]"
1070,10164103000.0,577.0,3.0,0.0,0.0843251486495729,1.5678213617040484,0.0,,-14.270133085482248,-14.270133085482248,sequential,5e-05,10,0.7,"(0.0, 0.111]"
1071,10164104000.0,577.0,4.0,0.0,0.0355174975259642,0.8408772509049067,0.0,,-10.648142863780182,-10.648142863780182,sequential,5e-05,10,0.7,"(0.0, 0.111]"
1072,10164105000.0,577.0,5.0,0.0,0.0155575197022404,0.7283202431375796,0.0,,-8.099872751278795,-8.099872751278795,sequential,5e-05,10,0.7,"(0.0, 0.111]"
1073,10165100000.0,578.0,0.0,0.0,0.0355315288625942,0.4417805795143723,0.0,,-10.564867746929483,-10.564867746929483,sequential,5e-05,10,1.0,"(0.0, 0.111]"
1074,10165101000.0,578.0,1.0,0.0,0.0843718669506027,1.9368290343791623,0.0,,-14.265618765801843,-14.265618765801843,sequential,5e-05,10,1.0,"(0.0, 0.111]"
1075,10165102000.0,578.0,2.0,0.0,0.0155486263013902,0.4259910053924377,0.0,,-8.042782058318645,-8.042782058318645,sequential,5e-05,10,1.0,"(0.0, 0.111]"
1076,10165103000.0,578.0,3.0,0.0,0.0844882738854835,1.8293901589348585,0.0,,-14.29279495695508,-14.29279495695508,sequential,5e-05,10,1.0,"(0.0, 0.111]"
1077,10165104000.0,578.0,4.0,0.0,0.0355310109001532,0.4578732085601282,0.0,,-10.568695407846487,-10.568695407846487,sequential,5e-05,10,1.0,"(0.0, 0.111]"
1078,10165105000.0,578.0,5.0,0.0,0.0155664449304978,0.3758686218132885,0.0,,-8.13778408028701,-8.13778408028701,sequential,5e-05,10,1.0,"(0.0, 0.111]"
1079,10166100000.0,579.0,0.0,0.0,0.0355236587410867,0.1746819027138266,0.0,,-10.618543346904923,-10.618543346904923,sequential,5e-05,10,1.5,"(0.0, 0.111]"
1080,10166101000.0,579.0,1.0,0.0,0.0848098946206466,1.0454601376680883,0.0,,-14.368647275890408,-14.368647275890408,sequential,5e-05,10,1.5,"(0.0, 0.111]"
1081,10166102000.0,579.0,2.0,0.0,0.0155687510077776,0.2368302366866639,0.0,,-8.152285436483735,-8.152285436483735,sequential,5e-05,10,1.5,"(0.0, 0.111]"
1082,10166103000.0,579.0,3.0,0.0,0.0848043056984637,1.0074055583627015,0.0,,-14.367266019739544,-14.367266019739544,sequential,5e-05,10,1.5,"(0.0, 0.111]"
1083,10166104000.0,579.0,4.0,0.0,0.0355294435940564,0.1942325922898971,0.0,,-10.578359549624311,-10.578359549624311,sequential,5e-05,10,1.5,"(0.0, 0.111]"
1084,10166105000.0,579.0,5.0,0.0,0.0155537549602553,0.2429441163308258,0.0,,-8.074402280562827,-8.074402280562827,sequential,5e-05,10,1.5,"(0.0, 0.111]"
1085,10167100000.0,580.0,0.0,0.0,0.0355240386606636,0.1099065710900949,0.0,,-10.618745613771129,-10.618745613771129,sequential,5e-05,10,2.0,"(0.0, 0.111]"
1086,10167101000.0,580.0,1.0,0.0,0.0845763380913629,0.4777731881270322,0.0,,-14.308014523390009,-14.308014523390009,sequential,5e-05,10,2.0,"(0.0, 0.111]"
1087,10167102000.0,580.0,2.0,0.0,0.0155527984678645,0.18614083309705,0.0,,-8.066677923676373,-8.066677923676373,sequential,5e-05,10,2.0,"(0.0, 0.111]"
1088,10167103000.0,580.0,3.0,0.0,0.084765418318074,0.4317401559726439,0.0,,-14.35398506117688,-14.35398506117688,sequential,5e-05,10,2.0,"(0.0, 0.111]"
1089,10167104000.0,580.0,4.0,0.0,0.0355376611147088,0.1200081912796556,0.0,,-10.511934094801644,-10.511934094801644,sequential,5e-05,10,2.0,"(0.0, 0.111]"
1090,10167105000.0,580.0,5.0,0.0,0.0155617526834402,0.1873898753516137,0.0,,-8.111795429904175,-8.111795429904175,sequential,5e-05,10,2.0,"(0.0, 0.111]"
1091,10168100000.0,602.0,0.0,0.0,0.0283569763404962,0.7591442597200009,0.0,,-12.56208354247823,-12.56208354247823,sequential,0.0001,10,0.1,"(0.0, 0.111]"
1092,10168101000.0,602.0,1.0,0.0,0.0652994451834592,0.6414669099689949,0.0,,-16.50865136780861,-16.50865136780861,sequential,0.0001,10,0.1,"(0.0, 0.111]"
1093,10168102000.0,602.0,2.0,0.0,0.0126538576076743,2.646373906529376,0.0,,-9.556891652184122,-9.556891652184122,sequential,0.0001,10,0.1,"(0.0, 0.111]"
1094,10168103000.0,602.0,3.0,0.0,0.0659109716528565,0.5773834111250845,0.0,,-16.713758430022285,-16.713758430022285,sequential,0.0001,10,0.1,"(0.0, 0.111]"
1095,10168104000.0,602.0,4.0,0.0,0.0284115682003411,0.7178299948624384,0.0,,-12.429892303736848,-12.429892303736848,sequential,0.0001,10,0.1,"(0.0, 0.111]"
1096,10168105000.0,602.0,5.0,0.0,0.0126522575255261,2.3711688375329683,0.0,,-9.574296676215257,-9.574296676215257,sequential,0.0001,10,0.1,"(0.0, 0.111]"
1097,10169100000.0,603.0,0.0,0.0,0.0283801394357974,0.6734699315450949,0.0,,-12.50742234749224,-12.50742234749224,sequential,0.0001,10,0.4,"(0.0, 0.111]"
1098,10169101000.0,603.0,1.0,0.0,0.0656506184255084,0.755813924838979,0.0,,-16.635375096466937,-16.635375096466937,sequential,0.0001,10,0.4,"(0.0, 0.111]"
1099,10169102000.0,603.0,2.0,0.0,0.0126536415701412,1.6560894132434834,0.0,,-9.559085128089247,-9.559085128089247,sequential,0.0001,10,0.4,"(0.0, 0.111]"
1100,10169103000.0,603.0,3.0,0.0,0.0656888201288368,0.703553782621811,0.0,,-16.64718616951344,-16.64718616951344,sequential,0.0001,10,0.4,"(0.0, 0.111]"
1101,10169104000.0,603.0,4.0,0.0,0.0284257266558874,0.695855994297544,0.0,,-12.39360686725392,-12.39360686725392,sequential,0.0001,10,0.4,"(0.0, 0.111]"
1102,10169105000.0,603.0,5.0,0.0,0.0126438213653243,1.4476164283804136,0.0,,-9.53561577275342,-9.53561577275342,sequential,0.0001,10,0.4,"(0.0, 0.111]"
1103,10170100000.0,604.0,0.0,0.0,0.0284179129630712,0.7322227165255607,0.0,,-12.413331117713348,-12.413331117713348,sequential,0.0001,10,0.5,"(0.0, 0.111]"
1104,10170101000.0,604.0,1.0,0.0,0.065876014090241,0.7852867236672207,0.0,,-16.730404322452213,-16.730404322452213,sequential,0.0001,10,0.5,"(0.0, 0.111]"
1105,10170102000.0,604.0,2.0,0.0,0.0126512003480863,0.950573511236598,0.0,,-9.468369180701298,-9.468369180701298,sequential,0.0001,10,0.5,"(0.0, 0.111]"
1106,10170103000.0,604.0,3.0,0.0,0.0657913748866481,0.6874726926255766,0.0,,-16.70432822715425,-16.70432822715425,sequential,0.0001,10,0.5,"(0.0, 0.111]"
1107,10170104000.0,604.0,4.0,0.0,0.0283482847265617,0.7279437972063147,0.0,,-12.583758423963666,-12.583758423963666,sequential,0.0001,10,0.5,"(0.0, 0.111]"
1108,10170105000.0,604.0,5.0,0.0,0.0126414401676915,1.1216176618117002,0.0,,-9.55139529680447,-9.55139529680447,sequential,0.0001,10,0.5,"(0.0, 0.111]"
1109,10171100000.0,605.0,0.0,0.0,0.0283343245206405,0.6208378285800619,0.0,,-12.615554623288292,-12.615554623288292,sequential,0.0001,10,0.7,"(0.0, 0.111]"
1110,10171101000.0,605.0,1.0,0.0,0.0662900935871807,0.8030004418620312,0.0,,-16.853776953601173,-16.853776953601173,sequential,0.0001,10,0.7,"(0.0, 0.111]"
1111,10171102000.0,605.0,2.0,0.0,0.0126386395964233,0.5151352575268143,0.0,,-9.577036565711204,-9.577036565711204,sequential,0.0001,10,0.7,"(0.0, 0.111]"
1112,10171103000.0,605.0,3.0,0.0,0.0661135854238381,0.7843628872926159,0.0,,-16.80010418967685,-16.80010418967685,sequential,0.0001,10,0.7,"(0.0, 0.111]"
1113,10171104000.0,605.0,4.0,0.0,0.0283374509207348,0.5740500636753496,0.0,,-12.608457972003702,-12.608457972003702,sequential,0.0001,10,0.7,"(0.0, 0.111]"
1114,10171105000.0,605.0,5.0,0.0,0.012632067207401,0.4814278395216856,0.0,,-9.63203053062401,-9.63203053062401,sequential,0.0001,10,0.7,"(0.0, 0.111]"
1115,10172100000.0,606.0,0.0,0.0,0.0284152728779101,0.3219552118456004,0.0,,-12.420337534320511,-12.420337534320511,sequential,0.0001,10,1.0,"(0.0, 0.111]"
1116,10172101000.0,606.0,1.0,0.0,0.0654837060841919,0.7470243775660333,0.0,,-16.58069127597576,-16.58069127597576,sequential,0.0001,10,1.0,"(0.0, 0.111]"
1117,10172102000.0,606.0,2.0,0.0,0.0126533289366817,0.3141087854625533,0.0,,-9.564866249492995,-9.564866249492995,sequential,0.0001,10,1.0,"(0.0, 0.111]"
1118,10172103000.0,606.0,3.0,0.0,0.0650461758611846,0.6993976839549207,0.0,,-16.802064260831155,-16.802064260831155,sequential,0.0001,10,1.0,"(0.0, 0.111]"
1119,10172104000.0,606.0,4.0,0.0,0.0283956076571801,0.2972234070275511,0.0,,-12.469536949397328,-12.469536949397328,sequential,0.0001,10,1.0,"(0.0, 0.111]"
1120,10172105000.0,606.0,5.0,0.0,0.0126557291856483,0.3216323344703743,0.0,,-9.538997408763342,-9.538997408763342,sequential,0.0001,10,1.0,"(0.0, 0.111]"
1121,10173100000.0,607.0,0.0,0.0,0.0283877543004376,0.1383289670528745,0.0,,-12.488738681034716,-12.488738681034716,sequential,0.0001,10,1.5,"(0.0, 0.111]"
1122,10173101000.0,607.0,1.0,0.0,0.064983626754281,0.6819468715092324,0.0,,-16.7734557965921,-16.7734557965921,sequential,0.0001,10,1.5,"(0.0, 0.111]"
1123,10173102000.0,607.0,2.0,0.0,0.0126578353887663,0.2051916107481435,0.0,,-9.516990148304073,-9.516990148304073,sequential,0.0001,10,1.5,"(0.0, 0.111]"
1124,10173103000.0,607.0,3.0,0.0,0.0652315753026249,0.6467524327750747,0.0,,-16.87561934925602,-16.87561934925602,sequential,0.0001,10,1.5,"(0.0, 0.111]"
1125,10173104000.0,607.0,4.0,0.0,0.0283922585923734,0.1366192930682193,0.0,,-12.47771600783265,-12.47771600783265,sequential,0.0001,10,1.5,"(0.0, 0.111]"
1126,10173105000.0,607.0,5.0,0.0,0.0126503183247296,0.201592876990635,0.0,,-9.476264023511824,-9.476264023511824,sequential,0.0001,10,1.5,"(0.0, 0.111]"
1127,10174100000.0,608.0,0.0,0.0,0.0283862385706429,0.0964594811409259,0.0,,-12.492617069320172,-12.492617069320172,sequential,0.0001,10,2.0,"(0.0, 0.111]"
1128,10174101000.0,608.0,1.0,0.0,0.0652289943870443,0.5045416591699422,0.0,,-16.88034425293692,-16.88034425293692,sequential,0.0001,10,2.0,"(0.0, 0.111]"
1129,10174102000.0,608.0,2.0,0.0,0.0126465948534509,0.1788487256751002,0.0,,-9.510501885190989,-9.510501885190989,sequential,0.0001,10,2.0,"(0.0, 0.111]"
1130,10174103000.0,608.0,3.0,0.0,0.0655557547159879,0.4033491718953954,0.0,,-16.605331748262632,-16.605331748262632,sequential,0.0001,10,2.0,"(0.0, 0.111]"
1131,10174104000.0,608.0,4.0,0.0,0.0284066039226485,0.1003308015843137,0.0,,-12.442400720614932,-12.442400720614932,sequential,0.0001,10,2.0,"(0.0, 0.111]"
1132,10174105000.0,608.0,5.0,0.0,0.012650187767187,0.1759348143325678,0.0,,-9.475380067943508,-9.475380067943508,sequential,0.0001,10,2.0,"(0.0, 0.111]"
1133,10175100000.0,630.0,0.0,0.0,0.0236611096970314,0.1728933011059532,0.0,,-12.234850202456933,-12.234850202456933,sequential,0.0005,10,0.1,"(0.0, 0.111]"
1134,10175101000.0,630.0,1.0,0.0,0.0437029557214355,0.0794588064066988,0.0,,-16.79184993551153,-16.79184993551153,sequential,0.0005,10,0.1,"(0.0, 0.111]"
1135,10175102000.0,630.0,2.0,0.0,0.0108917814036889,0.5053233981003207,0.0,,-9.332756716863669,-9.332756716863669,sequential,0.0005,10,0.1,"(0.0, 0.111]"
1136,10175103000.0,630.0,3.0,0.0,0.044200468716944,0.1056111660734999,0.0,,-16.967070374195533,-16.967070374195533,sequential,0.0005,10,0.1,"(0.0, 0.111]"
1137,10175104000.0,630.0,4.0,0.0,0.023707697572875,0.1616943353515564,0.0,,-12.272392493034538,-12.272392493034538,sequential,0.0005,10,0.1,"(0.0, 0.111]"
1138,10175105000.0,630.0,5.0,0.0,0.0109046828883245,0.3698850322764103,0.0,,-9.291259158424412,-9.291259158424412,sequential,0.0005,10,0.1,"(0.0, 0.111]"
1139,10176100000.0,631.0,0.0,0.0,0.0236396234266763,0.1651366300209267,0.0,,-12.2865717875341,-12.2865717875341,sequential,0.0005,10,0.4,"(0.0, 0.111]"
1140,10176101000.0,631.0,1.0,0.0,0.0439616624091179,0.2005957175253331,0.0,,-16.88814244683194,-16.88814244683194,sequential,0.0005,10,0.4,"(0.0, 0.111]"
1141,10176102000.0,631.0,2.0,0.0,0.0108736154073621,0.3324378523079585,0.0,,-9.39171665416765,-9.39171665416765,sequential,0.0005,10,0.4,"(0.0, 0.111]"
1142,10176103000.0,631.0,3.0,0.0,0.0443446236118757,0.2000024283151265,0.0,,-16.682460040225557,-16.682460040225557,sequential,0.0005,10,0.4,"(0.0, 0.111]"
1143,10176104000.0,631.0,4.0,0.0,0.023647580884364,0.1662696413246385,0.0,,-12.26765638997542,-12.26765638997542,sequential,0.0005,10,0.4,"(0.0, 0.111]"
1144,10176105000.0,631.0,5.0,0.0,0.0108953699648133,0.3353759394637019,0.0,,-9.322183085239796,-9.322183085239796,sequential,0.0005,10,0.4,"(0.0, 0.111]"
1145,10177100000.0,632.0,0.0,0.0,0.0236809396267149,0.1636691637278529,0.0,,-12.188034092870147,-12.188034092870147,sequential,0.0005,10,0.5,"(0.0, 0.111]"
1146,10177101000.0,632.0,1.0,0.0,0.0437387749495498,0.1973636834299645,0.0,,-16.821108454070234,-16.821108454070234,sequential,0.0005,10,0.5,"(0.0, 0.111]"
1147,10177102000.0,632.0,2.0,0.0,0.0109081602596228,0.2775674661793609,0.0,,-9.282202525412025,-9.282202525412025,sequential,0.0005,10,0.5,"(0.0, 0.111]"
1148,10177103000.0,632.0,3.0,0.0,0.0441733168657149,0.199719226683609,0.0,,-16.96893847364934,-16.96893847364934,sequential,0.0005,10,0.5,"(0.0, 0.111]"
1149,10177104000.0,632.0,4.0,0.0,0.0236555263093323,0.1678435240145313,0.0,,-12.249636546236852,-12.249636546236852,sequential,0.0005,10,0.5,"(0.0, 0.111]"
1150,10177105000.0,632.0,5.0,0.0,0.0109080177202496,0.2779994119316365,0.0,,-9.282675214223913,-9.282675214223913,sequential,0.0005,10,0.5,"(0.0, 0.111]"
1151,10178100000.0,633.0,0.0,0.0,0.0236481548053951,0.1519597579436328,0.0,,-12.266719771093852,-12.266719771093852,sequential,0.0005,10,0.7,"(0.0, 0.111]"
1152,10178101000.0,633.0,1.0,0.0,0.0443217773677604,0.1999328011015178,0.0,,-16.67566676123256,-16.67566676123256,sequential,0.0005,10,0.7,"(0.0, 0.111]"
1153,10178102000.0,633.0,2.0,0.0,0.0108729363677667,0.2910368273338071,0.0,,-9.39410489804174,-9.39410489804174,sequential,0.0005,10,0.7,"(0.0, 0.111]"
1154,10178103000.0,633.0,3.0,0.0,0.0445644047471858,0.2000419799030153,0.0,,-16.763694618742605,-16.763694618742605,sequential,0.0005,10,0.7,"(0.0, 0.111]"
1155,10178104000.0,633.0,4.0,0.0,0.0236639639935178,0.1615489907886121,0.0,,-12.228738305078537,-12.228738305078537,sequential,0.0005,10,0.7,"(0.0, 0.111]"
1156,10178105000.0,633.0,5.0,0.0,0.0108606564418077,0.2859892528659009,0.0,,-9.43282088488968,-9.43282088488968,sequential,0.0005,10,0.7,"(0.0, 0.111]"
1157,10179100000.0,634.0,0.0,0.0,0.0236555165567439,0.1481431119291315,0.0,,-12.24911539576325,-12.24911539576325,sequential,0.0005,10,1.0,"(0.0, 0.111]"
1158,10179101000.0,634.0,1.0,0.0,0.0440730394208354,0.2010794010551289,0.0,,-16.92991313533452,-16.92991313533452,sequential,0.0005,10,1.0,"(0.0, 0.111]"
1159,10179102000.0,634.0,2.0,0.0,0.0108760651696252,0.2027889004156109,0.0,,-9.384119867988248,-9.384119867988248,sequential,0.0005,10,1.0,"(0.0, 0.111]"
1160,10179103000.0,634.0,3.0,0.0,0.0446081783463252,0.2015521317903879,0.0,,-16.780385204386945,-16.780385204386945,sequential,0.0005,10,1.0,"(0.0, 0.111]"
1161,10179104000.0,634.0,4.0,0.0,0.0236635861834186,0.1323666920227782,0.0,,-12.229659864159036,-12.229659864159036,sequential,0.0005,10,1.0,"(0.0, 0.111]"
1162,10179105000.0,634.0,5.0,0.0,0.0108625940984198,0.2034452560632701,0.0,,-9.4266773168413,-9.4266773168413,sequential,0.0005,10,1.0,"(0.0, 0.111]"
1163,10180100000.0,635.0,0.0,0.0,0.0236981436821696,0.1129512197456882,0.0,,-12.295984677164384,-12.295984677164384,sequential,0.0005,10,1.5,"(0.0, 0.111]"
1164,10180101000.0,635.0,1.0,0.0,0.0441808556736337,0.196700677123653,0.0,,-16.959853349681648,-16.959853349681648,sequential,0.0005,10,1.5,"(0.0, 0.111]"
1165,10180102000.0,635.0,2.0,0.0,0.0108862434202568,0.1613874500083172,0.0,,-9.350655889782692,-9.350655889782692,sequential,0.0005,10,1.5,"(0.0, 0.111]"
1166,10180103000.0,635.0,3.0,0.0,0.0435579868682532,0.1966484614660217,0.0,,-16.744576571549146,-16.744576571549146,sequential,0.0005,10,1.5,"(0.0, 0.111]"
1167,10180104000.0,635.0,4.0,0.0,0.0236510484931475,0.1057635182990547,0.0,,-12.259026751513913,-12.259026751513913,sequential,0.0005,10,1.5,"(0.0, 0.111]"
1168,10180105000.0,635.0,5.0,0.0,0.0109005455547833,0.157654606066023,0.0,,-9.30472511439414,-9.30472511439414,sequential,0.0005,10,1.5,"(0.0, 0.111]"
1169,10181100000.0,636.0,0.0,0.0,0.0236544666771296,0.0807613679184049,0.0,,-12.251615753795033,-12.251615753795033,sequential,0.0005,10,2.0,"(0.0, 0.111]"
1170,10181101000.0,636.0,1.0,0.0,0.044243831660434,0.1804044049045408,0.0,,-16.988210599599586,-16.988210599599586,sequential,0.0005,10,2.0,"(0.0, 0.111]"
1171,10181102000.0,636.0,2.0,0.0,0.0108614562203675,0.1663689715062091,0.0,,-9.430263846442204,-9.430263846442204,sequential,0.0005,10,2.0,"(0.0, 0.111]"
1172,10181103000.0,636.0,3.0,0.0,0.0442924497286893,0.1821754080149221,0.0,,-16.66469308420553,-16.66469308420553,sequential,0.0005,10,2.0,"(0.0, 0.111]"
1173,10181104000.0,636.0,4.0,0.0,0.0236367089724847,0.0785896949072525,0.0,,-12.29359948980248,-12.29359948980248,sequential,0.0005,10,2.0,"(0.0, 0.111]"
1174,10181105000.0,636.0,5.0,0.0,0.0108860034183379,0.1648667384635454,0.0,,-9.352635663972542,-9.352635663972542,sequential,0.0005,10,2.0,"(0.0, 0.111]"
1175,10182100000.0,658.0,0.0,0.0,0.0232531185159205,0.1197027561054131,0.0,,-10.63447333688941,-10.63447333688941,sequential,0.001,10,0.1,"(0.0, 0.111]"
1176,10182101000.0,658.0,1.0,0.0,0.037315817200242,0.0004015546486839,0.0,,-14.673531832037945,-14.673531832037945,sequential,0.001,10,0.1,"(0.0, 0.111]"
1177,10182102000.0,658.0,2.0,0.0,0.0109478941138672,0.2725715878405906,0.0,,-8.026293723223104,-8.026293723223104,sequential,0.001,10,0.1,"(0.0, 0.111]"
1178,10182103000.0,658.0,3.0,0.0,0.0370094583673239,0.0004131940330161,0.0,,-14.841419180060464,-14.841419180060464,sequential,0.001,10,0.1,"(0.0, 0.111]"
1179,10182104000.0,658.0,4.0,0.0,0.0232085453380698,0.1126577138670953,0.0,,-10.660426328174257,-10.660426328174257,sequential,0.001,10,0.1,"(0.0, 0.111]"
1180,10182105000.0,658.0,5.0,0.0,0.0109227961977007,0.2583293099918355,0.0,,-8.067177909148864,-8.067177909148864,sequential,0.001,10,0.1,"(0.0, 0.111]"
1181,10183100000.0,659.0,0.0,0.0,0.0232051839620132,0.1112891672679586,0.0,,-10.672388198661512,-10.672388198661512,sequential,0.001,10,0.4,"(0.0, 0.111]"
1182,10183101000.0,659.0,1.0,0.0,0.0373531656018245,0.0327613302131084,0.0,,-14.957242228201984,-14.957242228201984,sequential,0.001,10,0.4,"(0.0, 0.111]"
1183,10183102000.0,659.0,2.0,0.0,0.010936915554802,0.2714027980816337,0.0,,-8.045419770486832,-8.045419770486832,sequential,0.001,10,0.4,"(0.0, 0.111]"
1184,10183103000.0,659.0,3.0,0.0,0.0370540679500647,0.0210230625686547,0.0,,-14.80675395459131,-14.80675395459131,sequential,0.001,10,0.4,"(0.0, 0.111]"
1185,10183104000.0,659.0,4.0,0.0,0.02321262493365,0.1109252353941156,0.0,,-10.643374934904209,-10.643374934904209,sequential,0.001,10,0.4,"(0.0, 0.111]"
1186,10183105000.0,659.0,5.0,0.0,0.0109511464496154,0.2628850276447156,0.0,,-8.022729950250964,-8.022729950250964,sequential,0.001,10,0.4,"(0.0, 0.111]"
1187,10184100000.0,660.0,0.0,0.0,0.0232062638189735,0.1098895743820575,0.0,,-10.668713592034958,-10.668713592034958,sequential,0.001,10,0.5,"(0.0, 0.111]"
1188,10184101000.0,660.0,1.0,0.0,0.037296361539916,0.0195669039552576,0.0,,-14.684222387359128,-14.684222387359128,sequential,0.001,10,0.5,"(0.0, 0.111]"
1189,10184102000.0,660.0,2.0,0.0,0.0109388351989881,0.2336438750158976,0.0,,-8.041708640737198,-8.041708640737198,sequential,0.001,10,0.5,"(0.0, 0.111]"
1190,10184103000.0,660.0,3.0,0.0,0.0370169823742576,0.0354755490528956,0.0,,-14.845516881582544,-14.845516881582544,sequential,0.001,10,0.5,"(0.0, 0.111]"
1191,10184104000.0,660.0,4.0,0.0,0.0232407641069488,0.1087311891663798,0.0,,-10.664344046231657,-10.664344046231657,sequential,0.001,10,0.5,"(0.0, 0.111]"
1192,10184105000.0,660.0,5.0,0.0,0.0109426229991556,0.2318747903900619,0.0,,-8.035480321107395,-8.035480321107395,sequential,0.001,10,0.5,"(0.0, 0.111]"
1193,10185100000.0,661.0,0.0,0.0,0.0232096490998453,0.1102724133460417,0.0,,-10.65450938627881,-10.65450938627881,sequential,0.001,10,0.7,"(0.0, 0.111]"
1194,10185101000.0,661.0,1.0,0.0,0.0370906598255778,0.0785898814405446,0.0,,-14.873045110054116,-14.873045110054116,sequential,0.001,10,0.7,"(0.0, 0.111]"
1195,10185102000.0,661.0,2.0,0.0,0.0109122633925743,0.215210621318644,0.0,,-8.085748683158176,-8.085748683158176,sequential,0.001,10,0.7,"(0.0, 0.111]"
1196,10185103000.0,661.0,3.0,0.0,0.0374739835925778,0.0950112234883204,0.0,,-14.999102369415532,-14.999102369415532,sequential,0.001,10,0.7,"(0.0, 0.111]"
1197,10185104000.0,661.0,4.0,0.0,0.02320444938077,0.1103169318341113,0.0,,-10.674858271161805,-10.674858271161805,sequential,0.001,10,0.7,"(0.0, 0.111]"
1198,10185105000.0,661.0,5.0,0.0,0.0108901848372982,0.2170905878810475,0.0,,-8.073323855801272,-8.073323855801272,sequential,0.001,10,0.7,"(0.0, 0.111]"
1199,10186100000.0,662.0,0.0,0.0,0.0231887555931499,0.1010964557745186,0.0,,-10.73296662215358,-10.73296662215358,sequential,0.001,10,1.0,"(0.0, 0.111]"
1200,10186101000.0,662.0,1.0,0.0,0.037413052810212,0.1524266249320013,0.0,,-14.978884896410806,-14.978884896410806,sequential,0.001,10,1.0,"(0.0, 0.111]"
1201,10186102000.0,662.0,2.0,0.0,0.0109141147811245,0.1787301011640377,0.0,,-8.082822649128351,-8.082822649128351,sequential,0.001,10,1.0,"(0.0, 0.111]"
1202,10186103000.0,662.0,3.0,0.0,0.0370658580974625,0.0958780289089272,0.0,,-14.801352122008296,-14.801352122008296,sequential,0.001,10,1.0,"(0.0, 0.111]"
1203,10186104000.0,662.0,4.0,0.0,0.0232004889239942,0.0953852944674713,0.0,,-10.689575183157912,-10.689575183157912,sequential,0.001,10,1.0,"(0.0, 0.111]"
1204,10186105000.0,662.0,5.0,0.0,0.0108954613697536,0.1793107614749151,0.0,,-8.064123511202586,-8.064123511202586,sequential,0.001,10,1.0,"(0.0, 0.111]"
1205,10187100000.0,663.0,0.0,0.0,0.0231876591801784,0.0898042812811164,0.0,,-10.73311646508801,-10.73311646508801,sequential,0.001,10,1.5,"(0.0, 0.111]"
1206,10187101000.0,663.0,1.0,0.0,0.0372954464023975,0.1520886237272373,0.0,,-14.959336558464852,-14.959336558464852,sequential,0.001,10,1.5,"(0.0, 0.111]"
1207,10187102000.0,663.0,2.0,0.0,0.0108791276031681,0.1504853441085685,0.0,,-8.098014710193489,-8.098014710193489,sequential,0.001,10,1.5,"(0.0, 0.111]"
1208,10187103000.0,663.0,3.0,0.0,0.0373790618554758,0.1520866270367813,0.0,,-14.986812517783608,-14.986812517783608,sequential,0.001,10,1.5,"(0.0, 0.111]"
1209,10187104000.0,663.0,4.0,0.0,0.023176614822755,0.0889081340688736,0.0,,-10.773165217072885,-10.773165217072885,sequential,0.001,10,1.5,"(0.0, 0.111]"
1210,10187105000.0,663.0,5.0,0.0,0.0108665782681785,0.1514880774543901,0.0,,-8.121258326213104,-8.121258326213104,sequential,0.001,10,1.5,"(0.0, 0.111]"
1211,10188100000.0,664.0,0.0,0.0,0.0231843573922513,0.0687774922577384,0.0,,-10.748636493459006,-10.748636493459006,sequential,0.001,10,2.0,"(0.0, 0.111]"
1212,10188101000.0,664.0,1.0,0.0,0.0375188181015923,0.1340759195195448,0.0,,-15.014793642967508,-15.014793642967508,sequential,0.001,10,2.0,"(0.0, 0.111]"
1213,10188102000.0,664.0,2.0,0.0,0.0109202844214359,0.1583427689899471,0.0,,-8.073307221444564,-8.073307221444564,sequential,0.001,10,2.0,"(0.0, 0.111]"
1214,10188103000.0,664.0,3.0,0.0,0.0371161895425669,0.1442447636179779,0.0,,-14.774809084957145,-14.774809084957145,sequential,0.001,10,2.0,"(0.0, 0.111]"
1215,10188104000.0,664.0,4.0,0.0,0.0231855231096155,0.0682281373911069,0.0,,-10.744485111044892,-10.744485111044892,sequential,0.001,10,2.0,"(0.0, 0.111]"
1216,10188105000.0,664.0,5.0,0.0,0.0109342804458956,0.1560612194068786,0.0,,-8.050358045906172,-8.050358045906172,sequential,0.001,10,2.0,"(0.0, 0.111]"
1217,10189100000.0,441.0,0.0,0.0,0.1582904323520043,9.45558826225869,0.0,,-3.629735849517796,-3.629735849517796,sequential,7e-06,30,0.1,"(0.111, 0.222]"
1218,10189101000.0,441.0,1.0,0.0,0.3457087889999615,8.119434406670115,0.0,,-5.14521608125185,-5.14521608125185,sequential,7e-06,30,0.1,"(0.333, 0.444]"
1219,10189102000.0,441.0,2.0,0.0,0.0674762587964454,6.494107208737975,0.0,,-2.7304642223143945,-2.7304642223143945,sequential,7e-06,30,0.1,"(0.0, 0.111]"
1220,10189103000.0,441.0,3.0,0.0,0.3488227304341263,4.785000379233828,0.0,,-5.194724359317974,-5.194724359317974,sequential,7e-06,30,0.1,"(0.333, 0.444]"
1221,10189104000.0,441.0,4.0,0.0,0.1581745446443921,9.113087813953737,0.0,,-3.6177095314688623,-3.6177095314688623,sequential,7e-06,30,0.1,"(0.111, 0.222]"
1222,10189105000.0,441.0,5.0,0.0,0.0673751925349733,7.690329928042895,0.0,,-2.7214497336122943,-2.7214497336122943,sequential,7e-06,30,0.1,"(0.0, 0.111]"
1223,10190100000.0,442.0,0.0,0.0,0.158452514864059,9.599784031709817,0.0,,-3.6474527541627695,-3.6474527541627695,sequential,7e-06,30,0.4,"(0.111, 0.222]"
1224,10190101000.0,442.0,1.0,0.0,0.350782829574744,6.988353943135462,0.0,,-5.230375236859285,-5.230375236859285,sequential,7e-06,30,0.4,"(0.333, 0.444]"
1225,10190102000.0,442.0,2.0,0.0,0.0677216140416952,9.08830705908571,0.0,,-2.7530402768381124,-2.7530402768381124,sequential,7e-06,30,0.4,"(0.0, 0.111]"
1226,10190103000.0,442.0,3.0,0.0,0.3515468184863322,9.65929869225148,0.0,,-5.243338795251211,-5.243338795251211,sequential,7e-06,30,0.4,"(0.333, 0.444]"
1227,10190104000.0,442.0,4.0,0.0,0.1581294852650975,9.407254107695437,0.0,,-3.6146165450159247,-3.6146165450159247,sequential,7e-06,30,0.4,"(0.111, 0.222]"
1228,10190105000.0,442.0,5.0,0.0,0.0676569152590679,9.504868170830427,0.0,,-2.747062173345682,-2.747062173345682,sequential,7e-06,30,0.4,"(0.0, 0.111]"
1229,10191100000.0,443.0,0.0,0.0,0.1581162802432671,5.4165534019780734,0.0,,-3.61286138801685,-3.61286138801685,sequential,7e-06,30,0.5,"(0.111, 0.222]"
1230,10191101000.0,443.0,1.0,0.0,0.35002862591723,7.31162005821424,0.0,,-5.216419287499696,-5.216419287499696,sequential,7e-06,30,0.5,"(0.333, 0.444]"
1231,10191102000.0,443.0,2.0,0.0,0.0675160898401786,4.646597552291508,0.0,,-2.734364623510625,-2.734364623510625,sequential,7e-06,30,0.5,"(0.0, 0.111]"
1232,10191103000.0,443.0,3.0,0.0,0.3504785279726067,3.817672616725032,0.0,,-5.224387952771496,-5.224387952771496,sequential,7e-06,30,0.5,"(0.333, 0.444]"
1233,10191104000.0,443.0,4.0,0.0,0.1579320114674048,7.09643808147288,0.0,,-3.595689777017101,-3.595689777017101,sequential,7e-06,30,0.5,"(0.111, 0.222]"
1234,10191105000.0,443.0,5.0,0.0,0.0675250192817061,4.538351889925551,0.0,,-2.7351667675637925,-2.7351667675637925,sequential,7e-06,30,0.5,"(0.0, 0.111]"
1235,10192100000.0,444.0,0.0,0.0,0.1580597270240564,2.3717541526343173,0.0,,-3.60740788812378,-3.60740788812378,sequential,7e-06,30,0.7,"(0.111, 0.222]"
1236,10192101000.0,444.0,1.0,0.0,0.3514490644342939,4.449913430981836,0.0,,-5.241201234990599,-5.241201234990599,sequential,7e-06,30,0.7,"(0.333, 0.444]"
1237,10192102000.0,444.0,2.0,0.0,0.0676836568489587,1.6742473144604344,0.0,,-2.749355825145864,-2.749355825145864,sequential,7e-06,30,0.7,"(0.0, 0.111]"
1238,10192103000.0,444.0,3.0,0.0,0.3504851843380037,4.927980245027095,0.0,,-5.224647681053692,-5.224647681053692,sequential,7e-06,30,0.7,"(0.333, 0.444]"
1239,10192104000.0,444.0,4.0,0.0,0.1584290768883247,1.7340289344259412,0.0,,-3.644635081179108,-3.644635081179108,sequential,7e-06,30,0.7,"(0.111, 0.222]"
1240,10192105000.0,444.0,5.0,0.0,0.06758238936498,2.027675519819303,0.0,,-2.740046112750927,-2.740046112750927,sequential,7e-06,30,0.7,"(0.0, 0.111]"
1241,10193100000.0,445.0,0.0,0.0,0.1582355274371717,0.7691791916071186,0.0,,-3.624697519484514,-3.624697519484514,sequential,7e-06,30,1.0,"(0.111, 0.222]"
1242,10193101000.0,445.0,1.0,0.0,0.3517294209333688,6.05281540678144,0.0,,-5.246634193514261,-5.246634193514261,sequential,7e-06,30,1.0,"(0.333, 0.444]"
1243,10193102000.0,445.0,2.0,0.0,0.0674658347298543,0.9726985234811109,0.0,,-2.7301237289144824,-2.7301237289144824,sequential,7e-06,30,1.0,"(0.0, 0.111]"
1244,10193103000.0,445.0,3.0,0.0,0.3519078510852806,5.87653512819082,0.0,,-5.2499282585599145,-5.2499282585599145,sequential,7e-06,30,1.0,"(0.333, 0.444]"
1245,10193104000.0,445.0,4.0,0.0,0.1581159329538537,0.8258791946886144,0.0,,-3.613207130398045,-3.613207130398045,sequential,7e-06,30,1.0,"(0.111, 0.222]"
1246,10193105000.0,445.0,5.0,0.0,0.0674960745826232,0.932955354938336,0.0,,-2.732822969017564,-2.732822969017564,sequential,7e-06,30,1.0,"(0.0, 0.111]"
1247,10194100000.0,446.0,0.0,0.0,0.1579810116618493,0.3781523022625866,0.0,,-3.600914814279295,-3.600914814279295,sequential,7e-06,30,1.5,"(0.111, 0.222]"
1248,10194101000.0,446.0,1.0,0.0,0.3485905089501072,3.300165171469356,0.0,,-5.193265421417053,-5.193265421417053,sequential,7e-06,30,1.5,"(0.333, 0.444]"
1249,10194102000.0,446.0,2.0,0.0,0.067404978693652,0.4763537866087908,0.0,,-2.725274722704984,-2.725274722704984,sequential,7e-06,30,1.5,"(0.0, 0.111]"
1250,10194103000.0,446.0,3.0,0.0,0.3490960590716643,2.9100841132478608,0.0,,-5.201847255665892,-5.201847255665892,sequential,7e-06,30,1.5,"(0.333, 0.444]"
1251,10194104000.0,446.0,4.0,0.0,0.1584791236159812,0.2690176265093419,0.0,,-3.650474409575869,-3.650474409575869,sequential,7e-06,30,1.5,"(0.111, 0.222]"
1252,10194105000.0,446.0,5.0,0.0,0.0674857348787672,0.4651480527373045,0.0,,-2.731985785469739,-2.731985785469739,sequential,7e-06,30,1.5,"(0.0, 0.111]"
1253,10195100000.0,447.0,0.0,0.0,0.158243582696013,0.1644578014483257,0.0,,-3.624931443266502,-3.624931443266502,sequential,7e-06,30,2.0,"(0.111, 0.222]"
1254,10195101000.0,447.0,1.0,0.0,0.348842221183067,0.8222050979826903,0.0,,-5.19524409849653,-5.19524409849653,sequential,7e-06,30,2.0,"(0.333, 0.444]"
1255,10195102000.0,447.0,2.0,0.0,0.0675574090396604,0.2798744395181984,0.0,,-2.7375026827327247,-2.7375026827327247,sequential,7e-06,30,2.0,"(0.0, 0.111]"
1256,10195103000.0,447.0,3.0,0.0,0.3507442934092149,0.6370330544592566,0.0,,-5.227853041540467,-5.227853041540467,sequential,7e-06,30,2.0,"(0.333, 0.444]"
1257,10195104000.0,447.0,4.0,0.0,0.1583078480549841,0.1606894759194447,0.0,,-3.6316825154675394,-3.6316825154675394,sequential,7e-06,30,2.0,"(0.111, 0.222]"
1258,10195105000.0,447.0,5.0,0.0,0.0675929536199205,0.2786219028919918,0.0,,-2.7407546734258257,-2.7407546734258257,sequential,7e-06,30,2.0,"(0.0, 0.111]"
1259,10196100000.0,469.0,0.0,0.0,0.1378093140368855,9.445698657165025,0.0,,-3.956451742106416,-3.956451742106416,sequential,8e-06,30,0.1,"(0.111, 0.222]"
1260,10196101000.0,469.0,1.0,0.0,0.3062596106986243,8.005571986706924,0.0,,-5.693780690926119,-5.693780690926119,sequential,8e-06,30,0.1,"(0.222, 0.333]"
1261,10196102000.0,469.0,2.0,0.0,0.0587157494013141,5.967449437823622,0.0,,-3.012424118565828,-3.012424118565828,sequential,8e-06,30,0.1,"(0.0, 0.111]"
1262,10196103000.0,469.0,3.0,0.0,0.3058473973498111,8.893696670238628,0.0,,-5.683359679918548,-5.683359679918548,sequential,8e-06,30,0.1,"(0.222, 0.333]"
1263,10196104000.0,469.0,4.0,0.0,0.1375823191847438,9.031345612750378,0.0,,-4.02954884529258,-4.02954884529258,sequential,8e-06,30,0.1,"(0.111, 0.222]"
1264,10196105000.0,469.0,5.0,0.0,0.0586903475309753,6.706270812224667,0.0,,-3.0095910248652835,-3.0095910248652835,sequential,8e-06,30,0.1,"(0.0, 0.111]"
1265,10197100000.0,470.0,0.0,0.0,0.1374629403793124,7.676632445416602,0.0,,-4.014800463859544,-4.014800463859544,sequential,8e-06,30,0.4,"(0.111, 0.222]"
1266,10197101000.0,470.0,1.0,0.0,0.3065747442664455,5.431166773457282,0.0,,-5.6957641909339705,-5.6957641909339705,sequential,8e-06,30,0.4,"(0.222, 0.333]"
1267,10197102000.0,470.0,2.0,0.0,0.0585619527340684,7.659698431910397,0.0,,-2.993498512862248,-2.993498512862248,sequential,8e-06,30,0.4,"(0.0, 0.111]"
1268,10197103000.0,470.0,3.0,0.0,0.3059481939164801,5.00451285066052,0.0,,-5.679606211140278,-5.679606211140278,sequential,8e-06,30,0.4,"(0.222, 0.333]"
1269,10197104000.0,470.0,4.0,0.0,0.1378814682081338,8.87446608145336,0.0,,-3.960491374915166,-3.960491374915166,sequential,8e-06,30,0.4,"(0.111, 0.222]"
1270,10197105000.0,470.0,5.0,0.0,0.058480373762344,8.500665436447685,0.0,,-2.985019126999425,-2.985019126999425,sequential,8e-06,30,0.4,"(0.0, 0.111]"
1271,10198100000.0,471.0,0.0,0.0,0.1375921610569287,6.854338735962524,0.0,,-4.028108407343217,-4.028108407343217,sequential,8e-06,30,0.5,"(0.111, 0.222]"
1272,10198101000.0,471.0,1.0,0.0,0.3045328266696039,4.970447628749578,0.0,,-5.648353038164326,-5.648353038164326,sequential,8e-06,30,0.5,"(0.222, 0.333]"
1273,10198102000.0,471.0,2.0,0.0,0.0585853479514298,3.721692628774652,0.0,,-2.996502834955149,-2.996502834955149,sequential,8e-06,30,0.5,"(0.0, 0.111]"
1274,10198103000.0,471.0,3.0,0.0,0.3053479841163049,8.851388137767273,0.0,,-5.666927828125733,-5.666927828125733,sequential,8e-06,30,0.5,"(0.222, 0.333]"
1275,10198104000.0,471.0,4.0,0.0,0.1377323541414012,5.941283580047032,0.0,,-3.946090166921938,-3.946090166921938,sequential,8e-06,30,0.5,"(0.111, 0.222]"
1276,10198105000.0,471.0,5.0,0.0,0.0584404436390172,4.8651983185255325,0.0,,-2.981257309103401,-2.981257309103401,sequential,8e-06,30,0.5,"(0.0, 0.111]"
1277,10199100000.0,472.0,0.0,0.0,0.137833288538857,2.0536990784747773,0.0,,-3.957018921310064,-3.957018921310064,sequential,8e-06,30,0.7,"(0.111, 0.222]"
1278,10199101000.0,472.0,1.0,0.0,0.3073719441672656,5.678436971581353,0.0,,-5.718363065539703,-5.718363065539703,sequential,8e-06,30,0.7,"(0.222, 0.333]"
1279,10199102000.0,472.0,2.0,0.0,0.0585022529324248,2.067289760825247,0.0,,-2.988193886331441,-2.988193886331441,sequential,8e-06,30,0.7,"(0.0, 0.111]"
1280,10199103000.0,472.0,3.0,0.0,0.3080221700868463,4.328358919755355,0.0,,-5.734950671289008,-5.734950671289008,sequential,8e-06,30,0.7,"(0.222, 0.333]"
1281,10199104000.0,472.0,4.0,0.0,0.137643543358191,2.6442197563599863,0.0,,-3.938218788933552,-3.938218788933552,sequential,8e-06,30,0.7,"(0.111, 0.222]"
1282,10199105000.0,472.0,5.0,0.0,0.058528527450398,1.9793139544414495,0.0,,-2.9910250874581696,-2.9910250874581696,sequential,8e-06,30,0.7,"(0.0, 0.111]"
1283,10200100000.0,473.0,0.0,0.0,0.137513094031998,1.0263650197327252,0.0,,-4.020350793994192,-4.020350793994192,sequential,8e-06,30,1.0,"(0.111, 0.222]"
1284,10200101000.0,473.0,1.0,0.0,0.3040680136564991,4.190910965196115,0.0,,-5.6371021338958895,-5.6371021338958895,sequential,8e-06,30,1.0,"(0.222, 0.333]"
1285,10200102000.0,473.0,2.0,0.0,0.0586612774433235,0.7381180791016543,0.0,,-3.0048220207093994,-3.0048220207093994,sequential,8e-06,30,1.0,"(0.0, 0.111]"
1286,10200103000.0,473.0,3.0,0.0,0.3052723335750402,8.526595596953342,0.0,,-5.664832424118263,-5.664832424118263,sequential,8e-06,30,1.0,"(0.222, 0.333]"
1287,10200104000.0,473.0,4.0,0.0,0.1379163434194832,0.6739307384792615,0.0,,-3.964780756812501,-3.964780756812501,sequential,8e-06,30,1.0,"(0.111, 0.222]"
1288,10200105000.0,473.0,5.0,0.0,0.0585871536641672,0.7839463288648885,0.0,,-2.9966269286322507,-2.9966269286322507,sequential,8e-06,30,1.0,"(0.0, 0.111]"
1289,10201100000.0,474.0,0.0,0.0,0.1376453715083992,0.3317562889569297,0.0,,-3.937126047709172,-3.937126047709172,sequential,8e-06,30,1.5,"(0.111, 0.222]"
1290,10201101000.0,474.0,1.0,0.0,0.3055798158701613,2.7060298039764223,0.0,,-5.672541482438957,-5.672541482438957,sequential,8e-06,30,1.5,"(0.222, 0.333]"
1291,10201102000.0,474.0,2.0,0.0,0.058343161559329,0.4452165262766113,0.0,,-2.971393827718506,-2.971393827718506,sequential,8e-06,30,1.5,"(0.0, 0.111]"
1292,10201103000.0,474.0,3.0,0.0,0.3076672976096882,1.6814405682664268,0.0,,-5.724669578504819,-5.724669578504819,sequential,8e-06,30,1.5,"(0.222, 0.333]"
1293,10201104000.0,474.0,4.0,0.0,0.1379547562420942,0.2838637044576372,0.0,,-3.969010061457731,-3.969010061457731,sequential,8e-06,30,1.5,"(0.111, 0.222]"
1294,10201105000.0,474.0,5.0,0.0,0.0584991473742066,0.4156923088829867,0.0,,-2.9875136935005115,-2.9875136935005115,sequential,8e-06,30,1.5,"(0.0, 0.111]"
1295,10202100000.0,475.0,0.0,0.0,0.1380655912500627,0.166380174537035,0.0,,-3.98198873445864,-3.98198873445864,sequential,8e-06,30,2.0,"(0.111, 0.222]"
1296,10202101000.0,475.0,1.0,0.0,0.307481651268809,0.6692417302275913,0.0,,-5.7218470757761954,-5.7218470757761954,sequential,8e-06,30,2.0,"(0.222, 0.333]"
1297,10202102000.0,475.0,2.0,0.0,0.0587474210602444,0.2766574368372211,0.0,,-3.0149227277437487,-3.0149227277437487,sequential,8e-06,30,2.0,"(0.0, 0.111]"
1298,10202103000.0,475.0,3.0,0.0,0.3078562834633451,0.6329964789977738,0.0,,-5.731906696184668,-5.731906696184668,sequential,8e-06,30,2.0,"(0.222, 0.333]"
1299,10202104000.0,475.0,4.0,0.0,0.1378279868044938,0.1824054107591418,0.0,,-3.956882825577393,-3.956882825577393,sequential,8e-06,30,2.0,"(0.111, 0.222]"
1300,10202105000.0,475.0,5.0,0.0,0.0587184218088913,0.2757616687273409,0.0,,-3.0116871595556844,-3.0116871595556844,sequential,8e-06,30,2.0,"(0.0, 0.111]"
1301,10203100000.0,497.0,0.0,0.0,0.1090728000513702,8.574219142792142,0.0,,-4.670060625326189,-4.670060625326189,sequential,1e-05,30,0.1,"(0.0, 0.111]"
1302,10203101000.0,497.0,1.0,0.0,0.2463233028162801,8.820156650460607,0.0,,-6.619274907103502,-6.619274907103502,sequential,1e-05,30,0.1,"(0.222, 0.333]"
1303,10203102000.0,497.0,2.0,0.0,0.0469892587195175,6.9374922303571385,0.0,,-3.541544947889665,-3.541544947889665,sequential,1e-05,30,0.1,"(0.0, 0.111]"
1304,10203103000.0,497.0,3.0,0.0,0.2444234833671435,5.630247881179837,0.0,,-6.526058440276207,-6.526058440276207,sequential,1e-05,30,0.1,"(0.222, 0.333]"
1305,10203104000.0,497.0,4.0,0.0,0.1093223071634909,9.943811103599645,0.0,,-4.700437346261116,-4.700437346261116,sequential,1e-05,30,0.1,"(0.0, 0.111]"
1306,10203105000.0,497.0,5.0,0.0,0.0470901125238464,9.61284998824455,0.0,,-3.485602613462973,-3.485602613462973,sequential,1e-05,30,0.1,"(0.0, 0.111]"
1307,10204100000.0,498.0,0.0,0.0,0.1094936137040241,7.410145146572948,0.0,,-4.722651524643977,-4.722651524643977,sequential,1e-05,30,0.4,"(0.0, 0.111]"
1308,10204101000.0,498.0,1.0,0.0,0.2448150652850957,8.500539709158335,0.0,,-6.546345974901206,-6.546345974901206,sequential,1e-05,30,0.4,"(0.222, 0.333]"
1309,10204102000.0,498.0,2.0,0.0,0.0469710985223149,8.944097394295051,0.0,,-3.538775483273902,-3.538775483273902,sequential,1e-05,30,0.4,"(0.0, 0.111]"
1310,10204103000.0,498.0,3.0,0.0,0.2467602207799613,3.700539913369594,0.0,,-6.64544324188588,-6.64544324188588,sequential,1e-05,30,0.4,"(0.222, 0.333]"
1311,10204104000.0,498.0,4.0,0.0,0.1093396001005851,8.209399668350995,0.0,,-4.703228426818216,-4.703228426818216,sequential,1e-05,30,0.4,"(0.0, 0.111]"
1312,10204105000.0,498.0,5.0,0.0,0.0470704466512344,7.432377775147614,0.0,,-3.4821491714170048,-3.4821491714170048,sequential,1e-05,30,0.4,"(0.0, 0.111]"
1313,10205100000.0,499.0,0.0,0.0,0.109547683118328,5.997163057473487,0.0,,-4.625276448927742,-4.625276448927742,sequential,1e-05,30,0.5,"(0.0, 0.111]"
1314,10205101000.0,499.0,1.0,0.0,0.246823791160636,9.454687526124427,0.0,,-6.658042965846011,-6.658042965846011,sequential,1e-05,30,0.5,"(0.222, 0.333]"
1315,10205102000.0,499.0,2.0,0.0,0.0471834518669971,4.034656081597822,0.0,,-3.5097541728185377,-3.5097541728185377,sequential,1e-05,30,0.5,"(0.0, 0.111]"
1316,10205103000.0,499.0,3.0,0.0,0.2462984993089537,7.191436810651778,0.0,,-6.629939364338635,-6.629939364338635,sequential,1e-05,30,0.5,"(0.222, 0.333]"
1317,10205104000.0,499.0,4.0,0.0,0.1095256654746956,6.093998864974688,0.0,,-4.6222996735305815,-4.6222996735305815,sequential,1e-05,30,0.5,"(0.0, 0.111]"
1318,10205105000.0,499.0,5.0,0.0,0.047056336711256,5.4110011782452885,0.0,,-3.4826787513803272,-3.4826787513803272,sequential,1e-05,30,0.5,"(0.0, 0.111]"
1319,10206100000.0,500.0,0.0,0.0,0.1093078137053431,1.928412647303157,0.0,,-4.698972922000376,-4.698972922000376,sequential,1e-05,30,0.7,"(0.0, 0.111]"
1320,10206101000.0,500.0,1.0,0.0,0.2452842316745455,5.226232034037998,0.0,,-6.567443138523538,-6.567443138523538,sequential,1e-05,30,0.7,"(0.222, 0.333]"
1321,10206102000.0,500.0,2.0,0.0,0.0469463038897772,1.8743568795479584,0.0,,-3.533552486781754,-3.533552486781754,sequential,1e-05,30,0.7,"(0.0, 0.111]"
1322,10206103000.0,500.0,3.0,0.0,0.2466550170645046,5.5459793564496245,0.0,,-6.63897045200082,-6.63897045200082,sequential,1e-05,30,0.7,"(0.222, 0.333]"
1323,10206104000.0,500.0,4.0,0.0,0.1091602963554134,2.220021051094346,0.0,,-4.681227431302445,-4.681227431302445,sequential,1e-05,30,0.7,"(0.0, 0.111]"
1324,10206105000.0,500.0,5.0,0.0,0.0469420684126379,1.9185647059456767,0.0,,-3.532690239988741,-3.532690239988741,sequential,1e-05,30,0.7,"(0.0, 0.111]"
1325,10207100000.0,501.0,0.0,0.0,0.1094499666434903,0.5814524434444325,0.0,,-4.7165240293077,-4.7165240293077,sequential,1e-05,30,1.0,"(0.0, 0.111]"
1326,10207101000.0,501.0,1.0,0.0,0.2453757204076369,6.765334989630638,0.0,,-6.571540643035348,-6.571540643035348,sequential,1e-05,30,1.0,"(0.222, 0.333]"
1327,10207102000.0,501.0,2.0,0.0,0.0469221352793389,0.8435196008932608,0.0,,-3.528451635187372,-3.528451635187372,sequential,1e-05,30,1.0,"(0.0, 0.111]"
1328,10207103000.0,501.0,3.0,0.0,0.2458276780922479,5.528155991897958,0.0,,-6.593749802559813,-6.593749802559813,sequential,1e-05,30,1.0,"(0.222, 0.333]"
1329,10207104000.0,501.0,4.0,0.0,0.1090853172918252,0.7934086567792811,0.0,,-4.671798781214623,-4.671798781214623,sequential,1e-05,30,1.0,"(0.0, 0.111]"
1330,10207105000.0,501.0,5.0,0.0,0.0469556045851113,0.7836075092609079,0.0,,-3.535253393629285,-3.535253393629285,sequential,1e-05,30,1.0,"(0.0, 0.111]"
1331,10208100000.0,502.0,0.0,0.0,0.1091650392084197,0.2674256457212402,0.0,,-4.679674930460922,-4.679674930460922,sequential,1e-05,30,1.5,"(0.0, 0.111]"
1332,10208101000.0,502.0,1.0,0.0,0.2437081405826555,3.100439932204652,0.0,,-6.490627606027542,-6.490627606027542,sequential,1e-05,30,1.5,"(0.222, 0.333]"
1333,10208102000.0,502.0,2.0,0.0,0.046900479726807,0.3884345346375086,0.0,,-3.523144544481665,-3.523144544481665,sequential,1e-05,30,1.5,"(0.0, 0.111]"
1334,10208103000.0,502.0,3.0,0.0,0.2454102163786152,1.6753944170396655,0.0,,-6.569658229934781,-6.569658229934781,sequential,1e-05,30,1.5,"(0.222, 0.333]"
1335,10208104000.0,502.0,4.0,0.0,0.1088543611147625,0.318457706309934,0.0,,-4.63618829191667,-4.63618829191667,sequential,1e-05,30,1.5,"(0.0, 0.111]"
1336,10208105000.0,502.0,5.0,0.0,0.0469000950649435,0.3884126095857612,0.0,,-3.52306530067142,-3.52306530067142,sequential,1e-05,30,1.5,"(0.0, 0.111]"
1337,10209100000.0,503.0,0.0,0.0,0.1094097583227014,0.1592044271459588,0.0,,-4.712307893677699,-4.712307893677699,sequential,1e-05,30,2.0,"(0.0, 0.111]"
1338,10209101000.0,503.0,1.0,0.0,0.2452156583967941,1.2212624529447096,0.0,,-6.5645553691369205,-6.5645553691369205,sequential,1e-05,30,2.0,"(0.222, 0.333]"
1339,10209102000.0,503.0,2.0,0.0,0.0469715504766808,0.2575320214324997,0.0,,-3.538896209244137,-3.538896209244137,sequential,1e-05,30,2.0,"(0.0, 0.111]"
1340,10209103000.0,503.0,3.0,0.0,0.2451853569842316,1.211206010025562,0.0,,-6.563035407546465,-6.563035407546465,sequential,1e-05,30,2.0,"(0.222, 0.333]"
1341,10209104000.0,503.0,4.0,0.0,0.1094178318791734,0.1535118856641606,0.0,,-4.713358999711167,-4.713358999711167,sequential,1e-05,30,2.0,"(0.0, 0.111]"
1342,10209105000.0,503.0,5.0,0.0,0.0469399486769712,0.2645831988458968,0.0,,-3.532461299101326,-3.532461299101326,sequential,1e-05,30,2.0,"(0.0, 0.111]"
1343,10210100000.0,525.0,0.0,0.0,0.0607690831563414,5.884570938015836,0.0,,-7.141611171504901,-7.141611171504901,sequential,2e-05,30,0.1,"(0.0, 0.111]"
1344,10210101000.0,525.0,1.0,0.0,0.1379738985240587,4.157158555046184,0.0,,-9.735320532214567,-9.735320532214567,sequential,2e-05,30,0.1,"(0.111, 0.222]"
1345,10210102000.0,525.0,2.0,0.0,0.0260009369210708,6.772082243746702,0.0,,-5.330858223364879,-5.330858223364879,sequential,2e-05,30,0.1,"(0.0, 0.111]"
1346,10210103000.0,525.0,3.0,0.0,0.1382885796685566,3.0047437928628216,0.0,,-9.75881321464705,-9.75881321464705,sequential,2e-05,30,0.1,"(0.111, 0.222]"
1347,10210104000.0,525.0,4.0,0.0,0.0606808740843605,6.230752196081462,0.0,,-7.055956633552445,-7.055956633552445,sequential,2e-05,30,0.1,"(0.0, 0.111]"
1348,10210105000.0,525.0,5.0,0.0,0.0260460990632542,7.957676481989825,0.0,,-5.372134477974225,-5.372134477974225,sequential,2e-05,30,0.1,"(0.0, 0.111]"
1349,10211100000.0,526.0,0.0,0.0,0.0607689814678044,4.880074899510116,0.0,,-7.153814778610959,-7.153814778610959,sequential,2e-05,30,0.4,"(0.0, 0.111]"
1350,10211101000.0,526.0,1.0,0.0,0.1396413397621372,4.916902132241393,0.0,,-9.88463739007329,-9.88463739007329,sequential,2e-05,30,0.4,"(0.111, 0.222]"
1351,10211102000.0,526.0,2.0,0.0,0.0260631047451392,4.3319708076490695,0.0,,-5.395881183059282,-5.395881183059282,sequential,2e-05,30,0.4,"(0.0, 0.111]"
1352,10211103000.0,526.0,3.0,0.0,0.1388654056514461,4.468203362478349,0.0,,-9.821373155885142,-9.821373155885142,sequential,2e-05,30,0.4,"(0.111, 0.222]"
1353,10211104000.0,526.0,4.0,0.0,0.0607818395409169,5.036281938351686,0.0,,-7.168690176337795,-7.168690176337795,sequential,2e-05,30,0.4,"(0.0, 0.111]"
1354,10211105000.0,526.0,5.0,0.0,0.0260623511182373,4.394327855390086,0.0,,-5.395129459686339,-5.395129459686339,sequential,2e-05,30,0.4,"(0.0, 0.111]"
1355,10212100000.0,527.0,0.0,0.0,0.0607834616780558,3.3987097150822327,0.0,,-7.160796630735301,-7.160796630735301,sequential,2e-05,30,0.5,"(0.0, 0.111]"
1356,10212101000.0,527.0,1.0,0.0,0.138209898478231,4.75063179966156,0.0,,-9.757749125722084,-9.757749125722084,sequential,2e-05,30,0.5,"(0.111, 0.222]"
1357,10212102000.0,527.0,2.0,0.0,0.0260638199597707,2.500227975918774,0.0,,-5.391170562763242,-5.391170562763242,sequential,2e-05,30,0.5,"(0.0, 0.111]"
1358,10212103000.0,527.0,3.0,0.0,0.1384887286885066,5.452919575051844,0.0,,-9.780271273920084,-9.780271273920084,sequential,2e-05,30,0.5,"(0.111, 0.222]"
1359,10212104000.0,527.0,4.0,0.0,0.0607520179916864,3.520836725289644,0.0,,-7.126673461856496,-7.126673461856496,sequential,2e-05,30,0.5,"(0.0, 0.111]"
1360,10212105000.0,527.0,5.0,0.0,0.0260902487413456,2.270738176642525,0.0,,-5.417573651112262,-5.417573651112262,sequential,2e-05,30,0.5,"(0.0, 0.111]"
1361,10213100000.0,528.0,0.0,0.0,0.0607581161531341,2.030083441247726,0.0,,-7.141136678321482,-7.141136678321482,sequential,2e-05,30,0.7,"(0.0, 0.111]"
1362,10213101000.0,528.0,1.0,0.0,0.1398788422981765,5.770547666121728,0.0,,-9.904751938581136,-9.904751938581136,sequential,2e-05,30,0.7,"(0.111, 0.222]"
1363,10213102000.0,528.0,2.0,0.0,0.0260612307524598,1.3147101668489234,0.0,,-5.393700162221172,-5.393700162221172,sequential,2e-05,30,0.7,"(0.0, 0.111]"
1364,10213103000.0,528.0,3.0,0.0,0.1389128024175439,7.242986186616319,0.0,,-9.824583524354844,-9.824583524354844,sequential,2e-05,30,0.7,"(0.111, 0.222]"
1365,10213104000.0,528.0,4.0,0.0,0.0608029356129657,1.4660536844478176,0.0,,-7.192555626825823,-7.192555626825823,sequential,2e-05,30,0.7,"(0.0, 0.111]"
1366,10213105000.0,528.0,5.0,0.0,0.026067193896487,1.282873784831143,0.0,,-5.399632661510898,-5.399632661510898,sequential,2e-05,30,0.7,"(0.0, 0.111]"
1367,10214100000.0,529.0,0.0,0.0,0.0607275750091049,0.6140626290355363,0.0,,-7.100140808736509,-7.100140808736509,sequential,2e-05,30,1.0,"(0.0, 0.111]"
1368,10214101000.0,529.0,1.0,0.0,0.1379440630091563,5.175729969579261,0.0,,-9.734953694897094,-9.734953694897094,sequential,2e-05,30,1.0,"(0.111, 0.222]"
1369,10214102000.0,529.0,2.0,0.0,0.0260519385578475,0.5321235230877067,0.0,,-5.378696823768388,-5.378696823768388,sequential,2e-05,30,1.0,"(0.0, 0.111]"
1370,10214103000.0,529.0,3.0,0.0,0.13858174917387,4.445661542003899,0.0,,-9.784627254282574,-9.784627254282574,sequential,2e-05,30,1.0,"(0.111, 0.222]"
1371,10214104000.0,529.0,4.0,0.0,0.0607832102715006,0.4374697854586326,0.0,,-7.159510489184135,-7.159510489184135,sequential,2e-05,30,1.0,"(0.0, 0.111]"
1372,10214105000.0,529.0,5.0,0.0,0.0260811123192579,0.5010186231012308,0.0,,-5.407528926296878,-5.407528926296878,sequential,2e-05,30,1.0,"(0.0, 0.111]"
1373,10215100000.0,530.0,0.0,0.0,0.0607719435100268,0.2793490417690272,0.0,,-7.158068554894791,-7.158068554894791,sequential,2e-05,30,1.5,"(0.0, 0.111]"
1374,10215101000.0,530.0,1.0,0.0,0.1388896905932072,2.3282619351888347,0.0,,-9.824444228294524,-9.824444228294524,sequential,2e-05,30,1.5,"(0.111, 0.222]"
1375,10215102000.0,530.0,2.0,0.0,0.0261198143390355,0.3091305503325401,0.0,,-5.453442971979262,-5.453442971979262,sequential,2e-05,30,1.5,"(0.0, 0.111]"
1376,10215103000.0,530.0,3.0,0.0,0.1396258255557874,1.6753575597998025,0.0,,-9.884131618904217,-9.884131618904217,sequential,2e-05,30,1.5,"(0.111, 0.222]"
1377,10215104000.0,530.0,4.0,0.0,0.0608103895075561,0.2386637026274659,0.0,,-7.2036149373774565,-7.2036149373774565,sequential,2e-05,30,1.5,"(0.0, 0.111]"
1378,10215105000.0,530.0,5.0,0.0,0.02609952953871,0.3140103811485848,0.0,,-5.432568803227103,-5.432568803227103,sequential,2e-05,30,1.5,"(0.0, 0.111]"
1379,10216100000.0,531.0,0.0,0.0,0.0607959288639493,0.1425651084114838,0.0,,-7.184457769393664,-7.184457769393664,sequential,2e-05,30,2.0,"(0.0, 0.111]"
1380,10216101000.0,531.0,1.0,0.0,0.1387975605481358,1.078629106492771,0.0,,-9.816377919274032,-9.816377919274032,sequential,2e-05,30,2.0,"(0.111, 0.222]"
1381,10216102000.0,531.0,2.0,0.0,0.0261079330497925,0.2259061947963326,0.0,,-5.441313940615713,-5.441313940615713,sequential,2e-05,30,2.0,"(0.0, 0.111]"
1382,10216103000.0,531.0,3.0,0.0,0.1403398244385082,0.5881764092257482,0.0,,-9.944701988032865,-9.944701988032865,sequential,2e-05,30,2.0,"(0.111, 0.222]"
1383,10216104000.0,531.0,4.0,0.0,0.0607780272948992,0.1418478189830695,0.0,,-7.164680228166371,-7.164680228166371,sequential,2e-05,30,2.0,"(0.0, 0.111]"
1384,10216105000.0,531.0,5.0,0.0,0.0261017781044343,0.2229176957276796,0.0,,-5.43477021959222,-5.43477021959222,sequential,2e-05,30,2.0,"(0.0, 0.111]"
1385,10217100000.0,553.0,0.0,0.0,0.0463330194936163,3.336680091361077,0.0,,-8.72813379708111,-8.72813379708111,sequential,3e-05,30,0.1,"(0.0, 0.111]"
1386,10217101000.0,553.0,1.0,0.0,0.1068284644031839,2.0870211127130167,0.0,,-12.095374870675236,-12.095374870675236,sequential,3e-05,30,0.1,"(0.0, 0.111]"
1387,10217102000.0,553.0,2.0,0.0,0.0200517250209494,9.36797764661354,0.0,,-6.60600027753064,-6.60600027753064,sequential,3e-05,30,0.1,"(0.0, 0.111]"
1388,10217103000.0,553.0,3.0,0.0,0.1070617931152905,2.174665165597613,0.0,,-11.834397637314384,-11.834397637314384,sequential,3e-05,30,0.1,"(0.0, 0.111]"
1389,10217104000.0,553.0,4.0,0.0,0.0463422821424277,4.114930912713762,0.0,,-8.786464507485984,-8.786464507485984,sequential,3e-05,30,0.1,"(0.0, 0.111]"
1390,10217105000.0,553.0,5.0,0.0,0.0200446319285508,9.689726163675967,0.0,,-6.591898250408172,-6.591898250408172,sequential,3e-05,30,0.1,"(0.0, 0.111]"
1391,10218100000.0,554.0,0.0,0.0,0.0463348887919289,3.634595045816853,0.0,,-8.741524649709985,-8.741524649709985,sequential,3e-05,30,0.4,"(0.0, 0.111]"
1392,10218101000.0,554.0,1.0,0.0,0.106912122671882,3.2694264033395104,0.0,,-11.805977575004976,-11.805977575004976,sequential,3e-05,30,0.4,"(0.0, 0.111]"
1393,10218102000.0,554.0,2.0,0.0,0.0200571269968876,3.3396679302871464,0.0,,-6.618658391996238,-6.618658391996238,sequential,3e-05,30,0.4,"(0.0, 0.111]"
1394,10218103000.0,554.0,3.0,0.0,0.1065285782444164,2.746416842408979,0.0,,-12.043825374730591,-12.043825374730591,sequential,3e-05,30,0.4,"(0.0, 0.111]"
1395,10218104000.0,554.0,4.0,0.0,0.0463467425181559,3.304553281022649,0.0,,-8.668471372379011,-8.668471372379011,sequential,3e-05,30,0.4,"(0.0, 0.111]"
1396,10218105000.0,554.0,5.0,0.0,0.0200654022361271,3.1555124960029106,0.0,,-6.63743320076831,-6.63743320076831,sequential,3e-05,30,0.4,"(0.0, 0.111]"
1397,10219100000.0,555.0,0.0,0.0,0.0463268148522664,2.928429896448295,0.0,,-8.699750483720267,-8.699750483720267,sequential,3e-05,30,0.5,"(0.0, 0.111]"
1398,10219101000.0,555.0,1.0,0.0,0.1063699287415773,3.1996582022521545,0.0,,-12.011932152467145,-12.011932152467145,sequential,3e-05,30,0.5,"(0.0, 0.111]"
1399,10219102000.0,555.0,2.0,0.0,0.0200287295282701,2.23556848248316,0.0,,-6.559403117221081,-6.559403117221081,sequential,3e-05,30,0.5,"(0.0, 0.111]"
1400,10219103000.0,555.0,3.0,0.0,0.1062119292452368,2.9670436681657386,0.0,,-11.986925036882583,-11.986925036882583,sequential,3e-05,30,0.5,"(0.0, 0.111]"
1401,10219104000.0,555.0,4.0,0.0,0.046345620722187,2.187998548632308,0.0,,-8.635760898369988,-8.635760898369988,sequential,3e-05,30,0.5,"(0.0, 0.111]"
1402,10219105000.0,555.0,5.0,0.0,0.0200535188727821,1.740060968409406,0.0,,-6.609387979691089,-6.609387979691089,sequential,3e-05,30,0.5,"(0.0, 0.111]"
1403,10220100000.0,556.0,0.0,0.0,0.0463420045523427,1.0566346878028294,0.0,,-8.785149580467918,-8.785149580467918,sequential,3e-05,30,0.7,"(0.0, 0.111]"
1404,10220101000.0,556.0,1.0,0.0,0.1073230670073997,4.363012492289909,0.0,,-11.886304482216255,-11.886304482216255,sequential,3e-05,30,0.7,"(0.0, 0.111]"
1405,10220102000.0,556.0,2.0,0.0,0.0200631031634147,0.9185299513913712,0.0,,-6.631803994601258,-6.631803994601258,sequential,3e-05,30,0.7,"(0.0, 0.111]"
1406,10220103000.0,556.0,3.0,0.0,0.1071692574065829,4.102135365354114,0.0,,-11.856744049704371,-11.856744049704371,sequential,3e-05,30,0.7,"(0.0, 0.111]"
1407,10220104000.0,556.0,4.0,0.0,0.046335110614961,1.3116124505872029,0.0,,-8.7411145435238,-8.7411145435238,sequential,3e-05,30,0.7,"(0.0, 0.111]"
1408,10220105000.0,556.0,5.0,0.0,0.0200409567671109,1.0980152779656744,0.0,,-6.58442226244242,-6.58442226244242,sequential,3e-05,30,0.7,"(0.0, 0.111]"
1409,10221100000.0,557.0,0.0,0.0,0.0463344153674302,0.6059381322996875,0.0,,-8.736565990936807,-8.736565990936807,sequential,3e-05,30,1.0,"(0.0, 0.111]"
1410,10221101000.0,557.0,1.0,0.0,0.1067385305218287,3.303728520577852,0.0,,-12.081321314713762,-12.081321314713762,sequential,3e-05,30,1.0,"(0.0, 0.111]"
1411,10221102000.0,557.0,2.0,0.0,0.0200457423208963,0.5109495004965924,0.0,,-6.594458640336844,-6.594458640336844,sequential,3e-05,30,1.0,"(0.0, 0.111]"
1412,10221103000.0,557.0,3.0,0.0,0.1071457198622799,3.014865901888069,0.0,,-11.85172107276946,-11.85172107276946,sequential,3e-05,30,1.0,"(0.0, 0.111]"
1413,10221104000.0,557.0,4.0,0.0,0.0463427770008224,0.4560548243931573,0.0,,-8.792026778656021,-8.792026778656021,sequential,3e-05,30,1.0,"(0.0, 0.111]"
1414,10221105000.0,557.0,5.0,0.0,0.0200654938288059,0.4808426280741431,0.0,,-6.637183064698646,-6.637183064698646,sequential,3e-05,30,1.0,"(0.0, 0.111]"
1415,10222100000.0,558.0,0.0,0.0,0.0463394196081601,0.2181441221893804,0.0,,-8.771533103332153,-8.771533103332153,sequential,3e-05,30,1.5,"(0.0, 0.111]"
1416,10222101000.0,558.0,1.0,0.0,0.1073799213158303,1.1056525659277756,0.0,,-11.899121010218542,-11.899121010218542,sequential,3e-05,30,1.5,"(0.0, 0.111]"
1417,10222102000.0,558.0,2.0,0.0,0.020043336644335,0.3051709272568474,0.0,,-6.589978364687386,-6.589978364687386,sequential,3e-05,30,1.5,"(0.0, 0.111]"
1418,10222103000.0,558.0,3.0,0.0,0.1068954088381794,1.5460762340388083,0.0,,-11.802762837103009,-11.802762837103009,sequential,3e-05,30,1.5,"(0.0, 0.111]"
1419,10222104000.0,558.0,4.0,0.0,0.046346725260162,0.1944087117376358,0.0,,-8.668359736051723,-8.668359736051723,sequential,3e-05,30,1.5,"(0.0, 0.111]"
1420,10222105000.0,558.0,5.0,0.0,0.0200347128948972,0.3060035061808956,0.0,,-6.573353661532052,-6.573353661532052,sequential,3e-05,30,1.5,"(0.0, 0.111]"
1421,10223100000.0,559.0,0.0,0.0,0.046346231005351,0.1218748470144371,0.0,,-8.653259239669234,-8.653259239669234,sequential,3e-05,30,2.0,"(0.0, 0.111]"
1422,10223101000.0,559.0,1.0,0.0,0.1073234598520557,0.4705838979267833,0.0,,-11.886634420393312,-11.886634420393312,sequential,3e-05,30,2.0,"(0.0, 0.111]"
1423,10223102000.0,559.0,2.0,0.0,0.0200536902372713,0.2120688832284943,0.0,,-6.610754888053524,-6.610754888053524,sequential,3e-05,30,2.0,"(0.0, 0.111]"
1424,10223103000.0,559.0,3.0,0.0,0.1070750040954584,0.5232304270069678,0.0,,-11.83790065347655,-11.83790065347655,sequential,3e-05,30,2.0,"(0.0, 0.111]"
1425,10223104000.0,559.0,4.0,0.0,0.0463348158392798,0.1358836495826086,0.0,,-8.74002971993717,-8.74002971993717,sequential,3e-05,30,2.0,"(0.0, 0.111]"
1426,10223105000.0,559.0,5.0,0.0,0.0200613379685558,0.2140798174844706,0.0,,-6.627911089187068,-6.627911089187068,sequential,3e-05,30,2.0,"(0.0, 0.111]"
1427,10224100000.0,581.0,0.0,0.0,0.0357265457203495,1.794214315333965,0.0,,-10.75697354001046,-10.75697354001046,sequential,5e-05,30,0.1,"(0.0, 0.111]"
1428,10224101000.0,581.0,1.0,0.0,0.082506957922745,1.2551668876535826,0.0,,-14.518130837808508,-14.518130837808508,sequential,5e-05,30,0.1,"(0.0, 0.111]"
1429,10224102000.0,581.0,2.0,0.0,0.015621410549507,5.946604113049697,0.0,,-8.135812500585367,-8.135812500585367,sequential,5e-05,30,0.1,"(0.0, 0.111]"
1430,10224103000.0,581.0,3.0,0.0,0.0823221719132676,0.998234229044368,0.0,,-14.474584948280029,-14.474584948280029,sequential,5e-05,30,0.1,"(0.0, 0.111]"
1431,10224104000.0,581.0,4.0,0.0,0.0357259878307782,2.0489664625876647,0.0,,-10.76083300888396,-10.76083300888396,sequential,5e-05,30,0.1,"(0.0, 0.111]"
1432,10224105000.0,581.0,5.0,0.0,0.0156231466597714,5.51049622321704,0.0,,-8.173307582631148,-8.173307582631148,sequential,5e-05,30,0.1,"(0.0, 0.111]"
1433,10225100000.0,582.0,0.0,0.0,0.0357270697174163,1.9245220921790125,0.0,,-10.752544705092694,-10.752544705092694,sequential,5e-05,30,0.4,"(0.0, 0.111]"
1434,10225101000.0,582.0,1.0,0.0,0.0821191271305467,1.6862859223163127,0.0,,-14.425899910348775,-14.425899910348775,sequential,5e-05,30,0.4,"(0.0, 0.111]"
1435,10225102000.0,582.0,2.0,0.0,0.0156244378497297,2.487823548570438,0.0,,-8.18185818732487,-8.18185818732487,sequential,5e-05,30,0.4,"(0.0, 0.111]"
1436,10225103000.0,582.0,3.0,0.0,0.0828955090996792,1.6867459645704148,0.0,,-14.618225102074351,-14.618225102074351,sequential,5e-05,30,0.4,"(0.0, 0.111]"
1437,10225104000.0,582.0,4.0,0.0,0.0357328046743121,1.8195522041214616,0.0,,-10.702912495299138,-10.702912495299138,sequential,5e-05,30,0.4,"(0.0, 0.111]"
1438,10225105000.0,582.0,5.0,0.0,0.0156297895362998,2.203458167273604,0.0,,-8.20692271148968,-8.20692271148968,sequential,5e-05,30,0.4,"(0.0, 0.111]"
1439,10226100000.0,583.0,0.0,0.0,0.0357390244451275,1.6108724007957431,0.0,,-10.613986468879634,-10.613986468879634,sequential,5e-05,30,0.5,"(0.0, 0.111]"
1440,10226101000.0,583.0,1.0,0.0,0.0819655931137072,1.7045194379848834,0.0,,-14.391619046573767,-14.391619046573767,sequential,5e-05,30,0.5,"(0.0, 0.111]"
1441,10226102000.0,583.0,2.0,0.0,0.0156225186539605,1.348342995015206,0.0,,-8.164384313527497,-8.164384313527497,sequential,5e-05,30,0.5,"(0.0, 0.111]"
1442,10226103000.0,583.0,3.0,0.0,0.0819556176299942,1.5546205944661158,0.0,,-14.389206165564095,-14.389206165564095,sequential,5e-05,30,0.5,"(0.0, 0.111]"
1443,10226104000.0,583.0,4.0,0.0,0.035736717355479,1.6135223209352851,0.0,,-10.656796338571278,-10.656796338571278,sequential,5e-05,30,0.5,"(0.0, 0.111]"
1444,10226105000.0,583.0,5.0,0.0,0.0156211842715887,1.5871771970537258,0.0,,-8.130253213767746,-8.130253213767746,sequential,5e-05,30,0.5,"(0.0, 0.111]"
1445,10227100000.0,584.0,0.0,0.0,0.0357381464389415,1.0918494159340406,0.0,,-10.650382330903954,-10.650382330903954,sequential,5e-05,30,0.7,"(0.0, 0.111]"
1446,10227101000.0,584.0,1.0,0.0,0.0826524341529427,1.9063464661211469,0.0,,-14.553957342094217,-14.553957342094217,sequential,5e-05,30,0.7,"(0.0, 0.111]"
1447,10227102000.0,584.0,2.0,0.0,0.0156231838482234,0.6759207247635791,0.0,,-8.169389616312117,-8.169389616312117,sequential,5e-05,30,0.7,"(0.0, 0.111]"
1448,10227103000.0,584.0,3.0,0.0,0.0824399759196074,1.75900490442156,0.0,,-14.49913525646574,-14.49913525646574,sequential,5e-05,30,0.7,"(0.0, 0.111]"
1449,10227104000.0,584.0,4.0,0.0,0.0357291430540891,0.8624745446988125,0.0,,-10.73967810280787,-10.73967810280787,sequential,5e-05,30,0.7,"(0.0, 0.111]"
1450,10227105000.0,584.0,5.0,0.0,0.0156223660784095,0.755363006276464,0.0,,-8.146948361106581,-8.146948361106581,sequential,5e-05,30,0.7,"(0.0, 0.111]"
1451,10228100000.0,585.0,0.0,0.0,0.0357251344159056,0.4604265606375245,0.0,,-10.749457524857286,-10.749457524857286,sequential,5e-05,30,1.0,"(0.0, 0.111]"
1452,10228101000.0,585.0,1.0,0.0,0.0832420668825932,1.968466933275977,0.0,,-14.362636054718129,-14.362636054718129,sequential,5e-05,30,1.0,"(0.0, 0.111]"
1453,10228102000.0,585.0,2.0,0.0,0.0156293935058421,0.4284223772740138,0.0,,-8.21681425151542,-8.21681425151542,sequential,5e-05,30,1.0,"(0.0, 0.111]"
1454,10228103000.0,585.0,3.0,0.0,0.0825003913769792,1.7371880916261573,0.0,,-14.536654743812948,-14.536654743812948,sequential,5e-05,30,1.0,"(0.0, 0.111]"
1455,10228104000.0,585.0,4.0,0.0,0.0357086149002871,0.3843093938393132,0.0,,-10.656351374236024,-10.656351374236024,sequential,5e-05,30,1.0,"(0.0, 0.111]"
1456,10228105000.0,585.0,5.0,0.0,0.0156301808059935,0.4257622945820864,0.0,,-8.22082949715698,-8.22082949715698,sequential,5e-05,30,1.0,"(0.0, 0.111]"
1457,10229100000.0,586.0,0.0,0.0,0.0357383828265686,0.1956246622748077,0.0,,-10.649236671180384,-10.649236671180384,sequential,5e-05,30,1.5,"(0.0, 0.111]"
1458,10229101000.0,586.0,1.0,0.0,0.0822039729254259,1.0410478677880448,0.0,,-14.442295340891272,-14.442295340891272,sequential,5e-05,30,1.5,"(0.0, 0.111]"
1459,10229102000.0,586.0,2.0,0.0,0.0156305002262518,0.2291377043598357,0.0,,-8.208511464615228,-8.208511464615228,sequential,5e-05,30,1.5,"(0.0, 0.111]"
1460,10229103000.0,586.0,3.0,0.0,0.081940611174809,1.2049432550345949,0.0,,-14.378523424304795,-14.378523424304795,sequential,5e-05,30,1.5,"(0.0, 0.111]"
1461,10229104000.0,586.0,4.0,0.0,0.0357403788764317,0.2121657408017297,0.0,,-10.608963073604384,-10.608963073604384,sequential,5e-05,30,1.5,"(0.0, 0.111]"
1462,10229105000.0,586.0,5.0,0.0,0.0156224771266789,0.2312909846539477,0.0,,-8.147867543128365,-8.147867543128365,sequential,5e-05,30,1.5,"(0.0, 0.111]"
1463,10230100000.0,587.0,0.0,0.0,0.0357403374916014,0.1213317828045058,0.0,,-10.609466594538414,-10.609466594538414,sequential,5e-05,30,2.0,"(0.0, 0.111]"
1464,10230101000.0,587.0,1.0,0.0,0.0818421843321467,0.6576047795494517,0.0,,-14.358798567393125,-14.358798567393125,sequential,5e-05,30,2.0,"(0.0, 0.111]"
1465,10230102000.0,587.0,2.0,0.0,0.0156206567956592,0.1941164743992084,0.0,,-8.114454898110807,-8.114454898110807,sequential,5e-05,30,2.0,"(0.0, 0.111]"
1466,10230103000.0,587.0,3.0,0.0,0.0823058517880787,0.545030556497941,0.0,,-14.46450729760106,-14.46450729760106,sequential,5e-05,30,2.0,"(0.0, 0.111]"
1467,10230104000.0,587.0,4.0,0.0,0.0357265379657176,0.1093998279501502,0.0,,-10.761275904474845,-10.761275904474845,sequential,5e-05,30,2.0,"(0.0, 0.111]"
1468,10230105000.0,587.0,5.0,0.0,0.0156227927571406,0.1906061434390563,0.0,,-8.15634701614148,-8.15634701614148,sequential,5e-05,30,2.0,"(0.0, 0.111]"
1469,10231100000.0,609.0,0.0,0.0,0.028638383372387,0.6267068063882589,0.0,,-12.645333966586668,-12.645333966586668,sequential,0.0001,30,0.1,"(0.0, 0.111]"
1470,10231101000.0,609.0,1.0,0.0,0.0645462834591407,0.6352211418556977,0.0,,-16.99723666735333,-16.99723666735333,sequential,0.0001,30,0.1,"(0.0, 0.111]"
1471,10231102000.0,609.0,2.0,0.0,0.0127362478461851,2.4140482787508435,0.0,,-9.682730443445648,-9.682730443445648,sequential,0.0001,30,0.1,"(0.0, 0.111]"
1472,10231103000.0,609.0,3.0,0.0,0.0642219606169869,0.5730315225746876,0.0,,-16.895284662056604,-16.895284662056604,sequential,0.0001,30,0.1,"(0.0, 0.111]"
1473,10231104000.0,609.0,4.0,0.0,0.0286110458370372,0.71674196885288,0.0,,-12.713636456623153,-12.713636456623153,sequential,0.0001,30,0.1,"(0.0, 0.111]"
1474,10231105000.0,609.0,5.0,0.0,0.0127365986644357,2.187822659301739,0.0,,-9.679580664833283,-9.679580664833283,sequential,0.0001,30,0.1,"(0.0, 0.111]"
1475,10232100000.0,610.0,0.0,0.0,0.0286168310559008,0.6455078423038857,0.0,,-12.699438271926612,-12.699438271926612,sequential,0.0001,30,0.4,"(0.0, 0.111]"
1476,10232101000.0,610.0,1.0,0.0,0.0637811154106343,0.747646483079434,0.0,,-16.76268310942336,-16.76268310942336,sequential,0.0001,30,0.4,"(0.0, 0.111]"
1477,10232102000.0,610.0,2.0,0.0,0.0127414160970905,1.4345587386477578,0.0,,-9.633454366255869,-9.633454366255869,sequential,0.0001,30,0.4,"(0.0, 0.111]"
1478,10232103000.0,610.0,3.0,0.0,0.0641653337744292,0.6942233249583755,0.0,,-16.877694773540746,-16.877694773540746,sequential,0.0001,30,0.4,"(0.0, 0.111]"
1479,10232104000.0,610.0,4.0,0.0,0.0286221620181576,0.6378522950174205,0.0,,-12.686201798321322,-12.686201798321322,sequential,0.0001,30,0.4,"(0.0, 0.111]"
1480,10232105000.0,610.0,5.0,0.0,0.0127419601640623,1.4519858318780086,0.0,,-9.62814731740717,-9.62814731740717,sequential,0.0001,30,0.4,"(0.0, 0.111]"
1481,10233100000.0,611.0,0.0,0.0,0.028671028306462,0.7167508803872361,0.0,,-12.558972266968745,-12.558972266968745,sequential,0.0001,30,0.5,"(0.0, 0.111]"
1482,10233101000.0,611.0,1.0,0.0,0.0637108770977533,0.7779887582699115,0.0,,-16.73553433485993,-16.73553433485993,sequential,0.0001,30,0.5,"(0.0, 0.111]"
1483,10233102000.0,611.0,2.0,0.0,0.0127397846592211,0.990371681311818,0.0,,-9.65118346570523,-9.65118346570523,sequential,0.0001,30,0.5,"(0.0, 0.111]"
1484,10233103000.0,611.0,3.0,0.0,0.0635541679465949,0.6899633065003573,0.0,,-16.688455014714258,-16.688455014714258,sequential,0.0001,30,0.5,"(0.0, 0.111]"
1485,10233104000.0,611.0,4.0,0.0,0.0286293810362101,0.8021289253632794,0.0,,-12.667930480144332,-12.667930480144332,sequential,0.0001,30,0.5,"(0.0, 0.111]"
1486,10233105000.0,611.0,5.0,0.0,0.0127435541753136,1.0406204451336285,0.0,,-9.613922678243163,-9.613922678243163,sequential,0.0001,30,0.5,"(0.0, 0.111]"
1487,10234100000.0,612.0,0.0,0.0,0.0286292700817954,0.5596598319423192,0.0,,-12.668223096044851,-12.668223096044851,sequential,0.0001,30,0.7,"(0.0, 0.111]"
1488,10234101000.0,612.0,1.0,0.0,0.0634228299261242,0.7876368123948965,0.0,,-16.65367117688771,-16.65367117688771,sequential,0.0001,30,0.7,"(0.0, 0.111]"
1489,10234102000.0,612.0,2.0,0.0,0.0127481779641274,0.5368104870583845,0.0,,-9.688262665686574,-9.688262665686574,sequential,0.0001,30,0.7,"(0.0, 0.111]"
1490,10234103000.0,612.0,3.0,0.0,0.0636764162601667,0.7514139687131001,0.0,,-16.72524212339713,-16.72524212339713,sequential,0.0001,30,0.7,"(0.0, 0.111]"
1491,10234104000.0,612.0,4.0,0.0,0.0286648235970402,0.6206726413975057,0.0,,-12.575747115520963,-12.575747115520963,sequential,0.0001,30,0.7,"(0.0, 0.111]"
1492,10234105000.0,612.0,5.0,0.0,0.0127384398090679,0.4911618209958063,0.0,,-9.663688853812149,-9.663688853812149,sequential,0.0001,30,0.7,"(0.0, 0.111]"
1493,10235100000.0,613.0,0.0,0.0,0.028659357642944,0.3495873657461503,0.0,,-12.5903906727334,-12.5903906727334,sequential,0.0001,30,1.0,"(0.0, 0.111]"
1494,10235101000.0,613.0,1.0,0.0,0.063643645483573,0.7784281601530078,0.0,,-16.71466700073449,-16.71466700073449,sequential,0.0001,30,1.0,"(0.0, 0.111]"
1495,10235102000.0,613.0,2.0,0.0,0.0127487946780726,0.3221527984784897,0.0,,-9.681936493962397,-9.681936493962397,sequential,0.0001,30,1.0,"(0.0, 0.111]"
1496,10235103000.0,613.0,3.0,0.0,0.0633651407663421,0.7343725756743787,0.0,,-16.635995813722833,-16.635995813722833,sequential,0.0001,30,1.0,"(0.0, 0.111]"
1497,10235104000.0,613.0,4.0,0.0,0.0286665026255938,0.3666257361535007,0.0,,-12.571209248565976,-12.571209248565976,sequential,0.0001,30,1.0,"(0.0, 0.111]"
1498,10235105000.0,613.0,5.0,0.0,0.0127372714285939,0.3004533996511783,0.0,,-9.67519179201617,-9.67519179201617,sequential,0.0001,30,1.0,"(0.0, 0.111]"
1499,10236100000.0,614.0,0.0,0.0,0.0286040047174715,0.1358955710096408,0.0,,-12.730777600560971,-12.730777600560971,sequential,0.0001,30,1.5,"(0.0, 0.111]"
1500,10236101000.0,614.0,1.0,0.0,0.0639264558360674,0.7275625726709268,0.0,,-16.80638614847063,-16.80638614847063,sequential,0.0001,30,1.5,"(0.0, 0.111]"
1501,10236102000.0,614.0,2.0,0.0,0.0127437477899323,0.2063600619373089,0.0,,-9.610444381245498,-9.610444381245498,sequential,0.0001,30,1.5,"(0.0, 0.111]"
1502,10236103000.0,614.0,3.0,0.0,0.0638126705953515,0.6864221781373291,0.0,,-16.771716021483577,-16.771716021483577,sequential,0.0001,30,1.5,"(0.0, 0.111]"
1503,10236104000.0,614.0,4.0,0.0,0.0286510356082678,0.1644402314584645,0.0,,-12.612499744407735,-12.612499744407735,sequential,0.0001,30,1.5,"(0.0, 0.111]"
1504,10236105000.0,614.0,5.0,0.0,0.0127354647840625,0.2040384031114566,0.0,,-9.689786005407012,-9.689786005407012,sequential,0.0001,30,1.5,"(0.0, 0.111]"
1505,10237100000.0,615.0,0.0,0.0,0.0286110316066032,0.0986872744198585,0.0,,-12.71333927394038,-12.71333927394038,sequential,0.0001,30,2.0,"(0.0, 0.111]"
1506,10237101000.0,615.0,1.0,0.0,0.063553685607973,0.4862138760419856,0.0,,-16.68826658954418,-16.68826658954418,sequential,0.0001,30,2.0,"(0.0, 0.111]"
1507,10237102000.0,615.0,2.0,0.0,0.0127468228730112,0.1739031135576206,0.0,,-9.70374163304496,-9.70374163304496,sequential,0.0001,30,2.0,"(0.0, 0.111]"
1508,10237103000.0,615.0,3.0,0.0,0.0641814488661131,0.3736673171985002,0.0,,-16.87817382051598,-16.87817382051598,sequential,0.0001,30,2.0,"(0.0, 0.111]"
1509,10237104000.0,615.0,4.0,0.0,0.0286277616414571,0.0996248958540959,0.0,,-12.672005396331476,-12.672005396331476,sequential,0.0001,30,2.0,"(0.0, 0.111]"
1510,10237105000.0,615.0,5.0,0.0,0.0127381108348425,0.1745103490412661,0.0,,-9.666744970074712,-9.666744970074712,sequential,0.0001,30,2.0,"(0.0, 0.111]"
1511,10238100000.0,637.0,0.0,0.0,0.0241132482322284,0.1679245905759999,0.0,,-12.84831283119521,-12.84831283119521,sequential,0.0005,30,0.1,"(0.0, 0.111]"
1512,10238101000.0,637.0,1.0,0.0,0.0429195013642329,0.0418331062563557,0.0,,-17.178947281755548,-17.178947281755548,sequential,0.0005,30,0.1,"(0.0, 0.111]"
1513,10238102000.0,637.0,2.0,0.0,0.011146375838994,0.4835542668786139,0.0,,-9.74997539545708,-9.74997539545708,sequential,0.0005,30,0.1,"(0.0, 0.111]"
1514,10238103000.0,637.0,3.0,0.0,0.0435225905085614,0.1017537412756463,0.0,,-17.38632076974487,-17.38632076974487,sequential,0.0005,30,0.1,"(0.0, 0.111]"
1515,10238104000.0,637.0,4.0,0.0,0.0241117011849404,0.1571963292434433,0.0,,-12.851731074774795,-12.851731074774795,sequential,0.0005,30,0.1,"(0.0, 0.111]"
1516,10238105000.0,637.0,5.0,0.0,0.0111233296432326,0.3592690897176639,0.0,,-9.816730850841498,-9.816730850841498,sequential,0.0005,30,0.1,"(0.0, 0.111]"
1517,10239100000.0,638.0,0.0,0.0,0.0241706735203752,0.1604777841258416,0.0,,-12.718862771663092,-12.718862771663092,sequential,0.0005,30,0.4,"(0.0, 0.111]"
1518,10239101000.0,638.0,1.0,0.0,0.0435058722423979,0.1909488222484254,0.0,,-17.379187608331332,-17.379187608331332,sequential,0.0005,30,0.4,"(0.0, 0.111]"
1519,10239102000.0,638.0,2.0,0.0,0.0111303102758049,0.3503551411861885,0.0,,-9.79602342185638,-9.79602342185638,sequential,0.0005,30,0.4,"(0.0, 0.111]"
1520,10239103000.0,638.0,3.0,0.0,0.0432900420730492,0.1949849139598468,0.0,,-17.301236553364905,-17.301236553364905,sequential,0.0005,30,0.4,"(0.0, 0.111]"
1521,10239104000.0,638.0,4.0,0.0,0.0241128338086265,0.160964028061543,0.0,,-12.849083291353791,-12.849083291353791,sequential,0.0005,30,0.4,"(0.0, 0.111]"
1522,10239105000.0,638.0,5.0,0.0,0.0111187856301018,0.3508389007963599,0.0,,-9.829862271980549,-9.829862271980549,sequential,0.0005,30,0.4,"(0.0, 0.111]"
1523,10240100000.0,639.0,0.0,0.0,0.0241258305408948,0.1595870870728202,0.0,,-12.82115841059619,-12.82115841059619,sequential,0.0005,30,0.5,"(0.0, 0.111]"
1524,10240101000.0,639.0,1.0,0.0,0.0430947739549647,0.1932138904135192,0.0,,-17.244046569613683,-17.244046569613683,sequential,0.0005,30,0.5,"(0.0, 0.111]"
1525,10240102000.0,639.0,2.0,0.0,0.0111113680913518,0.3487362192849997,0.0,,-9.852148489292553,-9.852148489292553,sequential,0.0005,30,0.5,"(0.0, 0.111]"
1526,10240103000.0,639.0,3.0,0.0,0.0438485817928398,0.1992558972448988,0.0,,-17.50591369787263,-17.50591369787263,sequential,0.0005,30,0.5,"(0.0, 0.111]"
1527,10240104000.0,639.0,4.0,0.0,0.0241047179076103,0.1626472665581535,0.0,,-12.867527971184016,-12.867527971184016,sequential,0.0005,30,0.5,"(0.0, 0.111]"
1528,10240105000.0,639.0,5.0,0.0,0.0111343139207132,0.3132030227025963,0.0,,-9.785609554380535,-9.785609554380535,sequential,0.0005,30,0.5,"(0.0, 0.111]"
1529,10241100000.0,640.0,0.0,0.0,0.0241753009855634,0.1536137894588205,0.0,,-12.707720097494631,-12.707720097494631,sequential,0.0005,30,0.7,"(0.0, 0.111]"
1530,10241101000.0,640.0,1.0,0.0,0.0430809198243196,0.1954911559869755,0.0,,-17.22755016881213,-17.22755016881213,sequential,0.0005,30,0.7,"(0.0, 0.111]"
1531,10241102000.0,640.0,2.0,0.0,0.0111343342333128,0.2915584921668337,0.0,,-9.78377750915488,-9.78377750915488,sequential,0.0005,30,0.7,"(0.0, 0.111]"
1532,10241103000.0,640.0,3.0,0.0,0.0434423206167659,0.1943080684919949,0.0,,-17.353998008005814,-17.353998008005814,sequential,0.0005,30,0.7,"(0.0, 0.111]"
1533,10241104000.0,640.0,4.0,0.0,0.0241646044596737,0.1572607851296356,0.0,,-12.732128372080092,-12.732128372080092,sequential,0.0005,30,0.7,"(0.0, 0.111]"
1534,10241105000.0,640.0,5.0,0.0,0.0111489227708335,0.3014328548296916,0.0,,-9.741143632811504,-9.741143632811504,sequential,0.0005,30,0.7,"(0.0, 0.111]"
1535,10242100000.0,641.0,0.0,0.0,0.0241105286767718,0.141959631161458,0.0,,-12.854220640987098,-12.854220640987098,sequential,0.0005,30,1.0,"(0.0, 0.111]"
1536,10242101000.0,641.0,1.0,0.0,0.0428988903237442,0.1953059107833978,0.0,,-17.170526628540763,-17.170526628540763,sequential,0.0005,30,1.0,"(0.0, 0.111]"
1537,10242102000.0,641.0,2.0,0.0,0.0111267198303409,0.2125214561290165,0.0,,-9.8066286120491,-9.8066286120491,sequential,0.0005,30,1.0,"(0.0, 0.111]"
1538,10242103000.0,641.0,3.0,0.0,0.0434296303051127,0.1965923842235886,0.0,,-17.35179398832681,-17.35179398832681,sequential,0.0005,30,1.0,"(0.0, 0.111]"
1539,10242104000.0,641.0,4.0,0.0,0.0241131232615003,0.1331895473590083,0.0,,-12.84847324648812,-12.84847324648812,sequential,0.0005,30,1.0,"(0.0, 0.111]"
1540,10242105000.0,641.0,5.0,0.0,0.0111397442231699,0.2152491506427488,0.0,,-9.76881855288944,-9.76881855288944,sequential,0.0005,30,1.0,"(0.0, 0.111]"
1541,10243100000.0,642.0,0.0,0.0,0.024172856692517,0.1092521045115699,0.0,,-12.713411974642309,-12.713411974642309,sequential,0.0005,30,1.5,"(0.0, 0.111]"
1542,10243101000.0,642.0,1.0,0.0,0.0431260843255565,0.1925361027273182,0.0,,-17.24353759459797,-17.24353759459797,sequential,0.0005,30,1.5,"(0.0, 0.111]"
1543,10243102000.0,642.0,2.0,0.0,0.0111396187600675,0.1581345965687769,0.0,,-9.76869082026371,-9.76869082026371,sequential,0.0005,30,1.5,"(0.0, 0.111]"
1544,10243103000.0,642.0,3.0,0.0,0.0432473598023026,0.191414233985881,0.0,,-17.28365841689013,-17.28365841689013,sequential,0.0005,30,1.5,"(0.0, 0.111]"
1545,10243104000.0,642.0,4.0,0.0,0.0241520685823898,0.1060763908267977,0.0,,-12.760931874189938,-12.760931874189938,sequential,0.0005,30,1.5,"(0.0, 0.111]"
1546,10243105000.0,642.0,5.0,0.0,0.0111337760162837,0.158573658863219,0.0,,-9.785438852955163,-9.785438852955163,sequential,0.0005,30,1.5,"(0.0, 0.111]"
1547,10244100000.0,643.0,0.0,0.0,0.0241609542767881,0.079054936249929,0.0,,-12.741413992962713,-12.741413992962713,sequential,0.0005,30,2.0,"(0.0, 0.111]"
1548,10244101000.0,643.0,1.0,0.0,0.0434926996084548,0.1719431079606052,0.0,,-17.375038150784025,-17.375038150784025,sequential,0.0005,30,2.0,"(0.0, 0.111]"
1549,10244102000.0,643.0,2.0,0.0,0.0111333585707042,0.1580166489056506,0.0,,-9.787693148250982,-9.787693148250982,sequential,0.0005,30,2.0,"(0.0, 0.111]"
1550,10244103000.0,643.0,3.0,0.0,0.0434820775106157,0.1750632087872587,0.0,,-17.371181823335867,-17.371181823335867,sequential,0.0005,30,2.0,"(0.0, 0.111]"
1551,10244104000.0,643.0,4.0,0.0,0.0241627188523032,0.0787745579379839,0.0,,-12.737348921173227,-12.737348921173227,sequential,0.0005,30,2.0,"(0.0, 0.111]"
1552,10244105000.0,643.0,5.0,0.0,0.011151376636029,0.1552609462006189,0.0,,-9.7351086529689,-9.7351086529689,sequential,0.0005,30,2.0,"(0.0, 0.111]"
1553,10245100000.0,665.0,0.0,0.0,0.0239898857468199,0.1134234587315131,0.0,,-11.453845741033131,-11.453845741033131,sequential,0.001,30,0.1,"(0.0, 0.111]"
1554,10245101000.0,665.0,1.0,0.0,0.0387180959506224,0.0003871525059998,0.0,,-15.630893464389631,-15.630893464389631,sequential,0.001,30,0.1,"(0.0, 0.111]"
1555,10245102000.0,665.0,2.0,0.0,0.011351283342634,0.2558156168478249,0.0,,-8.72038810092113,-8.72038810092113,sequential,0.001,30,0.1,"(0.0, 0.111]"
1556,10245103000.0,665.0,3.0,0.0,0.0387202816181737,0.0003871577813037,0.0,,-15.62987840476044,-15.62987840476044,sequential,0.001,30,0.1,"(0.0, 0.111]"
1557,10245104000.0,665.0,4.0,0.0,0.0239395952239759,0.1062123405368706,0.0,,-11.573638717076944,-11.573638717076944,sequential,0.001,30,0.1,"(0.0, 0.111]"
1558,10245105000.0,665.0,5.0,0.0,0.0114002812473086,0.2414639069557417,0.0,,-8.649736958369784,-8.649736958369784,sequential,0.001,30,0.1,"(0.0, 0.111]"
1559,10246100000.0,666.0,0.0,0.0,0.023914606923488,0.107511815048513,0.0,,-11.648010293190284,-11.648010293190284,sequential,0.001,30,0.4,"(0.0, 0.111]"
1560,10246101000.0,666.0,1.0,0.0,0.0385703630395312,0.0186740378204475,0.0,,-15.708719954138422,-15.708719954138422,sequential,0.001,30,0.4,"(0.0, 0.111]"
1561,10246102000.0,666.0,2.0,0.0,0.0113127601946804,0.2528600492630196,0.0,,-8.781234492609492,-8.781234492609492,sequential,0.001,30,0.4,"(0.0, 0.111]"
1562,10246103000.0,666.0,3.0,0.0,0.0384618653308966,0.0200429612922048,0.0,,-15.768414100274866,-15.768414100274866,sequential,0.001,30,0.4,"(0.0, 0.111]"
1563,10246104000.0,666.0,4.0,0.0,0.0239397615784505,0.1036610002527571,0.0,,-11.572538081057887,-11.572538081057887,sequential,0.001,30,0.4,"(0.0, 0.111]"
1564,10246105000.0,666.0,5.0,0.0,0.0113569276810257,0.247279515923262,0.0,,-8.71692440863908,-8.71692440863908,sequential,0.001,30,0.4,"(0.0, 0.111]"
1565,10247100000.0,667.0,0.0,0.0,0.0239086075994701,0.1044651734200532,0.0,,-11.665442344868298,-11.665442344868298,sequential,0.001,30,0.5,"(0.0, 0.111]"
1566,10247101000.0,667.0,1.0,0.0,0.03825718458077,0.0239639366386213,0.0,,-15.88086630095441,-15.88086630095441,sequential,0.001,30,0.5,"(0.0, 0.111]"
1567,10247102000.0,667.0,2.0,0.0,0.0112864341599744,0.2206525373579583,0.0,,-8.822873245791914,-8.822873245791914,sequential,0.001,30,0.5,"(0.0, 0.111]"
1568,10247103000.0,667.0,3.0,0.0,0.0383615783835905,0.0258323850052419,0.0,,-15.825845469125014,-15.825845469125014,sequential,0.001,30,0.5,"(0.0, 0.111]"
1569,10247104000.0,667.0,4.0,0.0,0.0238997291354767,0.1040023447548816,0.0,,-11.690989775693945,-11.690989775693945,sequential,0.001,30,0.5,"(0.0, 0.111]"
1570,10247105000.0,667.0,5.0,0.0,0.0113361155558362,0.2265464203238653,0.0,,-8.74895518271688,-8.74895518271688,sequential,0.001,30,0.5,"(0.0, 0.111]"
1571,10248100000.0,668.0,0.0,0.0,0.0239649417018187,0.1038055076635537,0.0,,-11.50487387731041,-11.50487387731041,sequential,0.001,30,0.7,"(0.0, 0.111]"
1572,10248101000.0,668.0,1.0,0.0,0.0387435879965499,0.0395176196802471,0.0,,-15.620105665779713,-15.620105665779713,sequential,0.001,30,0.7,"(0.0, 0.111]"
1573,10248102000.0,668.0,2.0,0.0,0.0113659286454358,0.2030061247655371,0.0,,-8.699908824322813,-8.699908824322813,sequential,0.001,30,0.7,"(0.0, 0.111]"
1574,10248103000.0,668.0,3.0,0.0,0.0387537887531315,0.043055253146346,0.0,,-15.615353733870826,-15.615353733870826,sequential,0.001,30,0.7,"(0.0, 0.111]"
1575,10248104000.0,668.0,4.0,0.0,0.0239415795933973,0.1045632423588764,0.0,,-11.56751739134602,-11.56751739134602,sequential,0.001,30,0.7,"(0.0, 0.111]"
1576,10248105000.0,668.0,5.0,0.0,0.0113527078852273,0.2057333742610624,0.0,,-8.718697025948133,-8.718697025948133,sequential,0.001,30,0.7,"(0.0, 0.111]"
1577,10249100000.0,669.0,0.0,0.0,0.0239275056936474,0.0920606199295271,0.0,,-11.610032026112815,-11.610032026112815,sequential,0.001,30,1.0,"(0.0, 0.111]"
1578,10249101000.0,669.0,1.0,0.0,0.0383039061282951,0.1287585559843731,0.0,,-15.846903315342209,-15.846903315342209,sequential,0.001,30,1.0,"(0.0, 0.111]"
1579,10249102000.0,669.0,2.0,0.0,0.0113583004219323,0.1711947162464383,0.0,,-8.712039734679978,-8.712039734679978,sequential,0.001,30,1.0,"(0.0, 0.111]"
1580,10249103000.0,669.0,3.0,0.0,0.0384063965750969,0.1346871199002322,0.0,,-15.792138870755265,-15.792138870755265,sequential,0.001,30,1.0,"(0.0, 0.111]"
1581,10249104000.0,669.0,4.0,0.0,0.0239491158140413,0.0983798665812909,0.0,,-11.543978318409645,-11.543978318409645,sequential,0.001,30,1.0,"(0.0, 0.111]"
1582,10249105000.0,669.0,5.0,0.0,0.011367516669057,0.1715002183093142,0.0,,-8.698527617918614,-8.698527617918614,sequential,0.001,30,1.0,"(0.0, 0.111]"
1583,10250100000.0,670.0,0.0,0.0,0.0239466299743238,0.0830597759961105,0.0,,-11.551979563171203,-11.551979563171203,sequential,0.001,30,1.5,"(0.0, 0.111]"
1584,10250101000.0,670.0,1.0,0.0,0.0386717133175211,0.1458015726813824,0.0,,-15.653392051634173,-15.653392051634173,sequential,0.001,30,1.5,"(0.0, 0.111]"
1585,10250102000.0,670.0,2.0,0.0,0.0113834356541468,0.1394379695900803,0.0,,-8.674086290352912,-8.674086290352912,sequential,0.001,30,1.5,"(0.0, 0.111]"
1586,10250103000.0,670.0,3.0,0.0,0.03861143123611,0.1462455805178432,0.0,,-15.681425923617445,-15.681425923617445,sequential,0.001,30,1.5,"(0.0, 0.111]"
1587,10250104000.0,670.0,4.0,0.0,0.0239599928843935,0.0831878863608975,0.0,,-11.514859179979007,-11.514859179979007,sequential,0.001,30,1.5,"(0.0, 0.111]"
1588,10250105000.0,670.0,5.0,0.0,0.0113253556491389,0.1442584050314817,0.0,,-8.758524162922047,-8.758524162922047,sequential,0.001,30,1.5,"(0.0, 0.111]"
1589,10251100000.0,671.0,0.0,0.0,0.0239903416162936,0.0700183597040308,0.0,,-11.453155926917496,-11.453155926917496,sequential,0.001,30,2.0,"(0.0, 0.111]"
1590,10251101000.0,671.0,1.0,0.0,0.0387705254617424,0.1394981090162101,0.0,,-15.607254316355023,-15.607254316355023,sequential,0.001,30,2.0,"(0.0, 0.111]"
1591,10251103000.0,671.0,3.0,0.0,0.0387314049547546,0.139571431518799,0.0,,-15.625508595993946,-15.625508595993946,sequential,0.001,30,2.0,"(0.0, 0.111]"
1592,10251104000.0,671.0,4.0,0.0,0.0239702278847222,0.0677185773132322,0.0,,-11.49403085227502,-11.49403085227502,sequential,0.001,30,2.0,"(0.0, 0.111]"
1593,10000100000.0,0.0,0.0,0.0,7.728776197507511,7.174116061585158,0.0,,-0.1819778431822288,-0.1819778431822288,sequential,1e-07,1,0.1,
1594,10000101000.0,0.0,1.0,0.0,6.966385684898553,1.2356303933456052,0.0,,-0.2674128363092407,-0.2674128363092407,sequential,1e-07,1,0.1,
1595,10000102000.0,0.0,2.0,0.0,6.750106148467877,8.516468923428524,0.0,,-0.1330312283306697,-0.1330312283306697,sequential,1e-07,1,0.1,
1596,10000103000.0,0.0,3.0,0.0,7.008789841555267,1.145988215170312,0.0,,-0.2680059815343079,-0.2680059815343079,sequential,1e-07,1,0.1,
1597,10000104000.0,0.0,4.0,0.0,7.713001385528729,7.891607440275596,0.0,,-0.1823537209933192,-0.1823537209933192,sequential,1e-07,1,0.1,
1598,10000105000.0,0.0,5.0,0.0,6.83854053725894,3.636191049980192,0.0,,-0.1341111192201512,-0.1341111192201512,sequential,1e-07,1,0.1,
1599,10001100000.0,1.0,0.0,0.0,7.781796489654607,9.69013288903865,0.0,,-0.1806433460055131,-0.1806433460055131,sequential,1e-07,1,0.4,
1600,10001101000.0,1.0,1.0,0.0,7.024557026519607,6.049684479338232,0.0,,-0.2682078884631172,-0.2682078884631172,sequential,1e-07,1,0.4,
1601,10001102000.0,1.0,2.0,0.0,6.7731184263431885,2.833842650482215,0.0,,-0.1332822353930674,-0.1332822353930674,sequential,1e-07,1,0.4,
1602,10001103000.0,1.0,3.0,0.0,6.783091504251278,4.203152893690419,0.0,,-0.2649152768926756,-0.2649152768926756,sequential,1e-07,1,0.4,
1603,10001104000.0,1.0,4.0,0.0,7.711755687950711,5.396751108236374,0.0,,-0.1823749746232523,-0.1823749746232523,sequential,1e-07,1,0.4,
1604,10001105000.0,1.0,5.0,0.0,6.86318519362159,5.802793074920329,0.0,,-0.1344203297878286,-0.1344203297878286,sequential,1e-07,1,0.4,
1605,10002100000.0,2.0,0.0,0.0,7.7563483957833474,6.8617542751347695,0.0,,-0.1812500257092093,-0.1812500257092093,sequential,1e-07,1,0.5,
1606,10002101000.0,2.0,1.0,0.0,6.894707989051764,5.184058281145573,0.0,,-0.2664217793586721,-0.2664217793586721,sequential,1e-07,1,0.5,
1607,10002102000.0,2.0,2.0,0.0,6.771734661480245,8.225328754384604,0.0,,-0.1332581449293886,-0.1332581449293886,sequential,1e-07,1,0.5,
1608,10002103000.0,2.0,3.0,0.0,6.827596315405046,9.407313880283503,0.0,,-0.2654776509848952,-0.2654776509848952,sequential,1e-07,1,0.5,
1609,10002104000.0,2.0,4.0,0.0,7.74645689956051,6.570214598489748,0.0,,-0.1815039107229765,-0.1815039107229765,sequential,1e-07,1,0.5,
1610,10002105000.0,2.0,5.0,0.0,6.812940000090315,9.003822892519143,0.0,,-0.1337630635416545,-0.1337630635416545,sequential,1e-07,1,0.5,
1611,10003100000.0,3.0,0.0,0.0,7.668359316668287,3.1525372880567906,0.0,,-0.183654679879577,-0.183654679879577,sequential,1e-07,1,0.7,
1612,10003101000.0,3.0,1.0,0.0,7.089686898835953,3.227063467011651,0.0,,-0.2693416604179882,-0.2693416604179882,sequential,1e-07,1,0.7,
1613,10003102000.0,3.0,2.0,0.0,6.936366255776069,4.119015632014625,0.0,,-0.135493436067482,-0.135493436067482,sequential,1e-07,1,0.7,
1614,10003103000.0,3.0,3.0,0.0,7.119336791952655,3.0672762589520164,0.0,,-0.2697491229953097,-0.2697491229953097,sequential,1e-07,1,0.7,
1615,10003104000.0,3.0,4.0,0.0,7.754520429062834,5.111617438622626,0.0,,-0.1815297127806343,-0.1815297127806343,sequential,1e-07,1,0.7,
1616,10003105000.0,3.0,5.0,0.0,6.867892099387331,4.450108711884319,0.0,,-0.1346415391346836,-0.1346415391346836,sequential,1e-07,1,0.7,
1617,10004100000.0,4.0,0.0,0.0,7.804472623692121,1.625499664640607,0.0,,-0.1800393118488244,-0.1800393118488244,sequential,1e-07,1,1.0,
1618,10004101000.0,4.0,1.0,0.0,6.803958339159745,8.629187274768949,0.0,,-0.265111230327988,-0.265111230327988,sequential,1e-07,1,1.0,
1619,10004102000.0,4.0,2.0,0.0,6.757773405816159,1.736240420775208,0.0,,-0.1330612499196505,-0.1330612499196505,sequential,1e-07,1,1.0,
1620,10004103000.0,4.0,3.0,0.0,6.745860009172946,6.397926140777297,0.0,,-0.2643396573255844,-0.2643396573255844,sequential,1e-07,1,1.0,
1621,10004104000.0,4.0,4.0,0.0,7.816613128926677,1.7991137230716168,0.0,,-0.1797327217983264,-0.1797327217983264,sequential,1e-07,1,1.0,
1622,10004105000.0,4.0,5.0,0.0,6.700409197868186,1.968140342187124,0.0,,-0.1323554874801257,-0.1323554874801257,sequential,1e-07,1,1.0,
1623,10005100000.0,5.0,0.0,0.0,7.730050187458734,0.3971175157684182,0.0,,-0.1819410469128895,-0.1819410469128895,sequential,1e-07,1,1.5,
1624,10005101000.0,5.0,1.0,0.0,6.848722049561813,5.10598245371867,0.0,,-0.2658040894472706,-0.2658040894472706,sequential,1e-07,1,1.5,
1625,10005102000.0,5.0,2.0,0.0,6.765697448121808,0.6772499370350473,0.0,,-0.1331966291433152,-0.1331966291433152,sequential,1e-07,1,1.5,
1626,10005103000.0,5.0,3.0,0.0,7.039801257176213,3.029591458021527,0.0,,-0.2684325864018873,-0.2684325864018873,sequential,1e-07,1,1.5,
1627,10005104000.0,5.0,4.0,0.0,7.704532160124374,0.3812928474945682,0.0,,-0.1825706105848758,-0.1825706105848758,sequential,1e-07,1,1.5,
1628,10005105000.0,5.0,5.0,0.0,6.8057813000521525,0.6394225167564239,0.0,,-0.1337102664988542,-0.1337102664988542,sequential,1e-07,1,1.5,
1629,10006100000.0,6.0,0.0,0.0,7.837581225093043,0.2646445787466017,0.0,,-0.1792385438846103,-0.1792385438846103,sequential,1e-07,1,2.0,
1630,10006101000.0,6.0,1.0,0.0,6.802887443192662,2.0349581602315947,0.0,,-0.2650870601723711,-0.2650870601723711,sequential,1e-07,1,2.0,
1631,10006102000.0,6.0,2.0,0.0,6.808325060536308,0.368090101388063,0.0,,-0.1336851459751615,-0.1336851459751615,sequential,1e-07,1,2.0,
1632,10006103000.0,6.0,3.0,0.0,6.896868125042036,1.4326124887534966,0.0,,-0.2663711934073062,-0.2663711934073062,sequential,1e-07,1,2.0,
1633,10006104000.0,6.0,4.0,0.0,7.798567701749342,0.2408885997747393,0.0,,-0.1801822201657237,-0.1801822201657237,sequential,1e-07,1,2.0,
1634,10006105000.0,6.0,5.0,0.0,6.775581126991141,0.3716750062293187,0.0,,-0.1332859368226814,-0.1332859368226814,sequential,1e-07,1,2.0,
1635,10007100000.0,28.0,0.0,0.0,4.054800031885368,2.3444116665568897,0.0,,-0.4422858234238778,-0.4422858234238778,sequential,5e-07,1,0.1,
1636,10007101000.0,28.0,1.0,0.0,7.520344648748052,2.709336208506079,0.0,,-0.640777021530703,-0.640777021530703,sequential,5e-07,1,0.1,
1637,10007102000.0,28.0,2.0,0.0,1.776935112897673,5.229406265371195,0.0,,-0.3257739544508716,-0.3257739544508716,sequential,5e-07,1,0.1,
1638,10007103000.0,28.0,3.0,0.0,7.451637052857709,9.570700155861203,0.0,,-0.6501657547646156,-0.6501657547646156,sequential,5e-07,1,0.1,
1639,10007104000.0,28.0,4.0,0.0,4.054070387173332,2.3758423932574644,0.0,,-0.441245572920503,-0.441245572920503,sequential,5e-07,1,0.1,
1640,10007105000.0,28.0,5.0,0.0,1.7736582247508292,0.859370532973078,0.0,,-0.3241930892947707,-0.3241930892947707,sequential,5e-07,1,0.1,
1641,10008100000.0,29.0,0.0,0.0,4.055379030992988,9.236408327479507,0.0,,-0.4432939969769502,-0.4432939969769502,sequential,5e-07,1,0.4,
1642,10008101000.0,29.0,1.0,0.0,7.582003587413544,4.616299652781608,0.0,,-0.6463427207567112,-0.6463427207567112,sequential,5e-07,1,0.4,
1643,10008102000.0,29.0,2.0,0.0,1.784284012938847,4.50109769769294,0.0,,-0.3296773282389916,-0.3296773282389916,sequential,5e-07,1,0.4,
1644,10008103000.0,29.0,3.0,0.0,7.504547399548743,2.844249080545986,0.0,,-0.6397785539072909,-0.6397785539072909,sequential,5e-07,1,0.4,
1645,10008104000.0,29.0,4.0,0.0,4.057202080894443,6.753541742149494,0.0,,-0.4464113695602201,-0.4464113695602201,sequential,5e-07,1,0.4,
1646,10008105000.0,29.0,5.0,0.0,1.778236363141798,7.355299611147474,0.0,,-0.3266308105092108,-0.3266308105092108,sequential,5e-07,1,0.4,
1647,10009100000.0,30.0,0.0,0.0,4.055129515893316,9.186836755965736,0.0,,-0.4428976028461428,-0.4428976028461428,sequential,5e-07,1,0.5,
1648,10009101000.0,30.0,1.0,0.0,7.566375774730965,3.433299586226971,0.0,,-0.6449075011412917,-0.6449075011412917,sequential,5e-07,1,0.5,
1649,10009102000.0,30.0,2.0,0.0,1.7794784765595002,5.540481929800954,0.0,,-0.3271897849216745,-0.3271897849216745,sequential,5e-07,1,0.5,
1650,10009103000.0,30.0,3.0,0.0,7.54849612958585,8.53957037312849,0.0,,-0.6434330564168697,-0.6434330564168697,sequential,5e-07,1,0.5,
1651,10009104000.0,30.0,4.0,0.0,4.056612178174409,6.596821863710632,0.0,,-0.4452818591949442,-0.4452818591949442,sequential,5e-07,1,0.5,
1652,10009105000.0,30.0,5.0,0.0,1.780340208121121,9.23467101964906,0.0,,-0.3276353974324147,-0.3276353974324147,sequential,5e-07,1,0.5,
1653,10010100000.0,31.0,0.0,0.0,4.05385883614105,4.522696517764315,0.0,,-0.4411051385924613,-0.4411051385924613,sequential,5e-07,1,0.7,
1654,10010101000.0,31.0,1.0,0.0,7.448350332473685,3.0720467174593757,0.0,,-0.6501923681194994,-0.6501923681194994,sequential,5e-07,1,0.7,
1655,10010102000.0,31.0,2.0,0.0,1.7819405786752796,3.20455887760647,0.0,,-0.3283787122588238,-0.3283787122588238,sequential,5e-07,1,0.7,
1656,10010103000.0,31.0,3.0,0.0,7.527762180625256,5.583837901888262,0.0,,-0.641537336081167,-0.641537336081167,sequential,5e-07,1,0.7,
1657,10010104000.0,31.0,4.0,0.0,4.056852668095699,3.169404159209476,0.0,,-0.4456904311278328,-0.4456904311278328,sequential,5e-07,1,0.7,
1658,10010105000.0,31.0,5.0,0.0,1.7793693172666143,3.954758858926133,0.0,,-0.3270891726428299,-0.3270891726428299,sequential,5e-07,1,0.7,
1659,10011100000.0,32.0,0.0,0.0,4.056043064235426,1.2816446837570483,0.0,,-0.444243274315748,-0.444243274315748,sequential,5e-07,1,1.0,
1660,10011101000.0,32.0,1.0,0.0,7.529927936063792,4.2341425531887085,0.0,,-0.6417205604403236,-0.6417205604403236,sequential,5e-07,1,1.0,
1661,10011102000.0,32.0,2.0,0.0,1.7802221544911572,1.2366154515697363,0.0,,-0.3275281716572565,-0.3275281716572565,sequential,5e-07,1,1.0,
1662,10011103000.0,32.0,3.0,0.0,7.463162578640273,2.281425854290266,0.0,,-0.6512361712214102,-0.6512361712214102,sequential,5e-07,1,1.0,
1663,10011104000.0,32.0,4.0,0.0,4.054288045859038,1.78966543695735,0.0,,-0.4416197464775672,-0.4416197464775672,sequential,5e-07,1,1.0,
1664,10011105000.0,32.0,5.0,0.0,1.7838690062512848,1.071055621207359,0.0,,-0.3294077038831935,-0.3294077038831935,sequential,5e-07,1,1.0,
1665,10012100000.0,33.0,0.0,0.0,4.056535605626717,0.57084059068348,0.0,,-0.4455225098856288,-0.4455225098856288,sequential,5e-07,1,1.5,
1666,10012101000.0,33.0,1.0,0.0,7.524031655896933,5.917162305406273,0.0,,-0.6421126356017591,-0.6421126356017591,sequential,5e-07,1,1.5,
1667,10012102000.0,33.0,2.0,0.0,1.7844664473409606,0.5784064354761586,0.0,,-0.3301045007421561,-0.3301045007421561,sequential,5e-07,1,1.5,
1668,10012103000.0,33.0,3.0,0.0,7.623289591013108,3.028945387850261,0.0,,-0.6506734915556615,-0.6506734915556615,sequential,5e-07,1,1.5,
1669,10012104000.0,33.0,4.0,0.0,4.05831945792719,0.4375282886445255,0.0,,-0.4390847152122672,-0.4390847152122672,sequential,5e-07,1,1.5,
1670,10012105000.0,33.0,5.0,0.0,1.7834144449513698,0.6016318825952836,0.0,,-0.3295479738417605,-0.3295479738417605,sequential,5e-07,1,1.5,
1671,10013100000.0,34.0,0.0,0.0,4.05339664112416,0.2344580473797744,0.0,,-0.4403344728797724,-0.4403344728797724,sequential,5e-07,1,2.0,
1672,10013101000.0,34.0,1.0,0.0,7.503271947002196,1.2280531406067796,0.0,,-0.6542911270641895,-0.6542911270641895,sequential,5e-07,1,2.0,
1673,10013102000.0,34.0,2.0,0.0,1.7750810612558146,0.3687025047965577,0.0,,-0.3248952372562873,-0.3248952372562873,sequential,5e-07,1,2.0,
1674,10013103000.0,34.0,3.0,0.0,7.4704501127774625,1.4736630530925268,0.0,,-0.6516878403252975,-0.6516878403252975,sequential,5e-07,1,2.0,
1675,10013104000.0,34.0,4.0,0.0,4.05610798270727,0.1951520709977205,0.0,,-0.4442986913625473,-0.4442986913625473,sequential,5e-07,1,2.0,
1676,10013105000.0,34.0,5.0,0.0,1.7819824826586823,0.3434161487454199,0.0,,-0.328347558833789,-0.328347558833789,sequential,5e-07,1,2.0,
1677,10014100000.0,112.0,0.0,0.0,1.7275374692228005,7.331752480523653,0.0,,-0.6888883588606082,-0.6888883588606082,sequential,1e-06,1,0.1,
1678,10014101000.0,112.0,1.0,0.0,3.1795448147503413,2.0432867370398133,0.0,,-1.0204840565840845,-1.0204840565840845,sequential,1e-06,1,0.1,
1679,10014102000.0,112.0,2.0,0.0,0.7296820063397267,8.647657566107092,0.0,,-0.5084526775582708,-0.5084526775582708,sequential,1e-06,1,0.1,"(0.667, 0.778]"
1680,10014103000.0,112.0,3.0,0.0,3.1568347860018138,6.478560820141951,0.0,,-1.0058663651569435,-1.0058663651569435,sequential,1e-06,1,0.1,
1681,10014104000.0,112.0,4.0,0.0,1.7196767897011664,4.150261632533878,0.0,,-0.6819530400299647,-0.6819530400299647,sequential,1e-06,1,0.1,
1682,10014105000.0,112.0,5.0,0.0,0.7291977901578102,8.191425443199373,0.0,,-0.5078605416327562,-0.5078605416327562,sequential,1e-06,1,0.1,"(0.667, 0.778]"
1683,10015100000.0,113.0,0.0,0.0,1.7283988584694392,2.914470770184131,0.0,,-0.689704453083559,-0.689704453083559,sequential,1e-06,1,0.4,
1684,10015101000.0,113.0,1.0,0.0,3.162157732117324,5.254906741335923,0.0,,-1.009984722943043,-1.009984722943043,sequential,1e-06,1,0.4,
1685,10015102000.0,113.0,2.0,0.0,0.7308034408184776,9.495634293462071,0.0,,-0.509828067732712,-0.509828067732712,sequential,1e-06,1,0.4,"(0.667, 0.778]"
1686,10015103000.0,113.0,3.0,0.0,3.1594402260672405,4.261031302737862,0.0,,-1.0077053253680737,-1.0077053253680737,sequential,1e-06,1,0.4,
1687,10015104000.0,113.0,4.0,0.0,1.723632511545414,8.441798229251358,0.0,,-0.6853674329220881,-0.6853674329220881,sequential,1e-06,1,0.4,
1688,10015105000.0,113.0,5.0,0.0,0.7306371735096778,7.969020867716567,0.0,,-0.5096231912554304,-0.5096231912554304,sequential,1e-06,1,0.4,"(0.667, 0.778]"
1689,10016100000.0,114.0,0.0,0.0,1.7320817536404065,5.616469097282559,0.0,,-0.6932176941170819,-0.6932176941170819,sequential,1e-06,1,0.5,
1690,10016101000.0,114.0,1.0,0.0,3.171196147642963,2.864241265378892,0.0,,-1.0181095361935344,-1.0181095361935344,sequential,1e-06,1,0.5,
1691,10016102000.0,114.0,2.0,0.0,0.7313706457853941,5.922508053684967,0.0,,-0.510563011988502,-0.510563011988502,sequential,1e-06,1,0.5,"(0.667, 0.778]"
1692,10016103000.0,114.0,3.0,0.0,3.184818445655352,6.204736126163331,0.0,,-1.0218003228903945,-1.0218003228903945,sequential,1e-06,1,0.5,
1693,10016104000.0,114.0,4.0,0.0,1.7222173098963005,9.991967445132442,0.0,,-0.684148487599172,-0.684148487599172,sequential,1e-06,1,0.5,
1694,10016105000.0,114.0,5.0,0.0,0.7286001137985433,7.272631363187019,0.0,,-0.507265764369097,-0.507265764369097,sequential,1e-06,1,0.5,"(0.667, 0.778]"
1695,10017100000.0,115.0,0.0,0.0,1.724431755062155,3.550773019434193,0.0,,-0.6861674705214759,-0.6861674705214759,sequential,1e-06,1,0.7,
1696,10017101000.0,115.0,1.0,0.0,3.182176146235751,1.9147012932249223,0.0,,-1.0211769938038244,-1.0211769938038244,sequential,1e-06,1,0.7,
1697,10017102000.0,115.0,2.0,0.0,0.727976633159315,4.104673898579114,0.0,,-0.5065240210871165,-0.5065240210871165,sequential,1e-06,1,0.7,"(0.667, 0.778]"
1698,10017103000.0,115.0,3.0,0.0,3.1622627642479983,8.68023512027093,0.0,,-1.010213456535754,-1.010213456535754,sequential,1e-06,1,0.7,
1699,10017104000.0,115.0,4.0,0.0,1.7285906636908448,2.989757387804784,0.0,,-0.6899418755222958,-0.6899418755222958,sequential,1e-06,1,0.7,
1700,10017105000.0,115.0,5.0,0.0,0.7263152643925016,4.554928954248738,0.0,,-0.5046513414789905,-0.5046513414789905,sequential,1e-06,1,0.7,"(0.667, 0.778]"
1701,10018100000.0,116.0,0.0,0.0,1.7290864901236,0.9355290097924054,0.0,,-0.6901932974738775,-0.6901932974738775,sequential,1e-06,1,1.0,
1702,10018101000.0,116.0,1.0,0.0,3.1691553645650163,7.7771337637935645,0.0,,-1.0159107995526164,-1.0159107995526164,sequential,1e-06,1,1.0,
1703,10018102000.0,116.0,2.0,0.0,0.7267227331600421,1.4109232560729108,0.0,,-0.5049060265868668,-0.5049060265868668,sequential,1e-06,1,1.0,"(0.667, 0.778]"
1704,10018103000.0,116.0,3.0,0.0,3.153358048902338,5.207837293430739,0.0,,-1.0029524530973706,-1.0029524530973706,sequential,1e-06,1,1.0,
1705,10018104000.0,116.0,4.0,0.0,1.71820904184312,1.5877321731343734,0.0,,-0.6805567718621871,-0.6805567718621871,sequential,1e-06,1,1.0,
1706,10018105000.0,116.0,5.0,0.0,0.7269149448876103,1.4153182075794408,0.0,,-0.5051354849354982,-0.5051354849354982,sequential,1e-06,1,1.0,"(0.667, 0.778]"
1707,10019100000.0,117.0,0.0,0.0,1.728206448737243,0.3630258066292618,0.0,,-0.6895425689623002,-0.6895425689623002,sequential,1e-06,1,1.5,
1708,10019101000.0,117.0,1.0,0.0,3.167868094360092,2.8129875536601983,0.0,,-1.0148796904297663,-1.0148796904297663,sequential,1e-06,1,1.5,
1709,10019102000.0,117.0,2.0,0.0,0.7311816466252303,0.520323343113889,0.0,,-0.510310055951456,-0.510310055951456,sequential,1e-06,1,1.5,"(0.667, 0.778]"
1710,10019103000.0,117.0,3.0,0.0,3.166506808199812,3.071725757182929,0.0,,-1.0136228686541673,-1.0136228686541673,sequential,1e-06,1,1.5,
1711,10019104000.0,117.0,4.0,0.0,1.7228872127205173,0.4283638488799791,0.0,,-0.6847174967115284,-0.6847174967115284,sequential,1e-06,1,1.5,
1712,10019105000.0,117.0,5.0,0.0,0.7282053209237402,0.5665497360869155,0.0,,-0.5067659954817899,-0.5067659954817899,sequential,1e-06,1,1.5,"(0.667, 0.778]"
1713,10020100000.0,118.0,0.0,0.0,1.7264626821121536,0.2105478200771099,0.0,,-0.6878760935678253,-0.6878760935678253,sequential,1e-06,1,2.0,
1714,10020101000.0,118.0,1.0,0.0,3.166939327391874,1.143834176109903,0.0,,-1.0139850899501046,-1.0139850899501046,sequential,1e-06,1,2.0,
1715,10020102000.0,118.0,2.0,0.0,0.7319425443722367,0.3244004393087214,0.0,,-0.5111660603425647,-0.5111660603425647,sequential,1e-06,1,2.0,"(0.667, 0.778]"
1716,10020103000.0,118.0,3.0,0.0,3.160575472586649,1.6575838384320662,0.0,,-1.008660275448285,-1.008660275448285,sequential,1e-06,1,2.0,
1717,10020104000.0,118.0,4.0,0.0,1.7222764855866697,0.233689776161959,0.0,,-0.6841425104015582,-0.6841425104015582,sequential,1e-06,1,2.0,
1718,10020105000.0,118.0,5.0,0.0,0.725620369344832,0.3561432772433553,0.0,,-0.5037788110637855,-0.5037788110637855,sequential,1e-06,1,2.0,"(0.667, 0.778]"
1719,10021100000.0,7.0,0.0,0.0,7.9079289045052095,8.670072873762248,0.0,,-0.1928625889700595,-0.1928625889700595,sequential,1e-07,2,0.1,
1720,10021101000.0,7.0,1.0,0.0,7.142968978163856,1.0327074487679293,0.0,,-0.2863703646275323,-0.2863703646275323,sequential,1e-07,2,0.1,
1721,10021102000.0,7.0,2.0,0.0,6.633450377585991,9.361047114976198,0.0,,-0.1430859158801428,-0.1430859158801428,sequential,1e-07,2,0.1,
1722,10021103000.0,7.0,3.0,0.0,7.1777873125975535,3.7123895186305904,0.0,,-0.2868623412835513,-0.2868623412835513,sequential,1e-07,2,0.1,
1723,10021104000.0,7.0,4.0,0.0,7.88473818547536,1.4953973084112102,0.0,,-0.1934635151232117,-0.1934635151232117,sequential,1e-07,2,0.1,
1724,10021105000.0,7.0,5.0,0.0,6.720889623010033,3.1415223858024035,0.0,,-0.1442389230785964,-0.1442389230785964,sequential,1e-07,2,0.1,
1725,10022100000.0,8.0,0.0,0.0,7.891818549220797,8.300253171704231,0.0,,-0.1932896188348428,-0.1932896188348428,sequential,1e-07,2,0.4,
1726,10022101000.0,8.0,1.0,0.0,7.01336596408368,3.688593485615843,0.0,,-0.2845931213594513,-0.2845931213594513,sequential,1e-07,2,0.4,
1727,10022102000.0,8.0,2.0,0.0,6.65615448243784,6.4900421522080665,0.0,,-0.1433767665700636,-0.1433767665700636,sequential,1e-07,2,0.4,
1728,10022103000.0,8.0,3.0,0.0,7.079753668411283,4.795275845594542,0.0,,-0.2855322171230453,-0.2855322171230453,sequential,1e-07,2,0.4,
1729,10022104000.0,8.0,4.0,0.0,7.897235671677453,7.803540115260419,0.0,,-0.1931493962612422,-0.1931493962612422,sequential,1e-07,2,0.4,
1730,10022105000.0,8.0,5.0,0.0,6.721112938116332,8.958309137711133,0.0,,-0.1442466055757124,-0.1442466055757124,sequential,1e-07,2,0.4,
1731,10023100000.0,9.0,0.0,0.0,7.868534397352443,7.070607794257279,0.0,,-0.1938490676066323,-0.1938490676066323,sequential,1e-07,2,0.5,
1732,10023101000.0,9.0,1.0,0.0,6.99408233136468,9.085350886646175,0.0,,-0.2843016263414908,-0.2843016263414908,sequential,1e-07,2,0.5,
1733,10023102000.0,9.0,2.0,0.0,6.589769473653525,5.285210346898109,0.0,,-0.1424899083598464,-0.1424899083598464,sequential,1e-07,2,0.5,
1734,10023103000.0,9.0,3.0,0.0,7.045949096571169,6.697966218755049,0.0,,-0.2850382883131155,-0.2850382883131155,sequential,1e-07,2,0.5,
1735,10023104000.0,9.0,4.0,0.0,7.880867468012701,6.952743137216958,0.0,,-0.1935614799712976,-0.1935614799712976,sequential,1e-07,2,0.5,
1736,10023105000.0,9.0,5.0,0.0,6.631068281270098,8.786825341811836,0.0,,-0.1430516322089929,-0.1430516322089929,sequential,1e-07,2,0.5,
1737,10024100000.0,10.0,0.0,0.0,7.8744446048627825,5.044583938249347,0.0,,-0.193907611490926,-0.193907611490926,sequential,1e-07,2,0.7,
1738,10024101000.0,10.0,1.0,0.0,7.255660954865138,9.51784704816906,0.0,,-0.2811265812949859,-0.2811265812949859,sequential,1e-07,2,0.7,
1739,10024102000.0,10.0,2.0,0.0,6.638839824583813,6.023191406852929,0.0,,-0.1432918243253338,-0.1432918243253338,sequential,1e-07,2,0.7,
1740,10024103000.0,10.0,3.0,0.0,7.107542128453787,9.300744363769043,0.0,,-0.2861473557124161,-0.2861473557124161,sequential,1e-07,2,0.7,
1741,10024104000.0,10.0,4.0,0.0,7.8679841758291165,4.694562538827217,0.0,,-0.1940747256158169,-0.1940747256158169,sequential,1e-07,2,0.7,
1742,10024105000.0,10.0,5.0,0.0,6.766913921149209,4.012440575232558,0.0,,-0.1414638729191084,-0.1414638729191084,sequential,1e-07,2,0.7,
1743,10025100000.0,11.0,0.0,0.0,7.917797782995748,2.097540217735191,0.0,,-0.1926620960106048,-0.1926620960106048,sequential,1e-07,2,1.0,
1744,10025101000.0,11.0,1.0,0.0,7.25465796358072,6.6846793574007695,0.0,,-0.2808668724650667,-0.2808668724650667,sequential,1e-07,2,1.0,
1745,10025102000.0,11.0,2.0,0.0,6.631470198320998,1.686122390353279,0.0,,-0.1430680891967367,-0.1430680891967367,sequential,1e-07,2,1.0,
1746,10025103000.0,11.0,3.0,0.0,7.2801867568199325,5.879907128944653,0.0,,-0.281234982183943,-0.281234982183943,sequential,1e-07,2,1.0,
1747,10025104000.0,11.0,4.0,0.0,7.850316606698067,1.3325846335901887,0.0,,-0.1943406301534601,-0.1943406301534601,sequential,1e-07,2,1.0,
1748,10025105000.0,11.0,5.0,0.0,6.744060648067364,1.2194836570328806,0.0,,-0.1445658079518295,-0.1445658079518295,sequential,1e-07,2,1.0,
1749,10026100000.0,12.0,0.0,0.0,7.813714346063008,0.3824163313059345,0.0,,-0.1952783011913956,-0.1952783011913956,sequential,1e-07,2,1.5,
1750,10026101000.0,12.0,1.0,0.0,7.127653865186534,3.615743199096895,0.0,,-0.2861684314652654,-0.2861684314652654,sequential,1e-07,2,1.5,
1751,10026102000.0,12.0,2.0,0.0,6.66952388369853,0.6059905245454557,0.0,,-0.143562930325963,-0.143562930325963,sequential,1e-07,2,1.5,
1752,10026103000.0,12.0,3.0,0.0,7.27406988121634,2.549692852854065,0.0,,-0.281148136984189,-0.281148136984189,sequential,1e-07,2,1.5,
1753,10026104000.0,12.0,4.0,0.0,7.807903533330474,0.3649202891096446,0.0,,-0.1906554242061479,-0.1906554242061479,sequential,1e-07,2,1.5,
1754,10026105000.0,12.0,5.0,0.0,6.725661002750588,0.5782032325410839,0.0,,-0.1443116235726365,-0.1443116235726365,sequential,1e-07,2,1.5,
1755,10027100000.0,13.0,0.0,0.0,7.84878851081144,0.2620647509078191,0.0,,-0.1946019956659974,-0.1946019956659974,sequential,1e-07,2,2.0,
1756,10027101000.0,13.0,1.0,0.0,7.1663426123693545,2.293452336734562,0.0,,-0.2870082448105158,-0.2870082448105158,sequential,1e-07,2,2.0,
1757,10027102000.0,13.0,2.0,0.0,6.689942603679543,0.3960004508938208,0.0,,-0.1440048901570852,-0.1440048901570852,sequential,1e-07,2,2.0,
1758,10027103000.0,13.0,3.0,0.0,7.3008421263219425,1.6973733079284168,0.0,,-0.2818014429365484,-0.2818014429365484,sequential,1e-07,2,2.0,
1759,10027104000.0,13.0,4.0,0.0,7.84422750817109,0.2582162979533081,0.0,,-0.1947199292090798,-0.1947199292090798,sequential,1e-07,2,2.0,
1760,10027105000.0,13.0,5.0,0.0,6.732979099685254,0.3834484362266721,0.0,,-0.1445592565908938,-0.1445592565908938,sequential,1e-07,2,2.0,
1761,10028100000.0,35.0,0.0,0.0,4.072135820018916,2.6537101223291457,0.0,,-0.5022144067227734,-0.5022144067227734,sequential,5e-07,2,0.1,
1762,10028101000.0,35.0,1.0,0.0,7.424096740689178,2.933621472776205,0.0,,-0.7395445958596111,-0.7395445958596111,sequential,5e-07,2,0.1,
1763,10028102000.0,35.0,2.0,0.0,1.7828470771424938,4.685617989652185,0.0,,-0.3784233292691444,-0.3784233292691444,sequential,5e-07,2,0.1,
1764,10028103000.0,35.0,3.0,0.0,7.347666042191559,0.7797892988684135,0.0,,-0.7327825660024858,-0.7327825660024858,sequential,5e-07,2,0.1,
1765,10028104000.0,35.0,4.0,0.0,4.071332477121063,2.634466806306073,0.0,,-0.51354577002592,-0.51354577002592,sequential,5e-07,2,0.1,
1766,10028105000.0,35.0,5.0,0.0,1.7850951170379852,5.183118093550347,0.0,,-0.3796366122181751,-0.3796366122181751,sequential,5e-07,2,0.1,
1767,10029100000.0,36.0,0.0,0.0,4.073012608732561,8.129400801700646,0.0,,-0.5037114706501391,-0.5037114706501391,sequential,5e-07,2,0.4,
1768,10029101000.0,36.0,1.0,0.0,7.383873866576337,3.313201735538849,0.0,,-0.7358886693129282,-0.7358886693129282,sequential,5e-07,2,0.4,
1769,10029102000.0,36.0,2.0,0.0,1.7787898030819194,6.420768500524926,0.0,,-0.3762418285492801,-0.3762418285492801,sequential,5e-07,2,0.4,
1770,10029103000.0,36.0,3.0,0.0,7.345713848717256,4.082336365130105,0.0,,-0.7513516573853128,-0.7513516573853128,sequential,5e-07,2,0.4,
1771,10029104000.0,36.0,4.0,0.0,4.068202151095452,4.135766595466786,0.0,,-0.5093753312649825,-0.5093753312649825,sequential,5e-07,2,0.4,
1772,10029105000.0,36.0,5.0,0.0,1.783179676429825,7.831599773232342,0.0,,-0.378597701795422,-0.378597701795422,sequential,5e-07,2,0.4,
1773,10030100000.0,37.0,0.0,0.0,4.066562560298245,6.66924923979558,0.0,,-0.5073367981664783,-0.5073367981664783,sequential,5e-07,2,0.5,
1774,10030101000.0,37.0,1.0,0.0,7.352743631383682,4.162914583225227,0.0,,-0.7328793229911651,-0.7328793229911651,sequential,5e-07,2,0.5,
1775,10030102000.0,37.0,2.0,0.0,1.7790065491952751,8.82280083505744,0.0,,-0.3762116150765142,-0.3762116150765142,sequential,5e-07,2,0.5,
1776,10030103000.0,37.0,3.0,0.0,7.417586909553727,9.47415730079702,0.0,,-0.7387760456906483,-0.7387760456906483,sequential,5e-07,2,0.5,
1777,10030104000.0,37.0,4.0,0.0,4.068557791935671,7.6536820575576465,0.0,,-0.509651851909322,-0.509651851909322,sequential,5e-07,2,0.5,
1778,10030105000.0,37.0,5.0,0.0,1.7790283988486184,8.777611455152229,0.0,,-0.376223465145928,-0.376223465145928,sequential,5e-07,2,0.5,
1779,10031100000.0,38.0,0.0,0.0,4.070855744871298,4.554634458783587,0.0,,-0.5129526575691341,-0.5129526575691341,sequential,5e-07,2,0.7,
1780,10031101000.0,38.0,1.0,0.0,7.38566688855276,3.111371013635763,0.0,,-0.7362191728802254,-0.7362191728802254,sequential,5e-07,2,0.7,
1781,10031102000.0,38.0,2.0,0.0,1.7865080863902325,3.038435016438305,0.0,,-0.380496286089705,-0.380496286089705,sequential,5e-07,2,0.7,
1782,10031103000.0,38.0,3.0,0.0,7.412985860495099,3.4426718617425136,0.0,,-0.7387452276781046,-0.7387452276781046,sequential,5e-07,2,0.7,
1783,10031104000.0,38.0,4.0,0.0,4.07367366105008,3.0742197501151587,0.0,,-0.5050581366782351,-0.5050581366782351,sequential,5e-07,2,0.7,
1784,10031105000.0,38.0,5.0,0.0,1.7881914689932916,2.721055826109519,0.0,,-0.3721696672313228,-0.3721696672313228,sequential,5e-07,2,0.7,
1785,10032100000.0,39.0,0.0,0.0,4.070698927526434,1.5986529922669137,0.0,,-0.5126971092697474,-0.5126971092697474,sequential,5e-07,2,1.0,
1786,10032101000.0,39.0,1.0,0.0,7.40710792786777,6.271419637270756,0.0,,-0.7381470083446199,-0.7381470083446199,sequential,5e-07,2,1.0,
1787,10032102000.0,39.0,2.0,0.0,1.7834222467052343,1.301921397153778,0.0,,-0.3787804672301199,-0.3787804672301199,sequential,5e-07,2,1.0,
1788,10032103000.0,39.0,3.0,0.0,7.471049626113186,9.05177291200566,0.0,,-0.7440242022910478,-0.7440242022910478,sequential,5e-07,2,1.0,
1789,10032104000.0,39.0,4.0,0.0,4.071721135388047,1.3642447564344626,0.0,,-0.5015554093184001,-0.5015554093184001,sequential,5e-07,2,1.0,
1790,10032105000.0,39.0,5.0,0.0,1.786729428129396,1.220725776873519,0.0,,-0.3806059108367002,-0.3806059108367002,sequential,5e-07,2,1.0,
1791,10033100000.0,40.0,0.0,0.0,4.075152968759306,0.4031330627786194,0.0,,-0.5086990110606873,-0.5086990110606873,sequential,5e-07,2,1.5,
1792,10033101000.0,40.0,1.0,0.0,7.45436374820045,4.996903270845282,0.0,,-0.7433894477636458,-0.7433894477636458,sequential,5e-07,2,1.5,
1793,10033102000.0,40.0,2.0,0.0,1.7913116037931147,0.5508448268569617,0.0,,-0.3743438882615801,-0.3743438882615801,sequential,5e-07,2,1.5,
1794,10033103000.0,40.0,3.0,0.0,7.517902110944016,3.2899021486448983,0.0,,-0.7493296312267088,-0.7493296312267088,sequential,5e-07,2,1.5,
1795,10033104000.0,40.0,4.0,0.0,4.0745526793109885,0.3945621451343711,0.0,,-0.5073020554883998,-0.5073020554883998,sequential,5e-07,2,1.5,
1796,10033105000.0,40.0,5.0,0.0,1.7916541921277682,0.5522268883300866,0.0,,-0.3745517356413997,-0.3745517356413997,sequential,5e-07,2,1.5,
1797,10034100000.0,41.0,0.0,0.0,4.070195384045185,0.2113566132736131,0.0,,-0.5119008499932874,-0.5119008499932874,sequential,5e-07,2,2.0,
1798,10034101000.0,41.0,1.0,0.0,7.37393223910165,1.751153976071034,0.0,,-0.7349317377462491,-0.7349317377462491,sequential,5e-07,2,2.0,
1799,10034102000.0,41.0,2.0,0.0,1.7859180904004768,0.3427514544686477,0.0,,-0.380085651610178,-0.380085651610178,sequential,5e-07,2,2.0,
1800,10034103000.0,41.0,3.0,0.0,7.330448315273104,2.492721418896472,0.0,,-0.7499759102348,-0.7499759102348,sequential,5e-07,2,2.0,
1801,10034104000.0,41.0,4.0,0.0,4.071599041387958,0.1999045549150338,0.0,,-0.5012929244760189,-0.5012929244760189,sequential,5e-07,2,2.0,
1802,10034105000.0,41.0,5.0,0.0,1.7865793206187082,0.3386967451285637,0.0,,-0.380467861448763,-0.380467861448763,sequential,5e-07,2,2.0,
1803,10035100000.0,119.0,0.0,0.0,1.7195451703775362,3.716209716231872,0.0,,-0.8107119726979876,-0.8107119726979876,sequential,1e-06,2,0.1,
1804,10035101000.0,119.0,1.0,0.0,3.1433681360653374,7.2910718707096756,0.0,,-1.2087140409840884,-1.2087140409840884,sequential,1e-06,2,0.1,
1805,10035102000.0,119.0,2.0,0.0,0.7293721164857706,4.066917810581783,0.0,,-0.6053877845849338,-0.6053877845849338,sequential,1e-06,2,0.1,"(0.667, 0.778]"
1806,10035103000.0,119.0,3.0,0.0,3.133973427272568,4.594215008883704,0.0,,-1.2004618035888015,-1.2004618035888015,sequential,1e-06,2,0.1,
1807,10035104000.0,119.0,4.0,0.0,1.7185178819346842,3.060722402652327,0.0,,-0.8097336596873211,-0.8097336596873211,sequential,1e-06,2,0.1,
1808,10035105000.0,119.0,5.0,0.0,0.7271396732179759,9.321655174956083,0.0,,-0.6024494165682791,-0.6024494165682791,sequential,1e-06,2,0.1,"(0.667, 0.778]"
1809,10036100000.0,120.0,0.0,0.0,1.7284761467811809,9.816643126318237,0.0,,-0.8193592472771267,-0.8193592472771267,sequential,1e-06,2,0.4,
1810,10036101000.0,120.0,1.0,0.0,3.140627958338309,5.545103119186187,0.0,,-1.2062159113045392,-1.2062159113045392,sequential,1e-06,2,0.4,
1811,10036102000.0,120.0,2.0,0.0,0.7296148650021549,8.626832827466876,0.0,,-0.6057508175116295,-0.6057508175116295,sequential,1e-06,2,0.4,"(0.667, 0.778]"
1812,10036103000.0,120.0,3.0,0.0,3.1324904864924825,5.21894410576228,0.0,,-1.1993019681787778,-1.1993019681787778,sequential,1e-06,2,0.4,
1813,10036104000.0,120.0,4.0,0.0,1.729516628491954,8.352807040719666,0.0,,-0.8204330012268846,-0.8204330012268846,sequential,1e-06,2,0.4,
1814,10036105000.0,120.0,5.0,0.0,0.7274674266255613,5.978230878605118,0.0,,-0.6029271744721614,-0.6029271744721614,sequential,1e-06,2,0.4,"(0.667, 0.778]"
1815,10037100000.0,121.0,0.0,0.0,1.7286000338803087,9.7044855900639,0.0,,-0.8204270525896215,-0.8204270525896215,sequential,1e-06,2,0.5,
1816,10037101000.0,121.0,1.0,0.0,3.149171451183713,2.3576963736574927,0.0,,-1.1857408007800043,-1.1857408007800043,sequential,1e-06,2,0.5,
1817,10037102000.0,121.0,2.0,0.0,0.7336082539830688,5.776562357251694,0.0,,-0.6118027195389657,-0.6118027195389657,sequential,1e-06,2,0.5,"(0.667, 0.778]"
1818,10037103000.0,121.0,3.0,0.0,3.1508643529142573,2.57422528318111,0.0,,-1.187525053352291,-1.187525053352291,sequential,1e-06,2,0.5,
1819,10037104000.0,121.0,4.0,0.0,1.729012681031902,9.176062009656617,0.0,,-0.8208445944045353,-0.8208445944045353,sequential,1e-06,2,0.5,
1820,10037105000.0,121.0,5.0,0.0,0.7340101005290821,6.081719474901421,0.0,,-0.6123615671077461,-0.6123615671077461,sequential,1e-06,2,0.5,"(0.667, 0.778]"
1821,10038100000.0,122.0,0.0,0.0,1.735050318839909,2.2843343950647563,0.0,,-0.8263647515215001,-0.8263647515215001,sequential,1e-06,2,0.7,
1822,10038101000.0,122.0,1.0,0.0,3.13969923290696,6.633016151620205,0.0,,-1.2061732455799974,-1.2061732455799974,sequential,1e-06,2,0.7,
1823,10038102000.0,122.0,2.0,0.0,0.7280593431282016,3.907106891091719,0.0,,-0.6039455120702131,-0.6039455120702131,sequential,1e-06,2,0.7,"(0.667, 0.778]"
1824,10038103000.0,122.0,3.0,0.0,3.1589419833764265,7.016086051891007,0.0,,-1.1906265405569965,-1.1906265405569965,sequential,1e-06,2,0.7,
1825,10038104000.0,122.0,4.0,0.0,1.727154271860568,3.7577643500557154,0.0,,-0.818413318122997,-0.818413318122997,sequential,1e-06,2,0.7,
1826,10038105000.0,122.0,5.0,0.0,0.7338388388534485,2.6382235017642763,0.0,,-0.6116849462033453,-0.6116849462033453,sequential,1e-06,2,0.7,"(0.667, 0.778]"
1827,10039100000.0,123.0,0.0,0.0,1.7287413882420672,1.1380966023863917,0.0,,-0.8197572258844242,-0.8197572258844242,sequential,1e-06,2,1.0,
1828,10039101000.0,123.0,1.0,0.0,3.139806754860524,9.38770027819502,0.0,,-1.2059921168500132,-1.2059921168500132,sequential,1e-06,2,1.0,
1829,10039102000.0,123.0,2.0,0.0,0.7270877747768346,1.4935528357624177,0.0,,-0.6025364907824367,-0.6025364907824367,sequential,1e-06,2,1.0,"(0.667, 0.778]"
1830,10039103000.0,123.0,3.0,0.0,3.150339508391352,7.883581173883087,0.0,,-1.1854551564972056,-1.1854551564972056,sequential,1e-06,2,1.0,
1831,10039104000.0,123.0,4.0,0.0,1.7315102170071384,0.912343923704518,0.0,,-0.822626084380941,-0.822626084380941,sequential,1e-06,2,1.0,
1832,10039105000.0,123.0,5.0,0.0,0.7283449262650696,1.29066007656318,0.0,,-0.604220094119524,-0.604220094119524,sequential,1e-06,2,1.0,"(0.667, 0.778]"
1833,10040100000.0,124.0,0.0,0.0,1.73328871404238,0.3268504486973416,0.0,,-0.824565164887909,-0.824565164887909,sequential,1e-06,2,1.5,
1834,10040101000.0,124.0,1.0,0.0,3.152376413174138,2.073049961275104,0.0,,-1.1877993724851112,-1.1877993724851112,sequential,1e-06,2,1.5,
1835,10040102000.0,124.0,2.0,0.0,0.7284923993018015,0.5942635028416385,0.0,,-0.6044883361068789,-0.6044883361068789,sequential,1e-06,2,1.5,"(0.667, 0.778]"
1836,10040103000.0,124.0,3.0,0.0,3.136902300337615,4.182892297944024,0.0,,-1.2035971257989766,-1.2035971257989766,sequential,1e-06,2,1.5,
1837,10040104000.0,124.0,4.0,0.0,1.7237976176334957,0.479813075405504,0.0,,-0.8151828075080301,-0.8151828075080301,sequential,1e-06,2,1.5,
1838,10040105000.0,124.0,5.0,0.0,0.7301451468507313,0.5425042494675483,0.0,,-0.6066263727441932,-0.6066263727441932,sequential,1e-06,2,1.5,"(0.667, 0.778]"
1839,10041100000.0,125.0,0.0,0.0,1.7321639770502026,0.1949156819107989,0.0,,-0.8233466671639382,-0.8233466671639382,sequential,1e-06,2,2.0,
1840,10041101000.0,125.0,1.0,0.0,3.144282245744704,1.1541792201892198,0.0,,-1.209989671078693,-1.209989671078693,sequential,1e-06,2,2.0,
1841,10041102000.0,125.0,2.0,0.0,0.7313869586503635,0.3246554971897648,0.0,,-0.6083045563499534,-0.6083045563499534,sequential,1e-06,2,2.0,"(0.667, 0.778]"
1842,10041103000.0,125.0,3.0,0.0,3.146847161878804,1.0517984358905488,0.0,,-1.212490644088111,-1.212490644088111,sequential,1e-06,2,2.0,
1843,10041104000.0,125.0,4.0,0.0,1.7298143192802553,0.2170281539342433,0.0,,-0.8209013346030208,-0.8209013346030208,sequential,1e-06,2,2.0,
1844,10041105000.0,125.0,5.0,0.0,0.7318937181591119,0.3215664949174037,0.0,,-0.6090039690077976,-0.6090039690077976,sequential,1e-06,2,2.0,"(0.667, 0.778]"
1845,10042100000.0,14.0,0.0,0.0,8.12944191801856,6.600963100191408,0.0,,-0.1844254895948683,-0.1844254895948683,sequential,1e-07,10,0.1,
1846,10042101000.0,14.0,1.0,0.0,7.731317723244729,1.9818621527346725,0.0,,-0.2676017047016995,-0.2676017047016995,sequential,1e-07,10,0.1,
1847,10042102000.0,14.0,2.0,0.0,6.047014994916598,8.890959571515383,0.0,,-0.1342735624673829,-0.1342735624673829,sequential,1e-07,10,0.1,
1848,10042103000.0,14.0,3.0,0.0,7.9843520166744355,3.9831249169026286,0.0,,-0.2705649623615657,-0.2705649623615657,sequential,1e-07,10,0.1,
1849,10042104000.0,14.0,4.0,0.0,8.200579491129146,1.5090235808347037,0.0,,-0.1827485877369271,-0.1827485877369271,sequential,1e-07,10,0.1,
1850,10042105000.0,14.0,5.0,0.0,6.127593922751555,3.4841215540030483,0.0,,-0.1353435357948757,-0.1353435357948757,sequential,1e-07,10,0.1,
1851,10043100000.0,15.0,0.0,0.0,8.071905303046272,7.977100049982317,0.0,,-0.1860209883877142,-0.1860209883877142,sequential,1e-07,10,0.4,
1852,10043101000.0,15.0,1.0,0.0,8.13014163327315,6.962663645432908,0.0,,-0.2725721681104058,-0.2725721681104058,sequential,1e-07,10,0.4,
1853,10043102000.0,15.0,2.0,0.0,6.180338385144043,9.397245452651347,0.0,,-0.1362700565611432,-0.1362700565611432,sequential,1e-07,10,0.4,
1854,10043103000.0,15.0,3.0,0.0,8.156772950225307,8.193430777635097,0.0,,-0.2728858628331523,-0.2728858628331523,sequential,1e-07,10,0.4,
1855,10043104000.0,15.0,4.0,0.0,8.13670484794984,8.707588068833688,0.0,,-0.1845126127344806,-0.1845126127344806,sequential,1e-07,10,0.4,
1856,10043105000.0,15.0,5.0,0.0,6.242978142114444,5.591318389289546,0.0,,-0.1371132610707911,-0.1371132610707911,sequential,1e-07,10,0.4,
1857,10044100000.0,16.0,0.0,0.0,8.172877942715685,5.706949035379168,0.0,,-0.1833764726135792,-0.1833764726135792,sequential,1e-07,10,0.5,
1858,10044101000.0,16.0,1.0,0.0,7.93373188791624,3.4952210825235803,0.0,,-0.2699359958494132,-0.2699359958494132,sequential,1e-07,10,0.5,
1859,10044102000.0,16.0,2.0,0.0,6.024666574291404,5.725622421728954,0.0,,-0.1339506742487659,-0.1339506742487659,sequential,1e-07,10,0.5,
1860,10044103000.0,16.0,3.0,0.0,7.959777194858428,4.706741730220006,0.0,,-0.2702518786265572,-0.2702518786265572,sequential,1e-07,10,0.5,
1861,10044104000.0,16.0,4.0,0.0,8.17500723169142,6.406011730573254,0.0,,-0.1833243226096406,-0.1833243226096406,sequential,1e-07,10,0.5,
1862,10044105000.0,16.0,5.0,0.0,6.026345803052451,5.464878118243626,0.0,,-0.1339738715976766,-0.1339738715976766,sequential,1e-07,10,0.5,
1863,10045100000.0,17.0,0.0,0.0,8.208385467784346,4.597902718672153,0.0,,-0.1825908320940086,-0.1825908320940086,sequential,1e-07,10,0.7,
1864,10045101000.0,17.0,1.0,0.0,7.843133714122797,7.829461739652466,0.0,,-0.2689457567892448,-0.2689457567892448,sequential,1e-07,10,0.7,
1865,10045102000.0,17.0,2.0,0.0,6.069291076609506,6.033590329254838,0.0,,-0.134608374165675,-0.134608374165675,sequential,1e-07,10,0.7,
1866,10045103000.0,17.0,3.0,0.0,8.024043392702755,9.496020186084644,0.0,,-0.2710741472752079,-0.2710741472752079,sequential,1e-07,10,0.7,
1867,10045104000.0,17.0,4.0,0.0,8.168364005920925,4.193503063910986,0.0,,-0.1835229206550328,-0.1835229206550328,sequential,1e-07,10,0.7,
1868,10045105000.0,17.0,5.0,0.0,6.089975241117507,5.848386759877308,0.0,,-0.1348657756359342,-0.1348657756359342,sequential,1e-07,10,0.7,
1869,10046100000.0,18.0,0.0,0.0,8.143452219041226,1.7720363662833751,0.0,,-0.1843350058287699,-0.1843350058287699,sequential,1e-07,10,1.0,
1870,10046101000.0,18.0,1.0,0.0,8.017024002699959,6.854281609111553,0.0,,-0.271270946948247,-0.271270946948247,sequential,1e-07,10,1.0,
1871,10046102000.0,18.0,2.0,0.0,6.17710624149402,1.7558363824898664,0.0,,-0.1362136619600228,-0.1362136619600228,sequential,1e-07,10,1.0,
1872,10046103000.0,18.0,3.0,0.0,8.034938514135517,7.213898601996743,0.0,,-0.2714823277511099,-0.2714823277511099,sequential,1e-07,10,1.0,
1873,10046104000.0,18.0,4.0,0.0,8.075132777059244,1.2526123480204865,0.0,,-0.1859311761900349,-0.1859311761900349,sequential,1e-07,10,1.0,
1874,10046105000.0,18.0,5.0,0.0,6.228752349821918,1.4144504644676028,0.0,,-0.1369053514043781,-0.1369053514043781,sequential,1e-07,10,1.0,
1875,10047100000.0,19.0,0.0,0.0,8.1162184415821,0.3821132695407678,0.0,,-0.1847717972959593,-0.1847717972959593,sequential,1e-07,10,1.5,
1876,10047101000.0,19.0,1.0,0.0,7.871095303458125,4.420207259668292,0.0,,-0.2692820217111372,-0.2692820217111372,sequential,1e-07,10,1.5,
1877,10047102000.0,19.0,2.0,0.0,6.2174492500463066,0.5424941327263464,0.0,,-0.136607263896358,-0.136607263896358,sequential,1e-07,10,1.5,
1878,10047103000.0,19.0,3.0,0.0,7.86007412970289,5.085310870009768,0.0,,-0.2691492975923667,-0.2691492975923667,sequential,1e-07,10,1.5,
1879,10047104000.0,19.0,4.0,0.0,8.199191365244781,0.4981645168353848,0.0,,-0.1828112752886589,-0.1828112752886589,sequential,1e-07,10,1.5,
1880,10047105000.0,19.0,5.0,0.0,6.120320712742196,0.6057617970908944,0.0,,-0.1352878396218325,-0.1352878396218325,sequential,1e-07,10,1.5,
1881,10048100000.0,20.0,0.0,0.0,8.272123678101577,0.2716915688566101,0.0,,-0.18102516255127,-0.18102516255127,sequential,1e-07,10,2.0,
1882,10048101000.0,20.0,1.0,0.0,7.937947799481791,1.333067593611991,0.0,,-0.2699587980354602,-0.2699587980354602,sequential,1e-07,10,2.0,
1883,10048102000.0,20.0,2.0,0.0,6.119668029204169,0.3732635517698171,0.0,,-0.1352059077753786,-0.1352059077753786,sequential,1e-07,10,2.0,
1884,10048103000.0,20.0,3.0,0.0,7.768860836889269,1.9835288966329712,0.0,,-0.2679421384367694,-0.2679421384367694,sequential,1e-07,10,2.0,
1885,10048104000.0,20.0,4.0,0.0,8.169228694068808,0.2130766123855322,0.0,,-0.1834455141326081,-0.1834455141326081,sequential,1e-07,10,2.0,
1886,10048105000.0,20.0,5.0,0.0,6.053671807973072,0.3898823037336283,0.0,,-0.1343017858180509,-0.1343017858180509,sequential,1e-07,10,2.0,
1887,10049100000.0,42.0,0.0,0.0,4.10942128245252,8.472190769948943,0.0,,-0.5104371574217013,-0.5104371574217013,sequential,5e-07,10,0.1,
1888,10049101000.0,42.0,1.0,0.0,7.048621730031844,2.42657955530431,0.0,,-0.7581052339415556,-0.7581052339415556,sequential,5e-07,10,0.1,
1889,10049102000.0,42.0,2.0,0.0,1.7928282154772253,6.016419890577742,0.0,,-0.3794636564715755,-0.3794636564715755,sequential,5e-07,10,0.1,
1890,10049103000.0,42.0,3.0,0.0,6.964353404855864,0.8252265794435161,0.0,,-0.7503543526335987,-0.7503543526335987,sequential,5e-07,10,0.1,
1891,10049104000.0,42.0,4.0,0.0,4.111104641063473,2.5696348751794558,0.0,,-0.5119868344497092,-0.5119868344497092,sequential,5e-07,10,0.1,
1892,10049105000.0,42.0,5.0,0.0,1.793598423324496,5.432540698295485,0.0,,-0.3798794354297543,-0.3798794354297543,sequential,5e-07,10,0.1,
1893,10050100000.0,43.0,0.0,0.0,4.11824358743463,9.845010509560892,0.0,,-0.5197621995007745,-0.5197621995007745,sequential,5e-07,10,0.4,
1894,10050101000.0,43.0,1.0,0.0,7.043678399369875,3.935948802795496,0.0,,-0.7580982739433191,-0.7580982739433191,sequential,5e-07,10,0.4,
1895,10050102000.0,43.0,2.0,0.0,1.7984462263237508,4.665288403548315,0.0,,-0.382658270392545,-0.382658270392545,sequential,5e-07,10,0.4,
1896,10050103000.0,43.0,3.0,0.0,7.060669820529922,5.484381608438593,0.0,,-0.7597474732092864,-0.7597474732092864,sequential,5e-07,10,0.4,
1897,10050104000.0,43.0,4.0,0.0,4.116828597401744,8.968366844383658,0.0,,-0.5180952558074066,-0.5180952558074066,sequential,5e-07,10,0.4,
1898,10050105000.0,43.0,5.0,0.0,1.793024768257519,8.752015438827291,0.0,,-0.3797903420011779,-0.3797903420011779,sequential,5e-07,10,0.4,
1899,10051100000.0,44.0,0.0,0.0,4.115991131150409,5.632546814571767,0.0,,-0.5170341582274764,-0.5170341582274764,sequential,5e-07,10,0.5,
1900,10051101000.0,44.0,1.0,0.0,6.981843874507357,3.081924565340378,0.0,,-0.7521536144776326,-0.7521536144776326,sequential,5e-07,10,0.5,
1901,10051102000.0,44.0,2.0,0.0,1.794915061776791,8.741877638199805,0.0,,-0.3806465003027195,-0.3806465003027195,sequential,5e-07,10,0.5,
1902,10051103000.0,44.0,3.0,0.0,6.986643112655892,3.095732525714461,0.0,,-0.7525981139816008,-0.7525981139816008,sequential,5e-07,10,0.5,
1903,10051104000.0,44.0,4.0,0.0,4.110571483976209,8.434284138734073,0.0,,-0.5115726413643974,-0.5115726413643974,sequential,5e-07,10,0.5,
1904,10051105000.0,44.0,5.0,0.0,1.7875152053099257,5.499245251870534,0.0,,-0.3867552726344903,-0.3867552726344903,sequential,5e-07,10,0.5,
1905,10052100000.0,45.0,0.0,0.0,4.114379225168257,4.277740640792772,0.0,,-0.515710704965456,-0.515710704965456,sequential,5e-07,10,0.7,
1906,10052101000.0,45.0,1.0,0.0,7.045772130744842,3.2629138882556847,0.0,,-0.758781703638544,-0.758781703638544,sequential,5e-07,10,0.7,
1907,10052102000.0,45.0,2.0,0.0,1.7923192680308877,4.634574969529695,0.0,,-0.3797156651240431,-0.3797156651240431,sequential,5e-07,10,0.7,
1908,10052103000.0,45.0,3.0,0.0,7.125898554064373,6.851027679612638,0.0,,-0.7666262829825515,-0.7666262829825515,sequential,5e-07,10,0.7,
1909,10052104000.0,45.0,4.0,0.0,4.117068440617397,4.00118630475308,0.0,,-0.5186237927220553,-0.5186237927220553,sequential,5e-07,10,0.7,
1910,10052105000.0,45.0,5.0,0.0,1.8000377094462838,2.7416221577521447,0.0,,-0.3837415610718589,-0.3837415610718589,sequential,5e-07,10,0.7,
1911,10053100000.0,46.0,0.0,0.0,4.11598197886368,1.1427373225549362,0.0,,-0.51705702766606,-0.51705702766606,sequential,5e-07,10,1.0,
1912,10053101000.0,46.0,1.0,0.0,7.035188536327026,8.161639655421503,0.0,,-0.7571356958418796,-0.7571356958418796,sequential,5e-07,10,1.0,
1913,10053102000.0,46.0,2.0,0.0,1.7888509688162488,1.5755760679315924,0.0,,-0.3874675935610583,-0.3874675935610583,sequential,5e-07,10,1.0,
1914,10053103000.0,46.0,3.0,0.0,7.112437536980823,7.288786285396164,0.0,,-0.7645782517054434,-0.7645782517054434,sequential,5e-07,10,1.0,
1915,10053104000.0,46.0,4.0,0.0,4.117173640182063,1.1226769952547944,0.0,,-0.518385395230025,-0.518385395230025,sequential,5e-07,10,1.0,
1916,10053105000.0,46.0,5.0,0.0,1.795297195760898,1.282511781067098,0.0,,-0.3808833313282414,-0.3808833313282414,sequential,5e-07,10,1.0,
1917,10054100000.0,47.0,0.0,0.0,4.114519648709547,0.4473744976036501,0.0,,-0.5155855870640152,-0.5155855870640152,sequential,5e-07,10,1.5,
1918,10054101000.0,47.0,1.0,0.0,7.128893842152663,2.721957584116467,0.0,,-0.7663709749094334,-0.7663709749094334,sequential,5e-07,10,1.5,
1919,10054102000.0,47.0,2.0,0.0,1.79803788406762,0.5582624270794749,0.0,,-0.3824306185917314,-0.3824306185917314,sequential,5e-07,10,1.5,
1920,10054103000.0,47.0,3.0,0.0,7.059647556345463,3.4847578566162363,0.0,,-0.7596402645365041,-0.7596402645365041,sequential,5e-07,10,1.5,
1921,10054104000.0,47.0,4.0,0.0,4.113430927790921,0.496452584636703,0.0,,-0.5144609713073278,-0.5144609713073278,sequential,5e-07,10,1.5,
1922,10054105000.0,47.0,5.0,0.0,1.7938527453541808,0.6041315757398912,0.0,,-0.3802260499696157,-0.3802260499696157,sequential,5e-07,10,1.5,
1923,10055100000.0,48.0,0.0,0.0,4.111043088962544,0.22147174218193,0.0,,-0.5119742309855689,-0.5119742309855689,sequential,5e-07,10,2.0,
1924,10055101000.0,48.0,1.0,0.0,6.996485814057857,1.870905260669742,0.0,,-0.7532878489996253,-0.7532878489996253,sequential,5e-07,10,2.0,
1925,10055102000.0,48.0,2.0,0.0,1.787907690023495,0.3665853527556968,0.0,,-0.3869166649848842,-0.3869166649848842,sequential,5e-07,10,2.0,
1926,10055103000.0,48.0,3.0,0.0,7.033018384214636,1.5129012837503018,0.0,,-0.7567837778734183,-0.7567837778734183,sequential,5e-07,10,2.0,
1927,10055104000.0,48.0,4.0,0.0,4.114990367341207,0.1989199287554292,0.0,,-0.5158921481864063,-0.5158921481864063,sequential,5e-07,10,2.0,
1928,10055105000.0,48.0,5.0,0.0,1.7876608892637469,0.3699846618871103,0.0,,-0.386792881274685,-0.386792881274685,sequential,5e-07,10,2.0,
1929,10056100000.0,126.0,0.0,0.0,1.7396718197386758,2.052813032617401,0.0,,-0.8645531696501464,-0.8645531696501464,sequential,1e-06,10,0.1,
1930,10056101000.0,126.0,1.0,0.0,3.0491543728300643,5.238521192361504,0.0,,-1.2423896847464722,-1.2423896847464722,sequential,1e-06,10,0.1,
1931,10056102000.0,126.0,2.0,0.0,0.7288169220927219,7.773309191466787,0.0,,-0.633441741476679,-0.633441741476679,sequential,1e-06,10,0.1,"(0.667, 0.778]"
1932,10056103000.0,126.0,3.0,0.0,3.048324049365933,4.90912593030641,0.0,,-1.242151857615572,-1.242151857615572,sequential,1e-06,10,0.1,
1933,10056104000.0,126.0,4.0,0.0,1.741665793376934,2.1901109205262714,0.0,,-0.8446637544842682,-0.8446637544842682,sequential,1e-06,10,0.1,
1934,10056105000.0,126.0,5.0,0.0,0.7289441714016491,7.626969685803474,0.0,,-0.6336060875361542,-0.6336060875361542,sequential,1e-06,10,0.1,"(0.667, 0.778]"
1935,10057100000.0,127.0,0.0,0.0,1.729109078319607,7.988909751773987,0.0,,-0.8539658769395957,-0.8539658769395957,sequential,1e-06,10,0.4,
1936,10057101000.0,127.0,1.0,0.0,3.017535808486385,4.673790750720622,0.0,,-1.2324110912851909,-1.2324110912851909,sequential,1e-06,10,0.4,
1937,10057102000.0,127.0,2.0,0.0,0.7258042189178276,3.599807152517194,0.0,,-0.6289941413319237,-0.6289941413319237,sequential,1e-06,10,0.4,"(0.667, 0.778]"
1938,10057103000.0,127.0,3.0,0.0,3.0094117577607884,5.154228307938382,0.0,,-1.230351251640882,-1.230351251640882,sequential,1e-06,10,0.4,
1939,10057104000.0,127.0,4.0,0.0,1.7352524899786177,9.40565056700371,0.0,,-0.859636746285866,-0.859636746285866,sequential,1e-06,10,0.4,
1940,10057105000.0,127.0,5.0,0.0,0.7257992138867552,3.60917203882346,0.0,,-0.6289876336165636,-0.6289876336165636,sequential,1e-06,10,0.4,"(0.667, 0.778]"
1941,10058100000.0,128.0,0.0,0.0,1.7307072030478992,9.827109736699905,0.0,,-0.8555217178401383,-0.8555217178401383,sequential,1e-06,10,0.5,
1942,10058101000.0,128.0,1.0,0.0,3.036637380390917,2.8270902104026296,0.0,,-1.2379163551091392,-1.2379163551091392,sequential,1e-06,10,0.5,
1943,10058102000.0,128.0,2.0,0.0,0.7333138746925436,5.90844897198415,0.0,,-0.6386753222849504,-0.6386753222849504,sequential,1e-06,10,0.5,"(0.667, 0.778]"
1944,10058103000.0,128.0,3.0,0.0,3.0339024525799085,2.5289650673024484,0.0,,-1.2371377037497415,-1.2371377037497415,sequential,1e-06,10,0.5,
1945,10058104000.0,128.0,4.0,0.0,1.7348526361014305,8.657387534409827,0.0,,-0.8593073224030127,-0.8593073224030127,sequential,1e-06,10,0.5,
1946,10058105000.0,128.0,5.0,0.0,0.7302970290518271,6.67413593198428,0.0,,-0.6347038445236439,-0.6347038445236439,sequential,1e-06,10,0.5,"(0.667, 0.778]"
1947,10059100000.0,129.0,0.0,0.0,1.7331735044252885,3.67846381935514,0.0,,-0.8579284070957032,-0.8579284070957032,sequential,1e-06,10,0.7,
1948,10059101000.0,129.0,1.0,0.0,3.0589218816286943,2.0810056579745,0.0,,-1.2442467487187725,-1.2442467487187725,sequential,1e-06,10,0.7,
1949,10059102000.0,129.0,2.0,0.0,0.7290528970344977,4.234662982177688,0.0,,-0.6332308839477145,-0.6332308839477145,sequential,1e-06,10,0.7,"(0.667, 0.778]"
1950,10059103000.0,129.0,3.0,0.0,3.0096256794014864,9.584596648875683,0.0,,-1.23067942404897,-1.23067942404897,sequential,1e-06,10,0.7,
1951,10059104000.0,129.0,4.0,0.0,1.7291133845694806,4.751849780550248,0.0,,-0.8543027132326431,-0.8543027132326431,sequential,1e-06,10,0.7,
1952,10059105000.0,129.0,5.0,0.0,0.7277701479844874,3.986478933739172,0.0,,-0.6316690542425523,-0.6316690542425523,sequential,1e-06,10,0.7,"(0.667, 0.778]"
1953,10060100000.0,130.0,0.0,0.0,1.7365891456474956,0.9478782346835504,0.0,,-0.8609897259816806,-0.8609897259816806,sequential,1e-06,10,1.0,
1954,10060101000.0,130.0,1.0,0.0,2.9899120627116424,5.213027829234476,0.0,,-1.2580362635925824,-1.2580362635925824,sequential,1e-06,10,1.0,
1955,10060102000.0,130.0,2.0,0.0,0.7268838613341762,1.5560912875097952,0.0,,-0.630447191896227,-0.630447191896227,sequential,1e-06,10,1.0,"(0.667, 0.778]"
1956,10060103000.0,130.0,3.0,0.0,3.028632791550116,7.539195861313997,0.0,,-1.2356481178675036,-1.2356481178675036,sequential,1e-06,10,1.0,
1957,10060104000.0,130.0,4.0,0.0,1.7379519410313653,0.8981298855341335,0.0,,-0.862318245894122,-0.862318245894122,sequential,1e-06,10,1.0,
1958,10060105000.0,130.0,5.0,0.0,0.7321325815755801,1.1029232738835246,0.0,,-0.6371653223812469,-0.6371653223812469,sequential,1e-06,10,1.0,"(0.667, 0.778]"
1959,10061100000.0,131.0,0.0,0.0,1.734791371534702,0.3511208077394598,0.0,,-0.8591194004555067,-0.8591194004555067,sequential,1e-06,10,1.5,
1960,10061101000.0,131.0,1.0,0.0,2.98411747402437,4.86526230301351,0.0,,-1.2559684173293078,-1.2559684173293078,sequential,1e-06,10,1.5,
1961,10061102000.0,131.0,2.0,0.0,0.7275105667050175,0.555302752788596,0.0,,-0.6310184624194098,-0.6310184624194098,sequential,1e-06,10,1.5,"(0.667, 0.778]"
1962,10061103000.0,131.0,3.0,0.0,2.968233156272958,6.1273330586844,0.0,,-1.2519860950878388,-1.2519860950878388,sequential,1e-06,10,1.5,
1963,10061104000.0,131.0,4.0,0.0,1.7278652611257923,0.4031915912642598,0.0,,-0.8527219073581247,-0.8527219073581247,sequential,1e-06,10,1.5,
1964,10061105000.0,131.0,5.0,0.0,0.7270434011504854,0.5785331838150257,0.0,,-0.6304079954836272,-0.6304079954836272,sequential,1e-06,10,1.5,"(0.667, 0.778]"
1965,10062100000.0,132.0,0.0,0.0,1.7324228415732372,0.2254437196940206,0.0,,-0.857168258887397,-0.857168258887397,sequential,1e-06,10,2.0,
1966,10062101000.0,132.0,1.0,0.0,2.9913514294939434,1.9591649721247308,0.0,,-1.2258054783161287,-1.2258054783161287,sequential,1e-06,10,2.0,
1967,10062102000.0,132.0,2.0,0.0,0.7325882334073935,0.3346650138484715,0.0,,-0.6377992261096699,-0.6377992261096699,sequential,1e-06,10,2.0,"(0.667, 0.778]"
1968,10062103000.0,132.0,3.0,0.0,3.0255379930662825,1.1738360987498884,0.0,,-1.2348200182892042,-1.2348200182892042,sequential,1e-06,10,2.0,
1969,10062104000.0,132.0,4.0,0.0,1.7350854068759405,0.2132466681880735,0.0,,-0.8595652788210321,-0.8595652788210321,sequential,1e-06,10,2.0,
1970,10062105000.0,132.0,5.0,0.0,0.7285799911830152,0.3535324003157754,0.0,,-0.6325705004197661,-0.6325705004197661,sequential,1e-06,10,2.0,"(0.667, 0.778]"
1971,10063100000.0,21.0,0.0,0.0,8.402493355167032,6.922774501582686,0.0,,-0.1797655210029607,-0.1797655210029607,sequential,1e-07,30,0.1,
1972,10063101000.0,21.0,1.0,0.0,8.368762344933337,1.945610422365777,0.0,,-0.2628217943232353,-0.2628217943232353,sequential,1e-07,30,0.1,
1973,10063102000.0,21.0,2.0,0.0,5.763854089457728,1.4251468435524193,0.0,,-0.1331721138422134,-0.1331721138422134,sequential,1e-07,30,0.1,
1974,10063103000.0,21.0,3.0,0.0,8.536748105588593,3.352068778365906,0.0,,-0.2645562690201661,-0.2645562690201661,sequential,1e-07,30,0.1,
1975,10063104000.0,21.0,4.0,0.0,8.458008140778242,6.343213772071726,0.0,,-0.178554728915491,-0.178554728915491,sequential,1e-07,30,0.1,
1976,10063105000.0,21.0,5.0,0.0,5.764981097193927,1.4101587753667268,0.0,,-0.1331881209234908,-0.1331881209234908,sequential,1e-07,30,0.1,
1977,10064100000.0,22.0,0.0,0.0,8.47879700840618,8.48817111005796,0.0,,-0.1780762228538919,-0.1780762228538919,sequential,1e-07,30,0.4,
1978,10064101000.0,22.0,1.0,0.0,8.388599009177511,7.428786752124536,0.0,,-0.2630111618899002,-0.2630111618899002,sequential,1e-07,30,0.4,
1979,10064102000.0,22.0,2.0,0.0,5.698319260460215,5.765109118901087,0.0,,-0.1322635617591806,-0.1322635617591806,sequential,1e-07,30,0.4,
1980,10064103000.0,22.0,3.0,0.0,8.393837024605233,7.476250040009392,0.0,,-0.263066885246088,-0.263066885246088,sequential,1e-07,30,0.4,
1981,10064104000.0,22.0,4.0,0.0,8.48172827407362,8.316698611941765,0.0,,-0.1780110570104797,-0.1780110570104797,sequential,1e-07,30,0.4,
1982,10064105000.0,22.0,5.0,0.0,5.726326335256187,5.930739577020947,0.0,,-0.1326584667343437,-0.1326584667343437,sequential,1e-07,30,0.4,
1983,10065100000.0,23.0,0.0,0.0,8.464121381368418,5.651441631586776,0.0,,-0.1782157114975241,-0.1782157114975241,sequential,1e-07,30,0.5,
1984,10065101000.0,23.0,1.0,0.0,8.177691241637804,8.375271378579525,0.0,,-0.2605190421127729,-0.2605190421127729,sequential,1e-07,30,0.5,
1985,10065102000.0,23.0,2.0,0.0,5.568200262546712,5.204952706596706,0.0,,-0.1303739048273313,-0.1303739048273313,sequential,1e-07,30,0.5,
1986,10065103000.0,23.0,3.0,0.0,8.389842663607324,5.040308663648168,0.0,,-0.262773458550382,-0.262773458550382,sequential,1e-07,30,0.5,
1987,10065104000.0,23.0,4.0,0.0,8.429146973259066,5.214531607020276,0.0,,-0.1789805542677741,-0.1789805542677741,sequential,1e-07,30,0.5,
1988,10065105000.0,23.0,5.0,0.0,5.667351200616404,7.212098995958036,0.0,,-0.1317152257656409,-0.1317152257656409,sequential,1e-07,30,0.5,
1989,10066100000.0,24.0,0.0,0.0,8.48420516851972,4.238037897868052,0.0,,-0.1777659858741755,-0.1777659858741755,sequential,1e-07,30,0.7,
1990,10066101000.0,24.0,1.0,0.0,8.261550786721658,3.8189317401652434,0.0,,-0.2614359243824569,-0.2614359243824569,sequential,1e-07,30,0.7,
1991,10066102000.0,24.0,2.0,0.0,5.666302003669122,3.812930325748982,0.0,,-0.1317033655246154,-0.1317033655246154,sequential,1e-07,30,0.7,
1992,10066103000.0,24.0,3.0,0.0,8.253316097347314,4.0475593351670645,0.0,,-0.2613468838713828,-0.2613468838713828,sequential,1e-07,30,0.7,
1993,10066104000.0,24.0,4.0,0.0,8.550170388315186,5.255248984722761,0.0,,-0.1763720160012213,-0.1763720160012213,sequential,1e-07,30,0.7,
1994,10066105000.0,24.0,5.0,0.0,5.572006765116389,5.9095754175308,0.0,,-0.1304314443179153,-0.1304314443179153,sequential,1e-07,30,0.7,
1995,10067100000.0,25.0,0.0,0.0,8.40741964216584,1.100094413814761,0.0,,-0.1794958474571739,-0.1794958474571739,sequential,1e-07,30,1.0,
1996,10067101000.0,25.0,1.0,0.0,8.406798318230585,9.832219744675898,0.0,,-0.26298657548601,-0.26298657548601,sequential,1e-07,30,1.0,
1997,10067102000.0,25.0,2.0,0.0,5.733571374611127,1.188871350478181,0.0,,-0.1326495216521492,-0.1326495216521492,sequential,1e-07,30,1.0,
1998,10067103000.0,25.0,3.0,0.0,8.326246235341761,9.304208401298196,0.0,,-0.2621633588838891,-0.2621633588838891,sequential,1e-07,30,1.0,
1999,10067104000.0,25.0,4.0,0.0,8.405212819867495,1.0707361326364089,0.0,,-0.1795463630595115,-0.1795463630595115,sequential,1e-07,30,1.0,
2000,10067105000.0,25.0,5.0,0.0,5.714787582425656,1.299263435434726,0.0,,-0.1323814682161924,-0.1323814682161924,sequential,1e-07,30,1.0,
2001,10068100000.0,26.0,0.0,0.0,8.495570308946563,0.4682268076790676,0.0,,-0.1775548748081678,-0.1775548748081678,sequential,1e-07,30,1.5,
2002,10068101000.0,26.0,1.0,0.0,8.213474047902794,5.3331861459471535,0.0,,-0.2609301998861371,-0.2609301998861371,sequential,1e-07,30,1.5,
2003,10068102000.0,26.0,2.0,0.0,5.628489464327336,0.6410773385393332,0.0,,-0.1312016184417169,-0.1312016184417169,sequential,1e-07,30,1.5,
2004,10068103000.0,26.0,3.0,0.0,8.30239038451304,3.7334638201233754,0.0,,-0.2618902093140984,-0.2618902093140984,sequential,1e-07,30,1.5,
2005,10068104000.0,26.0,4.0,0.0,8.447655052903427,0.3889984174980721,0.0,,-0.178600175908392,-0.178600175908392,sequential,1e-07,30,1.5,
2006,10068105000.0,26.0,5.0,0.0,5.716627750576835,0.5746419631242866,0.0,,-0.1324014860933942,-0.1324014860933942,sequential,1e-07,30,1.5,
2007,10069100000.0,27.0,0.0,0.0,8.475087868422689,0.2319713087806288,0.0,,-0.1779757011682985,-0.1779757011682985,sequential,1e-07,30,2.0,
2008,10069101000.0,27.0,1.0,0.0,8.496656675866218,1.2256039645969024,0.0,,-0.2638929035985267,-0.2638929035985267,sequential,1e-07,30,2.0,
2009,10069102000.0,27.0,2.0,0.0,5.602497449997224,0.3945775025401678,0.0,,-0.1308328098875883,-0.1308328098875883,sequential,1e-07,30,2.0,
2010,10069103000.0,27.0,3.0,0.0,8.241143749872506,1.987301858275492,0.0,,-0.2612215994164167,-0.2612215994164167,sequential,1e-07,30,2.0,
2011,10069104000.0,27.0,4.0,0.0,8.501012296694668,0.2405659521678757,0.0,,-0.177427905268065,-0.177427905268065,sequential,1e-07,30,2.0,
2012,10069105000.0,27.0,5.0,0.0,5.68343405830664,0.3569381727835977,0.0,,-0.1319488824800502,-0.1319488824800502,sequential,1e-07,30,2.0,
2013,10070100000.0,49.0,0.0,0.0,4.141536839362895,2.2666962952584337,0.0,,-0.5118992323257354,-0.5118992323257354,sequential,5e-07,30,0.1,
2014,10070101000.0,49.0,1.0,0.0,6.721422335905566,1.7658527358879776,0.0,,-0.7471717775916725,-0.7471717775916725,sequential,5e-07,30,0.1,
2015,10070102000.0,49.0,2.0,0.0,1.7969713396394122,4.948478165490175,0.0,,-0.3767242422068382,-0.3767242422068382,sequential,5e-07,30,0.1,
2016,10070103000.0,49.0,3.0,0.0,6.815170058383389,2.4119001535218945,0.0,,-0.7559165792246549,-0.7559165792246549,sequential,5e-07,30,0.1,
2017,10070104000.0,49.0,4.0,0.0,4.138967381736755,2.3177158140885328,0.0,,-0.509947906723543,-0.509947906723543,sequential,5e-07,30,0.1,
2018,10070105000.0,49.0,5.0,0.0,1.8037873651597427,5.127177185373507,0.0,,-0.3800269159228704,-0.3800269159228704,sequential,5e-07,30,0.1,
2019,10071100000.0,50.0,0.0,0.0,4.141265223067879,6.747629917871112,0.0,,-0.5117175145537742,-0.5117175145537742,sequential,5e-07,30,0.4,
2020,10071101000.0,50.0,1.0,0.0,6.851173573020488,4.594280168570237,0.0,,-0.7595105645302638,-0.7595105645302638,sequential,5e-07,30,0.4,
2021,10071102000.0,50.0,2.0,0.0,1.80047235876064,4.910867246892078,0.0,,-0.3784303506213567,-0.3784303506213567,sequential,5e-07,30,0.4,
2022,10071103000.0,50.0,3.0,0.0,6.7760495868070345,2.592165658359178,0.0,,-0.7522761715102055,-0.7522761715102055,sequential,5e-07,30,0.4,
2023,10071104000.0,50.0,4.0,0.0,4.138915639693109,4.378960929119224,0.0,,-0.5099567172962167,-0.5099567172962167,sequential,5e-07,30,0.4,
2024,10071105000.0,50.0,5.0,0.0,1.7937197929602031,7.594770476779569,0.0,,-0.3752638156152655,-0.3752638156152655,sequential,5e-07,30,0.4,
2025,10072100000.0,51.0,0.0,0.0,4.140972551420504,5.386830532009326,0.0,,-0.5113876002161803,-0.5113876002161803,sequential,5e-07,30,0.5,
2026,10072101000.0,51.0,1.0,0.0,6.694273199326562,2.7877649872187296,0.0,,-0.7445256039187534,-0.7445256039187534,sequential,5e-07,30,0.5,
2027,10072102000.0,51.0,2.0,0.0,1.7927043540168843,5.97219769285489,0.0,,-0.3746032250540651,-0.3746032250540651,sequential,5e-07,30,0.5,
2028,10072103000.0,51.0,3.0,0.0,6.772409487213079,8.588480548566547,0.0,,-0.7515950856859178,-0.7515950856859178,sequential,5e-07,30,0.5,
2029,10072104000.0,51.0,4.0,0.0,4.132467362444392,8.805457767665512,0.0,,-0.5053366529934716,-0.5053366529934716,sequential,5e-07,30,0.5,
2030,10072105000.0,51.0,5.0,0.0,1.7926042138510132,5.868737287879713,0.0,,-0.3745550524671658,-0.3745550524671658,sequential,5e-07,30,0.5,
2031,10073100000.0,52.0,0.0,0.0,4.133436539976338,5.126005307223357,0.0,,-0.5060373864791194,-0.5060373864791194,sequential,5e-07,30,0.7,
2032,10073101000.0,52.0,1.0,0.0,6.72115045066716,2.689254530971857,0.0,,-0.747083543466405,-0.747083543466405,sequential,5e-07,30,0.7,
2033,10073102000.0,52.0,2.0,0.0,1.8000112743479595,2.8582677218554515,0.0,,-0.3781507714840498,-0.3781507714840498,sequential,5e-07,30,0.7,
2034,10073103000.0,52.0,3.0,0.0,6.757596515173157,8.378153267461814,0.0,,-0.7503708969300928,-0.7503708969300928,sequential,5e-07,30,0.7,
2035,10073104000.0,52.0,4.0,0.0,4.142038173369408,2.8702491351424984,0.0,,-0.5122888849836165,-0.5122888849836165,sequential,5e-07,30,0.7,
2036,10073105000.0,52.0,5.0,0.0,1.799102998799676,2.7946710268259145,0.0,,-0.3776963939898778,-0.3776963939898778,sequential,5e-07,30,0.7,
2037,10074100000.0,53.0,0.0,0.0,4.136398418493857,1.3566168127568223,0.0,,-0.5079296776763591,-0.5079296776763591,sequential,5e-07,30,1.0,
2038,10074101000.0,53.0,1.0,0.0,6.745208693911457,5.116277908463127,0.0,,-0.7490437635921532,-0.7490437635921532,sequential,5e-07,30,1.0,
2039,10074102000.0,53.0,2.0,0.0,1.7891877691763711,1.5446784333793444,0.0,,-0.3729694709410449,-0.3729694709410449,sequential,5e-07,30,1.0,
2040,10074103000.0,53.0,3.0,0.0,6.723654604490493,8.527540773304121,0.0,,-0.7470014004110522,-0.7470014004110522,sequential,5e-07,30,1.0,
2041,10074104000.0,53.0,4.0,0.0,4.134104957590953,1.688470770092563,0.0,,-0.5063045999579671,-0.5063045999579671,sequential,5e-07,30,1.0,
2042,10074105000.0,53.0,5.0,0.0,1.7974433406039487,1.08131328393534,0.0,,-0.3768170175982349,-0.3768170175982349,sequential,5e-07,30,1.0,
2043,10075100000.0,54.0,0.0,0.0,4.133129971981524,0.5467500363851521,0.0,,-0.5058284980971297,-0.5058284980971297,sequential,5e-07,30,1.5,
2044,10075101000.0,54.0,1.0,0.0,6.733017347935555,5.020108015659571,0.0,,-0.7480338495927261,-0.7480338495927261,sequential,5e-07,30,1.5,
2045,10075102000.0,54.0,2.0,0.0,1.801253600430507,0.5130399094814135,0.0,,-0.3787740274474167,-0.3787740274474167,sequential,5e-07,30,1.5,
2046,10075103000.0,54.0,3.0,0.0,6.828241425756153,2.733495578070157,0.0,,-0.757070877531431,-0.757070877531431,sequential,5e-07,30,1.5,
2047,10075104000.0,54.0,4.0,0.0,4.134240183489416,0.531504395994362,0.0,,-0.5065810539391737,-0.5065810539391737,sequential,5e-07,30,1.5,
2048,10075105000.0,54.0,5.0,0.0,1.791265954549948,0.6197365960018371,0.0,,-0.3740262605697031,-0.3740262605697031,sequential,5e-07,30,1.5,
2049,10076100000.0,55.0,0.0,0.0,4.135086850009851,0.2508798450345175,0.0,,-0.5072430556237162,-0.5072430556237162,sequential,5e-07,30,2.0,
2050,10076101000.0,55.0,1.0,0.0,6.7666701918424135,1.8166659659480204,0.0,,-0.7513444911871081,-0.7513444911871081,sequential,5e-07,30,2.0,
2051,10076102000.0,55.0,2.0,0.0,1.793113276221335,0.3588656067528095,0.0,,-0.3749593542987037,-0.3749593542987037,sequential,5e-07,30,2.0,
2052,10076103000.0,55.0,3.0,0.0,6.764897744706564,1.837320543035104,0.0,,-0.7511744335139995,-0.7511744335139995,sequential,5e-07,30,2.0,
2053,10076104000.0,55.0,4.0,0.0,4.135123808467699,0.2527002504919564,0.0,,-0.5072689573311369,-0.5072689573311369,sequential,5e-07,30,2.0,
2054,10076105000.0,55.0,5.0,0.0,1.797522842291151,0.3507286643096469,0.0,,-0.3770175742390563,-0.3770175742390563,sequential,5e-07,30,2.0,
2055,10077100000.0,133.0,0.0,0.0,1.7389709101332431,7.533232672504085,0.0,,-0.834344097932026,-0.834344097932026,sequential,1e-06,30,0.1,
2056,10077101000.0,133.0,1.0,0.0,2.930283853137321,6.518967263141345,0.0,,-1.2209554437268888,-1.2209554437268888,sequential,1e-06,30,0.1,
2057,10077102000.0,133.0,2.0,0.0,0.7316555872957798,4.610538761761206,0.0,,-0.6332755704665702,-0.6332755704665702,sequential,1e-06,30,0.1,"(0.667, 0.778]"
2058,10077103000.0,133.0,3.0,0.0,2.9107566766932447,6.309414131817685,0.0,,-1.2157742092709611,-1.2157742092709611,sequential,1e-06,30,0.1,
2059,10077104000.0,133.0,4.0,0.0,1.7276365554313151,3.926466094095566,0.0,,-0.8466614963103561,-0.8466614963103561,sequential,1e-06,30,0.1,
2060,10077105000.0,133.0,5.0,0.0,0.7312212479517265,5.007283433241686,0.0,,-0.6327198818404477,-0.6327198818404477,sequential,1e-06,30,0.1,"(0.667, 0.778]"
2061,10078100000.0,134.0,0.0,0.0,1.735393053130422,7.085655711913391,0.0,,-0.8533366167316249,-0.8533366167316249,sequential,1e-06,30,0.4,
2062,10078101000.0,134.0,1.0,0.0,2.9912548074466008,3.523094434980626,0.0,,-1.23834077563288,-1.23834077563288,sequential,1e-06,30,0.4,
2063,10078102000.0,134.0,2.0,0.0,0.7296896196626804,6.9840777925268105,0.0,,-0.630992441886234,-0.630992441886234,sequential,1e-06,30,0.4,"(0.667, 0.778]"
2064,10078103000.0,134.0,3.0,0.0,2.967745022175673,5.611726542003415,0.0,,-1.2316690165330602,-1.2316690165330602,sequential,1e-06,30,0.4,
2065,10078104000.0,134.0,4.0,0.0,1.7348565980842985,7.148219401924666,0.0,,-0.8528711526229049,-0.8528711526229049,sequential,1e-06,30,0.4,
2066,10078105000.0,134.0,5.0,0.0,0.7298350190703587,6.5462222917488,0.0,,-0.6311743638326098,-0.6311743638326098,sequential,1e-06,30,0.4,"(0.667, 0.778]"
2067,10079100000.0,135.0,0.0,0.0,1.7417138856605836,6.526178323218206,0.0,,-0.8369777221441196,-0.8369777221441196,sequential,1e-06,30,0.5,
2068,10079101000.0,135.0,1.0,0.0,2.943962006995137,2.353905129033185,0.0,,-1.225007769597648,-1.225007769597648,sequential,1e-06,30,0.5,
2069,10079102000.0,135.0,2.0,0.0,0.728873797224053,8.705021474202747,0.0,,-0.6299283262339554,-0.6299283262339554,sequential,1e-06,30,0.5,"(0.667, 0.778]"
2070,10079103000.0,135.0,3.0,0.0,2.983458027833902,3.24546507048213,0.0,,-1.235977107607371,-1.235977107607371,sequential,1e-06,30,0.5,
2071,10079104000.0,135.0,4.0,0.0,1.737606590784664,7.789404034984701,0.0,,-0.8332041043041307,-0.8332041043041307,sequential,1e-06,30,0.5,
2072,10079105000.0,135.0,5.0,0.0,0.7311005428135219,5.740508940116007,0.0,,-0.6326402291245835,-0.6326402291245835,sequential,1e-06,30,0.5,"(0.667, 0.778]"
2073,10080100000.0,136.0,0.0,0.0,1.7470286824317656,3.1284958795944746,0.0,,-0.8427323552305492,-0.8427323552305492,sequential,1e-06,30,0.7,
2074,10080101000.0,136.0,1.0,0.0,2.9473842780735997,2.401973521638678,0.0,,-1.2253627811683705,-1.2253627811683705,sequential,1e-06,30,0.7,
2075,10080102000.0,136.0,2.0,0.0,0.7335070079641381,4.189515368833378,0.0,,-0.620334479418546,-0.620334479418546,sequential,1e-06,30,0.7,"(0.667, 0.778]"
2076,10080103000.0,136.0,3.0,0.0,3.0225843977756184,2.4492877068210777,0.0,,-1.2486645684325235,-1.2486645684325235,sequential,1e-06,30,0.7,
2077,10080104000.0,136.0,4.0,0.0,1.751519478024651,2.9130599688159635,0.0,,-0.8469134144353269,-0.8469134144353269,sequential,1e-06,30,0.7,
2078,10080105000.0,136.0,5.0,0.0,0.7380989733637069,3.0587486448906565,0.0,,-0.6262008679015699,-0.6262008679015699,sequential,1e-06,30,0.7,"(0.667, 0.778]"
2079,10081100000.0,137.0,0.0,0.0,1.7353262373350036,1.2669786248135382,0.0,,-0.8532882177216455,-0.8532882177216455,sequential,1e-06,30,1.0,
2080,10081101000.0,137.0,1.0,0.0,2.941237987968386,4.547498434196071,0.0,,-1.2243569392340958,-1.2243569392340958,sequential,1e-06,30,1.0,
2081,10081102000.0,137.0,2.0,0.0,0.7272624951253935,1.6944203338364732,0.0,,-0.6280958474443507,-0.6280958474443507,sequential,1e-06,30,1.0,"(0.667, 0.778]"
2082,10081103000.0,137.0,3.0,0.0,2.947218576948746,5.568082693956087,0.0,,-1.2260377175970436,-1.2260377175970436,sequential,1e-06,30,1.0,
2083,10081104000.0,137.0,4.0,0.0,1.73162846007187,1.5997337525573738,0.0,,-0.8502556244097248,-0.8502556244097248,sequential,1e-06,30,1.0,
2084,10081105000.0,137.0,5.0,0.0,0.7337441856244054,1.1829245130241304,0.0,,-0.6198993370416074,-0.6198993370416074,sequential,1e-06,30,1.0,"(0.667, 0.778]"
2085,10082100000.0,138.0,0.0,0.0,1.7451331464194482,0.320712860875492,0.0,,-0.8401137607627844,-0.8401137607627844,sequential,1e-06,30,1.5,
2086,10082101000.0,138.0,1.0,0.0,2.974357177830011,2.279386908423424,0.0,,-1.2335708776827776,-1.2335708776827776,sequential,1e-06,30,1.5,
2087,10082102000.0,138.0,2.0,0.0,0.7272973326137114,0.6193030290380136,0.0,,-0.6281217549923073,-0.6281217549923073,sequential,1e-06,30,1.5,"(0.667, 0.778]"
2088,10082103000.0,138.0,3.0,0.0,2.9494616848757493,3.9474391373973328,0.0,,-1.2266411970130895,-1.2266411970130895,sequential,1e-06,30,1.5,
2089,10082104000.0,138.0,4.0,0.0,1.7415646954655322,0.3526398042090419,0.0,,-0.8368806014640355,-0.8368806014640355,sequential,1e-06,30,1.5,
2090,10082105000.0,138.0,5.0,0.0,0.7289841818343848,0.5955930280698065,0.0,,-0.6301047725245049,-0.6301047725245049,sequential,1e-06,30,1.5,"(0.667, 0.778]"
2091,10083100000.0,139.0,0.0,0.0,1.7305041835530677,0.2331552858554052,0.0,,-0.8489116694669336,-0.8489116694669336,sequential,1e-06,30,2.0,
2092,10083101000.0,139.0,1.0,0.0,2.957741671701034,1.0112164092320055,0.0,,-1.2285171311361047,-1.2285171311361047,sequential,1e-06,30,2.0,
2093,10083102000.0,139.0,2.0,0.0,0.728032296886859,0.3440982532843715,0.0,,-0.6287677635235047,-0.6287677635235047,sequential,1e-06,30,2.0,"(0.667, 0.778]"
2094,10083103000.0,139.0,3.0,0.0,2.9276941221925346,1.3625459986676929,0.0,,-1.2201952876226925,-1.2201952876226925,sequential,1e-06,30,2.0,
2095,10083104000.0,139.0,4.0,0.0,1.7303527243584365,0.2284696190399507,0.0,,-0.8487824969423139,-0.8487824969423139,sequential,1e-06,30,2.0,
2096,10083105000.0,139.0,5.0,0.0,0.7254854086262668,0.3600285439356984,0.0,,-0.6257219144696183,-0.6257219144696183,sequential,1e-06,30,2.0,"(0.667, 0.778]"
2097,10000100000.0,364.0,0.0,0.0,0.2241349864561038,5.939387211529327,0.0,,-2.016363543093565,-2.016363543093565,sequential,5e-06,1,0.1,"(0.222, 0.333]"
2098,10000101000.0,364.0,1.0,0.0,0.5215370049128683,4.474033124002888,0.0,,-2.953649246057672,-2.953649246057672,sequential,5e-06,1,0.1,"(0.444, 0.556]"
2099,10000102000.0,364.0,2.0,0.0,0.0952481164651077,2.561940608224152,0.0,,-1.521577322659984,-1.521577322659984,sequential,5e-06,1,0.1,"(0.0, 0.111]"
2100,10000103000.0,364.0,3.0,0.0,0.521462278498234,5.588382232224646,0.0,,-2.952780132922272,-2.952780132922272,sequential,5e-06,1,0.1,"(0.444, 0.556]"
2101,10000104000.0,364.0,4.0,0.0,0.2236537539379734,7.601360015317579,0.0,,-2.002813948490467,-2.002813948490467,sequential,5e-06,1,0.1,"(0.222, 0.333]"
2102,10000105000.0,364.0,5.0,0.0,0.094895894525927,3.9118261711139226,0.0,,-1.5101304601812635,-1.5101304601812635,sequential,5e-06,1,0.1,"(0.0, 0.111]"
2103,10001100000.0,365.0,0.0,0.0,0.2238378484546027,6.210509678011402,0.0,,-2.0081183319328364,-2.0081183319328364,sequential,5e-06,1,0.4,"(0.222, 0.333]"
2104,10001101000.0,365.0,1.0,0.0,0.5221767826270041,5.077010679824806,0.0,,-2.9613162437493914,-2.9613162437493914,sequential,5e-06,1,0.4,"(0.444, 0.556]"
2105,10001102000.0,365.0,2.0,0.0,0.0952368257164336,8.275066172484498,0.0,,-1.521239533889893,-1.521239533889893,sequential,5e-06,1,0.4,"(0.0, 0.111]"
2106,10001103000.0,365.0,3.0,0.0,0.523012823562344,5.177080656479446,0.0,,-2.970866988712465,-2.970866988712465,sequential,5e-06,1,0.4,"(0.444, 0.556]"
2107,10001104000.0,365.0,4.0,0.0,0.2244375567947547,7.547935445729475,0.0,,-2.025225474455293,-2.025225474455293,sequential,5e-06,1,0.4,"(0.222, 0.333]"
2108,10001105000.0,365.0,5.0,0.0,0.0949092457589477,7.738318530683293,0.0,,-1.5106219612271383,-1.5106219612271383,sequential,5e-06,1,0.4,"(0.0, 0.111]"
2109,10002100000.0,366.0,0.0,0.0,0.2241705598693228,7.051748623428319,0.0,,-2.0187631852918,-2.0187631852918,sequential,5e-06,1,0.5,"(0.222, 0.333]"
2110,10002101000.0,366.0,1.0,0.0,0.5221260082102193,5.261322695573382,0.0,,-2.9631676409636243,-2.9631676409636243,sequential,5e-06,1,0.5,"(0.444, 0.556]"
2111,10002102000.0,366.0,2.0,0.0,0.0953764972883998,4.757093061424867,0.0,,-1.5268372108435937,-1.5268372108435937,sequential,5e-06,1,0.5,"(0.0, 0.111]"
2112,10002103000.0,366.0,3.0,0.0,0.5221558849194508,3.883117818881409,0.0,,-2.9635216254208894,-2.9635216254208894,sequential,5e-06,1,0.5,"(0.444, 0.556]"
2113,10002104000.0,366.0,4.0,0.0,0.2238759710508705,6.774916714265482,0.0,,-2.01058897946909,-2.01058897946909,sequential,5e-06,1,0.5,"(0.222, 0.333]"
2114,10002105000.0,366.0,5.0,0.0,0.0947623032903753,6.588868736213502,0.0,,-1.5071399937172272,-1.5071399937172272,sequential,5e-06,1,0.5,"(0.0, 0.111]"
2115,10003100000.0,367.0,0.0,0.0,0.2234016515730951,2.6938797453958947,0.0,,-2.033915435859728,-2.033915435859728,sequential,5e-06,1,0.7,"(0.222, 0.333]"
2116,10003101000.0,367.0,1.0,0.0,0.5225947573744395,7.830108368360711,0.0,,-2.9647028703113545,-2.9647028703113545,sequential,5e-06,1,0.7,"(0.444, 0.556]"
2117,10003102000.0,367.0,2.0,0.0,0.0949537958967187,1.8127694530023484,0.0,,-1.5114018396944269,-1.5114018396944269,sequential,5e-06,1,0.7,"(0.0, 0.111]"
2118,10003103000.0,367.0,3.0,0.0,0.5227126477208984,8.386876317395744,0.0,,-2.966159003723464,-2.966159003723464,sequential,5e-06,1,0.7,"(0.444, 0.556]"
2119,10003104000.0,367.0,4.0,0.0,0.2233202125523417,3.051144548740163,0.0,,-2.031711412670657,-2.031711412670657,sequential,5e-06,1,0.7,"(0.222, 0.333]"
2120,10003105000.0,367.0,5.0,0.0,0.0950513117322892,1.806974314631612,0.0,,-1.514653436375313,-1.514653436375313,sequential,5e-06,1,0.7,"(0.0, 0.111]"
2121,10004100000.0,368.0,0.0,0.0,0.2239717350982653,0.8631479947636371,0.0,,-2.011396000496063,-2.011396000496063,sequential,5e-06,1,1.0,"(0.222, 0.333]"
2122,10004101000.0,368.0,1.0,0.0,0.5229741266821205,5.427321796035473,0.0,,-2.9700034077692625,-2.9700034077692625,sequential,5e-06,1,1.0,"(0.444, 0.556]"
2123,10004102000.0,368.0,2.0,0.0,0.0948078627037607,1.0636380772341938,0.0,,-1.5071333652426993,-1.5071333652426993,sequential,5e-06,1,1.0,"(0.0, 0.111]"
2124,10004103000.0,368.0,3.0,0.0,0.5240654569224573,5.4686937294925455,0.0,,-2.983417901704342,-2.983417901704342,sequential,5e-06,1,1.0,"(0.444, 0.556]"
2125,10004104000.0,368.0,4.0,0.0,0.2239757397889106,0.8181099071058722,0.0,,-2.0115142936571684,-2.0115142936571684,sequential,5e-06,1,1.0,"(0.222, 0.333]"
2126,10004105000.0,368.0,5.0,0.0,0.0947272139884714,1.17495934440283,0.0,,-1.5045169596105243,-1.5045169596105243,sequential,5e-06,1,1.0,"(0.0, 0.111]"
2127,10005100000.0,369.0,0.0,0.0,0.2235529396436344,0.3734033470124475,0.0,,-2.0384408798088844,-2.0384408798088844,sequential,5e-06,1,1.5,"(0.222, 0.333]"
2128,10005101000.0,369.0,1.0,0.0,0.5228274841977261,2.0357769730244377,0.0,,-2.968162068503544,-2.968162068503544,sequential,5e-06,1,1.5,"(0.444, 0.556]"
2129,10005102000.0,369.0,2.0,0.0,0.0950114748620281,0.4465547092336677,0.0,,-1.51355008870682,-1.51355008870682,sequential,5e-06,1,1.5,"(0.0, 0.111]"
2130,10005103000.0,369.0,3.0,0.0,0.5211552801913373,2.530438857623901,0.0,,-2.9488864394000807,-2.9488864394000807,sequential,5e-06,1,1.5,"(0.444, 0.556]"
2131,10005104000.0,369.0,4.0,0.0,0.2242025758540514,0.3062396638579887,0.0,,-2.0182287562818666,-2.0182287562818666,sequential,5e-06,1,1.5,"(0.222, 0.333]"
2132,10005105000.0,369.0,5.0,0.0,0.0951026167412949,0.4508475114446071,0.0,,-1.5165897181791388,-1.5165897181791388,sequential,5e-06,1,1.5,"(0.0, 0.111]"
2133,10006100000.0,370.0,0.0,0.0,0.2239106778457295,0.1938002957377159,0.0,,-2.0097130502005665,-2.0097130502005665,sequential,5e-06,1,2.0,"(0.222, 0.333]"
2134,10006101000.0,370.0,1.0,0.0,0.5231190827428679,0.8147888565288002,0.0,,-2.971996921224387,-2.971996921224387,sequential,5e-06,1,2.0,"(0.444, 0.556]"
2135,10006102000.0,370.0,2.0,0.0,0.09515543446053,0.2919247158791393,0.0,,-1.5184309932972746,-1.5184309932972746,sequential,5e-06,1,2.0,"(0.0, 0.111]"
2136,10006103000.0,370.0,3.0,0.0,0.5240184368654168,0.7401594624374388,0.0,,-2.982939081519046,-2.982939081519046,sequential,5e-06,1,2.0,"(0.444, 0.556]"
2137,10006104000.0,370.0,4.0,0.0,0.2244064623035106,0.1756077425464094,0.0,,-2.0241764025403595,-2.0241764025403595,sequential,5e-06,1,2.0,"(0.222, 0.333]"
2138,10006105000.0,370.0,5.0,0.0,0.0951814873593742,0.2961226825918382,0.0,,-1.5193042971336304,-1.5193042971336304,sequential,5e-06,1,2.0,"(0.0, 0.111]"
2139,10007100000.0,392.0,0.0,0.0,0.1792448198572688,5.365781626527052,0.0,,-2.277486526143411,-2.277486526143411,sequential,6e-06,1,0.1,"(0.111, 0.222]"
2140,10007101000.0,392.0,1.0,0.0,0.4262120669459853,7.261647278419714,0.0,,-3.3230899935871228,-3.3230899935871228,sequential,6e-06,1,0.1,"(0.333, 0.444]"
2141,10007102000.0,392.0,2.0,0.0,0.077218835036218,3.352100598291242,0.0,,-1.6899605148422887,-1.6899605148422887,sequential,6e-06,1,0.1,"(0.0, 0.111]"
2142,10007103000.0,392.0,3.0,0.0,0.4257644091629861,9.74999256821419,0.0,,-3.319090303142312,-3.319090303142312,sequential,6e-06,1,0.1,"(0.333, 0.444]"
2143,10007104000.0,392.0,4.0,0.0,0.1799912026522822,3.320793493659389,0.0,,-2.3026245167026014,-2.3026245167026014,sequential,6e-06,1,0.1,"(0.111, 0.222]"
2144,10007105000.0,392.0,5.0,0.0,0.077416699875227,2.397722409692657,0.0,,-1.7021595177345237,-1.7021595177345237,sequential,6e-06,1,0.1,"(0.0, 0.111]"
2145,10008100000.0,393.0,0.0,0.0,0.1789257593035908,7.805483002182297,0.0,,-2.2664289169781755,-2.2664289169781755,sequential,6e-06,1,0.4,"(0.111, 0.222]"
2146,10008101000.0,393.0,1.0,0.0,0.4237321020425216,3.586879661463307,0.0,,-3.3005450708824204,-3.3005450708824204,sequential,6e-06,1,0.4,"(0.333, 0.444]"
2147,10008102000.0,393.0,2.0,0.0,0.0772413952925239,7.025624810901087,0.0,,-1.691073834101329,-1.691073834101329,sequential,6e-06,1,0.4,"(0.0, 0.111]"
2148,10008103000.0,393.0,3.0,0.0,0.4252450174015398,4.228349619921822,0.0,,-3.313862352092237,-3.313862352092237,sequential,6e-06,1,0.4,"(0.333, 0.444]"
2149,10008104000.0,393.0,4.0,0.0,0.1792024467698768,5.549571060207152,0.0,,-2.275583183850788,-2.275583183850788,sequential,6e-06,1,0.4,"(0.111, 0.222]"
2150,10008105000.0,393.0,5.0,0.0,0.0771815133761855,8.543804953521333,0.0,,-1.6873468392560882,-1.6873468392560882,sequential,6e-06,1,0.4,"(0.0, 0.111]"
2151,10009100000.0,394.0,0.0,0.0,0.1793251895764555,6.2709391116934325,0.0,,-2.280090823782861,-2.280090823782861,sequential,6e-06,1,0.5,"(0.111, 0.222]"
2152,10009101000.0,394.0,1.0,0.0,0.4227885092868598,4.047373529623393,0.0,,-3.293696435802967,-3.293696435802967,sequential,6e-06,1,0.5,"(0.333, 0.444]"
2153,10009102000.0,394.0,2.0,0.0,0.0771081634749404,6.035269424057507,0.0,,-1.6834296422477564,-1.6834296422477564,sequential,6e-06,1,0.5,"(0.0, 0.111]"
2154,10009103000.0,394.0,3.0,0.0,0.4253109775094641,9.162123718262396,0.0,,-3.314949452020312,-3.314949452020312,sequential,6e-06,1,0.5,"(0.333, 0.444]"
2155,10009104000.0,394.0,4.0,0.0,0.179974095767771,3.8093371385932446,0.0,,-2.30194985794862,-2.30194985794862,sequential,6e-06,1,0.5,"(0.111, 0.222]"
2156,10009105000.0,394.0,5.0,0.0,0.0772217523717679,4.857081308321036,0.0,,-1.6900868926824997,-1.6900868926824997,sequential,6e-06,1,0.5,"(0.0, 0.111]"
2157,10010100000.0,395.0,0.0,0.0,0.1801690385144608,2.17928961423319,0.0,,-2.2695379993665927,-2.2695379993665927,sequential,6e-06,1,0.7,"(0.111, 0.222]"
2158,10010101000.0,395.0,1.0,0.0,0.4252670400051565,2.4273105463475377,0.0,,-3.319047443113835,-3.319047443113835,sequential,6e-06,1,0.7,"(0.333, 0.444]"
2159,10010102000.0,395.0,2.0,0.0,0.0773029255026634,2.5604812390105063,0.0,,-1.6971854105808457,-1.6971854105808457,sequential,6e-06,1,0.7,"(0.0, 0.111]"
2160,10010103000.0,395.0,3.0,0.0,0.4282140978332068,6.169982559634749,0.0,,-3.34457580106195,-3.34457580106195,sequential,6e-06,1,0.7,"(0.333, 0.444]"
2161,10010104000.0,395.0,4.0,0.0,0.1799722246124593,2.587582166703726,0.0,,-2.3043709917620463,-2.3043709917620463,sequential,6e-06,1,0.7,"(0.111, 0.222]"
2162,10010105000.0,395.0,5.0,0.0,0.0774542133277229,2.264378858145979,0.0,,-1.7063299435970265,-1.7063299435970265,sequential,6e-06,1,0.7,"(0.0, 0.111]"
2163,10011100000.0,396.0,0.0,0.0,0.1794013149751768,1.0999027437698332,0.0,,-2.2846491945259104,-2.2846491945259104,sequential,6e-06,1,1.0,"(0.111, 0.222]"
2164,10011101000.0,396.0,1.0,0.0,0.4246019769850594,9.81666222380466,0.0,,-3.312465404105428,-3.312465404105428,sequential,6e-06,1,1.0,"(0.333, 0.444]"
2165,10011102000.0,396.0,2.0,0.0,0.0772747517407766,1.03630376433065,0.0,,-1.695086358540144,-1.695086358540144,sequential,6e-06,1,1.0,"(0.0, 0.111]"
2166,10011103000.0,396.0,3.0,0.0,0.4287111686669281,5.073241852114182,0.0,,-3.347885235760715,-3.347885235760715,sequential,6e-06,1,1.0,"(0.333, 0.444]"
2167,10011104000.0,396.0,4.0,0.0,0.1793832430935987,1.1471906655064898,0.0,,-2.2840410321348505,-2.2840410321348505,sequential,6e-06,1,1.0,"(0.111, 0.222]"
2168,10011105000.0,396.0,5.0,0.0,0.0774210461285866,0.9869295257214956,0.0,,-1.703933217203568,-1.703933217203568,sequential,6e-06,1,1.0,"(0.0, 0.111]"
2169,10012100000.0,397.0,0.0,0.0,0.1790226830104206,0.3982349011356588,0.0,,-2.2707326320035306,-2.2707326320035306,sequential,6e-06,1,1.5,"(0.111, 0.222]"
2170,10012101000.0,397.0,1.0,0.0,0.4215413404096924,3.670881463756576,0.0,,-3.2842883217603225,-3.2842883217603225,sequential,6e-06,1,1.5,"(0.333, 0.444]"
2171,10012102000.0,397.0,2.0,0.0,0.0772484508633416,0.444966278286436,0.0,,-1.691869479484139,-1.691869479484139,sequential,6e-06,1,1.5,"(0.0, 0.111]"
2172,10012103000.0,397.0,3.0,0.0,0.4226970014553736,2.662981427909444,0.0,,-3.2932474231175632,-3.2932474231175632,sequential,6e-06,1,1.5,"(0.333, 0.444]"
2173,10012104000.0,397.0,4.0,0.0,0.1798125074831047,0.2927114281584231,0.0,,-2.296683257678925,-2.296683257678925,sequential,6e-06,1,1.5,"(0.111, 0.222]"
2174,10012105000.0,397.0,5.0,0.0,0.0773568340072711,0.4218497956507008,0.0,,-1.698663924587927,-1.698663924587927,sequential,6e-06,1,1.5,"(0.0, 0.111]"
2175,10013100000.0,398.0,0.0,0.0,0.1797020170973043,0.2099798728333482,0.0,,-2.295528626005732,-2.295528626005732,sequential,6e-06,1,2.0,"(0.111, 0.222]"
2176,10013101000.0,398.0,1.0,0.0,0.4265242923551916,1.1306869593724087,0.0,,-3.3302678510174237,-3.3302678510174237,sequential,6e-06,1,2.0,"(0.333, 0.444]"
2177,10013102000.0,398.0,2.0,0.0,0.0774096229497084,0.3052145662609106,0.0,,-1.7035813717254968,-1.7035813717254968,sequential,6e-06,1,2.0,"(0.0, 0.111]"
2178,10013103000.0,398.0,3.0,0.0,0.4299935696454631,0.7680058245004319,0.0,,-3.360562607218857,-3.360562607218857,sequential,6e-06,1,2.0,"(0.333, 0.444]"
2179,10013104000.0,398.0,4.0,0.0,0.179679262297979,0.2110763107152482,0.0,,-2.294748749862348,-2.294748749862348,sequential,6e-06,1,2.0,"(0.111, 0.222]"
2180,10013105000.0,398.0,5.0,0.0,0.0774100418441008,0.3050787452183329,0.0,,-1.7036071281840943,-1.7036071281840943,sequential,6e-06,1,2.0,"(0.0, 0.111]"
2181,10014100000.0,371.0,0.0,0.0,0.2263995140609578,7.285339300192382,0.0,,-2.5939043789057434,-2.5939043789057434,sequential,5e-06,2,0.1,"(0.222, 0.333]"
2182,10014101000.0,371.0,1.0,0.0,0.5247360761097215,9.839480863128893,0.0,,-3.739301958158942,-3.739301958158942,sequential,5e-06,2,0.1,"(0.444, 0.556]"
2183,10014102000.0,371.0,2.0,0.0,0.0964579386712228,2.0389389273627168,0.0,,-1.987505804925972,-1.987505804925972,sequential,5e-06,2,0.1,"(0.0, 0.111]"
2184,10014103000.0,371.0,3.0,0.0,0.5240717764872634,4.417236458860411,0.0,,-3.731490392719109,-3.731490392719109,sequential,5e-06,2,0.1,"(0.444, 0.556]"
2185,10014104000.0,371.0,4.0,0.0,0.2274670053734121,6.088512403027581,0.0,,-2.628721006214453,-2.628721006214453,sequential,5e-06,2,0.1,"(0.222, 0.333]"
2186,10014105000.0,371.0,5.0,0.0,0.0958760539839093,4.531389819461574,0.0,,-1.965356634425111,-1.965356634425111,sequential,5e-06,2,0.1,"(0.0, 0.111]"
2187,10015100000.0,372.0,0.0,0.0,0.2272597108713984,5.768842877503335,0.0,,-2.6223318558492044,-2.6223318558492044,sequential,5e-06,2,0.4,"(0.222, 0.333]"
2188,10015101000.0,372.0,1.0,0.0,0.5282073952934612,3.2939412942698523,0.0,,-3.7825220318081874,-3.7825220318081874,sequential,5e-06,2,0.4,"(0.444, 0.556]"
2189,10015102000.0,372.0,2.0,0.0,0.0966161919173134,6.597088854292142,0.0,,-1.9941307578612677,-1.9941307578612677,sequential,5e-06,2,0.4,"(0.0, 0.111]"
2190,10015103000.0,372.0,3.0,0.0,0.5285026646026932,3.2446478372964576,0.0,,-3.786526814103824,-3.786526814103824,sequential,5e-06,2,0.4,"(0.444, 0.556]"
2191,10015104000.0,372.0,4.0,0.0,0.2278734709122611,7.39697213917978,0.0,,-2.6433449454878235,-2.6433449454878235,sequential,5e-06,2,0.4,"(0.222, 0.333]"
2192,10015105000.0,372.0,5.0,0.0,0.0960674511338941,9.68749358393116,0.0,,-1.9730908128052305,-1.9730908128052305,sequential,5e-06,2,0.4,"(0.0, 0.111]"
2193,10016100000.0,373.0,0.0,0.0,0.2274048086000393,6.164633586634805,0.0,,-2.626662563282059,-2.626662563282059,sequential,5e-06,2,0.5,"(0.222, 0.333]"
2194,10016101000.0,373.0,1.0,0.0,0.5259547743755714,5.20743636751469,0.0,,-3.7536094630264047,-3.7536094630264047,sequential,5e-06,2,0.5,"(0.444, 0.556]"
2195,10016102000.0,373.0,2.0,0.0,0.0959608395667899,6.250875468018154,0.0,,-1.9687300219080528,-1.9687300219080528,sequential,5e-06,2,0.5,"(0.0, 0.111]"
2196,10016103000.0,373.0,3.0,0.0,0.5243364222558523,6.678819968861722,0.0,,-3.734974072875124,-3.734974072875124,sequential,5e-06,2,0.5,"(0.444, 0.556]"
2197,10016104000.0,373.0,4.0,0.0,0.2271000463277649,6.295081916147456,0.0,,-2.6165694096822065,-2.6165694096822065,sequential,5e-06,2,0.5,"(0.222, 0.333]"
2198,10016105000.0,373.0,5.0,0.0,0.0960839901723977,5.994193624044375,0.0,,-1.973152104710232,-1.973152104710232,sequential,5e-06,2,0.5,"(0.0, 0.111]"
2199,10017100000.0,374.0,0.0,0.0,0.2271532167163301,3.452398387754091,0.0,,-2.6192078881921894,-2.6192078881921894,sequential,5e-06,2,0.7,"(0.222, 0.333]"
2200,10017101000.0,374.0,1.0,0.0,0.5308038844843034,8.489443930214389,0.0,,-3.819367735405213,-3.819367735405213,sequential,5e-06,2,0.7,"(0.444, 0.556]"
2201,10017102000.0,374.0,2.0,0.0,0.0965497618926347,2.2815258545289825,0.0,,-1.991727588685968,-1.991727588685968,sequential,5e-06,2,0.7,"(0.0, 0.111]"
2202,10017103000.0,374.0,3.0,0.0,0.5297075331652715,6.198934063590901,0.0,,-3.804018832866823,-3.804018832866823,sequential,5e-06,2,0.7,"(0.444, 0.556]"
2203,10017104000.0,374.0,4.0,0.0,0.2273025952444326,3.0717615639991678,0.0,,-2.6242845469537825,-2.6242845469537825,sequential,5e-06,2,0.7,"(0.222, 0.333]"
2204,10017105000.0,374.0,5.0,0.0,0.0967109338909968,1.836166830296016,0.0,,-1.953876321472975,-1.953876321472975,sequential,5e-06,2,0.7,"(0.0, 0.111]"
2205,10018100000.0,375.0,0.0,0.0,0.2272502017126421,0.8046814366447241,0.0,,-2.6210982026049896,-2.6210982026049896,sequential,5e-06,2,1.0,"(0.222, 0.333]"
2206,10018101000.0,375.0,1.0,0.0,0.5280247983632803,7.311471101790618,0.0,,-3.779235925795899,-3.779235925795899,sequential,5e-06,2,1.0,"(0.444, 0.556]"
2207,10018102000.0,375.0,2.0,0.0,0.0964097464820161,0.8472524970487585,0.0,,-1.9855525012832231,-1.9855525012832231,sequential,5e-06,2,1.0,"(0.0, 0.111]"
2208,10018103000.0,375.0,3.0,0.0,0.5238387620771028,8.63041594788581,0.0,,-3.7286751611793134,-3.7286751611793134,sequential,5e-06,2,1.0,"(0.444, 0.556]"
2209,10018104000.0,375.0,4.0,0.0,0.226890671886037,0.896084546996889,0.0,,-2.609326583002576,-2.609326583002576,sequential,5e-06,2,1.0,"(0.222, 0.333]"
2210,10018105000.0,375.0,5.0,0.0,0.0963928550291944,0.8397309404792475,0.0,,-1.9848772565319035,-1.9848772565319035,sequential,5e-06,2,1.0,"(0.0, 0.111]"
2211,10019100000.0,376.0,0.0,0.0,0.228140650263747,0.2856552775854976,0.0,,-2.6536789631198787,-2.6536789631198787,sequential,5e-06,2,1.5,"(0.222, 0.333]"
2212,10019101000.0,376.0,1.0,0.0,0.5292368967716622,2.3965574647501784,0.0,,-3.797553904282197,-3.797553904282197,sequential,5e-06,2,1.5,"(0.444, 0.556]"
2213,10019102000.0,376.0,2.0,0.0,0.096817694629095,0.4195934797326001,0.0,,-1.958109557258275,-1.958109557258275,sequential,5e-06,2,1.5,"(0.0, 0.111]"
2214,10019103000.0,376.0,3.0,0.0,0.5277426443019326,3.6988531349250624,0.0,,-3.778155751353163,-3.778155751353163,sequential,5e-06,2,1.5,"(0.444, 0.556]"
2215,10019104000.0,376.0,4.0,0.0,0.2280530341404411,0.2891456966046503,0.0,,-2.650390859410036,-2.650390859410036,sequential,5e-06,2,1.5,"(0.222, 0.333]"
2216,10019105000.0,376.0,5.0,0.0,0.0965401912833547,0.4496695383244292,0.0,,-1.9914055952153475,-1.9914055952153475,sequential,5e-06,2,1.5,"(0.0, 0.111]"
2217,10020100000.0,377.0,0.0,0.0,0.2276835851365238,0.1678610178287059,0.0,,-2.636709521167863,-2.636709521167863,sequential,5e-06,2,2.0,"(0.222, 0.333]"
2218,10020101000.0,377.0,1.0,0.0,0.5264557002366718,1.0841278355383863,0.0,,-3.760252845088404,-3.760252845088404,sequential,5e-06,2,2.0,"(0.444, 0.556]"
2219,10020102000.0,377.0,2.0,0.0,0.0963804978101091,0.306943825209352,0.0,,-1.984613197654816,-1.984613197654816,sequential,5e-06,2,2.0,"(0.0, 0.111]"
2220,10020103000.0,377.0,3.0,0.0,0.5282131385461771,0.7907483787002384,0.0,,-3.782380908601468,-3.782380908601468,sequential,5e-06,2,2.0,"(0.444, 0.556]"
2221,10020104000.0,377.0,4.0,0.0,0.2275939055991524,0.1752555436048881,0.0,,-2.633502432283392,-2.633502432283392,sequential,5e-06,2,2.0,"(0.222, 0.333]"
2222,10020105000.0,377.0,5.0,0.0,0.0965126297454273,0.3034371740248813,0.0,,-1.9898916928174823,-1.9898916928174823,sequential,5e-06,2,2.0,"(0.0, 0.111]"
2223,10021100000.0,399.0,0.0,0.0,0.1833389607247473,5.705192313828948,0.0,,-2.999022176100686,-2.999022176100686,sequential,6e-06,2,0.1,"(0.111, 0.222]"
2224,10021101000.0,399.0,1.0,0.0,0.4309200717247426,8.27377234091183,0.0,,-4.314135933973099,-4.314135933973099,sequential,6e-06,2,0.1,"(0.333, 0.444]"
2225,10021102000.0,399.0,2.0,0.0,0.0790282704626949,4.516635622311084,0.0,,-2.2730271104172584,-2.2730271104172584,sequential,6e-06,2,0.1,"(0.0, 0.111]"
2226,10021103000.0,399.0,3.0,0.0,0.4291465566012831,8.765153028769596,0.0,,-4.297135464259244,-4.297135464259244,sequential,6e-06,2,0.1,"(0.333, 0.444]"
2227,10021104000.0,399.0,4.0,0.0,0.1830764959043484,5.254972258189399,0.0,,-2.9881693990414075,-2.9881693990414075,sequential,6e-06,2,0.1,"(0.111, 0.222]"
2228,10021105000.0,399.0,5.0,0.0,0.0788476601197556,6.476440153097643,0.0,,-2.259350531672902,-2.259350531672902,sequential,6e-06,2,0.1,"(0.0, 0.111]"
2229,10022100000.0,400.0,0.0,0.0,0.1829241330478488,5.228086184071794,0.0,,-2.9786498357549065,-2.9786498357549065,sequential,6e-06,2,0.4,"(0.111, 0.222]"
2230,10022101000.0,400.0,1.0,0.0,0.4313518862802728,7.260170520216295,0.0,,-4.314221769726505,-4.314221769726505,sequential,6e-06,2,0.4,"(0.333, 0.444]"
2231,10022102000.0,400.0,2.0,0.0,0.0788542700005439,7.780491659125239,0.0,,-2.2577949997919973,-2.2577949997919973,sequential,6e-06,2,0.4,"(0.0, 0.111]"
2232,10022103000.0,400.0,3.0,0.0,0.4269612333946184,7.334698034694868,0.0,,-4.260530778685941,-4.260530778685941,sequential,6e-06,2,0.4,"(0.333, 0.444]"
2233,10022104000.0,400.0,4.0,0.0,0.1825781321155281,8.347522023228079,0.0,,-2.964619383810009,-2.964619383810009,sequential,6e-06,2,0.4,"(0.111, 0.222]"
2234,10022105000.0,400.0,5.0,0.0,0.0788701838734913,7.37023137500747,0.0,,-2.2590287239710025,-2.2590287239710025,sequential,6e-06,2,0.4,"(0.0, 0.111]"
2235,10023100000.0,401.0,0.0,0.0,0.1822188052109978,8.451041963066421,0.0,,-3.019186267474649,-3.019186267474649,sequential,6e-06,2,0.5,"(0.111, 0.222]"
2236,10023101000.0,401.0,1.0,0.0,0.426748014054141,3.6893426218413703,0.0,,-4.254478098264874,-4.254478098264874,sequential,6e-06,2,0.5,"(0.333, 0.444]"
2237,10023102000.0,401.0,2.0,0.0,0.0788993066566845,4.137999111105114,0.0,,-2.260844767988721,-2.260844767988721,sequential,6e-06,2,0.5,"(0.0, 0.111]"
2238,10023103000.0,401.0,3.0,0.0,0.4282167884732616,4.300328222210309,0.0,,-4.2825301756421625,-4.2825301756421625,sequential,6e-06,2,0.5,"(0.333, 0.444]"
2239,10023104000.0,401.0,4.0,0.0,0.1830247486583814,4.354454712637691,0.0,,-2.9827360668353013,-2.9827360668353013,sequential,6e-06,2,0.5,"(0.111, 0.222]"
2240,10023105000.0,401.0,5.0,0.0,0.0786549242348391,5.343108892992209,0.0,,-2.24272947712067,-2.24272947712067,sequential,6e-06,2,0.5,"(0.0, 0.111]"
2241,10024100000.0,402.0,0.0,0.0,0.1823461378828372,3.088884743210494,0.0,,-2.95550901598497,-2.95550901598497,sequential,6e-06,2,0.7,"(0.111, 0.222]"
2242,10024101000.0,402.0,1.0,0.0,0.4290053211923114,6.075732606901302,0.0,,-4.2906609566302665,-4.2906609566302665,sequential,6e-06,2,0.7,"(0.333, 0.444]"
2243,10024102000.0,402.0,2.0,0.0,0.0786126254090605,2.1812373746796743,0.0,,-2.2396800803654364,-2.2396800803654364,sequential,6e-06,2,0.7,"(0.0, 0.111]"
2244,10024103000.0,402.0,3.0,0.0,0.4291679993043701,4.489844803846348,0.0,,-4.292303648424369,-4.292303648424369,sequential,6e-06,2,0.7,"(0.333, 0.444]"
2245,10024104000.0,402.0,4.0,0.0,0.1829475754113325,1.8467916422637716,0.0,,-2.9795276113310254,-2.9795276113310254,sequential,6e-06,2,0.7,"(0.111, 0.222]"
2246,10024105000.0,402.0,5.0,0.0,0.0787609457232218,2.0213052512172087,0.0,,-2.250514059660716,-2.250514059660716,sequential,6e-06,2,0.7,"(0.0, 0.111]"
2247,10025100000.0,403.0,0.0,0.0,0.1829582619175274,0.799350300272648,0.0,,-2.980056312333781,-2.980056312333781,sequential,6e-06,2,1.0,"(0.111, 0.222]"
2248,10025101000.0,403.0,1.0,0.0,0.4311167127299168,6.413116399234237,0.0,,-4.311694175273136,-4.311694175273136,sequential,6e-06,2,1.0,"(0.333, 0.444]"
2249,10025102000.0,403.0,2.0,0.0,0.0788807558536612,0.8220995250311293,0.0,,-2.2598134918535253,-2.2598134918535253,sequential,6e-06,2,1.0,"(0.0, 0.111]"
2250,10025103000.0,403.0,3.0,0.0,0.426972881808521,9.397107963887615,0.0,,-4.260673108901107,-4.260673108901107,sequential,6e-06,2,1.0,"(0.333, 0.444]"
2251,10025104000.0,403.0,4.0,0.0,0.1830593027476125,0.6956556695405312,0.0,,-2.9844164250421765,-2.9844164250421765,sequential,6e-06,2,1.0,"(0.111, 0.222]"
2252,10025105000.0,403.0,5.0,0.0,0.0786093855467641,1.0367811187246152,0.0,,-2.2395029362495618,-2.2395029362495618,sequential,6e-06,2,1.0,"(0.0, 0.111]"
2253,10026100000.0,404.0,0.0,0.0,0.1831869665551516,0.280733813325464,0.0,,-2.990001076976596,-2.990001076976596,sequential,6e-06,2,1.5,"(0.111, 0.222]"
2254,10026101000.0,404.0,1.0,0.0,0.4285852428325104,2.336152073250509,0.0,,-4.286587720728345,-4.286587720728345,sequential,6e-06,2,1.5,"(0.333, 0.444]"
2255,10026102000.0,404.0,2.0,0.0,0.0788672102148883,0.4183346476555971,0.0,,-2.258779202831138,-2.258779202831138,sequential,6e-06,2,1.5,"(0.0, 0.111]"
2256,10026103000.0,404.0,3.0,0.0,0.4272734472983376,3.2630839539863947,0.0,,-4.268502468294815,-4.268502468294815,sequential,6e-06,2,1.5,"(0.333, 0.444]"
2257,10026104000.0,404.0,4.0,0.0,0.1825929898218668,0.3526381022518434,0.0,,-2.965195160921439,-2.965195160921439,sequential,6e-06,2,1.5,"(0.111, 0.222]"
2258,10026105000.0,404.0,5.0,0.0,0.0786971347987346,0.4457791799179629,0.0,,-2.2460844095794736,-2.2460844095794736,sequential,6e-06,2,1.5,"(0.0, 0.111]"
2259,10027100000.0,405.0,0.0,0.0,0.1824052903186668,0.2011322059477163,0.0,,-2.9581410200086737,-2.9581410200086737,sequential,6e-06,2,2.0,"(0.111, 0.222]"
2260,10027101000.0,405.0,1.0,0.0,0.4287613051343498,0.8133363981926023,0.0,,-4.288473068696829,-4.288473068696829,sequential,6e-06,2,2.0,"(0.333, 0.444]"
2261,10027102000.0,405.0,2.0,0.0,0.0786415011737391,0.3056618336658219,0.0,,-2.2419830500079247,-2.2419830500079247,sequential,6e-06,2,2.0,"(0.0, 0.111]"
2262,10027103000.0,405.0,3.0,0.0,0.4269681875594275,1.186399965462541,0.0,,-4.260819441952494,-4.260819441952494,sequential,6e-06,2,2.0,"(0.333, 0.444]"
2263,10027104000.0,405.0,4.0,0.0,0.1831054571585229,0.1754241132249587,0.0,,-2.986514111326512,-2.986514111326512,sequential,6e-06,2,2.0,"(0.111, 0.222]"
2264,10027105000.0,405.0,5.0,0.0,0.078873144192159,0.2882655806864875,0.0,,-2.259286123334258,-2.259286123334258,sequential,6e-06,2,2.0,"(0.0, 0.111]"
2265,10028100000.0,378.0,0.0,0.0,0.229245113843759,4.019367091370376,0.0,,-2.8629081345550578,-2.8629081345550578,sequential,5e-06,10,0.1,"(0.222, 0.333]"
2266,10028101000.0,378.0,1.0,0.0,0.511323941026716,7.07517368880623,0.0,,-4.092961188187677,-4.092961188187677,sequential,5e-06,10,0.1,"(0.444, 0.556]"
2267,10028102000.0,378.0,2.0,0.0,0.0968833696974923,3.3021853457648733,0.0,,-2.108189268595588,-2.108189268595588,sequential,5e-06,10,0.1,"(0.0, 0.111]"
2268,10028103000.0,378.0,3.0,0.0,0.5114732889505293,6.386364830373727,0.0,,-4.094977140200064,-4.094977140200064,sequential,5e-06,10,0.1,"(0.444, 0.556]"
2269,10028104000.0,378.0,4.0,0.0,0.2294926294608288,4.056551554161584,0.0,,-2.871344133873325,-2.871344133873325,sequential,5e-06,10,0.1,"(0.222, 0.333]"
2270,10028105000.0,378.0,5.0,0.0,0.0968122664855996,3.3956455197511106,0.0,,-2.105568895324461,-2.105568895324461,sequential,5e-06,10,0.1,"(0.0, 0.111]"
2271,10029100000.0,379.0,0.0,0.0,0.2294130137535506,9.129552266650183,0.0,,-2.8684313267573867,-2.8684313267573867,sequential,5e-06,10,0.4,"(0.222, 0.333]"
2272,10029101000.0,379.0,1.0,0.0,0.5107167975475381,5.690511751165499,0.0,,-4.084727136857795,-4.084727136857795,sequential,5e-06,10,0.4,"(0.444, 0.556]"
2273,10029102000.0,379.0,2.0,0.0,0.097162593272038,7.07906366381003,0.0,,-2.1195616565519,-2.1195616565519,sequential,5e-06,10,0.4,"(0.0, 0.111]"
2274,10029103000.0,379.0,3.0,0.0,0.5114620159019317,6.440415347865597,0.0,,-4.094704121821153,-4.094704121821153,sequential,5e-06,10,0.4,"(0.444, 0.556]"
2275,10029104000.0,379.0,4.0,0.0,0.229481958444234,7.283830472841608,0.0,,-2.8709166453048627,-2.8709166453048627,sequential,5e-06,10,0.4,"(0.222, 0.333]"
2276,10029105000.0,379.0,5.0,0.0,0.0967714507433615,6.061389900709838,0.0,,-2.1038526919789104,-2.1038526919789104,sequential,5e-06,10,0.4,"(0.0, 0.111]"
2277,10030100000.0,380.0,0.0,0.0,0.2292328252835455,5.1788163878440745,0.0,,-2.862380374431992,-2.862380374431992,sequential,5e-06,10,0.5,"(0.222, 0.333]"
2278,10030101000.0,380.0,1.0,0.0,0.5102700300095258,4.589717647545338,0.0,,-4.078738518122873,-4.078738518122873,sequential,5e-06,10,0.5,"(0.444, 0.556]"
2279,10030102000.0,380.0,2.0,0.0,0.0966304379779711,6.045035174680948,0.0,,-2.0980697896272544,-2.0980697896272544,sequential,5e-06,10,0.5,"(0.0, 0.111]"
2280,10030103000.0,380.0,3.0,0.0,0.5131298216511624,3.904072688304528,0.0,,-4.117297318274616,-4.117297318274616,sequential,5e-06,10,0.5,"(0.444, 0.556]"
2281,10030104000.0,380.0,4.0,0.0,0.2290589235580359,6.2576447799597394,0.0,,-2.856319927089013,-2.856319927089013,sequential,5e-06,10,0.5,"(0.222, 0.333]"
2282,10030105000.0,380.0,5.0,0.0,0.0968772404630124,4.139652213894374,0.0,,-2.107858533639261,-2.107858533639261,sequential,5e-06,10,0.5,"(0.0, 0.111]"
2283,10031100000.0,381.0,0.0,0.0,0.2290874205811889,1.8011706539678942,0.0,,-2.8570641961454397,-2.8570641961454397,sequential,5e-06,10,0.7,"(0.222, 0.333]"
2284,10031101000.0,381.0,1.0,0.0,0.5127473597200195,9.04335605798576,0.0,,-4.111336430743092,-4.111336430743092,sequential,5e-06,10,0.7,"(0.444, 0.556]"
2285,10031102000.0,381.0,2.0,0.0,0.0969028589363576,1.6984453906958272,0.0,,-2.1087422760842265,-2.1087422760842265,sequential,5e-06,10,0.7,"(0.0, 0.111]"
2286,10031103000.0,381.0,3.0,0.0,0.5124767092143723,8.69952398011266,0.0,,-4.107467925148573,-4.107467925148573,sequential,5e-06,10,0.7,"(0.444, 0.556]"
2287,10031104000.0,381.0,4.0,0.0,0.2285101717722588,2.482019572316742,0.0,,-2.8379408915610123,-2.8379408915610123,sequential,5e-06,10,0.7,"(0.222, 0.333]"
2288,10031105000.0,381.0,5.0,0.0,0.0965028950691254,2.4174452050501123,0.0,,-2.1430316569134518,-2.1430316569134518,sequential,5e-06,10,0.7,"(0.0, 0.111]"
2289,10032100000.0,382.0,0.0,0.0,0.2283742789503724,0.9578073177582134,0.0,,-2.833420062366515,-2.833420062366515,sequential,5e-06,10,1.0,"(0.222, 0.333]"
2290,10032101000.0,382.0,1.0,0.0,0.5106151283435724,4.163431503103219,0.0,,-4.082573627757798,-4.082573627757798,sequential,5e-06,10,1.0,"(0.444, 0.556]"
2291,10032102000.0,382.0,2.0,0.0,0.0965870364233735,0.9597536702546206,0.0,,-2.0960295218918725,-2.0960295218918725,sequential,5e-06,10,1.0,"(0.0, 0.111]"
2292,10032103000.0,382.0,3.0,0.0,0.5119419305361567,9.072449600859493,0.0,,-4.099837686124806,-4.099837686124806,sequential,5e-06,10,1.0,"(0.444, 0.556]"
2293,10032104000.0,382.0,4.0,0.0,0.2288921416861312,0.7474271551326904,0.0,,-2.8502779136642453,-2.8502779136642453,sequential,5e-06,10,1.0,"(0.222, 0.333]"
2294,10032105000.0,382.0,5.0,0.0,0.096523645312726,1.027970315533216,0.0,,-2.143804748796449,-2.143804748796449,sequential,5e-06,10,1.0,"(0.0, 0.111]"
2295,10033100000.0,383.0,0.0,0.0,0.2289821844938552,0.3083229777715668,0.0,,-2.8533975394229656,-2.8533975394229656,sequential,5e-06,10,1.5,"(0.222, 0.333]"
2296,10033101000.0,383.0,1.0,0.0,0.5122345472187588,2.3023987763843423,0.0,,-4.103997295441026,-4.103997295441026,sequential,5e-06,10,1.5,"(0.444, 0.556]"
2297,10033102000.0,383.0,2.0,0.0,0.096588175890027,0.4746291237882175,0.0,,-2.096100182690275,-2.096100182690275,sequential,5e-06,10,1.5,"(0.0, 0.111]"
2298,10033103000.0,383.0,3.0,0.0,0.5095943755498415,4.082506284568158,0.0,,-4.069320158393208,-4.069320158393208,sequential,5e-06,10,1.5,"(0.444, 0.556]"
2299,10033104000.0,383.0,4.0,0.0,0.2289692376652428,0.3102486890376291,0.0,,-2.852952341301545,-2.852952341301545,sequential,5e-06,10,1.5,"(0.222, 0.333]"
2300,10033105000.0,383.0,5.0,0.0,0.0968400292519547,0.447627023304291,0.0,,-2.106111149709088,-2.106111149709088,sequential,5e-06,10,1.5,"(0.0, 0.111]"
2301,10034100000.0,384.0,0.0,0.0,0.2292922374596619,0.1720767381833156,0.0,,-2.864631353196562,-2.864631353196562,sequential,5e-06,10,2.0,"(0.222, 0.333]"
2302,10034101000.0,384.0,1.0,0.0,0.5112268231194059,1.0857279825358432,0.0,,-4.091814280308292,-4.091814280308292,sequential,5e-06,10,2.0,"(0.444, 0.556]"
2303,10034102000.0,384.0,2.0,0.0,0.0967610948148088,0.3035167148337404,0.0,,-2.103540689065399,-2.103540689065399,sequential,5e-06,10,2.0,"(0.0, 0.111]"
2304,10034103000.0,384.0,3.0,0.0,0.5139509127267822,0.7252220651703644,0.0,,-4.129004930909535,-4.129004930909535,sequential,5e-06,10,2.0,"(0.444, 0.556]"
2305,10034104000.0,384.0,4.0,0.0,0.2290682965013599,0.1828242284585462,0.0,,-2.8568151223688902,-2.8568151223688902,sequential,5e-06,10,2.0,"(0.222, 0.333]"
2306,10034105000.0,384.0,5.0,0.0,0.0969338583533085,0.3015233437539814,0.0,,-2.110338195611575,-2.110338195611575,sequential,5e-06,10,2.0,"(0.0, 0.111]"
2307,10035100000.0,406.0,0.0,0.0,0.184068256492956,6.801323495512094,0.0,,-3.240687317360309,-3.240687317360309,sequential,6e-06,10,0.1,"(0.111, 0.222]"
2308,10035101000.0,406.0,1.0,0.0,0.4149499830161983,9.957124429267472,0.0,,-4.639465133989744,-4.639465133989744,sequential,6e-06,10,0.1,"(0.333, 0.444]"
2309,10035102000.0,406.0,2.0,0.0,0.0790934707673146,6.787721848738061,0.0,,-2.4376214995257737,-2.4376214995257737,sequential,6e-06,10,0.1,"(0.0, 0.111]"
2310,10035103000.0,406.0,3.0,0.0,0.4138208991518852,8.681840401525186,0.0,,-4.617818585370019,-4.617818585370019,sequential,6e-06,10,0.1,"(0.333, 0.444]"
2311,10035104000.0,406.0,4.0,0.0,0.1841549650825207,6.947652114100546,0.0,,-3.24435902207454,-3.24435902207454,sequential,6e-06,10,0.1,"(0.111, 0.222]"
2312,10035105000.0,406.0,5.0,0.0,0.0793366149682184,3.1219798499492617,0.0,,-2.4559518587730493,-2.4559518587730493,sequential,6e-06,10,0.1,"(0.0, 0.111]"
2313,10036100000.0,407.0,0.0,0.0,0.1837858023698099,6.748636551283618,0.0,,-3.2291103880162244,-3.2291103880162244,sequential,6e-06,10,0.4,"(0.111, 0.222]"
2314,10036101000.0,407.0,1.0,0.0,0.4197532820930282,4.305304335819612,0.0,,-4.689518039376232,-4.689518039376232,sequential,6e-06,10,0.4,"(0.333, 0.444]"
2315,10036102000.0,407.0,2.0,0.0,0.0794205859543893,8.238761475452272,0.0,,-2.4627468334891853,-2.4627468334891853,sequential,6e-06,10,0.4,"(0.0, 0.111]"
2316,10036103000.0,407.0,3.0,0.0,0.416033165441931,5.749531071475637,0.0,,-4.6512157558668,-4.6512157558668,sequential,6e-06,10,0.4,"(0.333, 0.444]"
2317,10036104000.0,407.0,4.0,0.0,0.184363496323232,9.787946960622328,0.0,,-3.253531709570629,-3.253531709570629,sequential,6e-06,10,0.4,"(0.111, 0.222]"
2318,10036105000.0,407.0,5.0,0.0,0.0793501481221735,4.473801416511833,0.0,,-2.457197339285551,-2.457197339285551,sequential,6e-06,10,0.4,"(0.0, 0.111]"
2319,10037100000.0,408.0,0.0,0.0,0.1850801162735047,5.766940037866491,0.0,,-3.2873285229331817,-3.2873285229331817,sequential,6e-06,10,0.5,"(0.111, 0.222]"
2320,10037101000.0,408.0,1.0,0.0,0.4210822560635051,3.939141076229324,0.0,,-4.709189323049531,-4.709189323049531,sequential,6e-06,10,0.5,"(0.333, 0.444]"
2321,10037102000.0,408.0,2.0,0.0,0.0795304387650484,5.548836958794945,0.0,,-2.416900584112894,-2.416900584112894,sequential,6e-06,10,0.5,"(0.0, 0.111]"
2322,10037103000.0,408.0,3.0,0.0,0.4204001266942439,5.1979223646826505,0.0,,-4.701704948638229,-4.701704948638229,sequential,6e-06,10,0.5,"(0.333, 0.444]"
2323,10037104000.0,408.0,4.0,0.0,0.1846688809430743,5.807868118517569,0.0,,-3.269507095761752,-3.269507095761752,sequential,6e-06,10,0.5,"(0.111, 0.222]"
2324,10037105000.0,408.0,5.0,0.0,0.0795342744025942,5.515760537363384,0.0,,-2.4172126228757325,-2.4172126228757325,sequential,6e-06,10,0.5,"(0.0, 0.111]"
2325,10038100000.0,409.0,0.0,0.0,0.1843100866209908,2.0087218163807123,0.0,,-3.2511267037713147,-3.2511267037713147,sequential,6e-06,10,0.7,"(0.111, 0.222]"
2326,10038101000.0,409.0,1.0,0.0,0.4144580685328651,2.2120853052979825,0.0,,-4.632779057400464,-4.632779057400464,sequential,6e-06,10,0.7,"(0.333, 0.444]"
2327,10038102000.0,409.0,2.0,0.0,0.0793869866537068,1.6309487192580452,0.0,,-2.460017055019064,-2.460017055019064,sequential,6e-06,10,0.7,"(0.0, 0.111]"
2328,10038103000.0,409.0,3.0,0.0,0.4159273917895062,9.741011973826732,0.0,,-4.649889175229163,-4.649889175229163,sequential,6e-06,10,0.7,"(0.333, 0.444]"
2329,10038104000.0,409.0,4.0,0.0,0.1845660800873209,1.613770360722128,0.0,,-3.2618175460616663,-3.2618175460616663,sequential,6e-06,10,0.7,"(0.111, 0.222]"
2330,10038105000.0,409.0,5.0,0.0,0.0793212364543552,1.8156515633538828,0.0,,-2.4548533044074383,-2.4548533044074383,sequential,6e-06,10,0.7,"(0.0, 0.111]"
2331,10039100000.0,410.0,0.0,0.0,0.1839496438299201,0.7670964315198338,0.0,,-3.235380343474068,-3.235380343474068,sequential,6e-06,10,1.0,"(0.111, 0.222]"
2332,10039101000.0,410.0,1.0,0.0,0.4159148295688221,9.271593971988269,0.0,,-4.648096523854308,-4.648096523854308,sequential,6e-06,10,1.0,"(0.333, 0.444]"
2333,10039102000.0,410.0,2.0,0.0,0.0793135198368453,0.8169149751724724,0.0,,-2.453928930706197,-2.453928930706197,sequential,6e-06,10,1.0,"(0.0, 0.111]"
2334,10039103000.0,410.0,3.0,0.0,0.4156944404370919,9.2726028090427,0.0,,-4.645772441751345,-4.645772441751345,sequential,6e-06,10,1.0,"(0.333, 0.444]"
2335,10039104000.0,410.0,4.0,0.0,0.1841339463697992,0.679900743321899,0.0,,-3.243160920220617,-3.243160920220617,sequential,6e-06,10,1.0,"(0.111, 0.222]"
2336,10039105000.0,410.0,5.0,0.0,0.0790861119072597,0.9523768212410368,0.0,,-2.436780073528856,-2.436780073528856,sequential,6e-06,10,1.0,"(0.0, 0.111]"
2337,10040100000.0,411.0,0.0,0.0,0.1839402511041102,0.314534132502334,0.0,,-3.235161092799032,-3.235161092799032,sequential,6e-06,10,1.5,"(0.111, 0.222]"
2338,10040101000.0,411.0,1.0,0.0,0.4171982837399433,2.0793953814447828,0.0,,-4.66199041248467,-4.66199041248467,sequential,6e-06,10,1.5,"(0.333, 0.444]"
2339,10040102000.0,411.0,2.0,0.0,0.0792901957123005,0.4202540064049589,0.0,,-2.452222393093189,-2.452222393093189,sequential,6e-06,10,1.5,"(0.0, 0.111]"
2340,10040103000.0,411.0,3.0,0.0,0.4144654054669849,3.3403439048474524,0.0,,-4.632180006466082,-4.632180006466082,sequential,6e-06,10,1.5,"(0.333, 0.444]"
2341,10040104000.0,411.0,4.0,0.0,0.1841174867708212,0.2912821827743541,0.0,,-3.242628788481296,-3.242628788481296,sequential,6e-06,10,1.5,"(0.111, 0.222]"
2342,10040105000.0,411.0,5.0,0.0,0.0794269032351019,0.4026569064826396,0.0,,-2.462685872092277,-2.462685872092277,sequential,6e-06,10,1.5,"(0.0, 0.111]"
2343,10041100000.0,412.0,0.0,0.0,0.183783656772802,0.1932652159992537,0.0,,-3.2289079086208323,-3.2289079086208323,sequential,6e-06,10,2.0,"(0.111, 0.222]"
2344,10041101000.0,412.0,1.0,0.0,0.414241522543851,1.3429230412931317,0.0,,-4.628934926009361,-4.628934926009361,sequential,6e-06,10,2.0,"(0.333, 0.444]"
2345,10041102000.0,412.0,2.0,0.0,0.0794837297795663,0.279823819716551,0.0,,-2.467492059710044,-2.467492059710044,sequential,6e-06,10,2.0,"(0.0, 0.111]"
2346,10041103000.0,412.0,3.0,0.0,0.4158629645728545,1.0162627602243726,0.0,,-4.649505359210986,-4.649505359210986,sequential,6e-06,10,2.0,"(0.333, 0.444]"
2347,10041104000.0,412.0,4.0,0.0,0.1845582779407921,0.1640214566119918,0.0,,-3.261585946311312,-3.261585946311312,sequential,6e-06,10,2.0,"(0.111, 0.222]"
2348,10041105000.0,412.0,5.0,0.0,0.0794239831723507,0.28010459502269,0.0,,-2.4630337120962182,-2.4630337120962182,sequential,6e-06,10,2.0,"(0.0, 0.111]"
2349,10042100000.0,385.0,0.0,0.0,0.2301951328915158,6.042889436418848,0.0,,-2.8781038747705714,-2.8781038747705714,sequential,5e-06,30,0.1,"(0.222, 0.333]"
2350,10042101000.0,385.0,1.0,0.0,0.4907860645460946,4.893224757415414,0.0,,-4.099478228812563,-4.099478228812563,sequential,5e-06,30,0.1,"(0.444, 0.556]"
2351,10042102000.0,385.0,2.0,0.0,0.0972283427408014,3.246503549549132,0.0,,-2.121608032183378,-2.121608032183378,sequential,5e-06,30,0.1,"(0.0, 0.111]"
2352,10042103000.0,385.0,3.0,0.0,0.4930478866645489,5.859519289657551,0.0,,-4.131832088965186,-4.131832088965186,sequential,5e-06,30,0.1,"(0.444, 0.556]"
2353,10042104000.0,385.0,4.0,0.0,0.2296965887958561,5.930516308221145,0.0,,-2.862249999768144,-2.862249999768144,sequential,5e-06,30,0.1,"(0.222, 0.333]"
2354,10042105000.0,385.0,5.0,0.0,0.0974922865844643,3.037194066155017,0.0,,-2.1321171660268425,-2.1321171660268425,sequential,5e-06,30,0.1,"(0.0, 0.111]"
2355,10043100000.0,386.0,0.0,0.0,0.22949366112141,7.706148544855404,0.0,,-2.85592704450673,-2.85592704450673,sequential,5e-06,30,0.4,"(0.222, 0.333]"
2356,10043101000.0,386.0,1.0,0.0,0.4925849465221155,3.959976983588244,0.0,,-4.1248970657515,-4.1248970657515,sequential,5e-06,30,0.4,"(0.444, 0.556]"
2357,10043102000.0,386.0,2.0,0.0,0.0970383914263412,7.549700948445483,0.0,,-2.114351888200564,-2.114351888200564,sequential,5e-06,30,0.4,"(0.0, 0.111]"
2358,10043103000.0,386.0,3.0,0.0,0.4931939094263336,4.504524431053398,0.0,,-4.134210417967325,-4.134210417967325,sequential,5e-06,30,0.4,"(0.444, 0.556]"
2359,10043104000.0,386.0,4.0,0.0,0.2296093699677088,5.54720955707693,0.0,,-2.8595669633300425,-2.8595669633300425,sequential,5e-06,30,0.4,"(0.222, 0.333]"
2360,10043105000.0,386.0,5.0,0.0,0.0972546154916514,4.206557003189364,0.0,,-2.122719161443943,-2.122719161443943,sequential,5e-06,30,0.4,"(0.0, 0.111]"
2361,10044100000.0,387.0,0.0,0.0,0.2292909497595626,6.392136674985636,0.0,,-2.848655240437412,-2.848655240437412,sequential,5e-06,30,0.5,"(0.222, 0.333]"
2362,10044101000.0,387.0,1.0,0.0,0.4919462220287072,4.055994389832283,0.0,,-4.113887602183231,-4.113887602183231,sequential,5e-06,30,0.5,"(0.444, 0.556]"
2363,10044102000.0,387.0,2.0,0.0,0.0965660388201556,6.629589974445257,0.0,,-2.09543891428911,-2.09543891428911,sequential,5e-06,30,0.5,"(0.0, 0.111]"
2364,10044103000.0,387.0,3.0,0.0,0.4894974977509385,4.390754643800803,0.0,,-4.080039839258903,-4.080039839258903,sequential,5e-06,30,0.5,"(0.444, 0.556]"
2365,10044104000.0,387.0,4.0,0.0,0.2287294518906086,7.998490846213272,0.0,,-2.832030471967472,-2.832030471967472,sequential,5e-06,30,0.5,"(0.222, 0.333]"
2366,10044105000.0,387.0,5.0,0.0,0.0969531320642104,4.577880672752332,0.0,,-2.110010200818266,-2.110010200818266,sequential,5e-06,30,0.5,"(0.0, 0.111]"
2367,10045100000.0,388.0,0.0,0.0,0.2290373795528246,2.5520569991799893,0.0,,-2.8407241900557856,-2.8407241900557856,sequential,5e-06,30,0.7,"(0.222, 0.333]"
2368,10045101000.0,388.0,1.0,0.0,0.4906207608466251,4.829233830579904,0.0,,-4.095345909605667,-4.095345909605667,sequential,5e-06,30,0.7,"(0.444, 0.556]"
2369,10045102000.0,388.0,2.0,0.0,0.0969589603103699,1.7876857214559414,0.0,,-2.110185141975947,-2.110185141975947,sequential,5e-06,30,0.7,"(0.0, 0.111]"
2370,10045103000.0,388.0,3.0,0.0,0.4884397078802788,9.422666784650486,0.0,,-4.066746443275359,-4.066746443275359,sequential,5e-06,30,0.7,"(0.444, 0.556]"
2371,10045104000.0,388.0,4.0,0.0,0.2291826008885922,2.3968321785911284,0.0,,-2.845195688463641,-2.845195688463641,sequential,5e-06,30,0.7,"(0.222, 0.333]"
2372,10045105000.0,388.0,5.0,0.0,0.0965300024474787,2.275792839565832,0.0,,-2.144732065622097,-2.144732065622097,sequential,5e-06,30,0.7,"(0.0, 0.111]"
2373,10046100000.0,389.0,0.0,0.0,0.2296352755407385,0.933162018045298,0.0,,-2.860320924850409,-2.860320924850409,sequential,5e-06,30,1.0,"(0.222, 0.333]"
2374,10046101000.0,389.0,1.0,0.0,0.4908875200276542,9.698460119329797,0.0,,-4.100936532716142,-4.100936532716142,sequential,5e-06,30,1.0,"(0.444, 0.556]"
2375,10046102000.0,389.0,2.0,0.0,0.0968780771600086,1.1322089492790062,0.0,,-2.107973239346488,-2.107973239346488,sequential,5e-06,30,1.0,"(0.0, 0.111]"
2376,10046103000.0,389.0,3.0,0.0,0.4902352013770316,8.708546077008371,0.0,,-4.092812160103958,-4.092812160103958,sequential,5e-06,30,1.0,"(0.444, 0.556]"
2377,10046104000.0,389.0,4.0,0.0,0.2301676541572272,0.704161408686902,0.0,,-2.877204445293632,-2.877204445293632,sequential,5e-06,30,1.0,"(0.222, 0.333]"
2378,10046105000.0,389.0,5.0,0.0,0.0971907620897596,0.9674787989053546,0.0,,-2.120098334473155,-2.120098334473155,sequential,5e-06,30,1.0,"(0.0, 0.111]"
2379,10047100000.0,390.0,0.0,0.0,0.2309955512277334,0.3076262709832671,0.0,,-2.837040770068211,-2.837040770068211,sequential,5e-06,30,1.5,"(0.222, 0.333]"
2380,10047101000.0,390.0,1.0,0.0,0.4959704263057659,2.232182289196645,0.0,,-4.075029595531484,-4.075029595531484,sequential,5e-06,30,1.5,"(0.444, 0.556]"
2381,10047102000.0,390.0,2.0,0.0,0.0978152743577516,0.4462856731920991,0.0,,-2.14698226326688,-2.14698226326688,sequential,5e-06,30,1.5,"(0.0, 0.111]"
2382,10047103000.0,390.0,3.0,0.0,0.4943757443161759,3.107705580745737,0.0,,-4.15714419530962,-4.15714419530962,sequential,5e-06,30,1.5,"(0.444, 0.556]"
2383,10047104000.0,390.0,4.0,0.0,0.2301189109749736,0.3845281526386406,0.0,,-2.8783905688164397,-2.8783905688164397,sequential,5e-06,30,1.5,"(0.222, 0.333]"
2384,10047105000.0,390.0,5.0,0.0,0.0974057754265826,0.4795303799543722,0.0,,-2.130813493481793,-2.130813493481793,sequential,5e-06,30,1.5,"(0.0, 0.111]"
2385,10048100000.0,391.0,0.0,0.0,0.2303283226504529,0.1868454089992565,0.0,,-2.8844804219776528,-2.8844804219776528,sequential,5e-06,30,2.0,"(0.222, 0.333]"
2386,10048101000.0,391.0,1.0,0.0,0.4955891216990139,0.752090272555514,0.0,,-4.067726568019805,-4.067726568019805,sequential,5e-06,30,2.0,"(0.444, 0.556]"
2387,10048102000.0,391.0,2.0,0.0,0.097566558114004,0.2880805242592684,0.0,,-2.136796299087616,-2.136796299087616,sequential,5e-06,30,2.0,"(0.0, 0.111]"
2388,10048103000.0,391.0,3.0,0.0,0.4926889704151418,1.2144234716545708,0.0,,-4.131177872539751,-4.131177872539751,sequential,5e-06,30,2.0,"(0.444, 0.556]"
2389,10048104000.0,391.0,4.0,0.0,0.2298164618350477,0.20381336720443,0.0,,-2.868251475183316,-2.868251475183316,sequential,5e-06,30,2.0,"(0.222, 0.333]"
2390,10048105000.0,391.0,5.0,0.0,0.0972765420982386,0.302307550683601,0.0,,-2.1253622820363187,-2.1253622820363187,sequential,5e-06,30,2.0,"(0.0, 0.111]"
2391,10049100000.0,413.0,0.0,0.0,0.1848941118841156,6.7744609421967965,0.0,,-3.26775570388383,-3.26775570388383,sequential,6e-06,30,0.1,"(0.111, 0.222]"
2392,10049101000.0,413.0,1.0,0.0,0.4085876358236364,5.150376668609458,0.0,,-4.720602875762212,-4.720602875762212,sequential,6e-06,30,0.1,"(0.333, 0.444]"
2393,10049102000.0,413.0,2.0,0.0,0.0793904012278439,7.018709757024274,0.0,,-2.455739338443664,-2.455739338443664,sequential,6e-06,30,0.1,"(0.0, 0.111]"
2394,10049103000.0,413.0,3.0,0.0,0.4050878216356633,8.423215367518885,0.0,,-4.681931563591006,-4.681931563591006,sequential,6e-06,30,0.1,"(0.333, 0.444]"
2395,10049104000.0,413.0,4.0,0.0,0.1846696731423455,5.170159614932283,0.0,,-3.250517902459856,-3.250517902459856,sequential,6e-06,30,0.1,"(0.111, 0.222]"
2396,10049105000.0,413.0,5.0,0.0,0.0795999730319976,3.662501039811644,0.0,,-2.4138011322873454,-2.4138011322873454,sequential,6e-06,30,0.1,"(0.0, 0.111]"
2397,10050100000.0,414.0,0.0,0.0,0.185216084572726,8.665147632660515,0.0,,-3.282986184316658,-3.282986184316658,sequential,6e-06,30,0.4,"(0.111, 0.222]"
2398,10050101000.0,414.0,1.0,0.0,0.4072695822185979,7.073050108089638,0.0,,-4.709252195129319,-4.709252195129319,sequential,6e-06,30,0.4,"(0.333, 0.444]"
2399,10050102000.0,414.0,2.0,0.0,0.0795033513967072,7.330563167529335,0.0,,-2.4656338152424286,-2.4656338152424286,sequential,6e-06,30,0.4,"(0.0, 0.111]"
2400,10050103000.0,414.0,3.0,0.0,0.4102317615679275,6.447631128263425,0.0,,-4.743218144212163,-4.743218144212163,sequential,6e-06,30,0.4,"(0.333, 0.444]"
2401,10050104000.0,414.0,4.0,0.0,0.1847397915720668,9.347909479467493,0.0,,-3.2602982677155588,-3.2602982677155588,sequential,6e-06,30,0.4,"(0.111, 0.222]"
2402,10050105000.0,414.0,5.0,0.0,0.0798061041537324,7.944767151864631,0.0,,-2.4314672203708767,-2.4314672203708767,sequential,6e-06,30,0.4,"(0.0, 0.111]"
2403,10051100000.0,415.0,0.0,0.0,0.1847923179267869,4.450536489007132,0.0,,-3.262549965579824,-3.262549965579824,sequential,6e-06,30,0.5,"(0.111, 0.222]"
2404,10051101000.0,415.0,1.0,0.0,0.4037788478935499,7.249171515870436,0.0,,-4.666399213771407,-4.666399213771407,sequential,6e-06,30,0.5,"(0.333, 0.444]"
2405,10051102000.0,415.0,2.0,0.0,0.0794272136521783,4.138147580674974,0.0,,-2.4579799590820604,-2.4579799590820604,sequential,6e-06,30,0.5,"(0.0, 0.111]"
2406,10051103000.0,415.0,3.0,0.0,0.4006846219685578,6.972697123351487,0.0,,-4.633968614965353,-4.633968614965353,sequential,6e-06,30,0.5,"(0.333, 0.444]"
2407,10051104000.0,415.0,4.0,0.0,0.1846496181711001,5.282860518501331,0.0,,-3.247739705685047,-3.247739705685047,sequential,6e-06,30,0.5,"(0.111, 0.222]"
2408,10051105000.0,415.0,5.0,0.0,0.0795285750555471,4.017224733269386,0.0,,-2.4652257529628625,-2.4652257529628625,sequential,6e-06,30,0.5,"(0.0, 0.111]"
2409,10052100000.0,416.0,0.0,0.0,0.1846627690960215,2.675186226372238,0.0,,-3.249567711177945,-3.249567711177945,sequential,6e-06,30,0.7,"(0.111, 0.222]"
2410,10052101000.0,416.0,1.0,0.0,0.4042534298192598,2.565745543890176,0.0,,-4.672348377460881,-4.672348377460881,sequential,6e-06,30,0.7,"(0.333, 0.444]"
2411,10052102000.0,416.0,2.0,0.0,0.0793814675423481,2.3697558435551183,0.0,,-2.454925902531338,-2.454925902531338,sequential,6e-06,30,0.7,"(0.0, 0.111]"
2412,10052103000.0,416.0,3.0,0.0,0.404319069526188,2.472964421450989,0.0,,-4.673070547084389,-4.673070547084389,sequential,6e-06,30,0.7,"(0.333, 0.444]"
2413,10052104000.0,416.0,4.0,0.0,0.1847749959758843,2.0562131086803874,0.0,,-3.2610178639296,-3.2610178639296,sequential,6e-06,30,0.7,"(0.111, 0.222]"
2414,10052105000.0,416.0,5.0,0.0,0.0796444208282967,1.7270537789588123,0.0,,-2.417140881639688,-2.417140881639688,sequential,6e-06,30,0.7,"(0.0, 0.111]"
2415,10053100000.0,417.0,0.0,0.0,0.184560824412459,1.1151255402328917,0.0,,-3.2400508876151712,-3.2400508876151712,sequential,6e-06,30,1.0,"(0.111, 0.222]"
2416,10053101000.0,417.0,1.0,0.0,0.404598653258708,9.003174211247208,0.0,,-4.676463939782376,-4.676463939782376,sequential,6e-06,30,1.0,"(0.333, 0.444]"
2417,10053102000.0,417.0,2.0,0.0,0.0794424515957993,1.0265028352189824,0.0,,-2.459543613893149,-2.459543613893149,sequential,6e-06,30,1.0,"(0.0, 0.111]"
2418,10053103000.0,417.0,3.0,0.0,0.4060595190614663,9.700738304608189,0.0,,-4.692033257020463,-4.692033257020463,sequential,6e-06,30,1.0,"(0.333, 0.444]"
2419,10053104000.0,417.0,4.0,0.0,0.1847042822647416,0.8670001921001759,0.0,,-3.254103573813318,-3.254103573813318,sequential,6e-06,30,1.0,"(0.111, 0.222]"
2420,10053105000.0,417.0,5.0,0.0,0.0797502704238725,0.8459228851832007,0.0,,-2.425277115247237,-2.425277115247237,sequential,6e-06,30,1.0,"(0.0, 0.111]"
2421,10054100000.0,418.0,0.0,0.0,0.1849964296847518,0.2802095362319177,0.0,,-3.271919415439517,-3.271919415439517,sequential,6e-06,30,1.5,"(0.111, 0.222]"
2422,10054101000.0,418.0,1.0,0.0,0.4056156063747143,2.70063975245892,0.0,,-4.687015781227523,-4.687015781227523,sequential,6e-06,30,1.5,"(0.333, 0.444]"
2423,10054102000.0,418.0,2.0,0.0,0.0796800946534312,0.401541271538017,0.0,,-2.4200454136406364,-2.4200454136406364,sequential,6e-06,30,1.5,"(0.0, 0.111]"
2424,10054103000.0,418.0,3.0,0.0,0.4058294281686028,2.5250591451605087,0.0,,-4.689435206391253,-4.689435206391253,sequential,6e-06,30,1.5,"(0.333, 0.444]"
2425,10054104000.0,418.0,4.0,0.0,0.1852638088943853,0.2638009285892139,0.0,,-3.282593514494085,-3.282593514494085,sequential,6e-06,30,1.5,"(0.111, 0.222]"
2426,10054105000.0,418.0,5.0,0.0,0.0797498844253237,0.4024818614905064,0.0,,-2.425251184953843,-2.425251184953843,sequential,6e-06,30,1.5,"(0.0, 0.111]"
2427,10055100000.0,419.0,0.0,0.0,0.184703581087188,0.1818720554402682,0.0,,-3.253946547823534,-3.253946547823534,sequential,6e-06,30,2.0,"(0.111, 0.222]"
2428,10055101000.0,419.0,1.0,0.0,0.4061197451878872,0.833357508672795,0.0,,-4.692617698584836,-4.692617698584836,sequential,6e-06,30,2.0,"(0.333, 0.444]"
2429,10055102000.0,419.0,2.0,0.0,0.0797639139345105,0.2741097492484253,0.0,,-2.426332928773819,-2.426332928773819,sequential,6e-06,30,2.0,"(0.0, 0.111]"
2430,10055103000.0,419.0,3.0,0.0,0.4046047903241528,0.964614485549938,0.0,,-4.676405044876954,-4.676405044876954,sequential,6e-06,30,2.0,"(0.333, 0.444]"
2431,10055104000.0,419.0,4.0,0.0,0.1847694381812019,0.1716032535071666,0.0,,-3.2605036806931227,-3.2605036806931227,sequential,6e-06,30,2.0,"(0.111, 0.222]"
2432,10055105000.0,419.0,5.0,0.0,0.0797468163108438,0.2767159675026783,0.0,,-2.424965747006247,-2.424965747006247,sequential,6e-06,30,2.0,"(0.0, 0.111]"
2433,10000100000.0,224.0,0.0,0.0,0.6909155651553153,2.611682212376265,0.0,,-1.0854610262986857,-1.0854610262986857,sequential,2e-06,1,0.1,"(0.667, 0.778]"
2434,10000101000.0,224.0,1.0,0.0,1.4911540521272837,8.60347143677692,0.0,,-1.6130861260277205,-1.6130861260277205,sequential,2e-06,1,0.1,
2435,10000102000.0,224.0,2.0,0.0,0.2944689955658672,2.472017063968945,0.0,,-0.8158320865545594,-0.8158320865545594,sequential,2e-06,1,0.1,"(0.222, 0.333]"
2436,10000103000.0,224.0,3.0,0.0,1.4793367386693457,6.824362590255166,0.0,,-1.5929897032898763,-1.5929897032898763,sequential,2e-06,1,0.1,
2437,10000104000.0,224.0,4.0,0.0,0.6904470853097129,8.636578979749071,0.0,,-1.1062454656454097,-1.1062454656454097,sequential,2e-06,1,0.1,"(0.667, 0.778]"
2438,10000105000.0,224.0,5.0,0.0,0.2954186928030096,4.135809015630163,0.0,,-0.8210676420682175,-0.8210676420682175,sequential,2e-06,1,0.1,"(0.222, 0.333]"
2439,10001100000.0,225.0,0.0,0.0,0.6912391992139904,3.6414435955794455,0.0,,-1.086407393072854,-1.086407393072854,sequential,2e-06,1,0.4,"(0.667, 0.778]"
2440,10001101000.0,225.0,1.0,0.0,1.485038111873662,8.504611701939263,0.0,,-1.6007347962705074,-1.6007347962705074,sequential,2e-06,1,0.4,
2441,10001102000.0,225.0,2.0,0.0,0.2958054416199397,4.447322704768383,0.0,,-0.8226928081395134,-0.8226928081395134,sequential,2e-06,1,0.4,"(0.222, 0.333]"
2442,10001103000.0,225.0,3.0,0.0,1.4772784199992215,4.79385847657635,0.0,,-1.5882981316747722,-1.5882981316747722,sequential,2e-06,1,0.4,
2443,10001104000.0,225.0,4.0,0.0,0.6917124228450472,9.25351741296802,0.0,,-1.089191650076912,-1.089191650076912,sequential,2e-06,1,0.4,"(0.667, 0.778]"
2444,10001105000.0,225.0,5.0,0.0,0.2957701550950358,4.645697322050257,0.0,,-0.8224855293943892,-0.8224855293943892,sequential,2e-06,1,0.4,"(0.222, 0.333]"
2445,10002100000.0,226.0,0.0,0.0,0.690051594948627,5.555882667116648,0.0,,-1.1032183351828344,-1.1032183351828344,sequential,2e-06,1,0.5,"(0.667, 0.778]"
2446,10002101000.0,226.0,1.0,0.0,1.4806472605967844,9.753254843501002,0.0,,-1.5931713951668605,-1.5931713951668605,sequential,2e-06,1,0.5,
2447,10002102000.0,226.0,2.0,0.0,0.2953597275230121,6.62284686447756,0.0,,-0.8199813586453749,-0.8199813586453749,sequential,2e-06,1,0.5,"(0.222, 0.333]"
2448,10002103000.0,226.0,3.0,0.0,1.4878032393367433,9.606999003630094,0.0,,-1.605457003497222,-1.605457003497222,sequential,2e-06,1,0.5,
2449,10002104000.0,226.0,4.0,0.0,0.6896816325912791,5.663476144595014,0.0,,-1.101232892076413,-1.101232892076413,sequential,2e-06,1,0.5,"(0.667, 0.778]"
2450,10002105000.0,226.0,5.0,0.0,0.293759687144699,5.705772305654485,0.0,,-0.8111821581755762,-0.8111821581755762,sequential,2e-06,1,0.5,"(0.222, 0.333]"
2451,10003100000.0,227.0,0.0,0.0,0.6921657938048842,2.303788169838675,0.0,,-1.091662345197835,-1.091662345197835,sequential,2e-06,1,0.7,"(0.667, 0.778]"
2452,10003101000.0,227.0,1.0,0.0,1.4784396128694568,2.4914469629285216,0.0,,-1.5895996058742965,-1.5895996058742965,sequential,2e-06,1,0.7,
2453,10003102000.0,227.0,2.0,0.0,0.2957328728448268,2.381774097398257,0.0,,-0.822205392076862,-0.822205392076862,sequential,2e-06,1,0.7,"(0.222, 0.333]"
2454,10003103000.0,227.0,3.0,0.0,1.478423399952396,2.090797035120383,0.0,,-1.589571698640552,-1.589571698640552,sequential,2e-06,1,0.7,
2455,10003104000.0,227.0,4.0,0.0,0.6902793254909388,3.3924015538419847,0.0,,-1.104525716004073,-1.104525716004073,sequential,2e-06,1,0.7,"(0.667, 0.778]"
2456,10003105000.0,227.0,5.0,0.0,0.2960391410266844,2.349936415610049,0.0,,-0.8238928631184727,-0.8238928631184727,sequential,2e-06,1,0.7,"(0.222, 0.333]"
2457,10004100000.0,228.0,0.0,0.0,0.6918343268788076,0.934995505862567,0.0,,-1.0898925646131583,-1.0898925646131583,sequential,2e-06,1,1.0,"(0.667, 0.778]"
2458,10004101000.0,228.0,1.0,0.0,1.4773643667910907,6.78029792028413,0.0,,-1.5883697976223623,-1.5883697976223623,sequential,2e-06,1,1.0,
2459,10004102000.0,228.0,2.0,0.0,0.2946989458239165,1.3069629984775717,0.0,,-0.8164152096823416,-0.8164152096823416,sequential,2e-06,1,1.0,"(0.222, 0.333]"
2460,10004103000.0,228.0,3.0,0.0,1.4798551652909562,8.272533676657675,0.0,,-1.592109651329273,-1.592109651329273,sequential,2e-06,1,1.0,
2461,10004104000.0,228.0,4.0,0.0,0.6910383976307194,1.198859922917063,0.0,,-1.085215666475868,-1.085215666475868,sequential,2e-06,1,1.0,"(0.667, 0.778]"
2462,10004105000.0,228.0,5.0,0.0,0.2950442966565412,1.239742952380822,0.0,,-0.8183828250087432,-0.8183828250087432,sequential,2e-06,1,1.0,"(0.222, 0.333]"
2463,10005100000.0,229.0,0.0,0.0,0.6896283299290904,0.4677404375020687,0.0,,-1.1019066603807612,-1.1019066603807612,sequential,2e-06,1,1.5,"(0.667, 0.778]"
2464,10005101000.0,229.0,1.0,0.0,1.4834121833758682,3.48750732008775,0.0,,-1.5991963620851808,-1.5991963620851808,sequential,2e-06,1,1.5,
2465,10005102000.0,229.0,2.0,0.0,0.2951059903870889,0.5350863603454434,0.0,,-0.8191572364091814,-0.8191572364091814,sequential,2e-06,1,1.5,"(0.222, 0.333]"
2466,10005103000.0,229.0,3.0,0.0,1.4775998783149025,4.649161489949322,0.0,,-1.589791692224652,-1.589791692224652,sequential,2e-06,1,1.5,
2467,10005104000.0,229.0,4.0,0.0,0.6905189603068269,0.4338759402519213,0.0,,-1.0830525450251554,-1.0830525450251554,sequential,2e-06,1,1.5,"(0.667, 0.778]"
2468,10005105000.0,229.0,5.0,0.0,0.2957014806655522,0.5412184204003939,0.0,,-0.8224631780455853,-0.8224631780455853,sequential,2e-06,1,1.5,"(0.222, 0.333]"
2469,10006100000.0,230.0,0.0,0.0,0.690072786090046,0.2285931616934885,0.0,,-1.1034939235860035,-1.1034939235860035,sequential,2e-06,1,2.0,"(0.667, 0.778]"
2470,10006101000.0,230.0,1.0,0.0,1.4860092462462609,1.1867651299793611,0.0,,-1.602432797840245,-1.602432797840245,sequential,2e-06,1,2.0,
2471,10006102000.0,230.0,2.0,0.0,0.2949330011532177,0.3349064342992471,0.0,,-0.8177520781532036,-0.8177520781532036,sequential,2e-06,1,2.0,"(0.222, 0.333]"
2472,10006103000.0,230.0,3.0,0.0,1.4866867577145293,1.1196545251039192,0.0,,-1.6036501463016215,-1.6036501463016215,sequential,2e-06,1,2.0,
2473,10006104000.0,230.0,4.0,0.0,0.6904358987534917,0.2124429369621175,0.0,,-1.1054652788447277,-1.1054652788447277,sequential,2e-06,1,2.0,"(0.667, 0.778]"
2474,10006105000.0,230.0,5.0,0.0,0.2962089624391605,0.3203766541541228,0.0,,-0.8077803058433074,-0.8077803058433074,sequential,2e-06,1,2.0,"(0.222, 0.333]"
2475,10007100000.0,280.0,0.0,0.0,0.5200863051787349,2.7380508865472946,0.0,,-1.2815360421070394,-1.2815360421070394,sequential,2.5e-06,1,0.1,"(0.444, 0.556]"
2476,10007101000.0,280.0,1.0,0.0,1.1182154026903397,4.287237530056124,0.0,,-1.8416323260951315,-1.8416323260951315,sequential,2.5e-06,1,0.1,
2477,10007102000.0,280.0,2.0,0.0,0.2200577736516264,9.322132067439629,0.0,,-0.9463448923357776,-0.9463448923357776,sequential,2.5e-06,1,0.1,"(0.111, 0.222]"
2478,10007103000.0,280.0,3.0,0.0,1.1251318332191886,5.4782881229396585,0.0,,-1.8688237042915563,-1.8688237042915563,sequential,2.5e-06,1,0.1,
2479,10007104000.0,280.0,4.0,0.0,0.5198961950205404,4.430680773601373,0.0,,-1.2803206291434142,-1.2803206291434142,sequential,2.5e-06,1,0.1,"(0.444, 0.556]"
2480,10007105000.0,280.0,5.0,0.0,0.220122183013583,9.58651797702325,0.0,,-0.9468591409275768,-0.9468591409275768,sequential,2.5e-06,1,0.1,"(0.111, 0.222]"
2481,10008100000.0,281.0,0.0,0.0,0.5219323619331407,5.98997475473899,0.0,,-1.293410660041095,-1.293410660041095,sequential,2.5e-06,1,0.4,"(0.444, 0.556]"
2482,10008101000.0,281.0,1.0,0.0,1.1209416025663548,5.993572994834818,0.0,,-1.851707965189604,-1.851707965189604,sequential,2.5e-06,1,0.4,
2483,10008102000.0,281.0,2.0,0.0,0.2203753057975366,9.498266678619432,0.0,,-0.9489073325879112,-0.9489073325879112,sequential,2.5e-06,1,0.4,"(0.111, 0.222]"
2484,10008103000.0,281.0,3.0,0.0,1.1207484063515465,6.393919638368004,0.0,,-1.8509364472157015,-1.8509364472157015,sequential,2.5e-06,1,0.4,
2485,10008104000.0,281.0,4.0,0.0,0.5192911669767138,7.389953932215794,0.0,,-1.2767789212670078,-1.2767789212670078,sequential,2.5e-06,1,0.4,"(0.444, 0.556]"
2486,10008105000.0,281.0,5.0,0.0,0.2208458444739071,9.487613317310563,0.0,,-0.9525801366869826,-0.9525801366869826,sequential,2.5e-06,1,0.4,"(0.111, 0.222]"
2487,10009100000.0,282.0,0.0,0.0,0.5205151328999528,9.0187193134627,0.0,,-1.2844392463649594,-1.2844392463649594,sequential,2.5e-06,1,0.5,"(0.444, 0.556]"
2488,10009101000.0,282.0,1.0,0.0,1.120427428365728,3.084080392646973,0.0,,-1.8498956634207249,-1.8498956634207249,sequential,2.5e-06,1,0.5,
2489,10009102000.0,282.0,2.0,0.0,0.2214955426129495,5.910651228938307,0.0,,-0.9578810579894832,-0.9578810579894832,sequential,2.5e-06,1,0.5,"(0.111, 0.222]"
2490,10009103000.0,282.0,3.0,0.0,1.1261457371194978,2.9530885511873497,0.0,,-1.8737733324202208,-1.8737733324202208,sequential,2.5e-06,1,0.5,
2491,10009104000.0,282.0,4.0,0.0,0.5222381879246443,6.048305889619328,0.0,,-1.2687382165399217,-1.2687382165399217,sequential,2.5e-06,1,0.5,"(0.444, 0.556]"
2492,10009105000.0,282.0,5.0,0.0,0.2211648691901717,6.5526262622964095,0.0,,-0.9552700378393252,-0.9552700378393252,sequential,2.5e-06,1,0.5,"(0.111, 0.222]"
2493,10010100000.0,283.0,0.0,0.0,0.520435230663541,2.8963338220292365,0.0,,-1.2833351362916003,-1.2833351362916003,sequential,2.5e-06,1,0.7,"(0.444, 0.556]"
2494,10010101000.0,283.0,1.0,0.0,1.1179437645920856,2.341940354503149,0.0,,-1.839555146574401,-1.839555146574401,sequential,2.5e-06,1,0.7,
2495,10010102000.0,283.0,2.0,0.0,0.2191801977658525,3.5725375350300026,0.0,,-0.9393859780756708,-0.9393859780756708,sequential,2.5e-06,1,0.7,"(0.111, 0.222]"
2496,10010103000.0,283.0,3.0,0.0,1.1177634012560689,2.3411334267597663,0.0,,-1.838881582288115,-1.838881582288115,sequential,2.5e-06,1,0.7,
2497,10010104000.0,283.0,4.0,0.0,0.5203431227555546,3.0540555437158816,0.0,,-1.282730954842792,-1.282730954842792,sequential,2.5e-06,1,0.7,"(0.444, 0.556]"
2498,10010105000.0,283.0,5.0,0.0,0.2206181310991936,2.2144986633675674,0.0,,-0.950543441185088,-0.950543441185088,sequential,2.5e-06,1,0.7,"(0.111, 0.222]"
2499,10011100000.0,284.0,0.0,0.0,0.5223904037085422,0.8678823449129358,0.0,,-1.2698214344744512,-1.2698214344744512,sequential,2.5e-06,1,1.0,"(0.444, 0.556]"
2500,10011101000.0,284.0,1.0,0.0,1.1239744363287738,9.290176276898809,0.0,,-1.864200640243992,-1.864200640243992,sequential,2.5e-06,1,1.0,
2501,10011102000.0,284.0,2.0,0.0,0.2204207093793028,1.1067031884310712,0.0,,-0.9493494914147752,-0.9493494914147752,sequential,2.5e-06,1,1.0,"(0.111, 0.222]"
2502,10011103000.0,284.0,3.0,0.0,1.1261533668926906,7.564947013931624,0.0,,-1.8738026059474535,-1.8738026059474535,sequential,2.5e-06,1,1.0,
2503,10011104000.0,284.0,4.0,0.0,0.5224625254983926,0.8547157858367626,0.0,,-1.2703389218330052,-1.2703389218330052,sequential,2.5e-06,1,1.0,"(0.444, 0.556]"
2504,10011105000.0,284.0,5.0,0.0,0.2208038067533557,1.120967716221173,0.0,,-0.9522989307434108,-0.9522989307434108,sequential,2.5e-06,1,1.0,"(0.111, 0.222]"
2505,10012100000.0,285.0,0.0,0.0,0.5209276067778246,0.3783858917127669,0.0,,-1.2868388485632674,-1.2868388485632674,sequential,2.5e-06,1,1.5,"(0.444, 0.556]"
2506,10012101000.0,285.0,1.0,0.0,1.120176165467223,3.7579074226151454,0.0,,-1.8487109324801725,-1.8487109324801725,sequential,2.5e-06,1,1.5,
2507,10012102000.0,285.0,2.0,0.0,0.2208826340163661,0.4926221423458043,0.0,,-0.9528910938462546,-0.9528910938462546,sequential,2.5e-06,1,1.5,"(0.111, 0.222]"
2508,10012103000.0,285.0,3.0,0.0,1.119399032379651,4.1037730830082255,0.0,,-1.845696561515329,-1.845696561515329,sequential,2.5e-06,1,1.5,
2509,10012104000.0,285.0,4.0,0.0,0.5191744829567169,0.4822648168103849,0.0,,-1.276076959386412,-1.276076959386412,sequential,2.5e-06,1,1.5,"(0.444, 0.556]"
2510,10012105000.0,285.0,5.0,0.0,0.2202497048323469,0.5203024380790437,0.0,,-0.9479101286966848,-0.9479101286966848,sequential,2.5e-06,1,1.5,"(0.111, 0.222]"
2511,10013100000.0,286.0,0.0,0.0,0.5210209220664477,0.2161122111856912,0.0,,-1.2887443259534594,-1.2887443259534594,sequential,2.5e-06,1,2.0,"(0.444, 0.556]"
2512,10013101000.0,286.0,1.0,0.0,1.121777641769728,1.8403825948507768,0.0,,-1.8573032962340503,-1.8573032962340503,sequential,2.5e-06,1,2.0,
2513,10013102000.0,286.0,2.0,0.0,0.2212624336664283,0.3319548230690509,0.0,,-0.956741149865415,-0.956741149865415,sequential,2.5e-06,1,2.0,"(0.111, 0.222]"
2514,10013103000.0,286.0,3.0,0.0,1.122715016822379,1.5680681555406963,0.0,,-1.8611726996753457,-1.8611726996753457,sequential,2.5e-06,1,2.0,
2515,10013104000.0,286.0,4.0,0.0,0.5231226742921021,0.187654972674049,0.0,,-1.2759700286676237,-1.2759700286676237,sequential,2.5e-06,1,2.0,"(0.444, 0.556]"
2516,10013105000.0,286.0,5.0,0.0,0.2220492633114629,0.3226141904518104,0.0,,-0.9631432863116298,-0.9631432863116298,sequential,2.5e-06,1,2.0,"(0.111, 0.222]"
2517,10014100000.0,308.0,0.0,0.0,0.4062366752251662,3.3089678145826897,0.0,,-1.4319304974977058,-1.4319304974977058,sequential,3e-06,1,0.1,"(0.333, 0.444]"
2518,10014101000.0,308.0,1.0,0.0,0.9107502890121398,4.961687601395575,0.0,,-2.075639154792432,-2.075639154792432,sequential,3e-06,1,0.1,"(0.889, 1.0]"
2519,10014102000.0,308.0,2.0,0.0,0.1724318031680149,7.361979054608881,0.0,,-1.059078603878049,-1.059078603878049,sequential,3e-06,1,0.1,"(0.111, 0.222]"
2520,10014103000.0,308.0,3.0,0.0,0.9168694235517238,4.447490229466447,0.0,,-2.089132819730891,-2.089132819730891,sequential,3e-06,1,0.1,"(0.889, 1.0]"
2521,10014104000.0,308.0,4.0,0.0,0.406993426692619,2.649810819964268,0.0,,-1.4374812660817775,-1.4374812660817775,sequential,3e-06,1,0.1,"(0.333, 0.444]"
2522,10014105000.0,308.0,5.0,0.0,0.1727320045801745,6.684027610876932,0.0,,-1.0639076231065718,-1.0639076231065718,sequential,3e-06,1,0.1,"(0.111, 0.222]"
2523,10015100000.0,309.0,0.0,0.0,0.4077422093553349,7.784258080845538,0.0,,-1.4436849002183465,-1.4436849002183465,sequential,3e-06,1,0.4,"(0.333, 0.444]"
2524,10015101000.0,309.0,1.0,0.0,0.9197715636507374,5.7818870683032175,0.0,,-2.096272139805209,-2.096272139805209,sequential,3e-06,1,0.4,"(0.889, 1.0]"
2525,10015102000.0,309.0,2.0,0.0,0.1731319633919845,6.324117253681766,0.0,,-1.0708095481087931,-1.0708095481087931,sequential,3e-06,1,0.4,"(0.111, 0.222]"
2526,10015103000.0,309.0,3.0,0.0,0.9211059319899316,6.38888983556029,0.0,,-2.0994053544051843,-2.0994053544051843,sequential,3e-06,1,0.4,"(0.889, 1.0]"
2527,10015104000.0,309.0,4.0,0.0,0.4069233549076929,8.083037836903914,0.0,,-1.4375417846204652,-1.4375417846204652,sequential,3e-06,1,0.4,"(0.333, 0.444]"
2528,10015105000.0,309.0,5.0,0.0,0.1733353717619256,8.796895778209048,0.0,,-1.0743965139470333,-1.0743965139470333,sequential,3e-06,1,0.4,"(0.111, 0.222]"
2529,10016100000.0,310.0,0.0,0.0,0.4069319216722886,9.713576748083794,0.0,,-1.4376277417319876,-1.4376277417319876,sequential,3e-06,1,0.5,"(0.333, 0.444]"
2530,10016101000.0,310.0,1.0,0.0,0.91007763539686,5.339603326222053,0.0,,-2.0751501153496337,-2.0751501153496337,sequential,3e-06,1,0.5,"(0.889, 1.0]"
2531,10016102000.0,310.0,2.0,0.0,0.1729027510659084,7.433399799034496,0.0,,-1.0670476559484374,-1.0670476559484374,sequential,3e-06,1,0.5,"(0.111, 0.222]"
2532,10016103000.0,310.0,3.0,0.0,0.9172196454336816,3.174670862175017,0.0,,-2.090352338747242,-2.090352338747242,sequential,3e-06,1,0.5,"(0.889, 1.0]"
2533,10016104000.0,310.0,4.0,0.0,0.4070543140708722,8.327321801141357,0.0,,-1.438570811872758,-1.438570811872758,sequential,3e-06,1,0.5,"(0.333, 0.444]"
2534,10016105000.0,310.0,5.0,0.0,0.1727637258074565,8.881619446478448,0.0,,-1.0646804758661583,-1.0646804758661583,sequential,3e-06,1,0.5,"(0.111, 0.222]"
2535,10017100000.0,311.0,0.0,0.0,0.4080383741909723,2.707260737491317,0.0,,-1.446016973502532,-1.446016973502532,sequential,3e-06,1,0.7,"(0.333, 0.444]"
2536,10017101000.0,311.0,1.0,0.0,0.913990013838648,9.72060000116898,0.0,,-2.083333002607808,-2.083333002607808,sequential,3e-06,1,0.7,"(0.889, 1.0]"
2537,10017102000.0,311.0,2.0,0.0,0.1728946126440911,2.741786369805441,0.0,,-1.0668712974803247,-1.0668712974803247,sequential,3e-06,1,0.7,"(0.111, 0.222]"
2538,10017103000.0,311.0,3.0,0.0,0.912424276734025,8.667518894063978,0.0,,-2.079812022363921,-2.079812022363921,sequential,3e-06,1,0.7,"(0.889, 1.0]"
2539,10017104000.0,311.0,4.0,0.0,0.4086973110248867,2.4902998380787302,0.0,,-1.4511418007382773,-1.4511418007382773,sequential,3e-06,1,0.7,"(0.333, 0.444]"
2540,10017105000.0,311.0,5.0,0.0,0.1725299776691925,3.552306449133692,0.0,,-1.0609395081258832,-1.0609395081258832,sequential,3e-06,1,0.7,"(0.111, 0.222]"
2541,10018100000.0,312.0,0.0,0.0,0.4077583727906143,1.1281609022241594,0.0,,-1.443862925251759,-1.443862925251759,sequential,3e-06,1,1.0,"(0.333, 0.444]"
2542,10018101000.0,312.0,1.0,0.0,0.9102089283808198,4.519947657649686,0.0,,-2.0755033237067586,-2.0755033237067586,sequential,3e-06,1,1.0,"(0.889, 1.0]"
2543,10018102000.0,312.0,2.0,0.0,0.1735496915686322,0.9902481575380818,0.0,,-1.0780965571376897,-1.0780965571376897,sequential,3e-06,1,1.0,"(0.111, 0.222]"
2544,10018103000.0,312.0,3.0,0.0,0.9208378770739006,7.592193922060909,0.0,,-2.0988363665105725,-2.0988363665105725,sequential,3e-06,1,1.0,"(0.889, 1.0]"
2545,10018104000.0,312.0,4.0,0.0,0.4069722075948036,1.3905744578388437,0.0,,-1.4379788262166138,-1.4379788262166138,sequential,3e-06,1,1.0,"(0.333, 0.444]"
2546,10018105000.0,312.0,5.0,0.0,0.1733049805659876,1.0350992780947543,0.0,,-1.0738862196840773,-1.0738862196840773,sequential,3e-06,1,1.0,"(0.111, 0.222]"
2547,10019100000.0,313.0,0.0,0.0,0.4081658020936288,0.3431807742048597,0.0,,-1.4464921072674797,-1.4464921072674797,sequential,3e-06,1,1.5,"(0.333, 0.444]"
2548,10019101000.0,313.0,1.0,0.0,0.9034354503679192,4.289298598879134,0.0,,-2.1055257419119227,-2.1055257419119227,sequential,3e-06,1,1.5,"(0.889, 1.0]"
2549,10019102000.0,313.0,2.0,0.0,0.1722339288167728,0.5480015767295272,0.0,,-1.055728454117113,-1.055728454117113,sequential,3e-06,1,1.5,"(0.111, 0.222]"
2550,10019103000.0,313.0,3.0,0.0,0.9170814647290072,1.901528813489069,0.0,,-2.089487029661664,-2.089487029661664,sequential,3e-06,1,1.5,"(0.889, 1.0]"
2551,10019104000.0,313.0,4.0,0.0,0.4058803956957985,0.4595261177437663,0.0,,-1.4290990252816715,-1.4290990252816715,sequential,3e-06,1,1.5,"(0.333, 0.444]"
2552,10019105000.0,313.0,5.0,0.0,0.1730905951042894,0.4753950240199424,0.0,,-1.0698468762018498,-1.0698468762018498,sequential,3e-06,1,1.5,"(0.111, 0.222]"
2553,10020100000.0,314.0,0.0,0.0,0.4094410852000183,0.1812425655223667,0.0,,-1.457118002988893,-1.457118002988893,sequential,3e-06,1,2.0,"(0.333, 0.444]"
2554,10020101000.0,314.0,1.0,0.0,0.9120759985013084,1.4780014910755646,0.0,,-2.07902600155316,-2.07902600155316,sequential,3e-06,1,2.0,"(0.889, 1.0]"
2555,10020102000.0,314.0,2.0,0.0,0.1733539289693445,0.3183010312417598,0.0,,-1.0747050564117795,-1.0747050564117795,sequential,3e-06,1,2.0,"(0.111, 0.222]"
2556,10020103000.0,314.0,3.0,0.0,0.9210580731278049,0.8745821849867622,0.0,,-2.0992453794451618,-2.0992453794451618,sequential,3e-06,1,2.0,"(0.889, 1.0]"
2557,10020104000.0,314.0,4.0,0.0,0.4072170461068258,0.2142041173408404,0.0,,-1.4394983176299927,-1.4394983176299927,sequential,3e-06,1,2.0,"(0.333, 0.444]"
2558,10020105000.0,314.0,5.0,0.0,0.1725920182865525,0.3421156201951911,0.0,,-1.0619626192781753,-1.0619626192781753,sequential,3e-06,1,2.0,"(0.111, 0.222]"
2559,10021100000.0,336.0,0.0,0.0,0.2908647483561868,9.099214141982324,0.0,,-1.7500078453814434,-1.7500078453814434,sequential,4e-06,1,0.1,"(0.222, 0.333]"
2560,10021101000.0,336.0,1.0,0.0,0.6785710813240954,8.894650254006526,0.0,,-2.5430133460285926,-2.5430133460285926,sequential,4e-06,1,0.1,"(0.667, 0.778]"
2561,10021102000.0,336.0,2.0,0.0,0.1242698424251839,8.031011968961476,0.0,,-1.3117769100798888,-1.3117769100798888,sequential,4e-06,1,0.1,"(0.111, 0.222]"
2562,10021103000.0,336.0,3.0,0.0,0.6775984791273063,6.945859281853842,0.0,,-2.5377380285135334,-2.5377380285135334,sequential,4e-06,1,0.1,"(0.667, 0.778]"
2563,10021104000.0,336.0,4.0,0.0,0.2907032442387228,8.212122221348903,0.0,,-1.746183685404617,-1.746183685404617,sequential,4e-06,1,0.1,"(0.222, 0.333]"
2564,10021105000.0,336.0,5.0,0.0,0.124172950207916,7.770179637334977,0.0,,-1.3097610370606871,-1.3097610370606871,sequential,4e-06,1,0.1,"(0.111, 0.222]"
2565,10022100000.0,337.0,0.0,0.0,0.2912937459453812,8.756443570128864,0.0,,-1.761159555070777,-1.761159555070777,sequential,4e-06,1,0.4,"(0.222, 0.333]"
2566,10022101000.0,337.0,1.0,0.0,0.672697404240975,7.951127416033817,0.0,,-2.564599338846958,-2.564599338846958,sequential,4e-06,1,0.4,"(0.667, 0.778]"
2567,10022102000.0,337.0,2.0,0.0,0.1247626493735364,7.724044441294607,0.0,,-1.2984889913430806,-1.2984889913430806,sequential,4e-06,1,0.4,"(0.111, 0.222]"
2568,10022103000.0,337.0,3.0,0.0,0.6768960293861581,8.04273291350477,0.0,,-2.533482468452547,-2.533482468452547,sequential,4e-06,1,0.4,"(0.667, 0.778]"
2569,10022104000.0,337.0,4.0,0.0,0.2906305962910135,5.943479296086323,0.0,,-1.7442258418109526,-1.7442258418109526,sequential,4e-06,1,0.4,"(0.222, 0.333]"
2570,10022105000.0,337.0,5.0,0.0,0.124270393446428,8.162263237047744,0.0,,-1.3116969689132945,-1.3116969689132945,sequential,4e-06,1,0.4,"(0.111, 0.222]"
2571,10023100000.0,338.0,0.0,0.0,0.2900597090916547,9.738189323371808,0.0,,-1.7305098889734882,-1.7305098889734882,sequential,4e-06,1,0.5,"(0.222, 0.333]"
2572,10023101000.0,338.0,1.0,0.0,0.6734014992914663,8.119364038534222,0.0,,-2.567971300807914,-2.567971300807914,sequential,4e-06,1,0.5,"(0.667, 0.778]"
2573,10023102000.0,338.0,2.0,0.0,0.1245013139822768,5.015772182083436,0.0,,-1.2918900362410697,-1.2918900362410697,sequential,4e-06,1,0.5,"(0.111, 0.222]"
2574,10023103000.0,338.0,3.0,0.0,0.6730439174740389,8.221857794150093,0.0,,-2.566066533603041,-2.566066533603041,sequential,4e-06,1,0.5,"(0.667, 0.778]"
2575,10023104000.0,338.0,4.0,0.0,0.2900599373642164,9.772072821053683,0.0,,-1.730515984559629,-1.730515984559629,sequential,4e-06,1,0.5,"(0.222, 0.333]"
2576,10023105000.0,338.0,5.0,0.0,0.1247788709221223,5.094234695002985,0.0,,-1.298579288997865,-1.298579288997865,sequential,4e-06,1,0.5,"(0.111, 0.222]"
2577,10024100000.0,339.0,0.0,0.0,0.2909833916343036,2.0586453207470434,0.0,,-1.75280165613289,-1.75280165613289,sequential,4e-06,1,0.7,"(0.222, 0.333]"
2578,10024101000.0,339.0,1.0,0.0,0.6726462631958094,6.49529218126786,0.0,,-2.563859997635888,-2.563859997635888,sequential,4e-06,1,0.7,"(0.667, 0.778]"
2579,10024102000.0,339.0,2.0,0.0,0.1245997957236534,1.9589041707128545,0.0,,-1.294286035546405,-1.294286035546405,sequential,4e-06,1,0.7,"(0.111, 0.222]"
2580,10024103000.0,339.0,3.0,0.0,0.67235275364063,5.6268848078245135,0.0,,-2.5623108319730745,-2.5623108319730745,sequential,4e-06,1,0.7,"(0.667, 0.778]"
2581,10024104000.0,339.0,4.0,0.0,0.2904562387590245,2.941479895381172,0.0,,-1.7396047557194527,-1.7396047557194527,sequential,4e-06,1,0.7,"(0.222, 0.333]"
2582,10024105000.0,339.0,5.0,0.0,0.1239369845733636,3.191450946372555,0.0,,-1.3040006024414528,-1.3040006024414528,sequential,4e-06,1,0.7,"(0.111, 0.222]"
2583,10025100000.0,340.0,0.0,0.0,0.2905151540511152,1.0741917841244544,0.0,,-1.741306528197719,-1.741306528197719,sequential,4e-06,1,1.0,"(0.222, 0.333]"
2584,10025101000.0,340.0,1.0,0.0,0.6709731674956515,5.980679978435743,0.0,,-2.5561815648692177,-2.5561815648692177,sequential,4e-06,1,1.0,"(0.667, 0.778]"
2585,10025102000.0,340.0,2.0,0.0,0.1246576169409224,0.98562715557515,0.0,,-1.295855096999431,-1.295855096999431,sequential,4e-06,1,1.0,"(0.111, 0.222]"
2586,10025103000.0,340.0,3.0,0.0,0.6782291984838454,6.316081771164654,0.0,,-2.5407776264537665,-2.5407776264537665,sequential,4e-06,1,1.0,"(0.667, 0.778]"
2587,10025104000.0,340.0,4.0,0.0,0.2911066814447671,0.7842352432112781,0.0,,-1.7562857296816294,-1.7562857296816294,sequential,4e-06,1,1.0,"(0.222, 0.333]"
2588,10025105000.0,340.0,5.0,0.0,0.1243959421004967,1.0586908112787206,0.0,,-1.2896563867544295,-1.2896563867544295,sequential,4e-06,1,1.0,"(0.111, 0.222]"
2589,10026100000.0,341.0,0.0,0.0,0.2902852326561541,0.4391900175796493,0.0,,-1.7361752213980983,-1.7361752213980983,sequential,4e-06,1,1.5,"(0.222, 0.333]"
2590,10026101000.0,341.0,1.0,0.0,0.6786141547328267,1.629527448896421,0.0,,-2.5431990821333814,-2.5431990821333814,sequential,4e-06,1,1.5,"(0.667, 0.778]"
2591,10026102000.0,341.0,2.0,0.0,0.1247450145829007,0.4696886947814386,0.0,,-1.2980833191535013,-1.2980833191535013,sequential,4e-06,1,1.5,"(0.111, 0.222]"
2592,10026103000.0,341.0,3.0,0.0,0.6786097882019473,1.647710289079961,0.0,,-2.5431711971233333,-2.5431711971233333,sequential,4e-06,1,1.5,"(0.667, 0.778]"
2593,10026104000.0,341.0,4.0,0.0,0.2911503651176191,0.3141957136061741,0.0,,-1.7575423879250336,-1.7575423879250336,sequential,4e-06,1,1.5,"(0.222, 0.333]"
2594,10026105000.0,341.0,5.0,0.0,0.1245504121698835,0.4688218814946092,0.0,,-1.293264290635164,-1.293264290635164,sequential,4e-06,1,1.5,"(0.111, 0.222]"
2595,10027100000.0,342.0,0.0,0.0,0.2902569666943682,0.2101924106431107,0.0,,-1.7353118978464737,-1.7353118978464737,sequential,4e-06,1,2.0,"(0.222, 0.333]"
2596,10027101000.0,342.0,1.0,0.0,0.6724027762915588,1.4042717704297938,0.0,,-2.5628939192340816,-2.5628939192340816,sequential,4e-06,1,2.0,"(0.667, 0.778]"
2597,10027102000.0,342.0,2.0,0.0,0.1240696573623813,0.3445419130627284,0.0,,-1.307200858607631,-1.307200858607631,sequential,4e-06,1,2.0,"(0.111, 0.222]"
2598,10027103000.0,342.0,3.0,0.0,0.6765394601244564,0.8425945650132264,0.0,,-2.531301617582539,-2.531301617582539,sequential,4e-06,1,2.0,"(0.667, 0.778]"
2599,10027104000.0,342.0,4.0,0.0,0.2906013849830231,0.1974968372524335,0.0,,-1.7434025217053295,-1.7434025217053295,sequential,4e-06,1,2.0,"(0.222, 0.333]"
2600,10027105000.0,342.0,5.0,0.0,0.1244863104000416,0.3267136338405707,0.0,,-1.29159612205267,-1.29159612205267,sequential,4e-06,1,2.0,"(0.111, 0.222]"
2601,10028100000.0,231.0,0.0,0.0,0.6949100967897722,2.673418768017213,0.0,,-1.3370897738327832,-1.3370897738327832,sequential,2e-06,2,0.1,"(0.667, 0.778]"
2602,10028101000.0,231.0,1.0,0.0,1.4767835518231796,9.027809788814452,0.0,,-1.9679094004410376,-1.9679094004410376,sequential,2e-06,2,0.1,
2603,10028102000.0,231.0,2.0,0.0,0.2968768431582581,3.9329864962424232,0.0,,-1.015409285746645,-1.015409285746645,sequential,2e-06,2,0.1,"(0.222, 0.333]"
2604,10028103000.0,231.0,3.0,0.0,1.4808645314143334,8.31999506166251,0.0,,-1.9753007368547424,-1.9753007368547424,sequential,2e-06,2,0.1,
2605,10028104000.0,231.0,4.0,0.0,0.6953262991722773,3.0517725560196403,0.0,,-1.3395640567427902,-1.3395640567427902,sequential,2e-06,2,0.1,"(0.667, 0.778]"
2606,10028105000.0,231.0,5.0,0.0,0.2962270504967058,2.2332795466311075,0.0,,-1.0112506284304947,-1.0112506284304947,sequential,2e-06,2,0.1,"(0.222, 0.333]"
2607,10029100000.0,232.0,0.0,0.0,0.6968987845209972,6.116233316752841,0.0,,-1.350085229330424,-1.350085229330424,sequential,2e-06,2,0.4,"(0.667, 0.778]"
2608,10029101000.0,232.0,1.0,0.0,1.4893864922437867,2.774180940499314,0.0,,-1.992398197837481,-1.992398197837481,sequential,2e-06,2,0.4,
2609,10029102000.0,232.0,2.0,0.0,0.2978657470917486,8.67892710791123,0.0,,-0.998096870539624,-0.998096870539624,sequential,2e-06,2,0.4,"(0.222, 0.333]"
2610,10029103000.0,232.0,3.0,0.0,1.4803704855320754,8.029342589684234,0.0,,-1.974922614036006,-1.974922614036006,sequential,2e-06,2,0.4,
2611,10029104000.0,232.0,4.0,0.0,0.6951463655072496,3.2817922266926645,0.0,,-1.3387351406049632,-1.3387351406049632,sequential,2e-06,2,0.4,"(0.667, 0.778]"
2612,10029105000.0,232.0,5.0,0.0,0.2961831318746969,6.910886619392813,0.0,,-1.0110617392763943,-1.0110617392763943,sequential,2e-06,2,0.4,"(0.222, 0.333]"
2613,10030100000.0,233.0,0.0,0.0,0.6945932581656652,5.952837966546402,0.0,,-1.33522575605383,-1.33522575605383,sequential,2e-06,2,0.5,"(0.667, 0.778]"
2614,10030101000.0,233.0,1.0,0.0,1.483433555071337,9.571252895502168,0.0,,-1.980554593331029,-1.980554593331029,sequential,2e-06,2,0.5,
2615,10030102000.0,233.0,2.0,0.0,0.2977200467212355,6.116399559079562,0.0,,-0.997072242396178,-0.997072242396178,sequential,2e-06,2,0.5,"(0.222, 0.333]"
2616,10030103000.0,233.0,3.0,0.0,1.4801383395556815,8.581112045731778,0.0,,-1.9744846741314803,-1.9744846741314803,sequential,2e-06,2,0.5,
2617,10030104000.0,233.0,4.0,0.0,0.6969179655752,6.889255708281294,0.0,,-1.3502224264750533,-1.3502224264750533,sequential,2e-06,2,0.5,"(0.667, 0.778]"
2618,10030105000.0,233.0,5.0,0.0,0.2962071249632601,9.820661826376316,0.0,,-1.011221207482498,-1.011221207482498,sequential,2e-06,2,0.5,"(0.222, 0.333]"
2619,10031100000.0,234.0,0.0,0.0,0.6968866528963684,2.2664277120035696,0.0,,-1.3499834237600283,-1.3499834237600283,sequential,2e-06,2,0.7,"(0.667, 0.778]"
2620,10031101000.0,234.0,1.0,0.0,1.4741296524990026,2.435114760808838,0.0,,-1.963637309523957,-1.963637309523957,sequential,2e-06,2,0.7,
2621,10031102000.0,234.0,2.0,0.0,0.2965881872660906,3.0687498303171696,0.0,,-1.013701013971206,-1.013701013971206,sequential,2e-06,2,0.7,"(0.222, 0.333]"
2622,10031103000.0,234.0,3.0,0.0,1.477856748930048,2.6094184678854244,0.0,,-1.970109993189025,-1.970109993189025,sequential,2e-06,2,0.7,
2623,10031104000.0,234.0,4.0,0.0,0.6950328310597693,3.3951784826937645,0.0,,-1.3379815657066498,-1.3379815657066498,sequential,2e-06,2,0.7,"(0.667, 0.778]"
2624,10031105000.0,234.0,5.0,0.0,0.2968305088089924,2.988946499879581,0.0,,-1.0151616906724603,-1.0151616906724603,sequential,2e-06,2,0.7,"(0.222, 0.333]"
2625,10032100000.0,235.0,0.0,0.0,0.6944449077994473,1.4626521513101025,0.0,,-1.3342786595993157,-1.3342786595993157,sequential,2e-06,2,1.0,"(0.667, 0.778]"
2626,10032101000.0,235.0,1.0,0.0,1.4837104273274644,4.274583992084778,0.0,,-1.9810828381847412,-1.9810828381847412,sequential,2e-06,2,1.0,
2627,10032102000.0,235.0,2.0,0.0,0.2972842996278248,1.0807114614816078,0.0,,-0.9941728593441904,-0.9941728593441904,sequential,2e-06,2,1.0,"(0.222, 0.333]"
2628,10032103000.0,235.0,3.0,0.0,1.489449437534549,7.623156874226618,0.0,,-1.992516562925429,-1.992516562925429,sequential,2e-06,2,1.0,
2629,10032104000.0,235.0,4.0,0.0,0.6944708679132293,1.4849481989639506,0.0,,-1.3344415848525886,-1.3344415848525886,sequential,2e-06,2,1.0,"(0.667, 0.778]"
2630,10032105000.0,235.0,5.0,0.0,0.2977856582464268,1.0427285237351305,0.0,,-0.9975262594518842,-0.9975262594518842,sequential,2e-06,2,1.0,"(0.222, 0.333]"
2631,10033100000.0,236.0,0.0,0.0,0.6961048320285576,0.3426536037026682,0.0,,-1.3446997361976527,-1.3446997361976527,sequential,2e-06,2,1.5,"(0.667, 0.778]"
2632,10033101000.0,236.0,1.0,0.0,1.4756708618902474,4.1503347537276,0.0,,-1.9657733962236392,-1.9657733962236392,sequential,2e-06,2,1.5,
2633,10033102000.0,236.0,2.0,0.0,0.2960720054118109,0.5678354980023543,0.0,,-1.0102087639755368,-1.0102087639755368,sequential,2e-06,2,1.5,"(0.222, 0.333]"
2634,10033103000.0,236.0,3.0,0.0,1.4872486558578923,2.167992990167387,0.0,,-1.9877249979562333,-1.9877249979562333,sequential,2e-06,2,1.5,
2635,10033104000.0,236.0,4.0,0.0,0.6959422516440188,0.3417586153298133,0.0,,-1.3436085856923323,-1.3436085856923323,sequential,2e-06,2,1.5,"(0.667, 0.778]"
2636,10033105000.0,236.0,5.0,0.0,0.2970720370769882,0.5153414597983033,0.0,,-0.9926144860160052,-0.9926144860160052,sequential,2e-06,2,1.5,"(0.222, 0.333]"
2637,10034100000.0,237.0,0.0,0.0,0.6969928388821863,0.1806232244368657,0.0,,-1.3507636541249273,-1.3507636541249273,sequential,2e-06,2,2.0,"(0.667, 0.778]"
2638,10034101000.0,237.0,1.0,0.0,1.482535700323709,1.242750811113467,0.0,,-1.978815280964407,-1.978815280964407,sequential,2e-06,2,2.0,
2639,10034102000.0,237.0,2.0,0.0,0.2972221500469905,0.3232149543953339,0.0,,-0.9937684163014184,-0.9937684163014184,sequential,2e-06,2,2.0,"(0.222, 0.333]"
2640,10034103000.0,237.0,3.0,0.0,1.4785406763265274,1.6232765349047114,0.0,,-1.9714968072838357,-1.9714968072838357,sequential,2e-06,2,2.0,
2641,10034104000.0,237.0,4.0,0.0,0.6947417984668917,0.2150689894121037,0.0,,-1.336189617079415,-1.336189617079415,sequential,2e-06,2,2.0,"(0.667, 0.778]"
2642,10034105000.0,237.0,5.0,0.0,0.2961491223192448,0.352464045533966,0.0,,-1.0108619081571506,-1.0108619081571506,sequential,2e-06,2,2.0,"(0.222, 0.333]"
2643,10035100000.0,287.0,0.0,0.0,0.5252187132312032,3.4372990926210862,0.0,,-1.5794140597569977,-1.5794140597569977,sequential,2.5e-06,2,0.1,"(0.444, 0.556]"
2644,10035101000.0,287.0,1.0,0.0,1.1230973822240704,4.385779717129454,0.0,,-2.319619882450094,-2.319619882450094,sequential,2.5e-06,2,0.1,
2645,10035102000.0,287.0,2.0,0.0,0.2229005870007341,4.5072749626253445,0.0,,-1.200673810418433,-1.200673810418433,sequential,2.5e-06,2,0.1,"(0.222, 0.333]"
2646,10035103000.0,287.0,3.0,0.0,1.126973151175404,5.8378741043724665,0.0,,-2.3369696332011207,-2.3369696332011207,sequential,2.5e-06,2,0.1,
2647,10035104000.0,287.0,4.0,0.0,0.5259221965745766,2.794281926864058,0.0,,-1.5847293873254382,-1.5847293873254382,sequential,2.5e-06,2,0.1,"(0.444, 0.556]"
2648,10035105000.0,287.0,5.0,0.0,0.2232841655125921,1.5113963026876416,0.0,,-1.1760787999675697,-1.1760787999675697,sequential,2.5e-06,2,0.1,"(0.222, 0.333]"
2649,10036100000.0,288.0,0.0,0.0,0.5247060157383053,8.759770358107827,0.0,,-1.573944574891977,-1.573944574891977,sequential,2.5e-06,2,0.4,"(0.444, 0.556]"
2650,10036101000.0,288.0,1.0,0.0,1.120264942226355,5.698847526374922,0.0,,-2.305138861666165,-2.305138861666165,sequential,2.5e-06,2,0.4,
2651,10036102000.0,288.0,2.0,0.0,0.2222719092336152,9.602245455100302,0.0,,-1.1938493965877932,-1.1938493965877932,sequential,2.5e-06,2,0.4,"(0.222, 0.333]"
2652,10036103000.0,288.0,3.0,0.0,1.126713124496042,2.743186299585461,0.0,,-2.333108752513207,-2.333108752513207,sequential,2.5e-06,2,0.4,
2653,10036104000.0,288.0,4.0,0.0,0.5235875189944207,9.725039571366526,0.0,,-1.6043220878152848,-1.6043220878152848,sequential,2.5e-06,2,0.4,"(0.444, 0.556]"
2654,10036105000.0,288.0,5.0,0.0,0.222607546023081,8.768474230706898,0.0,,-1.196909800641405,-1.196909800641405,sequential,2.5e-06,2,0.4,"(0.222, 0.333]"
2655,10037100000.0,289.0,0.0,0.0,0.5248775829250442,7.861010484255551,0.0,,-1.575334442994998,-1.575334442994998,sequential,2.5e-06,2,0.5,"(0.444, 0.556]"
2656,10037101000.0,289.0,1.0,0.0,1.1265083426726898,8.528881521114084,0.0,,-2.332180447562429,-2.332180447562429,sequential,2.5e-06,2,0.5,
2657,10037102000.0,289.0,2.0,0.0,0.2211161152403685,9.036216490014825,0.0,,-1.1834391281522558,-1.1834391281522558,sequential,2.5e-06,2,0.5,"(0.111, 0.222]"
2658,10037103000.0,289.0,3.0,0.0,1.1272592391180465,7.722259365689984,0.0,,-2.3358885177210387,-2.3358885177210387,sequential,2.5e-06,2,0.5,
2659,10037104000.0,289.0,4.0,0.0,0.5229988547407385,8.081399104961983,0.0,,-1.600393221296282,-1.600393221296282,sequential,2.5e-06,2,0.5,"(0.444, 0.556]"
2660,10037105000.0,289.0,5.0,0.0,0.2217653555605407,5.676296577680426,0.0,,-1.1892608929498276,-1.1892608929498276,sequential,2.5e-06,2,0.5,"(0.111, 0.222]"
2661,10038100000.0,290.0,0.0,0.0,0.5248619576053012,2.955724675583845,0.0,,-1.5752698165063257,-1.5752698165063257,sequential,2.5e-06,2,0.7,"(0.444, 0.556]"
2662,10038101000.0,290.0,1.0,0.0,1.1222391296872685,8.527600064432512,0.0,,-2.313703345016028,-2.313703345016028,sequential,2.5e-06,2,0.7,
2663,10038102000.0,290.0,2.0,0.0,0.2224346155519327,2.1447188488137305,0.0,,-1.1954751012907188,-1.1954751012907188,sequential,2.5e-06,2,0.7,"(0.222, 0.333]"
2664,10038103000.0,290.0,3.0,0.0,1.1227052114765526,2.80544885049892,0.0,,-2.3157145460239685,-2.3157145460239685,sequential,2.5e-06,2,0.7,
2665,10038104000.0,290.0,4.0,0.0,0.5242336478719751,3.226722233033086,0.0,,-1.5706679940946962,-1.5706679940946962,sequential,2.5e-06,2,0.7,"(0.444, 0.556]"
2666,10038105000.0,290.0,5.0,0.0,0.2220973544893785,2.629904477736348,0.0,,-1.1922610634255646,-1.1922610634255646,sequential,2.5e-06,2,0.7,"(0.111, 0.222]"
2667,10039100000.0,291.0,0.0,0.0,0.5230296792964663,1.3798723542382063,0.0,,-1.600551151549497,-1.600551151549497,sequential,2.5e-06,2,1.0,"(0.444, 0.556]"
2668,10039101000.0,291.0,1.0,0.0,1.1194520696297348,5.554677187902926,0.0,,-2.3023742413896477,-2.3023742413896477,sequential,2.5e-06,2,1.0,
2669,10039102000.0,291.0,2.0,0.0,0.2214145425259986,1.2032281332675097,0.0,,-1.1859580546533737,-1.1859580546533737,sequential,2.5e-06,2,1.0,"(0.111, 0.222]"
2670,10039103000.0,291.0,3.0,0.0,1.11943355361567,5.486297259989047,0.0,,-2.302298382197528,-2.302298382197528,sequential,2.5e-06,2,1.0,
2671,10039104000.0,291.0,4.0,0.0,0.5233058161737164,1.3889578408288046,0.0,,-1.6022761929646208,-1.6022761929646208,sequential,2.5e-06,2,1.0,"(0.444, 0.556]"
2672,10039105000.0,291.0,5.0,0.0,0.221570150197844,1.0899241644693891,0.0,,-1.1874042732912475,-1.1874042732912475,sequential,2.5e-06,2,1.0,"(0.111, 0.222]"
2673,10040100000.0,292.0,0.0,0.0,0.5231475660317311,0.4344428247217672,0.0,,-1.601000900585158,-1.601000900585158,sequential,2.5e-06,2,1.5,"(0.444, 0.556]"
2674,10040101000.0,292.0,1.0,0.0,1.1242834070676622,2.092773454754448,0.0,,-2.321888023144671,-2.321888023144671,sequential,2.5e-06,2,1.5,
2675,10040102000.0,292.0,2.0,0.0,0.2225365312504308,0.4838754363408952,0.0,,-1.1961688053953006,-1.1961688053953006,sequential,2.5e-06,2,1.5,"(0.222, 0.333]"
2676,10040103000.0,292.0,3.0,0.0,1.1186561185317356,4.067291822371982,0.0,,-2.2989198531844064,-2.2989198531844064,sequential,2.5e-06,2,1.5,
2677,10040104000.0,292.0,4.0,0.0,0.5247296996547522,0.3552258799931947,0.0,,-1.5740362342324687,-1.5740362342324687,sequential,2.5e-06,2,1.5,"(0.444, 0.556]"
2678,10040105000.0,292.0,5.0,0.0,0.2209060913440707,0.5224576986315778,0.0,,-1.181372882885212,-1.181372882885212,sequential,2.5e-06,2,1.5,"(0.111, 0.222]"
2679,10041100000.0,293.0,0.0,0.0,0.5246400014019872,0.1850009739649381,0.0,,-1.5731345952765077,-1.5731345952765077,sequential,2.5e-06,2,2.0,"(0.444, 0.556]"
2680,10041101000.0,293.0,1.0,0.0,1.116368967765088,1.654541760331196,0.0,,-2.289466144489361,-2.289466144489361,sequential,2.5e-06,2,2.0,
2681,10041102000.0,293.0,2.0,0.0,0.2204277401345519,0.334557289106168,0.0,,-1.1768090037570762,-1.1768090037570762,sequential,2.5e-06,2,2.0,"(0.111, 0.222]"
2682,10041103000.0,293.0,3.0,0.0,1.1163659504185772,1.6880216582163834,0.0,,-2.289452997140886,-2.289452997140886,sequential,2.5e-06,2,2.0,
2683,10041104000.0,293.0,4.0,0.0,0.523880050182348,0.1976588128433112,0.0,,-1.6058983297841698,-1.6058983297841698,sequential,2.5e-06,2,2.0,"(0.444, 0.556]"
2684,10041105000.0,293.0,5.0,0.0,0.2209711488357187,0.3211278695616704,0.0,,-1.181575388977697,-1.181575388977697,sequential,2.5e-06,2,2.0,"(0.111, 0.222]"
2685,10042100000.0,315.0,0.0,0.0,0.4125999090492935,5.676669177999423,0.0,,-1.8417743559430768,-1.8417743559430768,sequential,3e-06,2,0.1,"(0.333, 0.444]"
2686,10042101000.0,315.0,1.0,0.0,0.9181480973727402,4.433269451228105,0.0,,-2.644754684481268,-2.644754684481268,sequential,3e-06,2,0.1,"(0.889, 1.0]"
2687,10042102000.0,315.0,2.0,0.0,0.1743021628445747,6.418015103354636,0.0,,-1.3461936662393592,-1.3461936662393592,sequential,3e-06,2,0.1,"(0.111, 0.222]"
2688,10042103000.0,315.0,3.0,0.0,0.9092993906467934,3.2371579820640086,0.0,,-2.62299211434044,-2.62299211434044,sequential,3e-06,2,0.1,"(0.889, 1.0]"
2689,10042104000.0,315.0,4.0,0.0,0.4110451939459436,3.42114928668551,0.0,,-1.8274021276437789,-1.8274021276437789,sequential,3e-06,2,0.1,"(0.333, 0.444]"
2690,10042105000.0,315.0,5.0,0.0,0.1752374745411035,1.509615836104908,0.0,,-1.3647697397535532,-1.3647697397535532,sequential,3e-06,2,0.1,"(0.111, 0.222]"
2691,10043100000.0,316.0,0.0,0.0,0.4091015571618699,8.97422074755036,0.0,,-1.809668825414923,-1.809668825414923,sequential,3e-06,2,0.4,"(0.333, 0.444]"
2692,10043101000.0,316.0,1.0,0.0,0.9150942783861538,4.47284416235698,0.0,,-2.635985500277884,-2.635985500277884,sequential,3e-06,2,0.4,"(0.889, 1.0]"
2693,10043102000.0,316.0,2.0,0.0,0.1739954460791432,2.881260758985602,0.0,,-1.3396755394272732,-1.3396755394272732,sequential,3e-06,2,0.4,"(0.111, 0.222]"
2694,10043103000.0,316.0,3.0,0.0,0.9010477881063438,4.973755839438793,0.0,,-2.6015278383511555,-2.6015278383511555,sequential,3e-06,2,0.4,"(0.889, 1.0]"
2695,10043104000.0,316.0,4.0,0.0,0.4102626807792138,8.844711105887697,0.0,,-1.8196782595518857,-1.8196782595518857,sequential,3e-06,2,0.4,"(0.333, 0.444]"
2696,10043105000.0,316.0,5.0,0.0,0.1746263089109618,7.060346122429113,0.0,,-1.351853693841612,-1.351853693841612,sequential,3e-06,2,0.4,"(0.111, 0.222]"
2697,10044100000.0,317.0,0.0,0.0,0.4129532584507138,9.885439795944905,0.0,,-1.8033652953703552,-1.8033652953703552,sequential,3e-06,2,0.5,"(0.333, 0.444]"
2698,10044101000.0,317.0,1.0,0.0,0.9261619184249064,3.090472118981139,0.0,,-2.6687731894408984,-2.6687731894408984,sequential,3e-06,2,0.5,"(0.889, 1.0]"
2699,10044102000.0,317.0,2.0,0.0,0.1754861064165077,5.371437670397677,0.0,,-1.371365511305406,-1.371365511305406,sequential,3e-06,2,0.5,"(0.111, 0.222]"
2700,10044103000.0,317.0,3.0,0.0,0.92073803952162,5.263288058742417,0.0,,-2.6548457215984063,-2.6548457215984063,sequential,3e-06,2,0.5,"(0.889, 1.0]"
2701,10044104000.0,317.0,4.0,0.0,0.4124896213714747,9.335341980436946,0.0,,-1.8426880769384364,-1.8426880769384364,sequential,3e-06,2,0.5,"(0.333, 0.444]"
2702,10044105000.0,317.0,5.0,0.0,0.1754831143613127,5.40470175131861,0.0,,-1.371300947651112,-1.371300947651112,sequential,3e-06,2,0.5,"(0.111, 0.222]"
2703,10045100000.0,318.0,0.0,0.0,0.4117790742077008,2.9270253384534524,0.0,,-1.8343152207314204,-1.8343152207314204,sequential,3e-06,2,0.7,"(0.333, 0.444]"
2704,10045101000.0,318.0,1.0,0.0,0.9245344284656458,1.9098873526698803,0.0,,-2.661597555463161,-2.661597555463161,sequential,3e-06,2,0.7,"(0.889, 1.0]"
2705,10045102000.0,318.0,2.0,0.0,0.1744072514391363,3.3815831790989304,0.0,,-1.3483672514224905,-1.3483672514224905,sequential,3e-06,2,0.7,"(0.111, 0.222]"
2706,10045103000.0,318.0,3.0,0.0,0.9118062134452304,7.337620337407992,0.0,,-2.62900842392503,-2.62900842392503,sequential,3e-06,2,0.7,"(0.889, 1.0]"
2707,10045104000.0,318.0,4.0,0.0,0.4112194768062189,3.748658654948181,0.0,,-1.8291235458110813,-1.8291235458110813,sequential,3e-06,2,0.7,"(0.333, 0.444]"
2708,10045105000.0,318.0,5.0,0.0,0.1749967854585873,2.32792613402386,0.0,,-1.3599353915018726,-1.3599353915018726,sequential,3e-06,2,0.7,"(0.111, 0.222]"
2709,10046100000.0,319.0,0.0,0.0,0.4109329740534487,1.0638334969873555,0.0,,-1.826030680967192,-1.826030680967192,sequential,3e-06,2,1.0,"(0.333, 0.444]"
2710,10046101000.0,319.0,1.0,0.0,0.9101681762459084,9.307721827919202,0.0,,-2.624084389959952,-2.624084389959952,sequential,3e-06,2,1.0,"(0.889, 1.0]"
2711,10046102000.0,319.0,2.0,0.0,0.1743005752888759,1.2230698298529654,0.0,,-1.3456429073306515,-1.3456429073306515,sequential,3e-06,2,1.0,"(0.111, 0.222]"
2712,10046103000.0,319.0,3.0,0.0,0.9118656480994624,7.771771470441899,0.0,,-2.628404335791372,-2.628404335791372,sequential,3e-06,2,1.0,"(0.889, 1.0]"
2713,10046104000.0,319.0,4.0,0.0,0.4111190492811739,0.9942284415655026,0.0,,-1.8277463040255235,-1.8277463040255235,sequential,3e-06,2,1.0,"(0.333, 0.444]"
2714,10046105000.0,319.0,5.0,0.0,0.1741010152796697,1.3240336593879745,0.0,,-1.34194443036721,-1.34194443036721,sequential,3e-06,2,1.0,"(0.111, 0.222]"
2715,10047100000.0,320.0,0.0,0.0,0.4100213529865948,0.4244131626655325,0.0,,-1.8181330904208624,-1.8181330904208624,sequential,3e-06,2,1.5,"(0.333, 0.444]"
2716,10047101000.0,320.0,1.0,0.0,0.905747930977698,3.6250605378828658,0.0,,-2.613629836673497,-2.613629836673497,sequential,3e-06,2,1.5,"(0.889, 1.0]"
2717,10047102000.0,320.0,2.0,0.0,0.1743541530562909,0.5125768200348748,0.0,,-1.3467554671069573,-1.3467554671069573,sequential,3e-06,2,1.5,"(0.111, 0.222]"
2718,10047103000.0,320.0,3.0,0.0,0.9088249383070208,3.411784787718505,0.0,,-2.620779646695484,-2.620779646695484,sequential,3e-06,2,1.5,"(0.889, 1.0]"
2719,10047104000.0,320.0,4.0,0.0,0.4119734196118961,0.3397970375803666,0.0,,-1.8355490741138367,-1.8355490741138367,sequential,3e-06,2,1.5,"(0.333, 0.444]"
2720,10047105000.0,320.0,5.0,0.0,0.1744742405584166,0.4929316091943299,0.0,,-1.3491636309485724,-1.3491636309485724,sequential,3e-06,2,1.5,"(0.111, 0.222]"
2721,10048100000.0,321.0,0.0,0.0,0.4108091976894623,0.217081767579624,0.0,,-1.8257211057726253,-1.8257211057726253,sequential,3e-06,2,2.0,"(0.333, 0.444]"
2722,10048101000.0,321.0,1.0,0.0,0.9213620107516254,0.9074717818519143,0.0,,-2.653481249594355,-2.653481249594355,sequential,3e-06,2,2.0,"(0.889, 1.0]"
2723,10048102000.0,321.0,2.0,0.0,0.1749772237696359,0.3199765802555241,0.0,,-1.3595513465064135,-1.3595513465064135,sequential,3e-06,2,2.0,"(0.111, 0.222]"
2724,10048103000.0,321.0,3.0,0.0,0.9190158066666956,1.002572785351953,0.0,,-2.6472497964757635,-2.6472497964757635,sequential,3e-06,2,2.0,"(0.889, 1.0]"
2725,10048104000.0,321.0,4.0,0.0,0.4117529766053291,0.2016792665086516,0.0,,-1.834110747462287,-1.834110747462287,sequential,3e-06,2,2.0,"(0.333, 0.444]"
2726,10048105000.0,321.0,5.0,0.0,0.1747533964725364,0.3260899249144472,0.0,,-1.3551349766939742,-1.3551349766939742,sequential,3e-06,2,2.0,"(0.111, 0.222]"
2727,10049100000.0,343.0,0.0,0.0,0.295489557503933,9.394699821814758,0.0,,-2.282148656730856,-2.282148656730856,sequential,4e-06,2,0.1,"(0.222, 0.333]"
2728,10049101000.0,343.0,1.0,0.0,0.679476879152679,6.7862124452083865,0.0,,-3.2502699747204007,-3.2502699747204007,sequential,4e-06,2,0.1,"(0.667, 0.778]"
2729,10049102000.0,343.0,2.0,0.0,0.1263776453661391,8.59151420679636,0.0,,-1.676112601182047,-1.676112601182047,sequential,4e-06,2,0.1,"(0.111, 0.222]"
2730,10049103000.0,343.0,3.0,0.0,0.6809036707833455,9.238197776990136,0.0,,-3.2592388397581367,-3.2592388397581367,sequential,4e-06,2,0.1,"(0.667, 0.778]"
2731,10049104000.0,343.0,4.0,0.0,0.2950755282750242,8.038320778308085,0.0,,-2.268491562792286,-2.268491562792286,sequential,4e-06,2,0.1,"(0.222, 0.333]"
2732,10049105000.0,343.0,5.0,0.0,0.1261381991071815,4.090127912976067,0.0,,-1.6693855170849965,-1.6693855170849965,sequential,4e-06,2,0.1,"(0.111, 0.222]"
2733,10050100000.0,344.0,0.0,0.0,0.2940522049062989,8.020947667557415,0.0,,-2.2359779776448567,-2.2359779776448567,sequential,4e-06,2,0.4,"(0.222, 0.333]"
2734,10050101000.0,344.0,1.0,0.0,0.6753296681917047,7.378155262792662,0.0,,-3.221427409939,-3.221427409939,sequential,4e-06,2,0.4,"(0.667, 0.778]"
2735,10050102000.0,344.0,2.0,0.0,0.1255704806617434,9.773666382841204,0.0,,-1.6518970399439243,-1.6518970399439243,sequential,4e-06,2,0.4,"(0.111, 0.222]"
2736,10050103000.0,344.0,3.0,0.0,0.6796326344216027,8.41864620407944,0.0,,-3.247234822346404,-3.247234822346404,sequential,4e-06,2,0.4,"(0.667, 0.778]"
2737,10050104000.0,344.0,4.0,0.0,0.2946271935004991,6.956486730398847,0.0,,-2.2523398513986046,-2.2523398513986046,sequential,4e-06,2,0.4,"(0.222, 0.333]"
2738,10050105000.0,344.0,5.0,0.0,0.1260922970733577,5.403526312490358,0.0,,-1.6663500876230617,-1.6663500876230617,sequential,4e-06,2,0.4,"(0.111, 0.222]"
2739,10051100000.0,345.0,0.0,0.0,0.2944742365712656,8.021792599792153,0.0,,-2.249442455263336,-2.249442455263336,sequential,4e-06,2,0.5,"(0.222, 0.333]"
2740,10051101000.0,345.0,1.0,0.0,0.6812092231063605,9.4941239880803,0.0,,-3.259623171986528,-3.259623171986528,sequential,4e-06,2,0.5,"(0.667, 0.778]"
2741,10051102000.0,345.0,2.0,0.0,0.1262373146601511,4.601470883812106,0.0,,-1.6715824662864895,-1.6715824662864895,sequential,4e-06,2,0.5,"(0.111, 0.222]"
2742,10051103000.0,345.0,3.0,0.0,0.6753640897807287,3.456969915921804,0.0,,-3.224922143571749,-3.224922143571749,sequential,4e-06,2,0.5,"(0.667, 0.778]"
2743,10051104000.0,345.0,4.0,0.0,0.2942311016877098,9.00579471792905,0.0,,-2.2426779851432443,-2.2426779851432443,sequential,4e-06,2,0.5,"(0.222, 0.333]"
2744,10051105000.0,345.0,5.0,0.0,0.1257184350387051,6.869538960678053,0.0,,-1.6571829533616778,-1.6571829533616778,sequential,4e-06,2,0.5,"(0.111, 0.222]"
2745,10052100000.0,346.0,0.0,0.0,0.2950165226756328,1.9042481907312303,0.0,,-2.264403420596399,-2.264403420596399,sequential,4e-06,2,0.7,"(0.222, 0.333]"
2746,10052101000.0,346.0,1.0,0.0,0.6770053399480278,5.7190225091951135,0.0,,-3.23138006968772,-3.23138006968772,sequential,4e-06,2,0.7,"(0.667, 0.778]"
2747,10052102000.0,346.0,2.0,0.0,0.1260914766681262,2.0921990941003226,0.0,,-1.666287041374129,-1.666287041374129,sequential,4e-06,2,0.7,"(0.111, 0.222]"
2748,10052103000.0,346.0,3.0,0.0,0.6784153798374087,7.591900007634606,0.0,,-3.23946787200614,-3.23946787200614,sequential,4e-06,2,0.7,"(0.667, 0.778]"
2749,10052104000.0,346.0,4.0,0.0,0.2945478318064777,2.5555962642186323,0.0,,-2.2498279216457977,-2.2498279216457977,sequential,4e-06,2,0.7,"(0.222, 0.333]"
2750,10052105000.0,346.0,5.0,0.0,0.1259863060514237,2.3383769276055832,0.0,,-1.6632012345813234,-1.6632012345813234,sequential,4e-06,2,0.7,"(0.111, 0.222]"
2751,10053100000.0,347.0,0.0,0.0,0.2946372817829941,1.1463022021637206,0.0,,-2.254727523965188,-2.254727523965188,sequential,4e-06,2,1.0,"(0.222, 0.333]"
2752,10053101000.0,347.0,1.0,0.0,0.6781032446872671,4.736084988475973,0.0,,-3.241234178184736,-3.241234178184736,sequential,4e-06,2,1.0,"(0.667, 0.778]"
2753,10053102000.0,347.0,2.0,0.0,0.1259798973632408,1.1574171022656472,0.0,,-1.6645800054129425,-1.6645800054129425,sequential,4e-06,2,1.0,"(0.111, 0.222]"
2754,10053103000.0,347.0,3.0,0.0,0.6830877717359032,5.9940499494797885,0.0,,-3.2723703938107715,-3.2723703938107715,sequential,4e-06,2,1.0,"(0.667, 0.778]"
2755,10053104000.0,347.0,4.0,0.0,0.2949387580113792,1.022556688846182,0.0,,-2.263791140620008,-2.263791140620008,sequential,4e-06,2,1.0,"(0.222, 0.333]"
2756,10053105000.0,347.0,5.0,0.0,0.126376616300848,0.997742374530575,0.0,,-1.675901286603936,-1.675901286603936,sequential,4e-06,2,1.0,"(0.111, 0.222]"
2757,10054100000.0,348.0,0.0,0.0,0.2940807951718288,0.3798158859003118,0.0,,-2.2359465723506013,-2.2359465723506013,sequential,4e-06,2,1.5,"(0.222, 0.333]"
2758,10054101000.0,348.0,1.0,0.0,0.6720486198578925,3.874379191793434,0.0,,-3.2022262870836844,-3.2022262870836844,sequential,4e-06,2,1.5,"(0.667, 0.778]"
2759,10054102000.0,348.0,2.0,0.0,0.1259079722619113,0.4575261307504489,0.0,,-1.6607024366458347,-1.6607024366458347,sequential,4e-06,2,1.5,"(0.111, 0.222]"
2760,10054103000.0,348.0,3.0,0.0,0.6780076694425049,2.092216272935159,0.0,,-3.236430648208096,-3.236430648208096,sequential,4e-06,2,1.5,"(0.667, 0.778]"
2761,10054104000.0,348.0,4.0,0.0,0.2937290921727571,0.4173497103411587,0.0,,-2.226411092558335,-2.226411092558335,sequential,4e-06,2,1.5,"(0.222, 0.333]"
2762,10054105000.0,348.0,5.0,0.0,0.1260567160852813,0.4390718648853764,0.0,,-1.665063334047407,-1.665063334047407,sequential,4e-06,2,1.5,"(0.111, 0.222]"
2763,10055100000.0,349.0,0.0,0.0,0.2942562145163789,0.1973446573131843,0.0,,-2.2414369986413307,-2.2414369986413307,sequential,4e-06,2,2.0,"(0.222, 0.333]"
2764,10055101000.0,349.0,1.0,0.0,0.6792105418818908,0.868986242189074,0.0,,-3.2444792590601668,-3.2444792590601668,sequential,4e-06,2,2.0,"(0.667, 0.778]"
2765,10055102000.0,349.0,2.0,0.0,0.1256814047507919,0.3303534354095727,0.0,,-1.654692239351706,-1.654692239351706,sequential,4e-06,2,2.0,"(0.111, 0.222]"
2766,10055103000.0,349.0,3.0,0.0,0.6788547103417446,0.8898494590953548,0.0,,-3.2422339576211128,-3.2422339576211128,sequential,4e-06,2,2.0,"(0.667, 0.778]"
2767,10055104000.0,349.0,4.0,0.0,0.2944267077341365,0.1899078389902102,0.0,,-2.2465072129516157,-2.2465072129516157,sequential,4e-06,2,2.0,"(0.222, 0.333]"
2768,10055105000.0,349.0,5.0,0.0,0.126198503829068,0.3083107082290237,0.0,,-1.6694483834432623,-1.6694483834432623,sequential,4e-06,2,2.0,"(0.111, 0.222]"
2769,10056100000.0,238.0,0.0,0.0,0.6986513709762446,2.9563847144018225,0.0,,-1.4219686039721624,-1.4219686039721624,sequential,2e-06,10,0.1,"(0.667, 0.778]"
2770,10056101000.0,238.0,1.0,0.0,1.4233208839076816,9.039287646003467,0.0,,-2.104512701823172,-2.104512701823172,sequential,2e-06,10,0.1,
2771,10056102000.0,238.0,2.0,0.0,0.2983773483916466,1.3225000693253304,0.0,,-1.0588469666531244,-1.0588469666531244,sequential,2e-06,10,0.1,"(0.222, 0.333]"
2772,10056103000.0,238.0,3.0,0.0,1.413029584859413,5.90221082264602,0.0,,-2.0849245229420066,-2.0849245229420066,sequential,2e-06,10,0.1,
2773,10056104000.0,238.0,4.0,0.0,0.6994928793378561,9.402311842853884,0.0,,-1.42685889854606,-1.42685889854606,sequential,2e-06,10,0.1,"(0.667, 0.778]"
2774,10056105000.0,238.0,5.0,0.0,0.2980157742953308,4.536157131000394,0.0,,-1.0564991572172409,-1.0564991572172409,sequential,2e-06,10,0.1,"(0.222, 0.333]"
2775,10057100000.0,239.0,0.0,0.0,0.6996135790569582,8.005213310972085,0.0,,-1.4291739946880109,-1.4291739946880109,sequential,2e-06,10,0.4,"(0.667, 0.778]"
2776,10057101000.0,239.0,1.0,0.0,1.4343003449809324,7.985522570184901,0.0,,-2.0758231713171917,-2.0758231713171917,sequential,2e-06,10,0.4,
2777,10057102000.0,239.0,2.0,0.0,0.2986777288879816,9.983701926836142,0.0,,-1.061950385506077,-1.061950385506077,sequential,2e-06,10,0.4,"(0.222, 0.333]"
2778,10057103000.0,239.0,3.0,0.0,1.4348044471494263,6.953987522054242,0.0,,-2.077010081619025,-2.077010081619025,sequential,2e-06,10,0.4,
2779,10057104000.0,239.0,4.0,0.0,0.7022539436079012,9.403473413277975,0.0,,-1.445581154936884,-1.445581154936884,sequential,2e-06,10,0.4,"(0.667, 0.778]"
2780,10057105000.0,239.0,5.0,0.0,0.2981538899133467,8.232089905135627,0.0,,-1.0585658119569508,-1.0585658119569508,sequential,2e-06,10,0.4,"(0.222, 0.333]"
2781,10058100000.0,240.0,0.0,0.0,0.6982900583081757,5.296745100467774,0.0,,-1.4199428702034296,-1.4199428702034296,sequential,2e-06,10,0.5,"(0.667, 0.778]"
2782,10058101000.0,240.0,1.0,0.0,1.4228757284992313,7.436516305287639,0.0,,-2.103742375791726,-2.103742375791726,sequential,2e-06,10,0.5,
2783,10058102000.0,240.0,2.0,0.0,0.2977922389597089,6.960184638390442,0.0,,-1.055036867081191,-1.055036867081191,sequential,2e-06,10,0.5,"(0.222, 0.333]"
2784,10058103000.0,240.0,3.0,0.0,1.4165323691445917,3.8814181359038833,0.0,,-2.091424398329881,-2.091424398329881,sequential,2e-06,10,0.5,
2785,10058104000.0,240.0,4.0,0.0,0.6987651788836382,9.323260905831768,0.0,,-1.4227533992368917,-1.4227533992368917,sequential,2e-06,10,0.5,"(0.667, 0.778]"
2786,10058105000.0,240.0,5.0,0.0,0.2980751557647212,6.892247558645332,0.0,,-1.0569679129568834,-1.0569679129568834,sequential,2e-06,10,0.5,"(0.222, 0.333]"
2787,10059100000.0,241.0,0.0,0.0,0.6972329947546542,3.329911489597106,0.0,,-1.413373389575579,-1.413373389575579,sequential,2e-06,10,0.7,"(0.667, 0.778]"
2788,10059101000.0,241.0,1.0,0.0,1.4183383097760602,4.850460217688433,0.0,,-2.0939012040142537,-2.0939012040142537,sequential,2e-06,10,0.7,
2789,10059102000.0,241.0,2.0,0.0,0.2971955996559696,2.2903921663069773,0.0,,-1.0507345690271237,-1.0507345690271237,sequential,2e-06,10,0.7,"(0.222, 0.333]"
2790,10059103000.0,241.0,3.0,0.0,1.421028096239502,6.611362886809139,0.0,,-2.0993561966313257,-2.0993561966313257,sequential,2e-06,10,0.7,
2791,10059104000.0,241.0,4.0,0.0,0.6988638751087847,2.546663692627036,0.0,,-1.4227674351441433,-1.4227674351441433,sequential,2e-06,10,0.7,"(0.667, 0.778]"
2792,10059105000.0,241.0,5.0,0.0,0.2967413226110573,2.599420263321828,0.0,,-1.0478409814726366,-1.0478409814726366,sequential,2e-06,10,0.7,"(0.222, 0.333]"
2793,10060100000.0,242.0,0.0,0.0,0.7009665561943611,0.8713244654110577,0.0,,-1.4360848456866917,-1.4360848456866917,sequential,2e-06,10,1.0,"(0.667, 0.778]"
2794,10060101000.0,242.0,1.0,0.0,1.418786901891308,9.425851819554852,0.0,,-2.0959228627468494,-2.0959228627468494,sequential,2e-06,10,1.0,
2795,10060102000.0,242.0,2.0,0.0,0.2978062739106331,1.0599390727323066,0.0,,-1.0551573016406413,-1.0551573016406413,sequential,2e-06,10,1.0,"(0.222, 0.333]"
2796,10060103000.0,242.0,3.0,0.0,1.426240360212381,9.383444662889811,0.0,,-2.0560970244210663,-2.0560970244210663,sequential,2e-06,10,1.0,
2797,10060104000.0,242.0,4.0,0.0,0.6982693781186948,1.3789349190305955,0.0,,-1.419865208727335,-1.419865208727335,sequential,2e-06,10,1.0,"(0.667, 0.778]"
2798,10060105000.0,242.0,5.0,0.0,0.2977403861075416,1.0775746937877198,0.0,,-1.054708769466691,-1.054708769466691,sequential,2e-06,10,1.0,"(0.222, 0.333]"
2799,10061100000.0,243.0,0.0,0.0,0.6980548788986579,0.3904016174066597,0.0,,-1.418301083711668,-1.418301083711668,sequential,2e-06,10,1.5,"(0.667, 0.778]"
2800,10061101000.0,243.0,1.0,0.0,1.4164065085116169,3.270882837601248,0.0,,-2.090721998727053,-2.090721998727053,sequential,2e-06,10,1.5,
2801,10061102000.0,243.0,2.0,0.0,0.2978440923388449,0.4900491396591618,0.0,,-1.0552403325504291,-1.0552403325504291,sequential,2e-06,10,1.5,"(0.222, 0.333]"
2802,10061103000.0,243.0,3.0,0.0,1.41470021254327,3.8533038646481583,0.0,,-2.087408497317022,-2.087408497317022,sequential,2e-06,10,1.5,
2803,10061104000.0,243.0,4.0,0.0,0.6980939793237904,0.3918967687205965,0.0,,-1.4185307073825093,-1.4185307073825093,sequential,2e-06,10,1.5,"(0.667, 0.778]"
2804,10061105000.0,243.0,5.0,0.0,0.2958210711161904,0.5764686587454246,0.0,,-1.0687093817908824,-1.0687093817908824,sequential,2e-06,10,1.5,"(0.222, 0.333]"
2805,10062100000.0,244.0,0.0,0.0,0.697723758824082,0.2168860192229891,0.0,,-1.4164256880198631,-1.4164256880198631,sequential,2e-06,10,2.0,"(0.667, 0.778]"
2806,10062101000.0,244.0,1.0,0.0,1.42076059655085,1.1359397336187609,0.0,,-2.099107568662065,-2.099107568662065,sequential,2e-06,10,2.0,
2807,10062102000.0,244.0,2.0,0.0,0.2965663077272023,0.3347942293520125,0.0,,-1.0468388256413417,-1.0468388256413417,sequential,2e-06,10,2.0,"(0.222, 0.333]"
2808,10062103000.0,244.0,3.0,0.0,1.412208344481206,1.5910815589382798,0.0,,-2.083180161749071,-2.083180161749071,sequential,2e-06,10,2.0,
2809,10062104000.0,244.0,4.0,0.0,0.6992913862531362,0.1952792304783281,0.0,,-1.425544339097654,-1.425544339097654,sequential,2e-06,10,2.0,"(0.667, 0.778]"
2810,10062105000.0,244.0,5.0,0.0,0.297538314448414,0.3155238560883941,0.0,,-1.053186851964214,-1.053186851964214,sequential,2e-06,10,2.0,"(0.222, 0.333]"
2811,10063100000.0,294.0,0.0,0.0,0.5266827591697383,3.762362917368714,0.0,,-1.6803056440309387,-1.6803056440309387,sequential,2.5e-06,10,0.1,"(0.444, 0.556]"
2812,10063101000.0,294.0,1.0,0.0,1.08121204202872,5.61886566922132,0.0,,-2.4894749679004438,-2.4894749679004438,sequential,2.5e-06,10,0.1,
2813,10063102000.0,294.0,2.0,0.0,0.2230947680513824,3.814833707932288,0.0,,-1.248901013927202,-1.248901013927202,sequential,2.5e-06,10,0.1,"(0.222, 0.333]"
2814,10063103000.0,294.0,3.0,0.0,1.0827741463124836,5.752474867065122,0.0,,-2.432098563560419,-2.432098563560419,sequential,2.5e-06,10,0.1,
2815,10063104000.0,294.0,4.0,0.0,0.5259448370473424,2.714777654748664,0.0,,-1.6749418332400403,-1.6749418332400403,sequential,2.5e-06,10,0.1,"(0.444, 0.556]"
2816,10063105000.0,294.0,5.0,0.0,0.2218821298384329,8.332843402105388,0.0,,-1.268723672349916,-1.268723672349916,sequential,2.5e-06,10,0.1,"(0.111, 0.222]"
2817,10064100000.0,295.0,0.0,0.0,0.5260913515065831,7.969056077988411,0.0,,-1.6759597064923633,-1.6759597064923633,sequential,2.5e-06,10,0.4,"(0.444, 0.556]"
2818,10064101000.0,295.0,1.0,0.0,1.0826184153995777,2.7966376245745663,0.0,,-2.431240665676735,-2.431240665676735,sequential,2.5e-06,10,0.4,
2819,10064102000.0,295.0,2.0,0.0,0.2215989082865801,6.305531267417026,0.0,,-1.2662885654660545,-1.2662885654660545,sequential,2.5e-06,10,0.4,"(0.111, 0.222]"
2820,10064103000.0,295.0,3.0,0.0,1.0833644392230235,3.3262525743241294,0.0,,-2.435159483683482,-2.435159483683482,sequential,2.5e-06,10,0.4,
2821,10064104000.0,295.0,4.0,0.0,0.5265488469440261,3.314948288867112,0.0,,-1.679288250230846,-1.679288250230846,sequential,2.5e-06,10,0.4,"(0.444, 0.556]"
2822,10064105000.0,295.0,5.0,0.0,0.2218189901380889,5.482051718719928,0.0,,-1.2681105270446478,-1.2681105270446478,sequential,2.5e-06,10,0.4,"(0.111, 0.222]"
2823,10065100000.0,296.0,0.0,0.0,0.5250144429450053,8.499139468358338,0.0,,-1.667520669664853,-1.667520669664853,sequential,2.5e-06,10,0.5,"(0.444, 0.556]"
2824,10065101000.0,296.0,1.0,0.0,1.077784213264651,6.941682202740752,0.0,,-2.472323462189347,-2.472323462189347,sequential,2.5e-06,10,0.5,
2825,10065102000.0,296.0,2.0,0.0,0.2213739323036115,5.716890894034704,0.0,,-1.2634779227981876,-1.2634779227981876,sequential,2.5e-06,10,0.5,"(0.111, 0.222]"
2826,10065103000.0,296.0,3.0,0.0,1.0717227883782887,2.8982042824427685,0.0,,-2.4477024559110943,-2.4477024559110943,sequential,2.5e-06,10,0.5,
2827,10065104000.0,296.0,4.0,0.0,0.523892514898228,6.466105861640959,0.0,,-1.7026838000756972,-1.7026838000756972,sequential,2.5e-06,10,0.5,"(0.444, 0.556]"
2828,10065105000.0,296.0,5.0,0.0,0.2205844884523173,9.03869525635669,0.0,,-1.2564539401433972,-1.2564539401433972,sequential,2.5e-06,10,0.5,"(0.111, 0.222]"
2829,10066100000.0,297.0,0.0,0.0,0.5247997386549356,4.338783039577808,0.0,,-1.6667856500274367,-1.6667856500274367,sequential,2.5e-06,10,0.7,"(0.444, 0.556]"
2830,10066101000.0,297.0,1.0,0.0,1.0800256391927592,9.925365832288955,0.0,,-2.483366480161662,-2.483366480161662,sequential,2.5e-06,10,0.7,
2831,10066102000.0,297.0,2.0,0.0,0.2218390455823777,2.915789401095982,0.0,,-1.268115873752405,-1.268115873752405,sequential,2.5e-06,10,0.7,"(0.111, 0.222]"
2832,10066103000.0,297.0,3.0,0.0,1.0803434814240678,9.172050676354331,0.0,,-2.484874977193342,-2.484874977193342,sequential,2.5e-06,10,0.7,
2833,10066104000.0,297.0,4.0,0.0,0.5258021004259545,3.129787480714428,0.0,,-1.6736184354626793,-1.6736184354626793,sequential,2.5e-06,10,0.7,"(0.444, 0.556]"
2834,10066105000.0,297.0,5.0,0.0,0.2215443721143097,3.1442251842291165,0.0,,-1.2653835100348862,-1.2653835100348862,sequential,2.5e-06,10,0.7,"(0.111, 0.222]"
2835,10067100000.0,298.0,0.0,0.0,0.5238880989408554,1.3205787584833644,0.0,,-1.702751799561089,-1.702751799561089,sequential,2.5e-06,10,1.0,"(0.444, 0.556]"
2836,10067101000.0,298.0,1.0,0.0,1.0774738802378356,8.986755077893497,0.0,,-2.4710461185977013,-2.4710461185977013,sequential,2.5e-06,10,1.0,
2837,10067102000.0,298.0,2.0,0.0,0.2222034224779508,0.9297632763202311,0.0,,-1.2711252119005163,-1.2711252119005163,sequential,2.5e-06,10,1.0,"(0.111, 0.222]"
2838,10067103000.0,298.0,3.0,0.0,1.070778023196843,4.742585606110083,0.0,,-2.4441980641384307,-2.4441980641384307,sequential,2.5e-06,10,1.0,
2839,10067104000.0,298.0,4.0,0.0,0.5248557253223876,1.190744758864401,0.0,,-1.6664768670500998,-1.6664768670500998,sequential,2.5e-06,10,1.0,"(0.444, 0.556]"
2840,10067105000.0,298.0,5.0,0.0,0.2215273861137656,1.080297202826038,0.0,,-1.2649594505819564,-1.2649594505819564,sequential,2.5e-06,10,1.0,"(0.111, 0.222]"
2841,10068100000.0,299.0,0.0,0.0,0.5253633847906718,0.4052862324515549,0.0,,-1.6704301839500395,-1.6704301839500395,sequential,2.5e-06,10,1.5,"(0.444, 0.556]"
2842,10068101000.0,299.0,1.0,0.0,1.0814889018958262,1.9442384654325475,0.0,,-2.4899379658866034,-2.4899379658866034,sequential,2.5e-06,10,1.5,
2843,10068102000.0,299.0,2.0,0.0,0.2219043844294936,0.4954294356538732,0.0,,-1.2686963535962352,-1.2686963535962352,sequential,2.5e-06,10,1.5,"(0.111, 0.222]"
2844,10068103000.0,299.0,3.0,0.0,1.075865557879116,3.5928586046596247,0.0,,-2.465057461485641,-2.465057461485641,sequential,2.5e-06,10,1.5,
2845,10068104000.0,299.0,4.0,0.0,0.527080650122541,0.3431266200571795,0.0,,-1.6827387247353678,-1.6827387247353678,sequential,2.5e-06,10,1.5,"(0.444, 0.556]"
2846,10068105000.0,299.0,5.0,0.0,0.2212030850445243,0.5351238032978074,0.0,,-1.2624306136909569,-1.2624306136909569,sequential,2.5e-06,10,1.5,"(0.111, 0.222]"
2847,10069100000.0,300.0,0.0,0.0,0.5264961538403045,0.1932164159323205,0.0,,-1.6782902169819875,-1.6782902169819875,sequential,2.5e-06,10,2.0,"(0.444, 0.556]"
2848,10069101000.0,300.0,1.0,0.0,1.0754889072576592,1.1749062168912192,0.0,,-2.4632446513218524,-2.4632446513218524,sequential,2.5e-06,10,2.0,
2849,10069102000.0,300.0,2.0,0.0,0.2226006553068547,0.3142837072674984,0.0,,-1.27502524680132,-1.27502524680132,sequential,2.5e-06,10,2.0,"(0.222, 0.333]"
2850,10069103000.0,300.0,3.0,0.0,1.078517836994737,1.0158253367697028,0.0,,-2.476118788220393,-2.476118788220393,sequential,2.5e-06,10,2.0,
2851,10069104000.0,300.0,4.0,0.0,0.5242086133696041,0.2242769066240631,0.0,,-1.6625040997293057,-1.6625040997293057,sequential,2.5e-06,10,2.0,"(0.444, 0.556]"
2852,10069105000.0,300.0,5.0,0.0,0.2214873070073226,0.3338602483195994,0.0,,-1.2647460078030135,-1.2647460078030135,sequential,2.5e-06,10,2.0,"(0.111, 0.222]"
2853,10070100000.0,322.0,0.0,0.0,0.4144389594167127,3.644639167615237,0.0,,-1.931378290686608,-1.931378290686608,sequential,3e-06,10,0.1,"(0.333, 0.444]"
2854,10070101000.0,322.0,1.0,0.0,0.8942536944878168,5.514089076050968,0.0,,-2.84917300451524,-2.84917300451524,sequential,3e-06,10,0.1,"(0.889, 1.0]"
2855,10070102000.0,322.0,2.0,0.0,0.1756019295735187,7.485341942624764,0.0,,-1.4551897854403193,-1.4551897854403193,sequential,3e-06,10,0.1,"(0.111, 0.222]"
2856,10070103000.0,322.0,3.0,0.0,0.8914859065253576,5.483962320611506,0.0,,-2.8412946696096903,-2.8412946696096903,sequential,3e-06,10,0.1,"(0.889, 1.0]"
2857,10070104000.0,322.0,4.0,0.0,0.4122430534857262,3.3582784098613607,0.0,,-1.9602322087114328,-1.9602322087114328,sequential,3e-06,10,0.1,"(0.333, 0.444]"
2858,10070105000.0,322.0,5.0,0.0,0.1760229078207089,5.336982697274486,0.0,,-1.4636929891988824,-1.4636929891988824,sequential,3e-06,10,0.1,"(0.111, 0.222]"
2859,10071100000.0,323.0,0.0,0.0,0.4136428701667111,9.881284127106408,0.0,,-1.9234922510377657,-1.9234922510377657,sequential,3e-06,10,0.4,"(0.333, 0.444]"
2860,10071101000.0,323.0,1.0,0.0,0.8889603767298251,5.10776480445237,0.0,,-2.8337519531712188,-2.8337519531712188,sequential,3e-06,10,0.4,"(0.889, 1.0]"
2861,10071102000.0,323.0,2.0,0.0,0.1757297604564178,6.583312789112318,0.0,,-1.4574031794550215,-1.4574031794550215,sequential,3e-06,10,0.4,"(0.111, 0.222]"
2862,10071103000.0,323.0,3.0,0.0,0.8918465929666726,5.072496694042258,0.0,,-2.841903699208064,-2.841903699208064,sequential,3e-06,10,0.4,"(0.889, 1.0]"
2863,10071104000.0,323.0,4.0,0.0,0.4126727848554162,9.206714389553612,0.0,,-1.9147075782431997,-1.9147075782431997,sequential,3e-06,10,0.4,"(0.333, 0.444]"
2864,10071105000.0,323.0,5.0,0.0,0.1754894995421606,4.9924430071214685,0.0,,-1.4526818744580905,-1.4526818744580905,sequential,3e-06,10,0.4,"(0.111, 0.222]"
2865,10072100000.0,324.0,0.0,0.0,0.41370551713845,6.291199829928997,0.0,,-1.924126101479448,-1.924126101479448,sequential,3e-06,10,0.5,"(0.333, 0.444]"
2866,10072101000.0,324.0,1.0,0.0,0.8849023421780342,3.2606224584122483,0.0,,-2.823059115897764,-2.823059115897764,sequential,3e-06,10,0.5,"(0.778, 0.889]"
2867,10072102000.0,324.0,2.0,0.0,0.1750567108180988,8.244555266119406,0.0,,-1.444325031419591,-1.444325031419591,sequential,3e-06,10,0.5,"(0.111, 0.222]"
2868,10072103000.0,324.0,3.0,0.0,0.8852697256423632,2.7449981525110894,0.0,,-2.824062043085509,-2.824062043085509,sequential,3e-06,10,0.5,"(0.778, 0.889]"
2869,10072104000.0,324.0,4.0,0.0,0.413766108926554,7.159994026440798,0.0,,-1.9247035076760528,-1.9247035076760528,sequential,3e-06,10,0.5,"(0.333, 0.444]"
2870,10072105000.0,324.0,5.0,0.0,0.1760312394330089,5.206806275888887,0.0,,-1.46354108546375,-1.46354108546375,sequential,3e-06,10,0.5,"(0.111, 0.222]"
2871,10073100000.0,325.0,0.0,0.0,0.4124350295733823,2.807015136357884,0.0,,-1.961114016599788,-1.961114016599788,sequential,3e-06,10,0.7,"(0.333, 0.444]"
2872,10073101000.0,325.0,1.0,0.0,0.8862399913860112,2.38261984181866,0.0,,-2.825925601133373,-2.825925601133373,sequential,3e-06,10,0.7,"(0.778, 0.889]"
2873,10073102000.0,325.0,2.0,0.0,0.1757734907049165,2.035021844345657,0.0,,-1.458215510299348,-1.458215510299348,sequential,3e-06,10,0.7,"(0.111, 0.222]"
2874,10073103000.0,325.0,3.0,0.0,0.8865139780584237,2.392889167100443,0.0,,-2.826687221061515,-2.826687221061515,sequential,3e-06,10,0.7,"(0.778, 0.889]"
2875,10073104000.0,325.0,4.0,0.0,0.4126307503924682,2.721773848459646,0.0,,-1.9141507477298243,-1.9141507477298243,sequential,3e-06,10,0.7,"(0.333, 0.444]"
2876,10073105000.0,325.0,5.0,0.0,0.1749786103616475,3.1062799686161484,0.0,,-1.4426049094420972,-1.4426049094420972,sequential,3e-06,10,0.7,"(0.111, 0.222]"
2877,10074100000.0,326.0,0.0,0.0,0.4123251510286365,1.1731546010284568,0.0,,-1.9602974701026037,-1.9602974701026037,sequential,3e-06,10,1.0,"(0.333, 0.444]"
2878,10074101000.0,326.0,1.0,0.0,0.8789661207065643,4.597208902435019,0.0,,-2.80755162277613,-2.80755162277613,sequential,3e-06,10,1.0,"(0.778, 0.889]"
2879,10074102000.0,326.0,2.0,0.0,0.1757601492281195,0.947691212455554,0.0,,-1.458033366890216,-1.458033366890216,sequential,3e-06,10,1.0,"(0.111, 0.222]"
2880,10074103000.0,326.0,3.0,0.0,0.8907606808981967,7.838911234082409,0.0,,-2.8388262585935204,-2.8388262585935204,sequential,3e-06,10,1.0,"(0.889, 1.0]"
2881,10074104000.0,326.0,4.0,0.0,0.4127834497651751,1.0689095343217483,0.0,,-1.915729074186188,-1.915729074186188,sequential,3e-06,10,1.0,"(0.333, 0.444]"
2882,10074105000.0,326.0,5.0,0.0,0.175356781923881,1.082818422407494,0.0,,-1.450007071802293,-1.450007071802293,sequential,3e-06,10,1.0,"(0.111, 0.222]"
2883,10075100000.0,327.0,0.0,0.0,0.4122532292510074,0.4082718696720574,0.0,,-1.959742348104574,-1.959742348104574,sequential,3e-06,10,1.5,"(0.333, 0.444]"
2884,10075101000.0,327.0,1.0,0.0,0.8848358290330726,3.225084451474807,0.0,,-2.822941534572459,-2.822941534572459,sequential,3e-06,10,1.5,"(0.778, 0.889]"
2885,10075102000.0,327.0,2.0,0.0,0.1754757206302857,0.4535949792857515,0.0,,-1.452464355329374,-1.452464355329374,sequential,3e-06,10,1.5,"(0.111, 0.222]"
2886,10075103000.0,327.0,3.0,0.0,0.8850824569584527,3.1335321456413285,0.0,,-2.8236137735471787,-2.8236137735471787,sequential,3e-06,10,1.5,"(0.778, 0.889]"
2887,10075104000.0,327.0,4.0,0.0,0.4121905091645557,0.4230915647887461,0.0,,-1.9591844124701563,-1.9591844124701563,sequential,3e-06,10,1.5,"(0.333, 0.444]"
2888,10075105000.0,327.0,5.0,0.0,0.1760781693710144,0.4213174617002009,0.0,,-1.4645561983443776,-1.4645561983443776,sequential,3e-06,10,1.5,"(0.111, 0.222]"
2889,10076100000.0,328.0,0.0,0.0,0.4119441838955053,0.206496193799595,0.0,,-1.956840159228201,-1.956840159228201,sequential,3e-06,10,2.0,"(0.333, 0.444]"
2890,10076101000.0,328.0,1.0,0.0,0.8817303748683699,1.5118972579820211,0.0,,-2.8142637207074377,-2.8142637207074377,sequential,3e-06,10,2.0,"(0.778, 0.889]"
2891,10076102000.0,328.0,2.0,0.0,0.1757236981623373,0.3083287427003216,0.0,,-1.457241092446528,-1.457241092446528,sequential,3e-06,10,2.0,"(0.111, 0.222]"
2892,10076103000.0,328.0,3.0,0.0,0.8883932076941724,0.9696958437964572,0.0,,-2.832075630020088,-2.832075630020088,sequential,3e-06,10,2.0,"(0.778, 0.889]"
2893,10076104000.0,328.0,4.0,0.0,0.4112895251676532,0.215268971896371,0.0,,-1.9514420749104435,-1.9514420749104435,sequential,3e-06,10,2.0,"(0.333, 0.444]"
2894,10076105000.0,328.0,5.0,0.0,0.1752979224631835,0.3223155954290694,0.0,,-1.448778437266396,-1.448778437266396,sequential,3e-06,10,2.0,"(0.111, 0.222]"
2895,10077100000.0,350.0,0.0,0.0,0.2964765695920629,7.85382046268696,0.0,,-2.427800474952087,-2.427800474952087,sequential,4e-06,10,0.1,"(0.222, 0.333]"
2896,10077101000.0,350.0,1.0,0.0,0.6555726888480641,6.750333642673735,0.0,,-3.488176607173661,-3.488176607173661,sequential,4e-06,10,0.1,"(0.556, 0.667]"
2897,10077102000.0,350.0,2.0,0.0,0.1264069714015498,4.16293070956467,0.0,,-1.792875686424474,-1.792875686424474,sequential,4e-06,10,0.1,"(0.111, 0.222]"
2898,10077103000.0,350.0,3.0,0.0,0.6586021846822881,7.084028679126753,0.0,,-3.507577193852478,-3.507577193852478,sequential,4e-06,10,0.1,"(0.556, 0.667]"
2899,10077104000.0,350.0,4.0,0.0,0.2963128349159936,8.537921722910117,0.0,,-2.423138946913896,-2.423138946913896,sequential,4e-06,10,0.1,"(0.222, 0.333]"
2900,10077105000.0,350.0,5.0,0.0,0.1263008571014738,8.878178377279871,0.0,,-1.7898026962205194,-1.7898026962205194,sequential,4e-06,10,0.1,"(0.111, 0.222]"
2901,10078100000.0,351.0,0.0,0.0,0.2961340803934734,8.616390086826492,0.0,,-2.4187874256368658,-2.4187874256368658,sequential,4e-06,10,0.4,"(0.222, 0.333]"
2902,10078101000.0,351.0,1.0,0.0,0.6565438783768056,4.189378896379219,0.0,,-3.4948314049597924,-3.4948314049597924,sequential,4e-06,10,0.4,"(0.556, 0.667]"
2903,10078102000.0,351.0,2.0,0.0,0.1264363854456055,6.198581892894907,0.0,,-1.793892682349324,-1.793892682349324,sequential,4e-06,10,0.4,"(0.111, 0.222]"
2904,10078103000.0,351.0,3.0,0.0,0.6550298741940678,4.755950948146621,0.0,,-3.4850952635566217,-3.4850952635566217,sequential,4e-06,10,0.4,"(0.556, 0.667]"
2905,10078104000.0,351.0,4.0,0.0,0.2962924280780214,8.817102168046768,0.0,,-2.422797261329112,-2.422797261329112,sequential,4e-06,10,0.4,"(0.222, 0.333]"
2906,10078105000.0,351.0,5.0,0.0,0.1264590639074722,5.725150231397213,0.0,,-1.7945507037898314,-1.7945507037898314,sequential,4e-06,10,0.4,"(0.111, 0.222]"
2907,10079100000.0,352.0,0.0,0.0,0.2963185439820276,6.918654328563451,0.0,,-2.422223961254492,-2.422223961254492,sequential,4e-06,10,0.5,"(0.222, 0.333]"
2908,10079101000.0,352.0,1.0,0.0,0.6511393059003449,8.188755566998775,0.0,,-3.4589658973600472,-3.4589658973600472,sequential,4e-06,10,0.5,"(0.556, 0.667]"
2909,10079102000.0,352.0,2.0,0.0,0.1257448939441166,7.27699770939767,0.0,,-1.7736519334534175,-1.7736519334534175,sequential,4e-06,10,0.5,"(0.111, 0.222]"
2910,10079103000.0,352.0,3.0,0.0,0.6530165927304082,8.141259434213879,0.0,,-3.4706305389633063,-3.4706305389633063,sequential,4e-06,10,0.5,"(0.556, 0.667]"
2911,10079104000.0,352.0,4.0,0.0,0.2963720294963312,4.987704100118668,0.0,,-2.4237649549397875,-2.4237649549397875,sequential,4e-06,10,0.5,"(0.222, 0.333]"
2912,10079105000.0,352.0,5.0,0.0,0.1262925463451985,4.835440102061007,0.0,,-1.7887586301052876,-1.7887586301052876,sequential,4e-06,10,0.5,"(0.111, 0.222]"
2913,10080100000.0,353.0,0.0,0.0,0.2969004613873828,2.1534199411863897,0.0,,-2.439989506024214,-2.439989506024214,sequential,4e-06,10,0.7,"(0.222, 0.333]"
2914,10080101000.0,353.0,1.0,0.0,0.6544950296671673,7.62793980322052,0.0,,-3.481281992944756,-3.481281992944756,sequential,4e-06,10,0.7,"(0.556, 0.667]"
2915,10080102000.0,353.0,2.0,0.0,0.1266731811502434,1.8525280891238296,0.0,,-1.8004472261680915,-1.8004472261680915,sequential,4e-06,10,0.7,"(0.111, 0.222]"
2916,10080103000.0,353.0,3.0,0.0,0.658337880694721,8.846054454262145,0.0,,-3.50578330286898,-3.50578330286898,sequential,4e-06,10,0.7,"(0.556, 0.667]"
2917,10080104000.0,353.0,4.0,0.0,0.2963351578533322,3.01164275780299,0.0,,-2.423761866268998,-2.423761866268998,sequential,4e-06,10,0.7,"(0.222, 0.333]"
2918,10080105000.0,353.0,5.0,0.0,0.126091197277323,2.966605278801387,0.0,,-1.7840869581336545,-1.7840869581336545,sequential,4e-06,10,0.7,"(0.111, 0.222]"
2919,10081100000.0,354.0,0.0,0.0,0.2955932806555873,1.313986807651235,0.0,,-2.403439858508866,-2.403439858508866,sequential,4e-06,10,1.0,"(0.222, 0.333]"
2920,10081101000.0,354.0,1.0,0.0,0.6502243381529007,5.778011759899174,0.0,,-3.454774327985987,-3.454774327985987,sequential,4e-06,10,1.0,"(0.556, 0.667]"
2921,10081102000.0,354.0,2.0,0.0,0.1262357811138739,0.979005400663306,0.0,,-1.787588945321762,-1.787588945321762,sequential,4e-06,10,1.0,"(0.111, 0.222]"
2922,10081103000.0,354.0,3.0,0.0,0.6524537815030566,4.037677429744725,0.0,,-3.467660495695982,-3.467660495695982,sequential,4e-06,10,1.0,"(0.556, 0.667]"
2923,10081104000.0,354.0,4.0,0.0,0.2963736100956891,0.9236487132333208,0.0,,-2.4240675230576967,-2.4240675230576967,sequential,4e-06,10,1.0,"(0.222, 0.333]"
2924,10081105000.0,354.0,5.0,0.0,0.1266697707605033,0.8668839085182664,0.0,,-1.800094350029989,-1.800094350029989,sequential,4e-06,10,1.0,"(0.111, 0.222]"
2925,10082100000.0,355.0,0.0,0.0,0.2960188250056388,0.4063527643802496,0.0,,-2.415367600434317,-2.415367600434317,sequential,4e-06,10,1.5,"(0.222, 0.333]"
2926,10082101000.0,355.0,1.0,0.0,0.6571047433961715,2.406304372677148,0.0,,-3.4975592521722074,-3.4975592521722074,sequential,4e-06,10,1.5,"(0.556, 0.667]"
2927,10082102000.0,355.0,2.0,0.0,0.1263488660349786,0.4906681785716963,0.0,,-1.791191586989285,-1.791191586989285,sequential,4e-06,10,1.5,"(0.111, 0.222]"
2928,10082103000.0,355.0,3.0,0.0,0.6581807483758515,2.068522623852189,0.0,,-3.5047381874824453,-3.5047381874824453,sequential,4e-06,10,1.5,"(0.556, 0.667]"
2929,10082104000.0,355.0,4.0,0.0,0.2962392597227041,0.3885059193647222,0.0,,-2.421069589367348,-2.421069589367348,sequential,4e-06,10,1.5,"(0.222, 0.333]"
2930,10082105000.0,355.0,5.0,0.0,0.1262692450395541,0.4963169670085678,0.0,,-1.7888913067899892,-1.7888913067899892,sequential,4e-06,10,1.5,"(0.111, 0.222]"
2931,10083100000.0,356.0,0.0,0.0,0.2964947728113989,0.183009863492794,0.0,,-2.427640733323507,-2.427640733323507,sequential,4e-06,10,2.0,"(0.222, 0.333]"
2932,10083101000.0,356.0,1.0,0.0,0.6546583273189654,0.9173319640192106,0.0,,-3.48168270151558,-3.48168270151558,sequential,4e-06,10,2.0,"(0.556, 0.667]"
2933,10083102000.0,356.0,2.0,0.0,0.1262944518884034,0.3166418946999366,0.0,,-1.789341755772296,-1.789341755772296,sequential,4e-06,10,2.0,"(0.111, 0.222]"
2934,10083103000.0,356.0,3.0,0.0,0.6542220000393422,1.0428220127750014,0.0,,-3.4789046049050043,-3.4789046049050043,sequential,4e-06,10,2.0,"(0.556, 0.667]"
2935,10083104000.0,356.0,4.0,0.0,0.2961782810933976,0.1934174910440824,0.0,,-2.4189759992957107,-2.4189759992957107,sequential,4e-06,10,2.0,"(0.222, 0.333]"
2936,10083105000.0,356.0,5.0,0.0,0.1259190158571403,0.331509961056412,0.0,,-1.778895896686411,-1.778895896686411,sequential,4e-06,10,2.0,"(0.111, 0.222]"
2937,10084100000.0,245.0,0.0,0.0,0.7052825839709785,2.653704732666282,0.0,,-1.4419516606185925,-1.4419516606185925,sequential,2e-06,30,0.1,"(0.667, 0.778]"
2938,10084101000.0,245.0,1.0,0.0,1.374083950826634,9.698102065785609,0.0,,-2.0577229686145837,-2.0577229686145837,sequential,2e-06,30,0.1,
2939,10084102000.0,245.0,2.0,0.0,0.2978677003917857,4.1666239046290405,0.0,,-1.048598431387593,-1.048598431387593,sequential,2e-06,30,0.1,"(0.222, 0.333]"
2940,10084103000.0,245.0,3.0,0.0,1.3789272333737443,7.330982961613979,0.0,,-2.068365851989367,-2.068365851989367,sequential,2e-06,30,0.1,
2941,10084104000.0,245.0,4.0,0.0,0.7053975101559606,9.690477277573947,0.0,,-1.442650316696054,-1.442650316696054,sequential,2e-06,30,0.1,"(0.667, 0.778]"
2942,10084105000.0,245.0,5.0,0.0,0.2991140423767389,3.255553552065462,0.0,,-1.058169491280989,-1.058169491280989,sequential,2e-06,30,0.1,"(0.222, 0.333]"
2943,10085100000.0,246.0,0.0,0.0,0.6993008882759639,8.613152554323403,0.0,,-1.4073525444589172,-1.4073525444589172,sequential,2e-06,30,0.4,"(0.667, 0.778]"
2944,10085101000.0,246.0,1.0,0.0,1.3565813138481824,6.21893274062288,0.0,,-2.0739066520125355,-2.0739066520125355,sequential,2e-06,30,0.4,
2945,10085102000.0,246.0,2.0,0.0,0.2981665877137766,4.489703796720594,0.0,,-1.0506329479629954,-1.0506329479629954,sequential,2e-06,30,0.4,"(0.222, 0.333]"
2946,10085103000.0,246.0,3.0,0.0,1.3612878794885706,3.758885321596683,0.0,,-2.082583706893951,-2.082583706893951,sequential,2e-06,30,0.4,
2947,10085104000.0,246.0,4.0,0.0,0.7026637725801667,7.200903790389979,0.0,,-1.4250940244276908,-1.4250940244276908,sequential,2e-06,30,0.4,"(0.667, 0.778]"
2948,10085105000.0,246.0,5.0,0.0,0.2981946174325613,4.35886026835851,0.0,,-1.0508150182966849,-1.0508150182966849,sequential,2e-06,30,0.4,"(0.222, 0.333]"
2949,10086100000.0,247.0,0.0,0.0,0.7017199840719264,6.5183805335938185,0.0,,-1.4196804674663197,-1.4196804674663197,sequential,2e-06,30,0.5,"(0.667, 0.778]"
2950,10086101000.0,247.0,1.0,0.0,1.3602907575473997,9.351582241227597,0.0,,-2.0803811195017947,-2.0803811195017947,sequential,2e-06,30,0.5,
2951,10086102000.0,247.0,2.0,0.0,0.2972749132300645,6.566847807079541,0.0,,-1.0449772990109236,-1.0449772990109236,sequential,2e-06,30,0.5,"(0.222, 0.333]"
2952,10086103000.0,247.0,3.0,0.0,1.3623927210565785,7.627790351268122,0.0,,-2.084560872648503,-2.084560872648503,sequential,2e-06,30,0.5,
2953,10086104000.0,247.0,4.0,0.0,0.7014766418108872,6.436131327057437,0.0,,-1.4183306229317272,-1.4183306229317272,sequential,2e-06,30,0.5,"(0.667, 0.778]"
2954,10086105000.0,247.0,5.0,0.0,0.2972679108363406,6.557332920600929,0.0,,-1.0449325365894997,-1.0449325365894997,sequential,2e-06,30,0.5,"(0.222, 0.333]"
2955,10087100000.0,248.0,0.0,0.0,0.7025603688918223,3.0850076350046565,0.0,,-1.424822468550664,-1.424822468550664,sequential,2e-06,30,0.7,"(0.667, 0.778]"
2956,10087101000.0,248.0,1.0,0.0,1.3665890827922194,2.28194509148634,0.0,,-2.0939892179378683,-2.0939892179378683,sequential,2e-06,30,0.7,
2957,10087102000.0,248.0,2.0,0.0,0.2980494747270114,3.068689055424852,0.0,,-1.0503018398839743,-1.0503018398839743,sequential,2e-06,30,0.7,"(0.222, 0.333]"
2958,10087103000.0,248.0,3.0,0.0,1.3662941839792897,2.9370355214688986,0.0,,-2.093383426448594,-2.093383426448594,sequential,2e-06,30,0.7,
2959,10087104000.0,248.0,4.0,0.0,0.7026170301118657,3.364702120540951,0.0,,-1.4251434145384396,-1.4251434145384396,sequential,2e-06,30,0.7,"(0.667, 0.778]"
2960,10087105000.0,248.0,5.0,0.0,0.2990324554784773,2.317961301164854,0.0,,-1.0565214157767049,-1.0565214157767049,sequential,2e-06,30,0.7,"(0.222, 0.333]"
2961,10088100000.0,249.0,0.0,0.0,0.7023775977744559,1.1545450491452864,0.0,,-1.4237301878772302,-1.4237301878772302,sequential,2e-06,30,1.0,"(0.667, 0.778]"
2962,10088101000.0,249.0,1.0,0.0,1.3637534271359135,7.410105390356497,0.0,,-2.088096775945586,-2.088096775945586,sequential,2e-06,30,1.0,
2963,10088102000.0,249.0,2.0,0.0,0.2986253458264749,1.142515764704824,0.0,,-1.0538135907491464,-1.0538135907491464,sequential,2e-06,30,1.0,"(0.222, 0.333]"
2964,10088103000.0,249.0,3.0,0.0,1.371649341195247,4.020578775564503,0.0,,-2.049402577156554,-2.049402577156554,sequential,2e-06,30,1.0,
2965,10088104000.0,249.0,4.0,0.0,0.7029126395441053,0.9826608060338248,0.0,,-1.4267643116649862,-1.4267643116649862,sequential,2e-06,30,1.0,"(0.667, 0.778]"
2966,10088105000.0,249.0,5.0,0.0,0.2978251325880227,1.2306747386659986,0.0,,-1.0488147431136932,-1.0488147431136932,sequential,2e-06,30,1.0,"(0.222, 0.333]"
2967,10089100000.0,250.0,0.0,0.0,0.6991024397418103,0.464213079087694,0.0,,-1.406219255489379,-1.406219255489379,sequential,2e-06,30,1.5,"(0.667, 0.778]"
2968,10089101000.0,250.0,1.0,0.0,1.3634054189897251,2.8031710176418367,0.0,,-2.086662191708211,-2.086662191708211,sequential,2e-06,30,1.5,
2969,10089102000.0,250.0,2.0,0.0,0.2983691620428373,0.4697425276574388,0.0,,-1.0518997168697972,-1.0518997168697972,sequential,2e-06,30,1.5,"(0.222, 0.333]"
2970,10089103000.0,250.0,3.0,0.0,1.3630883125145814,2.965395942348257,0.0,,-2.086021678059344,-2.086021678059344,sequential,2e-06,30,1.5,
2971,10089104000.0,250.0,4.0,0.0,0.7008567507566054,0.3625907890704752,0.0,,-1.4152028733458415,-1.4152028733458415,sequential,2e-06,30,1.5,"(0.667, 0.778]"
2972,10089105000.0,250.0,5.0,0.0,0.296437040704319,0.5236913153960054,0.0,,-1.0399158361463137,-1.0399158361463137,sequential,2e-06,30,1.5,"(0.222, 0.333]"
2973,10090100000.0,251.0,0.0,0.0,0.7009355918981078,0.2142659167266874,0.0,,-1.4159651376447016,-1.4159651376447016,sequential,2e-06,30,2.0,"(0.667, 0.778]"
2974,10090101000.0,251.0,1.0,0.0,1.364748965993697,1.4011756842013812,0.0,,-2.089960431429594,-2.089960431429594,sequential,2e-06,30,2.0,
2975,10090102000.0,251.0,2.0,0.0,0.2974511172713459,0.3281140974763068,0.0,,-1.0463759477511707,-1.0463759477511707,sequential,2e-06,30,2.0,"(0.222, 0.333]"
2976,10090103000.0,251.0,3.0,0.0,1.371191783903812,1.0538271124087686,0.0,,-2.048272113399628,-2.048272113399628,sequential,2e-06,30,2.0,
2977,10090104000.0,251.0,4.0,0.0,0.7016715079529476,0.2041819877211706,0.0,,-1.419958349195519,-1.419958349195519,sequential,2e-06,30,2.0,"(0.667, 0.778]"
2978,10090105000.0,251.0,5.0,0.0,0.2990160993041705,0.308103802117892,0.0,,-1.0563268858743406,-1.0563268858743406,sequential,2e-06,30,2.0,"(0.222, 0.333]"
2979,10091100000.0,301.0,0.0,0.0,0.5260997531599545,2.5779406920488457,0.0,,-1.6638570200478688,-1.6638570200478688,sequential,2.5e-06,30,0.1,"(0.444, 0.556]"
2980,10091101000.0,301.0,1.0,0.0,1.0318985196749535,4.423771842713115,0.0,,-2.463815638458396,-2.463815638458396,sequential,2.5e-06,30,0.1,
2981,10091102000.0,301.0,2.0,0.0,0.2232377101233571,1.4340705512102478,0.0,,-1.245206927145575,-1.245206927145575,sequential,2.5e-06,30,0.1,"(0.222, 0.333]"
2982,10091103000.0,301.0,3.0,0.0,1.0318501906518152,4.929409233309271,0.0,,-2.4636001063612407,-2.4636001063612407,sequential,2.5e-06,30,0.1,
2983,10091104000.0,301.0,4.0,0.0,0.5271121815199293,2.6419200708761195,0.0,,-1.67026115693465,-1.67026115693465,sequential,2.5e-06,30,0.1,"(0.444, 0.556]"
2984,10091105000.0,301.0,5.0,0.0,0.2227351930501139,5.129130717073027,0.0,,-1.2404870748501249,-1.2404870748501249,sequential,2.5e-06,30,0.1,"(0.222, 0.333]"
2985,10092100000.0,302.0,0.0,0.0,0.5268576173911709,8.092398296753935,0.0,,-1.669200923490303,-1.669200923490303,sequential,2.5e-06,30,0.4,"(0.444, 0.556]"
2986,10092101000.0,302.0,1.0,0.0,1.0404977538242228,6.748876687144522,0.0,,-2.419263915409851,-2.419263915409851,sequential,2.5e-06,30,0.4,
2987,10092102000.0,302.0,2.0,0.0,0.2232457429546594,5.478371065360529,0.0,,-1.2454574497081563,-1.2454574497081563,sequential,2.5e-06,30,0.4,"(0.222, 0.333]"
2988,10092103000.0,302.0,3.0,0.0,1.0311591659866,7.803636725972449,0.0,,-2.4617615201166223,-2.4617615201166223,sequential,2.5e-06,30,0.4,
2989,10092104000.0,302.0,4.0,0.0,0.5274102235169913,7.329479889280258,0.0,,-1.672585428341627,-1.672585428341627,sequential,2.5e-06,30,0.4,"(0.444, 0.556]"
2990,10092105000.0,302.0,5.0,0.0,0.2225352503839276,7.22622524829749,0.0,,-1.2390354373618928,-1.2390354373618928,sequential,2.5e-06,30,0.4,"(0.222, 0.333]"
2991,10093100000.0,303.0,0.0,0.0,0.5283758148244345,5.662210398258385,0.0,,-1.679282255706569,-1.679282255706569,sequential,2.5e-06,30,0.5,"(0.444, 0.556]"
2992,10093101000.0,303.0,1.0,0.0,1.0388419126604262,3.447987850188146,0.0,,-2.4814678779800734,-2.4814678779800734,sequential,2.5e-06,30,0.5,
2993,10093102000.0,303.0,2.0,0.0,0.223987323640454,5.5997564062327845,0.0,,-1.252401612202148,-1.252401612202148,sequential,2.5e-06,30,0.5,"(0.222, 0.333]"
2994,10093103000.0,303.0,3.0,0.0,1.049897588593594,7.238986005985356,0.0,,-2.4366112928938715,-2.4366112928938715,sequential,2.5e-06,30,0.5,
2995,10093104000.0,303.0,4.0,0.0,0.5277828806857755,7.856511386665717,0.0,,-1.67524380836149,-1.67524380836149,sequential,2.5e-06,30,0.5,"(0.444, 0.556]"
2996,10093105000.0,303.0,5.0,0.0,0.223497433707234,6.3520977647896855,0.0,,-1.2479067073696526,-1.2479067073696526,sequential,2.5e-06,30,0.5,"(0.222, 0.333]"
2997,10094100000.0,304.0,0.0,0.0,0.52932107984668,2.081089996886845,0.0,,-1.685313903465905,-1.685313903465905,sequential,2.5e-06,30,0.7,"(0.444, 0.556]"
2998,10094101000.0,304.0,1.0,0.0,1.0368125472151677,1.905830893740441,0.0,,-2.477344350339304,-2.477344350339304,sequential,2.5e-06,30,0.7,
2999,10094102000.0,304.0,2.0,0.0,0.222720733632476,2.6166704957364297,0.0,,-1.2403864578775097,-1.2403864578775097,sequential,2.5e-06,30,0.7,"(0.222, 0.333]"
3000,10094103000.0,304.0,3.0,0.0,1.0398711918935812,7.359725671653255,0.0,,-2.482836353746292,-2.482836353746292,sequential,2.5e-06,30,0.7,
3001,10094104000.0,304.0,4.0,0.0,0.5272026906385828,3.4517053076341497,0.0,,-1.6709276353769584,-1.6709276353769584,sequential,2.5e-06,30,0.7,"(0.444, 0.556]"
3002,10094105000.0,304.0,5.0,0.0,0.2227964112563373,2.510423905493875,0.0,,-1.2410938459292586,-1.2410938459292586,sequential,2.5e-06,30,0.7,"(0.222, 0.333]"
3003,10095100000.0,305.0,0.0,0.0,0.5287472150922042,1.4706197139080686,0.0,,-1.6830451984059516,-1.6830451984059516,sequential,2.5e-06,30,1.0,"(0.444, 0.556]"
3004,10095101000.0,305.0,1.0,0.0,1.046850084027156,8.404463967413852,0.0,,-2.4329582019710654,-2.4329582019710654,sequential,2.5e-06,30,1.0,
3005,10095102000.0,305.0,2.0,0.0,0.2240543140244029,1.089237281855327,0.0,,-1.2539728249413502,-1.2539728249413502,sequential,2.5e-06,30,1.0,"(0.222, 0.333]"
3006,10095103000.0,305.0,3.0,0.0,1.046858125889243,8.512402116149579,0.0,,-2.4329723602852664,-2.4329723602852664,sequential,2.5e-06,30,1.0,
3007,10095104000.0,305.0,4.0,0.0,0.5289227602935518,1.3607966721080236,0.0,,-1.684257986845244,-1.684257986845244,sequential,2.5e-06,30,1.0,"(0.444, 0.556]"
3008,10095105000.0,305.0,5.0,0.0,0.2245656376739192,0.95110296412614,0.0,,-1.2586839023769134,-1.2586839023769134,sequential,2.5e-06,30,1.0,"(0.222, 0.333]"
3009,10096100000.0,306.0,0.0,0.0,0.526606037174404,0.4207070978525292,0.0,,-1.6672622354876274,-1.6672622354876274,sequential,2.5e-06,30,1.5,"(0.444, 0.556]"
3010,10096101000.0,306.0,1.0,0.0,1.0416902136931,2.025153908353293,0.0,,-2.4211748806042808,-2.4211748806042808,sequential,2.5e-06,30,1.5,
3011,10096102000.0,306.0,2.0,0.0,0.2228574261390369,0.4863130082356011,0.0,,-1.2416778147492695,-1.2416778147492695,sequential,2.5e-06,30,1.5,"(0.222, 0.333]"
3012,10096103000.0,306.0,3.0,0.0,1.0320256260789065,3.543356766156895,0.0,,-2.4645253322258203,-2.4645253322258203,sequential,2.5e-06,30,1.5,
3013,10096104000.0,306.0,4.0,0.0,0.5262897606263008,0.4456452441651737,0.0,,-1.6651934072777872,-1.6651934072777872,sequential,2.5e-06,30,1.5,"(0.444, 0.556]"
3014,10096105000.0,306.0,5.0,0.0,0.2219858021496034,0.5233279367331679,0.0,,-1.265273306909516,-1.265273306909516,sequential,2.5e-06,30,1.5,"(0.111, 0.222]"
3015,10097100000.0,307.0,0.0,0.0,0.5279595705420783,0.1998490213131579,0.0,,-1.6761003858252228,-1.6761003858252228,sequential,2.5e-06,30,2.0,"(0.444, 0.556]"
3016,10097101000.0,307.0,1.0,0.0,1.0328285631578362,1.1398988402269716,0.0,,-2.46816217490828,-2.46816217490828,sequential,2.5e-06,30,2.0,
3017,10097102000.0,307.0,2.0,0.0,0.2229967869037398,0.3089851836966532,0.0,,-1.2429991563677238,-1.2429991563677238,sequential,2.5e-06,30,2.0,"(0.222, 0.333]"
3018,10097103000.0,307.0,3.0,0.0,1.0365072757871192,1.0459923428393996,0.0,,-2.4768557864238314,-2.4768557864238314,sequential,2.5e-06,30,2.0,
3019,10097104000.0,307.0,4.0,0.0,0.526995781139118,0.2170672296179001,0.0,,-1.6695886550342915,-1.6695886550342915,sequential,2.5e-06,30,2.0,"(0.444, 0.556]"
3020,10097105000.0,307.0,5.0,0.0,0.2233018964593586,0.3091322334882915,0.0,,-1.2458696760201544,-1.2458696760201544,sequential,2.5e-06,30,2.0,"(0.222, 0.333]"
3021,10098100000.0,329.0,0.0,0.0,0.4154367446556519,3.4824542678551187,0.0,,-1.9308429763486925,-1.9308429763486925,sequential,3e-06,30,0.1,"(0.333, 0.444]"
3022,10098101000.0,329.0,1.0,0.0,0.8705824850364806,4.701499955689654,0.0,,-2.78077734703464,-2.78077734703464,sequential,3e-06,30,0.1,"(0.778, 0.889]"
3023,10098102000.0,329.0,2.0,0.0,0.1764993938503729,1.4797304666201248,0.0,,-1.4612490002227576,-1.4612490002227576,sequential,3e-06,30,0.1,"(0.111, 0.222]"
3024,10098103000.0,329.0,3.0,0.0,0.8698455995695916,4.073180613311112,0.0,,-2.7784749211056186,-2.7784749211056186,sequential,3e-06,30,0.1,"(0.778, 0.889]"
3025,10098104000.0,329.0,4.0,0.0,0.4152727515646329,5.38527317467332,0.0,,-1.929354596781107,-1.929354596781107,sequential,3e-06,30,0.1,"(0.333, 0.444]"
3026,10098105000.0,329.0,5.0,0.0,0.1763991703223592,1.7165274081256818,0.0,,-1.4592573119225016,-1.4592573119225016,sequential,3e-06,30,0.1,"(0.111, 0.222]"
3027,10099100000.0,330.0,0.0,0.0,0.4159586987857303,6.850618900075225,0.0,,-1.9353617081754115,-1.9353617081754115,sequential,3e-06,30,0.4,"(0.333, 0.444]"
3028,10099101000.0,330.0,1.0,0.0,0.8653859922888242,5.195432722679614,0.0,,-2.84008091243973,-2.84008091243973,sequential,3e-06,30,0.4,"(0.778, 0.889]"
3029,10099102000.0,330.0,2.0,0.0,0.1767686172049261,9.26258774113765,0.0,,-1.4307257630553951,-1.4307257630553951,sequential,3e-06,30,0.4,"(0.111, 0.222]"
3030,10099103000.0,330.0,3.0,0.0,0.8563377854891319,1.7884013710017328,0.0,,-2.81512654246065,-2.81512654246065,sequential,3e-06,30,0.4,"(0.778, 0.889]"
3031,10099104000.0,330.0,4.0,0.0,0.413944134428786,8.882261012096281,0.0,,-1.9178121804144668,-1.9178121804144668,sequential,3e-06,30,0.4,"(0.333, 0.444]"
3032,10099105000.0,330.0,5.0,0.0,0.1764579192800549,8.363555607007136,0.0,,-1.4604195330017398,-1.4604195330017398,sequential,3e-06,30,0.4,"(0.111, 0.222]"
3033,10100100000.0,331.0,0.0,0.0,0.4099422678860634,8.86804846110342,0.0,,-1.9334483846420945,-1.9334483846420945,sequential,3e-06,30,0.5,"(0.333, 0.444]"
3034,10100101000.0,331.0,1.0,0.0,0.8433083236400654,2.7849440125695377,0.0,,-2.778495335947192,-2.778495335947192,sequential,3e-06,30,0.5,"(0.778, 0.889]"
3035,10100102000.0,331.0,2.0,0.0,0.1748938177464595,7.46360366850196,0.0,,-1.4307989662596978,-1.4307989662596978,sequential,3e-06,30,0.5,"(0.111, 0.222]"
3036,10100103000.0,331.0,3.0,0.0,0.8391370044696176,4.42870164906608,0.0,,-2.7681273288068677,-2.7681273288068677,sequential,3e-06,30,0.5,"(0.778, 0.889]"
3037,10100104000.0,331.0,4.0,0.0,0.4090294824777731,9.232347185459323,0.0,,-1.926688413273596,-1.926688413273596,sequential,3e-06,30,0.5,"(0.333, 0.444]"
3038,10100105000.0,331.0,5.0,0.0,0.1749433068424762,7.238571292656231,0.0,,-1.4317091753569384,-1.4317091753569384,sequential,3e-06,30,0.5,"(0.111, 0.222]"
3039,10101100000.0,332.0,0.0,0.0,0.414230094724739,2.857970744558977,0.0,,-1.9202907167202456,-1.9202907167202456,sequential,3e-06,30,0.7,"(0.333, 0.444]"
3040,10101101000.0,332.0,1.0,0.0,0.8583279210182413,7.225010654324301,0.0,,-2.8201260332028717,-2.8201260332028717,sequential,3e-06,30,0.7,"(0.778, 0.889]"
3041,10101102000.0,332.0,2.0,0.0,0.1762859883767596,2.539906774814481,0.0,,-1.4570021736582517,-1.4570021736582517,sequential,3e-06,30,0.7,"(0.111, 0.222]"
3042,10101103000.0,332.0,3.0,0.0,0.861371523523339,8.758164326402078,0.0,,-2.8288078810287254,-2.8288078810287254,sequential,3e-06,30,0.7,"(0.778, 0.889]"
3043,10101104000.0,332.0,4.0,0.0,0.4145269728229105,2.9429709368490635,0.0,,-1.9226198293198995,-1.9226198293198995,sequential,3e-06,30,0.7,"(0.333, 0.444]"
3044,10101105000.0,332.0,5.0,0.0,0.1764137347608357,2.2554172766292258,0.0,,-1.4595277522116292,-1.4595277522116292,sequential,3e-06,30,0.7,"(0.111, 0.222]"
3045,10102100000.0,333.0,0.0,0.0,0.4137964349350014,1.2290092802437893,0.0,,-1.9166882529388556,-1.9166882529388556,sequential,3e-06,30,1.0,"(0.333, 0.444]"
3046,10102101000.0,333.0,1.0,0.0,0.859452805397243,4.697226850286169,0.0,,-2.823629079119371,-2.823629079119371,sequential,3e-06,30,1.0,"(0.778, 0.889]"
3047,10102102000.0,333.0,2.0,0.0,0.1761225402810206,1.1391252796547224,0.0,,-1.4541556018797337,-1.4541556018797337,sequential,3e-06,30,1.0,"(0.111, 0.222]"
3048,10102103000.0,333.0,3.0,0.0,0.8605979997521549,5.0810957784546416,0.0,,-2.8268894703128487,-2.8268894703128487,sequential,3e-06,30,1.0,"(0.778, 0.889]"
3049,10102104000.0,333.0,4.0,0.0,0.4132723295071507,1.3760317301984673,0.0,,-1.9125081018901384,-1.9125081018901384,sequential,3e-06,30,1.0,"(0.333, 0.444]"
3050,10102105000.0,333.0,5.0,0.0,0.1768978363344834,0.9045276833796048,0.0,,-1.4335025811988251,-1.4335025811988251,sequential,3e-06,30,1.0,"(0.111, 0.222]"
3051,10103100000.0,334.0,0.0,0.0,0.4131927170112708,0.3620445597412813,0.0,,-1.910762488276172,-1.910762488276172,sequential,3e-06,30,1.5,"(0.333, 0.444]"
3052,10103101000.0,334.0,1.0,0.0,0.8581326841879743,2.65540094730369,0.0,,-2.8187710386913487,-2.8187710386913487,sequential,3e-06,30,1.5,"(0.778, 0.889]"
3053,10103102000.0,334.0,2.0,0.0,0.1762872916702929,0.4400189871833918,0.0,,-1.4567494979682536,-1.4567494979682536,sequential,3e-06,30,1.5,"(0.111, 0.222]"
3054,10103103000.0,334.0,3.0,0.0,0.8624466730292414,2.066843929725333,0.0,,-2.8307628517911256,-2.8307628517911256,sequential,3e-06,30,1.5,"(0.778, 0.889]"
3055,10103104000.0,334.0,4.0,0.0,0.4141517362895139,0.3215294072516641,0.0,,-1.9188704094148017,-1.9188704094148017,sequential,3e-06,30,1.5,"(0.333, 0.444]"
3056,10103105000.0,334.0,5.0,0.0,0.1762705424901272,0.4430182249726713,0.0,,-1.456417642165521,-1.456417642165521,sequential,3e-06,30,1.5,"(0.111, 0.222]"
3057,10104100000.0,335.0,0.0,0.0,0.4145761591623039,0.2008618607613652,0.0,,-1.923664099820704,-1.923664099820704,sequential,3e-06,30,2.0,"(0.333, 0.444]"
3058,10104101000.0,335.0,1.0,0.0,0.8721200931418428,0.8253627652389117,0.0,,-2.785920293322442,-2.785920293322442,sequential,3e-06,30,2.0,"(0.778, 0.889]"
3059,10104102000.0,335.0,2.0,0.0,0.1768539866965884,0.3143200622643643,0.0,,-1.4326545512557225,-1.4326545512557225,sequential,3e-06,30,2.0,"(0.111, 0.222]"
3060,10104103000.0,335.0,3.0,0.0,0.8672091972116878,1.0034449876166112,0.0,,-2.845883049650749,-2.845883049650749,sequential,3e-06,30,2.0,"(0.778, 0.889]"
3061,10104104000.0,335.0,4.0,0.0,0.4142235494068431,0.2045574090876758,0.0,,-1.9205680826942653,-1.9205680826942653,sequential,3e-06,30,2.0,"(0.333, 0.444]"
3062,10104105000.0,335.0,5.0,0.0,0.1762334118725349,0.3230017617930884,0.0,,-1.4564079757914787,-1.4564079757914787,sequential,3e-06,30,2.0,"(0.111, 0.222]"
3063,10105100000.0,357.0,0.0,0.0,0.2990578250165843,8.442293052955092,0.0,,-2.412640056659311,-2.412640056659311,sequential,4e-06,30,0.1,"(0.222, 0.333]"
3064,10105101000.0,357.0,1.0,0.0,0.6406609415654267,8.707869272793394,0.0,,-3.464957763182849,-3.464957763182849,sequential,4e-06,30,0.1,"(0.556, 0.667]"
3065,10105102000.0,357.0,2.0,0.0,0.1270624098356935,4.171138513991986,0.0,,-1.8078546414683088,-1.8078546414683088,sequential,4e-06,30,0.1,"(0.111, 0.222]"
3066,10105103000.0,357.0,3.0,0.0,0.637833786930661,8.300824987054886,0.0,,-3.535988432714957,-3.535988432714957,sequential,4e-06,30,0.1,"(0.556, 0.667]"
3067,10105104000.0,357.0,4.0,0.0,0.2984541104698365,8.49092027300933,0.0,,-2.3948000262355404,-2.3948000262355404,sequential,4e-06,30,0.1,"(0.222, 0.333]"
3068,10105105000.0,357.0,5.0,0.0,0.1277058222232333,1.881425769911341,0.0,,-1.8259742078774372,-1.8259742078774372,sequential,4e-06,30,0.1,"(0.111, 0.222]"
3069,10106100000.0,358.0,0.0,0.0,0.298179389956641,8.291300200503285,0.0,,-2.3849051177647707,-2.3849051177647707,sequential,4e-06,30,0.4,"(0.222, 0.333]"
3070,10106101000.0,358.0,1.0,0.0,0.6351261029214277,3.9229559218353063,0.0,,-3.5130652712845056,-3.5130652712845056,sequential,4e-06,30,0.4,"(0.556, 0.667]"
3071,10106102000.0,358.0,2.0,0.0,0.1272517178969581,7.644360716901219,0.0,,-1.8113841519649585,-1.8113841519649585,sequential,4e-06,30,0.4,"(0.111, 0.222]"
3072,10106103000.0,358.0,3.0,0.0,0.6343137762258615,3.452040656096092,0.0,,-3.507310152887232,-3.507310152887232,sequential,4e-06,30,0.4,"(0.556, 0.667]"
3073,10106104000.0,358.0,4.0,0.0,0.29721292031902,8.565425688225652,0.0,,-2.420280324037257,-2.420280324037257,sequential,4e-06,30,0.4,"(0.222, 0.333]"
3074,10106105000.0,358.0,5.0,0.0,0.1265699114314537,9.077493527100664,0.0,,-1.7924693121176756,-1.7924693121176756,sequential,4e-06,30,0.4,"(0.111, 0.222]"
3075,10107100000.0,359.0,0.0,0.0,0.2969745739180833,9.221214558812507,0.0,,-2.4140010988060734,-2.4140010988060734,sequential,4e-06,30,0.5,"(0.222, 0.333]"
3076,10107101000.0,359.0,1.0,0.0,0.6303569632534453,9.459980159136803,0.0,,-3.480545536310278,-3.480545536310278,sequential,4e-06,30,0.5,"(0.556, 0.667]"
3077,10107102000.0,359.0,2.0,0.0,0.1266432664696394,5.173668777787906,0.0,,-1.7943129153808377,-1.7943129153808377,sequential,4e-06,30,0.5,"(0.111, 0.222]"
3078,10107103000.0,359.0,3.0,0.0,0.6302794641441306,3.2256378939267774,0.0,,-3.480031178306052,-3.480031178306052,sequential,4e-06,30,0.5,"(0.556, 0.667]"
3079,10107104000.0,359.0,4.0,0.0,0.2980458285368733,4.929377520853376,0.0,,-2.441267156666656,-2.441267156666656,sequential,4e-06,30,0.5,"(0.222, 0.333]"
3080,10107105000.0,359.0,5.0,0.0,0.1262426976365706,6.968668633311888,0.0,,-1.7835453635373564,-1.7835453635373564,sequential,4e-06,30,0.5,"(0.111, 0.222]"
3081,10108100000.0,360.0,0.0,0.0,0.2982403282706398,2.197887698401791,0.0,,-2.3868377346858547,-2.3868377346858547,sequential,4e-06,30,0.7,"(0.222, 0.333]"
3082,10108101000.0,360.0,1.0,0.0,0.635889675652623,2.0203646163087656,0.0,,-3.5188495729024,-3.5188495729024,sequential,4e-06,30,0.7,"(0.556, 0.667]"
3083,10108102000.0,360.0,2.0,0.0,0.1267918483214154,2.3460427369414734,0.0,,-1.7988411309590753,-1.7988411309590753,sequential,4e-06,30,0.7,"(0.111, 0.222]"
3084,10108103000.0,360.0,3.0,0.0,0.6372569524289201,1.8031908446515168,0.0,,-3.528237895515093,-3.528237895515093,sequential,4e-06,30,0.7,"(0.556, 0.667]"
3085,10108104000.0,360.0,4.0,0.0,0.2976007130919602,3.108155712544251,0.0,,-2.430100971344804,-2.430100971344804,sequential,4e-06,30,0.7,"(0.222, 0.333]"
3086,10108105000.0,360.0,5.0,0.0,0.1270245567443026,2.085917128518828,0.0,,-1.8051824484812649,-1.8051824484812649,sequential,4e-06,30,0.7,"(0.111, 0.222]"
3087,10109100000.0,361.0,0.0,0.0,0.2976549879843945,1.0072914536045,0.0,,-2.432347278261444,-2.432347278261444,sequential,4e-06,30,1.0,"(0.222, 0.333]"
3088,10109101000.0,361.0,1.0,0.0,0.634524920453575,6.750867993910036,0.0,,-3.51056414417677,-3.51056414417677,sequential,4e-06,30,1.0,"(0.556, 0.667]"
3089,10109102000.0,361.0,2.0,0.0,0.126368339858444,1.1879530195029655,0.0,,-1.7879968371880877,-1.7879968371880877,sequential,4e-06,30,1.0,"(0.111, 0.222]"
3090,10109103000.0,361.0,3.0,0.0,0.6345264399084974,7.762733390992131,0.0,,-3.5105730823867347,-3.5105730823867347,sequential,4e-06,30,1.0,"(0.556, 0.667]"
3091,10109104000.0,361.0,4.0,0.0,0.2970807634610927,1.2659210957764266,0.0,,-2.4180465367270374,-2.4180465367270374,sequential,4e-06,30,1.0,"(0.222, 0.333]"
3092,10109105000.0,361.0,5.0,0.0,0.1265466495542958,1.1601125028706618,0.0,,-1.7925759889181123,-1.7925759889181123,sequential,4e-06,30,1.0,"(0.111, 0.222]"
3093,10110100000.0,362.0,0.0,0.0,0.2972239283700363,0.4167121076407269,0.0,,-2.42061466331526,-2.42061466331526,sequential,4e-06,30,1.5,"(0.222, 0.333]"
3094,10110101000.0,362.0,1.0,0.0,0.631646483141213,2.803474188542335,0.0,,-3.489718909642119,-3.489718909642119,sequential,4e-06,30,1.5,"(0.556, 0.667]"
3095,10110102000.0,362.0,2.0,0.0,0.1271510840309016,0.4181124185452898,0.0,,-1.8087171601988743,-1.8087171601988743,sequential,4e-06,30,1.5,"(0.111, 0.222]"
3096,10110103000.0,362.0,3.0,0.0,0.6325200024914477,2.6581179117653964,0.0,,-3.495611455773474,-3.495611455773474,sequential,4e-06,30,1.5,"(0.556, 0.667]"
3097,10110104000.0,362.0,4.0,0.0,0.2984781996065261,0.2852409191143122,0.0,,-2.3932971935756955,-2.3932971935756955,sequential,4e-06,30,1.5,"(0.222, 0.333]"
3098,10110105000.0,362.0,5.0,0.0,0.1264344364123421,0.4888096985840919,0.0,,-1.78906160315249,-1.78906160315249,sequential,4e-06,30,1.5,"(0.111, 0.222]"
3099,10111100000.0,363.0,0.0,0.0,0.2975474579947778,0.2055747465669276,0.0,,-2.42877636817595,-2.42877636817595,sequential,4e-06,30,2.0,"(0.222, 0.333]"
3100,10111101000.0,363.0,1.0,0.0,0.6324321059565258,1.2959113130973057,0.0,,-3.4954572657213565,-3.4954572657213565,sequential,4e-06,30,2.0,"(0.556, 0.667]"
3101,10111102000.0,363.0,2.0,0.0,0.127068890994226,0.305050806057351,0.0,,-1.806491528368965,-1.806491528368965,sequential,4e-06,30,2.0,"(0.111, 0.222]"
3102,10111103000.0,363.0,3.0,0.0,0.6337758723349721,1.0255449202934852,0.0,,-3.5046277317702668,-3.5046277317702668,sequential,4e-06,30,2.0,"(0.556, 0.667]"
3103,10111104000.0,363.0,4.0,0.0,0.2976995243807213,0.1999120453532583,0.0,,-2.432762279748854,-2.432762279748854,sequential,4e-06,30,2.0,"(0.222, 0.333]"
3104,10111105000.0,363.0,5.0,0.0,0.1266619462625429,0.3226755720941163,0.0,,-1.7952569875850095,-1.7952569875850095,sequential,4e-06,30,2.0,"(0.111, 0.222]"
3105,10000100000.0,252.0,0.0,0.0,0.6136477950554979,2.835464761028714,0.0,,-1.1809805600058136,-1.1809805600058136,sequential,2.2e-06,1,0.1,"(0.556, 0.667]"
3106,10000101000.0,252.0,1.0,0.0,1.3145120788922902,2.9468219038634715,0.0,,-1.693694374597586,-1.693694374597586,sequential,2.2e-06,1,0.1,
3107,10000102000.0,252.0,2.0,0.0,0.2622769255064978,8.120394031421826,0.0,,-0.8806342463267683,-0.8806342463267683,sequential,2.2e-06,1,0.1,"(0.222, 0.333]"
3108,10000103000.0,252.0,3.0,0.0,1.3222075266730744,7.005127943664912,0.0,,-1.7117125110363154,-1.7117125110363154,sequential,2.2e-06,1,0.1,
3109,10000104000.0,252.0,4.0,0.0,0.6140241715962317,3.438300481732821,0.0,,-1.158146210709999,-1.158146210709999,sequential,2.2e-06,1,0.1,"(0.556, 0.667]"
3110,10000105000.0,252.0,5.0,0.0,0.261257863089413,4.291351934462407,0.0,,-0.8738636076982734,-0.8738636076982734,sequential,2.2e-06,1,0.1,"(0.222, 0.333]"
3111,10001100000.0,253.0,0.0,0.0,0.6130709888321689,3.372835323041032,0.0,,-1.1775545587952705,-1.1775545587952705,sequential,2.2e-06,1,0.4,"(0.556, 0.667]"
3112,10001101000.0,253.0,1.0,0.0,1.3241924529036484,2.859701758245868,0.0,,-1.7165334358948692,-1.7165334358948692,sequential,2.2e-06,1,0.4,
3113,10001102000.0,253.0,2.0,0.0,0.2616484485487694,4.255968917186004,0.0,,-0.8764347651181226,-0.8764347651181226,sequential,2.2e-06,1,0.4,"(0.222, 0.333]"
3114,10001103000.0,253.0,3.0,0.0,1.3162976244042273,7.661857972211731,0.0,,-1.6972645665667887,-1.6972645665667887,sequential,2.2e-06,1,0.4,
3115,10001104000.0,253.0,4.0,0.0,0.6133097092886219,3.390439599111984,0.0,,-1.1789314680840923,-1.1789314680840923,sequential,2.2e-06,1,0.4,"(0.556, 0.667]"
3116,10001105000.0,253.0,5.0,0.0,0.2615109994187332,4.5826328706975925,0.0,,-0.8755093172128501,-0.8755093172128501,sequential,2.2e-06,1,0.4,"(0.222, 0.333]"
3117,10002100000.0,254.0,0.0,0.0,0.6128503759695729,6.6604893675997605,0.0,,-1.1762905806528792,-1.1762905806528792,sequential,2.2e-06,1,0.5,"(0.556, 0.667]"
3118,10002101000.0,254.0,1.0,0.0,1.3167342135775102,4.257038180671133,0.0,,-1.6983007733619957,-1.6983007733619957,sequential,2.2e-06,1,0.5,
3119,10002102000.0,254.0,2.0,0.0,0.2619695258704527,5.632391611621668,0.0,,-0.8784822088854035,-0.8784822088854035,sequential,2.2e-06,1,0.5,"(0.222, 0.333]"
3120,10002103000.0,254.0,3.0,0.0,1.3211005366652309,9.097052987551988,0.0,,-1.708722433260403,-1.708722433260403,sequential,2.2e-06,1,0.5,
3121,10002104000.0,254.0,4.0,0.0,0.6130748407294223,9.18947067476497,0.0,,-1.177575559212843,-1.177575559212843,sequential,2.2e-06,1,0.5,"(0.556, 0.667]"
3122,10002105000.0,254.0,5.0,0.0,0.2609381627339028,6.1303193235349775,0.0,,-0.871833844233577,-0.871833844233577,sequential,2.2e-06,1,0.5,"(0.222, 0.333]"
3123,10003100000.0,255.0,0.0,0.0,0.614100361547925,3.300951008377667,0.0,,-1.1585771212175286,-1.1585771212175286,sequential,2.2e-06,1,0.7,"(0.556, 0.667]"
3124,10003101000.0,255.0,1.0,0.0,1.317846499328319,2.032961330873488,0.0,,-1.7010546605440675,-1.7010546605440675,sequential,2.2e-06,1,0.7,
3125,10003102000.0,255.0,2.0,0.0,0.2605664395902839,3.2015723803432,0.0,,-0.8694353101466071,-0.8694353101466071,sequential,2.2e-06,1,0.7,"(0.222, 0.333]"
3126,10003103000.0,255.0,3.0,0.0,1.3247001051889626,4.878351534137706,0.0,,-1.7179708039723065,-1.7179708039723065,sequential,2.2e-06,1,0.7,
3127,10003104000.0,255.0,4.0,0.0,0.6129669919850176,3.941191666685851,0.0,,-1.1770027952991189,-1.1770027952991189,sequential,2.2e-06,1,0.7,"(0.556, 0.667]"
3128,10003105000.0,255.0,5.0,0.0,0.2612414439691373,2.854379829623075,0.0,,-0.8737284431589435,-0.8737284431589435,sequential,2.2e-06,1,0.7,"(0.222, 0.333]"
3129,10004100000.0,256.0,0.0,0.0,0.6153293883889688,1.0879957609369693,0.0,,-1.167198752898822,-1.167198752898822,sequential,2.2e-06,1,1.0,"(0.556, 0.667]"
3130,10004101000.0,256.0,1.0,0.0,1.3191623573047282,5.999754702170295,0.0,,-1.7061113903478948,-1.7061113903478948,sequential,2.2e-06,1,1.0,
3131,10004102000.0,256.0,2.0,0.0,0.2615924919050832,1.2511304379928645,0.0,,-0.8769092879246612,-0.8769092879246612,sequential,2.2e-06,1,1.0,"(0.222, 0.333]"
3132,10004103000.0,256.0,3.0,0.0,1.3256219177206472,9.96017856874787,0.0,,-1.722442676864776,-1.722442676864776,sequential,2.2e-06,1,1.0,
3133,10004104000.0,256.0,4.0,0.0,0.6133165121444359,1.653791963859904,0.0,,-1.1802640894184728,-1.1802640894184728,sequential,2.2e-06,1,1.0,"(0.556, 0.667]"
3134,10004105000.0,256.0,5.0,0.0,0.262759689437296,1.0476328590298274,0.0,,-0.8663921062058673,-0.8663921062058673,sequential,2.2e-06,1,1.0,"(0.222, 0.333]"
3135,10005100000.0,257.0,0.0,0.0,0.6120592763719873,0.4401326028507331,0.0,,-1.1715587770227551,-1.1715587770227551,sequential,2.2e-06,1,1.5,"(0.556, 0.667]"
3136,10005101000.0,257.0,1.0,0.0,1.3156736755617608,3.23072920867673,0.0,,-1.6953074860086532,-1.6953074860086532,sequential,2.2e-06,1,1.5,
3137,10005102000.0,257.0,2.0,0.0,0.2613118773866544,0.4724459302957277,0.0,,-0.8740248246082098,-0.8740248246082098,sequential,2.2e-06,1,1.5,"(0.222, 0.333]"
3138,10005103000.0,257.0,3.0,0.0,1.3191476916102114,2.259078894705145,0.0,,-1.70338981719725,-1.70338981719725,sequential,2.2e-06,1,1.5,
3139,10005104000.0,257.0,4.0,0.0,0.6113755718911539,0.4787262102303844,0.0,,-1.1680301285932302,-1.1680301285932302,sequential,2.2e-06,1,1.5,"(0.556, 0.667]"
3140,10005105000.0,257.0,5.0,0.0,0.2602130039870586,0.5316874798237725,0.0,,-0.8669068418808643,-0.8669068418808643,sequential,2.2e-06,1,1.5,"(0.222, 0.333]"
3141,10006100000.0,258.0,0.0,0.0,0.6140246308418572,0.2018593008811827,0.0,,-1.1581589134539396,-1.1581589134539396,sequential,2.2e-06,1,2.0,"(0.556, 0.667]"
3142,10006101000.0,258.0,1.0,0.0,1.317180689490101,1.568438411064303,0.0,,-1.6995545653934017,-1.6995545653934017,sequential,2.2e-06,1,2.0,
3143,10006102000.0,258.0,2.0,0.0,0.2603243641229453,0.3418031718408751,0.0,,-0.868075561832173,-0.868075561832173,sequential,2.2e-06,1,2.0,"(0.222, 0.333]"
3144,10006103000.0,258.0,3.0,0.0,1.3173172581373236,1.6125058291775467,0.0,,-1.6998804480878358,-1.6998804480878358,sequential,2.2e-06,1,2.0,
3145,10006104000.0,258.0,4.0,0.0,0.6131081685563087,0.22274379294629,0.0,,-1.1778671273492225,-1.1778671273492225,sequential,2.2e-06,1,2.0,"(0.556, 0.667]"
3146,10006105000.0,258.0,5.0,0.0,0.2622478305871825,0.3102656987941883,0.0,,-0.8804391459433578,-0.8804391459433578,sequential,2.2e-06,1,2.0,"(0.222, 0.333]"
3147,10007100000.0,259.0,0.0,0.0,0.6167122326510657,9.240569640731422,0.0,,-1.4276531641986934,-1.4276531641986934,sequential,2.2e-06,2,0.1,"(0.556, 0.667]"
3148,10007101000.0,259.0,1.0,0.0,1.3231257270764938,8.615137836339041,0.0,,-2.1285588234793256,-2.1285588234793256,sequential,2.2e-06,2,0.1,
3149,10007102000.0,259.0,2.0,0.0,0.2621155407343276,3.916537950320029,0.0,,-1.0829398159341108,-1.0829398159341108,sequential,2.2e-06,2,0.1,"(0.222, 0.333]"
3150,10007103000.0,259.0,3.0,0.0,1.3182328160432824,6.798054367031803,0.0,,-2.115058717797053,-2.115058717797053,sequential,2.2e-06,2,0.1,
3151,10007104000.0,259.0,4.0,0.0,0.6166166912752756,3.4573943516719394,0.0,,-1.427021678599183,-1.427021678599183,sequential,2.2e-06,2,0.1,"(0.556, 0.667]"
3152,10007105000.0,259.0,5.0,0.0,0.2627643564164883,9.495719867886386,0.0,,-1.0877530831234885,-1.0877530831234885,sequential,2.2e-06,2,0.1,"(0.222, 0.333]"
3153,10008100000.0,260.0,0.0,0.0,0.6174316307374322,3.231066762949633,0.0,,-1.4320168085306488,-1.4320168085306488,sequential,2.2e-06,2,0.4,"(0.556, 0.667]"
3154,10008101000.0,260.0,1.0,0.0,1.3159478664966378,3.951078924405112,0.0,,-2.10847449099829,-2.10847449099829,sequential,2.2e-06,2,0.4,
3155,10008102000.0,260.0,2.0,0.0,0.2610823473557229,7.339514042481956,0.0,,-1.0751767691555023,-1.0751767691555023,sequential,2.2e-06,2,0.4,"(0.222, 0.333]"
3156,10008103000.0,260.0,3.0,0.0,1.3085824896160003,6.794127793343167,0.0,,-2.0906690963518595,-2.0906690963518595,sequential,2.2e-06,2,0.4,
3157,10008104000.0,260.0,4.0,0.0,0.6168492609996044,8.631668260422185,0.0,,-1.4282956160903293,-1.4282956160903293,sequential,2.2e-06,2,0.4,"(0.556, 0.667]"
3158,10008105000.0,260.0,5.0,0.0,0.2625882710533829,8.625058999469175,0.0,,-1.0862403463915362,-1.0862403463915362,sequential,2.2e-06,2,0.4,"(0.222, 0.333]"
3159,10009100000.0,261.0,0.0,0.0,0.6179775992503849,8.919988051937803,0.0,,-1.4360565172294488,-1.4360565172294488,sequential,2.2e-06,2,0.5,"(0.556, 0.667]"
3160,10009101000.0,261.0,1.0,0.0,1.315646998038271,3.684211064962429,0.0,,-2.108646094987888,-2.108646094987888,sequential,2.2e-06,2,0.5,
3161,10009102000.0,261.0,2.0,0.0,0.2620113500516972,7.502117176370117,0.0,,-1.0821937019208097,-1.0821937019208097,sequential,2.2e-06,2,0.5,"(0.222, 0.333]"
3162,10009103000.0,261.0,3.0,0.0,1.3145630109397437,3.182506300777894,0.0,,-2.1058195179835617,-2.1058195179835617,sequential,2.2e-06,2,0.5,
3163,10009104000.0,261.0,4.0,0.0,0.6181154819772327,7.3776166872327025,0.0,,-1.4370185753299576,-1.4370185753299576,sequential,2.2e-06,2,0.5,"(0.556, 0.667]"
3164,10009105000.0,261.0,5.0,0.0,0.2620295499225487,7.374786318278285,0.0,,-1.0823308438475323,-1.0823308438475323,sequential,2.2e-06,2,0.5,"(0.222, 0.333]"
3165,10010100000.0,262.0,0.0,0.0,0.6164453650944814,4.795521510837335,0.0,,-1.4263127855727855,-1.4263127855727855,sequential,2.2e-06,2,0.7,"(0.556, 0.667]"
3166,10010101000.0,262.0,1.0,0.0,1.3156773215436102,2.3262340891241724,0.0,,-2.1088852684703623,-2.1088852684703623,sequential,2.2e-06,2,0.7,
3167,10010102000.0,262.0,2.0,0.0,0.2630764439579728,2.2422118382298177,0.0,,-1.0902571055581205,-1.0902571055581205,sequential,2.2e-06,2,0.7,"(0.222, 0.333]"
3168,10010103000.0,262.0,3.0,0.0,1.3170826456212628,2.152210307554709,0.0,,-2.112596435432425,-2.112596435432425,sequential,2.2e-06,2,0.7,
3169,10010104000.0,262.0,4.0,0.0,0.6186531517613266,2.5372372032833934,0.0,,-1.4408769027333246,-1.4408769027333246,sequential,2.2e-06,2,0.7,"(0.556, 0.667]"
3170,10010105000.0,262.0,5.0,0.0,0.2632756259297898,2.3176705578674146,0.0,,-1.0918097142394754,-1.0918097142394754,sequential,2.2e-06,2,0.7,"(0.222, 0.333]"
3171,10011100000.0,263.0,0.0,0.0,0.6156840634335167,1.4045280955875907,0.0,,-1.456380620734514,-1.456380620734514,sequential,2.2e-06,2,1.0,"(0.556, 0.667]"
3172,10011101000.0,263.0,1.0,0.0,1.3135279301309717,8.87877174466827,0.0,,-2.1027479598890126,-2.1027479598890126,sequential,2.2e-06,2,1.0,
3173,10011102000.0,263.0,2.0,0.0,0.2611867333525536,1.4040029337995947,0.0,,-1.0760401977278962,-1.0760401977278962,sequential,2.2e-06,2,1.0,"(0.222, 0.333]"
3174,10011103000.0,263.0,3.0,0.0,1.318497217888229,9.556725016283494,0.0,,-2.115550881609776,-2.115550881609776,sequential,2.2e-06,2,1.0,
3175,10011104000.0,263.0,4.0,0.0,0.6156086948565284,1.4752226775503892,0.0,,-1.455911963693611,-1.455911963693611,sequential,2.2e-06,2,1.0,"(0.556, 0.667]"
3176,10011105000.0,263.0,5.0,0.0,0.2627143149225723,1.0093579743149608,0.0,,-1.087275469532189,-1.087275469532189,sequential,2.2e-06,2,1.0,"(0.222, 0.333]"
3177,10012100000.0,264.0,0.0,0.0,0.6196604976287542,0.3242404195789454,0.0,,-1.448037369907764,-1.448037369907764,sequential,2.2e-06,2,1.5,"(0.556, 0.667]"
3178,10012101000.0,264.0,1.0,0.0,1.3249592734647553,1.9199912596711903,0.0,,-2.1342711517129622,-2.1342711517129622,sequential,2.2e-06,2,1.5,
3179,10012102000.0,264.0,2.0,0.0,0.2617049832980997,0.5928401430230043,0.0,,-1.0801941274837548,-1.0801941274837548,sequential,2.2e-06,2,1.5,"(0.222, 0.333]"
3180,10012103000.0,264.0,3.0,0.0,1.3172836584163528,3.553908309444835,0.0,,-2.113239430513495,-2.113239430513495,sequential,2.2e-06,2,1.5,
3181,10012104000.0,264.0,4.0,0.0,0.6176860223666798,0.3845897937144578,0.0,,-1.4344019841206463,-1.4344019841206463,sequential,2.2e-06,2,1.5,"(0.556, 0.667]"
3182,10012105000.0,264.0,5.0,0.0,0.2624975665385105,0.5205047103595984,0.0,,-1.0859828919331993,-1.0859828919331993,sequential,2.2e-06,2,1.5,"(0.222, 0.333]"
3183,10013100000.0,265.0,0.0,0.0,0.6155918456125152,0.2218637892301443,0.0,,-1.4558047023702942,-1.4558047023702942,sequential,2.2e-06,2,2.0,"(0.556, 0.667]"
3184,10013101000.0,265.0,1.0,0.0,1.3107350572485494,1.6432688637497348,0.0,,-2.0961465710415355,-2.0961465710415355,sequential,2.2e-06,2,2.0,
3185,10013102000.0,265.0,2.0,0.0,0.2618785993413814,0.3336439814520599,0.0,,-1.0810327566828544,-1.0810327566828544,sequential,2.2e-06,2,2.0,"(0.222, 0.333]"
3186,10013103000.0,265.0,3.0,0.0,1.320278128887221,0.894278696922967,0.0,,-2.120509370338603,-2.120509370338603,sequential,2.2e-06,2,2.0,
3187,10013104000.0,265.0,4.0,0.0,0.6162130606273513,0.2178791001406405,0.0,,-1.4594773276881503,-1.4594773276881503,sequential,2.2e-06,2,2.0,"(0.556, 0.667]"
3188,10013105000.0,265.0,5.0,0.0,0.2626080918004534,0.3169922802646469,0.0,,-1.08645192496985,-1.08645192496985,sequential,2.2e-06,2,2.0,"(0.222, 0.333]"
3189,10014100000.0,266.0,0.0,0.0,0.6227489288905302,8.859310695161502,0.0,,-1.541949899430206,-1.541949899430206,sequential,2.2e-06,10,0.1,"(0.556, 0.667]"
3190,10014101000.0,266.0,1.0,0.0,1.261883195466912,2.933504953918031,0.0,,-2.245409585245996,-2.245409585245996,sequential,2.2e-06,10,0.1,
3191,10014102000.0,266.0,2.0,0.0,0.2634614357670168,5.157147543606726,0.0,,-1.1322933041733736,-1.1322933041733736,sequential,2.2e-06,10,0.1,"(0.222, 0.333]"
3192,10014103000.0,266.0,3.0,0.0,1.2636056860653315,5.399131249578871,0.0,,-2.2501065250460823,-2.2501065250460823,sequential,2.2e-06,10,0.1,
3193,10014104000.0,266.0,4.0,0.0,0.6211970944437397,3.563651822602776,0.0,,-1.5316818867870627,-1.5316818867870627,sequential,2.2e-06,10,0.1,"(0.556, 0.667]"
3194,10014105000.0,266.0,5.0,0.0,0.2637875791170484,3.957053230165041,0.0,,-1.1348701993821628,-1.1348701993821628,sequential,2.2e-06,10,0.1,"(0.222, 0.333]"
3195,10015100000.0,267.0,0.0,0.0,0.6223592674250759,3.513672596880141,0.0,,-1.5405626995771924,-1.5405626995771924,sequential,2.2e-06,10,0.4,"(0.556, 0.667]"
3196,10015101000.0,267.0,1.0,0.0,1.2726170051911945,9.664094450724551,0.0,,-2.219663464590081,-2.219663464590081,sequential,2.2e-06,10,0.4,
3197,10015102000.0,267.0,2.0,0.0,0.2644760376626829,9.987971834980074,0.0,,-1.1411645984295924,-1.1411645984295924,sequential,2.2e-06,10,0.4,"(0.222, 0.333]"
3198,10015103000.0,267.0,3.0,0.0,1.2679035697014611,6.819025135690809,0.0,,-2.264482416598627,-2.264482416598627,sequential,2.2e-06,10,0.4,
3199,10015104000.0,267.0,4.0,0.0,0.6225964220157193,3.4829589163339403,0.0,,-1.5421749052464075,-1.5421749052464075,sequential,2.2e-06,10,0.4,"(0.556, 0.667]"
3200,10015105000.0,267.0,5.0,0.0,0.2644008887852146,9.641882609202716,0.0,,-1.1405642058746224,-1.1405642058746224,sequential,2.2e-06,10,0.4,"(0.222, 0.333]"
3201,10016100000.0,268.0,0.0,0.0,0.6203026928240631,5.006605585182674,0.0,,-1.526027561489881,-1.526027561489881,sequential,2.2e-06,10,0.5,"(0.556, 0.667]"
3202,10016101000.0,268.0,1.0,0.0,1.2700555645917626,8.396537992614743,0.0,,-2.20901662069041,-2.20901662069041,sequential,2.2e-06,10,0.5,
3203,10016102000.0,268.0,2.0,0.0,0.2626970379140687,9.307815785353847,0.0,,-1.1264504349409183,-1.1264504349409183,sequential,2.2e-06,10,0.5,"(0.222, 0.333]"
3204,10016103000.0,268.0,3.0,0.0,1.2675714460872851,8.193286075719737,0.0,,-2.26079919284273,-2.26079919284273,sequential,2.2e-06,10,0.5,
3205,10016104000.0,268.0,4.0,0.0,0.619752972011504,6.906178244537763,0.0,,-1.522549155475296,-1.522549155475296,sequential,2.2e-06,10,0.5,"(0.556, 0.667]"
3206,10016105000.0,268.0,5.0,0.0,0.264212262098715,6.403723124381339,0.0,,-1.138056350796169,-1.138056350796169,sequential,2.2e-06,10,0.5,"(0.222, 0.333]"
3207,10017100000.0,269.0,0.0,0.0,0.6197809368836615,4.096288918517936,0.0,,-1.5227288700527488,-1.5227288700527488,sequential,2.2e-06,10,0.7,"(0.556, 0.667]"
3208,10017101000.0,269.0,1.0,0.0,1.263744927048846,9.163900519851383,0.0,,-2.250314954699689,-2.250314954699689,sequential,2.2e-06,10,0.7,
3209,10017102000.0,269.0,2.0,0.0,0.2642926435657606,2.070328444676996,0.0,,-1.1387076763765454,-1.1387076763765454,sequential,2.2e-06,10,0.7,"(0.222, 0.333]"
3210,10017103000.0,269.0,3.0,0.0,1.270589012971476,4.636521930942989,0.0,,-2.2106946867970394,-2.2106946867970394,sequential,2.2e-06,10,0.7,
3211,10017104000.0,269.0,4.0,0.0,0.6223902788772576,2.125816434225868,0.0,,-1.539409476560844,-1.539409476560844,sequential,2.2e-06,10,0.7,"(0.556, 0.667]"
3212,10017105000.0,269.0,5.0,0.0,0.2640978713664776,2.167404909831304,0.0,,-1.1371361103661115,-1.1371361103661115,sequential,2.2e-06,10,0.7,"(0.222, 0.333]"
3213,10018100000.0,270.0,0.0,0.0,0.6228725067042424,0.7734517203942558,0.0,,-1.5428117416663911,-1.5428117416663911,sequential,2.2e-06,10,1.0,"(0.556, 0.667]"
3214,10018101000.0,270.0,1.0,0.0,1.2678999574691834,9.916622358585611,0.0,,-2.2619171897325416,-2.2619171897325416,sequential,2.2e-06,10,1.0,
3215,10018102000.0,270.0,2.0,0.0,0.2641742015143294,1.0120855421109356,0.0,,-1.1378001415045758,-1.1378001415045758,sequential,2.2e-06,10,1.0,"(0.222, 0.333]"
3216,10018103000.0,270.0,3.0,0.0,1.2686361552713434,8.881657050164625,0.0,,-2.264089121266359,-2.264089121266359,sequential,2.2e-06,10,1.0,
3217,10018104000.0,270.0,4.0,0.0,0.6206434234430229,1.2219615464066764,0.0,,-1.528314637868057,-1.528314637868057,sequential,2.2e-06,10,1.0,"(0.556, 0.667]"
3218,10018105000.0,270.0,5.0,0.0,0.2644968238681993,1.0022054187282667,0.0,,-1.1404066554144223,-1.1404066554144223,sequential,2.2e-06,10,1.0,"(0.222, 0.333]"
3219,10019100000.0,271.0,0.0,0.0,0.6215516985422606,0.3506323641656934,0.0,,-1.534531218379623,-1.534531218379623,sequential,2.2e-06,10,1.5,"(0.556, 0.667]"
3220,10019101000.0,271.0,1.0,0.0,1.2617881234342183,3.887479671363675,0.0,,-2.245988712260349,-2.245988712260349,sequential,2.2e-06,10,1.5,
3221,10019102000.0,271.0,2.0,0.0,0.2620568897295346,0.558279914173835,0.0,,-1.1507002573312322,-1.1507002573312322,sequential,2.2e-06,10,1.5,"(0.222, 0.333]"
3222,10019103000.0,271.0,3.0,0.0,1.2663550181764085,2.819900276979133,0.0,,-2.258293335025456,-2.258293335025456,sequential,2.2e-06,10,1.5,
3223,10019104000.0,271.0,4.0,0.0,0.6215821034902724,0.3465725832188725,0.0,,-1.5347347906166289,-1.5347347906166289,sequential,2.2e-06,10,1.5,"(0.556, 0.667]"
3224,10019105000.0,271.0,5.0,0.0,0.261941024991342,0.5577146289982834,0.0,,-1.1498442631838297,-1.1498442631838297,sequential,2.2e-06,10,1.5,"(0.222, 0.333]"
3225,10020100000.0,272.0,0.0,0.0,0.6207746348235073,0.228093301294764,0.0,,-1.5302440749804105,-1.5302440749804105,sequential,2.2e-06,10,2.0,"(0.556, 0.667]"
3226,10020101000.0,272.0,1.0,0.0,1.2657155937824858,1.864622897617187,0.0,,-2.25793444640609,-2.25793444640609,sequential,2.2e-06,10,2.0,
3227,10020102000.0,272.0,2.0,0.0,0.264134804245198,0.3239494975597846,0.0,,-1.1383470771468234,-1.1383470771468234,sequential,2.2e-06,10,2.0,"(0.222, 0.333]"
3228,10020103000.0,272.0,3.0,0.0,1.2653883251095217,1.8088678618204224,0.0,,-2.257011620600369,-2.257011620600369,sequential,2.2e-06,10,2.0,
3229,10020104000.0,272.0,4.0,0.0,0.6229604317513241,0.1901301616602331,0.0,,-1.544543729075629,-1.544543729075629,sequential,2.2e-06,10,2.0,"(0.556, 0.667]"
3230,10020105000.0,272.0,5.0,0.0,0.2634582294058292,0.3329691430412695,0.0,,-1.1332208644561397,-1.1332208644561397,sequential,2.2e-06,10,2.0,"(0.222, 0.333]"
3231,10021100000.0,273.0,0.0,0.0,0.6250336891787677,7.631247512898335,0.0,,-1.5384280240148294,-1.5384280240148294,sequential,2.2e-06,30,0.1,"(0.556, 0.667]"
3232,10021101000.0,273.0,1.0,0.0,1.21316157553214,6.686937204846827,0.0,,-2.24364076540175,-2.24364076540175,sequential,2.2e-06,30,0.1,
3233,10021102000.0,273.0,2.0,0.0,0.2638852654051003,4.069944044492422,0.0,,-1.1296046808235145,-1.1296046808235145,sequential,2.2e-06,30,0.1,"(0.222, 0.333]"
3234,10021103000.0,273.0,3.0,0.0,1.2124657928928393,4.93141292206276,0.0,,-2.241692466467005,-2.241692466467005,sequential,2.2e-06,30,0.1,
3235,10021104000.0,273.0,4.0,0.0,0.6235922145428412,8.283551282119726,0.0,,-1.5296455340330093,-1.5296455340330093,sequential,2.2e-06,30,0.1,"(0.556, 0.667]"
3236,10021105000.0,273.0,5.0,0.0,0.2626355716348443,3.4885239028010018,0.0,,-1.1207376676512055,-1.1207376676512055,sequential,2.2e-06,30,0.1,"(0.222, 0.333]"
3237,10022100000.0,274.0,0.0,0.0,0.6252060495404218,3.224606313059343,0.0,,-1.540707563961947,-1.540707563961947,sequential,2.2e-06,30,0.4,"(0.556, 0.667]"
3238,10022101000.0,274.0,1.0,0.0,1.2183524222145472,7.834314713720342,0.0,,-2.2018976395999714,-2.2018976395999714,sequential,2.2e-06,30,0.4,
3239,10022102000.0,274.0,2.0,0.0,0.2650772052393197,5.362376101001884,0.0,,-1.139434335732129,-1.139434335732129,sequential,2.2e-06,30,0.4,"(0.222, 0.333]"
3240,10022103000.0,274.0,3.0,0.0,1.2217029450115118,9.404115448736311,0.0,,-2.211968602838076,-2.211968602838076,sequential,2.2e-06,30,0.4,
3241,10022104000.0,274.0,4.0,0.0,0.6252622436958388,8.27140452904645,0.0,,-1.5410645789296875,-1.5410645789296875,sequential,2.2e-06,30,0.4,"(0.556, 0.667]"
3242,10022105000.0,274.0,5.0,0.0,0.2634333483470468,6.168925293190017,0.0,,-1.1274752504200796,-1.1274752504200796,sequential,2.2e-06,30,0.4,"(0.222, 0.333]"
3243,10023100000.0,275.0,0.0,0.0,0.6234651995181055,7.675717164332346,0.0,,-1.5287569774137468,-1.5287569774137468,sequential,2.2e-06,30,0.5,"(0.556, 0.667]"
3244,10023101000.0,275.0,1.0,0.0,1.2145783712071598,9.735016747311004,0.0,,-2.247412045426137,-2.247412045426137,sequential,2.2e-06,30,0.5,
3245,10023102000.0,275.0,2.0,0.0,0.263354925511114,6.05025290368056,0.0,,-1.12571644069038,-1.12571644069038,sequential,2.2e-06,30,0.5,"(0.222, 0.333]"
3246,10023103000.0,275.0,3.0,0.0,1.216024535799863,4.207077964250074,0.0,,-2.2511958247521737,-2.2511958247521737,sequential,2.2e-06,30,0.5,
3247,10023104000.0,275.0,4.0,0.0,0.62384381585643,6.302088519307171,0.0,,-1.531079663445004,-1.531079663445004,sequential,2.2e-06,30,0.5,"(0.556, 0.667]"
3248,10023105000.0,275.0,5.0,0.0,0.2638510246220564,6.392099675776093,0.0,,-1.129261835723907,-1.129261835723907,sequential,2.2e-06,30,0.5,"(0.222, 0.333]"
3249,10024100000.0,276.0,0.0,0.0,0.6239087522785296,2.982780960522656,0.0,,-1.5316767827894715,-1.5316767827894715,sequential,2.2e-06,30,0.7,"(0.556, 0.667]"
3250,10024101000.0,276.0,1.0,0.0,1.2147029167525225,1.9361252144476755,0.0,,-2.2482119264537626,-2.2482119264537626,sequential,2.2e-06,30,0.7,
3251,10024102000.0,276.0,2.0,0.0,0.2648891947448106,2.3146573815200244,0.0,,-1.137167046304706,-1.137167046304706,sequential,2.2e-06,30,0.7,"(0.222, 0.333]"
3252,10024103000.0,276.0,3.0,0.0,1.2180257500962322,6.608204616285331,0.0,,-2.198571987157953,-2.198571987157953,sequential,2.2e-06,30,0.7,
3253,10024104000.0,276.0,4.0,0.0,0.6250986703106555,2.534425967947015,0.0,,-1.5389143067391198,-1.5389143067391198,sequential,2.2e-06,30,0.7,"(0.556, 0.667]"
3254,10024105000.0,276.0,5.0,0.0,0.2637746660531982,2.9414908987913098,0.0,,-1.1290186474495154,-1.1290186474495154,sequential,2.2e-06,30,0.7,"(0.222, 0.333]"
3255,10025100000.0,277.0,0.0,0.0,0.6252629089961472,1.251382932485878,0.0,,-1.5413293323816295,-1.5413293323816295,sequential,2.2e-06,30,1.0,"(0.556, 0.667]"
3256,10025101000.0,277.0,1.0,0.0,1.218294729635207,5.840022053282162,0.0,,-2.202349056056052,-2.202349056056052,sequential,2.2e-06,30,1.0,
3257,10025102000.0,277.0,2.0,0.0,0.2654824046227703,1.0352896115101582,0.0,,-1.142738324631731,-1.142738324631731,sequential,2.2e-06,30,1.0,"(0.222, 0.333]"
3258,10025103000.0,277.0,3.0,0.0,1.2199136931242214,7.300015839412306,0.0,,-2.2073212230543158,-2.2073212230543158,sequential,2.2e-06,30,1.0,
3259,10025104000.0,277.0,4.0,0.0,0.625155777773494,1.2457786680227263,0.0,,-1.5406529028050415,-1.5406529028050415,sequential,2.2e-06,30,1.0,"(0.556, 0.667]"
3260,10025105000.0,277.0,5.0,0.0,0.2659859217472229,0.9260781757000404,0.0,,-1.146486995909991,-1.146486995909991,sequential,2.2e-06,30,1.0,"(0.222, 0.333]"
3261,10026100000.0,278.0,0.0,0.0,0.6225925815348001,0.4260034459745545,0.0,,-1.5239412380474946,-1.5239412380474946,sequential,2.2e-06,30,1.5,"(0.556, 0.667]"
3262,10026101000.0,278.0,1.0,0.0,1.2142506612569444,3.842677848978511,0.0,,-2.246848478922569,-2.246848478922569,sequential,2.2e-06,30,1.5,
3263,10026102000.0,278.0,2.0,0.0,0.2640906538001618,0.530883316027444,0.0,,-1.1312006684264089,-1.1312006684264089,sequential,2.2e-06,30,1.5,"(0.222, 0.333]"
3264,10026103000.0,278.0,3.0,0.0,1.2147136470091422,3.5996016424407653,0.0,,-2.248167338618735,-2.248167338618735,sequential,2.2e-06,30,1.5,
3265,10026104000.0,278.0,4.0,0.0,0.6245861964238968,0.3310224368470062,0.0,,-1.5358496302633973,-1.5358496302633973,sequential,2.2e-06,30,1.5,"(0.556, 0.667]"
3266,10026105000.0,278.0,5.0,0.0,0.2650276698128717,0.4914775188195132,0.0,,-1.138221733790242,-1.138221733790242,sequential,2.2e-06,30,1.5,"(0.222, 0.333]"
3267,10027100000.0,279.0,0.0,0.0,0.6233722095558172,0.1977030417772546,0.0,,-1.5282053785949492,-1.5282053785949492,sequential,2.2e-06,30,2.0,"(0.556, 0.667]"
3268,10027101000.0,279.0,1.0,0.0,1.2129555027135257,1.2908276261645082,0.0,,-2.2428428338826665,-2.2428428338826665,sequential,2.2e-06,30,2.0,
3269,10027102000.0,279.0,2.0,0.0,0.262408607788981,0.3427182240315527,0.0,,-1.118985679571806,-1.118985679571806,sequential,2.2e-06,30,2.0,"(0.222, 0.333]"
3270,10027103000.0,279.0,3.0,0.0,1.2164427996835483,1.1008062683226414,0.0,,-2.252461527653888,-2.252461527653888,sequential,2.2e-06,30,2.0,
3271,10027104000.0,279.0,4.0,0.0,0.621263861122563,0.2201488974075214,0.0,,-1.5162720553558429,-1.5162720553558429,sequential,2.2e-06,30,2.0,"(0.556, 0.667]"
3272,10027105000.0,279.0,5.0,0.0,0.2642771489545332,0.3193690656317443,0.0,,-1.1325058624168136,-1.1325058624168136,sequential,2.2e-06,30,2.0,"(0.222, 0.333]"
3273,10000100000.0,140.0,0.0,0.0,1.3387605246010499,2.5166956707670436,0.0,,-0.7863866022236138,-0.7863866022236138,sequential,1.2e-06,1,0.1,
3274,10000101000.0,140.0,1.0,0.0,2.6514948863177996,8.787273905388838,0.0,,-1.1474185577789093,-1.1474185577789093,sequential,1.2e-06,1,0.1,
3275,10000102000.0,140.0,2.0,0.0,0.5624717153780858,6.621843640198178,0.0,,-0.5784414788487713,-0.5784414788487713,sequential,1.2e-06,1,0.1,"(0.556, 0.667]"
3276,10000103000.0,140.0,3.0,0.0,2.6652486537254014,7.021608800575439,0.0,,-1.1523030545427078,-1.1523030545427078,sequential,1.2e-06,1,0.1,
3277,10000104000.0,140.0,4.0,0.0,1.3396797932618125,2.5097813358153744,0.0,,-0.787556864996173,-0.787556864996173,sequential,1.2e-06,1,0.1,
3278,10000105000.0,140.0,5.0,0.0,0.5627391494220432,6.8371244733627865,0.0,,-0.5788978592711898,-0.5788978592711898,sequential,1.2e-06,1,0.1,"(0.556, 0.667]"
3279,10001100000.0,141.0,0.0,0.0,1.3282701920021338,8.865262551087621,0.0,,-0.772849911956382,-0.772849911956382,sequential,1.2e-06,1,0.4,
3280,10001101000.0,141.0,1.0,0.0,2.5973982264664177,6.313232899622514,0.0,,-1.1265952927282261,-1.1265952927282261,sequential,1.2e-06,1,0.4,
3281,10001102000.0,141.0,2.0,0.0,0.5573059813149609,5.356276190303498,0.0,,-0.5691483699147203,-0.5691483699147203,sequential,1.2e-06,1,0.4,"(0.556, 0.667]"
3282,10001103000.0,141.0,3.0,0.0,2.640459864654266,4.22348481091676,0.0,,-1.1416040761981752,-1.1416040761981752,sequential,1.2e-06,1,0.4,
3283,10001104000.0,141.0,4.0,0.0,1.3218668208179665,4.915844744424099,0.0,,-0.7657879573654156,-0.7657879573654156,sequential,1.2e-06,1,0.4,
3284,10001105000.0,141.0,5.0,0.0,0.5564612273411512,8.3595115439546,0.0,,-0.5677554548699806,-0.5677554548699806,sequential,1.2e-06,1,0.4,"(0.556, 0.667]"
3285,10002100000.0,142.0,0.0,0.0,1.3296423052550594,7.511021079007949,0.0,,-0.7745872614534935,-0.7745872614534935,sequential,1.2e-06,1,0.5,
3286,10002101000.0,142.0,1.0,0.0,2.620425641614314,8.69374494250173,0.0,,-1.1347052476415318,-1.1347052476415318,sequential,1.2e-06,1,0.5,
3287,10002102000.0,142.0,2.0,0.0,0.5559356806426156,8.098817824538475,0.0,,-0.5671235395748173,-0.5671235395748173,sequential,1.2e-06,1,0.5,"(0.556, 0.667]"
3288,10002103000.0,142.0,3.0,0.0,2.6118856423899937,4.0546068060523,0.0,,-1.1319087074863783,-1.1319087074863783,sequential,1.2e-06,1,0.5,
3289,10002104000.0,142.0,4.0,0.0,1.3315527944026322,4.976825018478138,0.0,,-0.7768732944938154,-0.7768732944938154,sequential,1.2e-06,1,0.5,
3290,10002105000.0,142.0,5.0,0.0,0.5588299424448634,6.578042366256356,0.0,,-0.5716807245036,-0.5716807245036,sequential,1.2e-06,1,0.5,"(0.556, 0.667]"
3291,10003100000.0,143.0,0.0,0.0,1.324279577004021,3.4563233922489562,0.0,,-0.7683662438532606,-0.7683662438532606,sequential,1.2e-06,1,0.7,
3292,10003101000.0,143.0,1.0,0.0,2.6370013489233686,9.983864508168418,0.0,,-1.1403324934087697,-1.1403324934087697,sequential,1.2e-06,1,0.7,
3293,10003102000.0,143.0,2.0,0.0,0.5563356804229902,3.737797856322892,0.0,,-0.567555129314018,-0.567555129314018,sequential,1.2e-06,1,0.7,"(0.556, 0.667]"
3294,10003103000.0,143.0,3.0,0.0,2.621506784243343,5.6217463457291,0.0,,-1.134886311988366,-1.134886311988366,sequential,1.2e-06,1,0.7,
3295,10003104000.0,143.0,4.0,0.0,1.3245955547155295,3.160009379193589,0.0,,-0.7687268939983042,-0.7687268939983042,sequential,1.2e-06,1,0.7,
3296,10003105000.0,143.0,5.0,0.0,0.5580630927083016,2.853545070081627,0.0,,-0.5703124848946928,-0.5703124848946928,sequential,1.2e-06,1,0.7,"(0.556, 0.667]"
3297,10004100000.0,144.0,0.0,0.0,1.3285785059074198,1.1855489358524012,0.0,,-0.7735801203575504,-0.7735801203575504,sequential,1.2e-06,1,1.0,
3298,10004101000.0,144.0,1.0,0.0,2.661296740257122,7.00502231406107,0.0,,-1.14955464364065,-1.14955464364065,sequential,1.2e-06,1,1.0,
3299,10004102000.0,144.0,2.0,0.0,0.5615583012291739,1.1237212797102913,0.0,,-0.5762945928907564,-0.5762945928907564,sequential,1.2e-06,1,1.0,"(0.556, 0.667]"
3300,10004103000.0,144.0,3.0,0.0,2.62537915984385,5.3515144596953315,0.0,,-1.1366943541615038,-1.1366943541615038,sequential,1.2e-06,1,1.0,
3301,10004104000.0,144.0,4.0,0.0,1.3267458880392065,1.3906863250933064,0.0,,-0.7714602513299899,-0.7714602513299899,sequential,1.2e-06,1,1.0,
3302,10004105000.0,144.0,5.0,0.0,0.5616313222275501,1.1209049018145893,0.0,,-0.5764203296007596,-0.5764203296007596,sequential,1.2e-06,1,1.0,"(0.556, 0.667]"
3303,10005100000.0,145.0,0.0,0.0,1.3250217030458649,0.41176492762632405,0.0,,-0.7692675953179423,-0.7692675953179423,sequential,1.2e-06,1,1.5,
3304,10005101000.0,145.0,1.0,0.0,2.6352787601843364,3.301893703820684,0.0,,-1.1397630674430528,-1.1397630674430528,sequential,1.2e-06,1,1.5,
3305,10005102000.0,145.0,2.0,0.0,0.5590219573407333,0.5202471789692176,0.0,,-0.5719576203751193,-0.5719576203751193,sequential,1.2e-06,1,1.5,"(0.556, 0.667]"
3306,10005103000.0,145.0,3.0,0.0,2.6403036075305053,3.067820424874568,0.0,,-1.141620473844671,-1.141620473844671,sequential,1.2e-06,1,1.5,
3307,10005104000.0,145.0,4.0,0.0,1.3246024358216373,0.41961703361873465,0.0,,-0.768789048312028,-0.768789048312028,sequential,1.2e-06,1,1.5,
3308,10005105000.0,145.0,5.0,0.0,0.5595650078126052,0.511000719119539,0.0,,-0.5728746757391515,-0.5728746757391515,sequential,1.2e-06,1,1.5,"(0.556, 0.667]"
3309,10006100000.0,146.0,0.0,0.0,1.331727913776163,0.20530432122856168,0.0,,-0.7772044849304622,-0.7772044849304622,sequential,1.2e-06,1,2.0,
3310,10006101000.0,146.0,1.0,0.0,2.6269686048457364,1.7016826380859802,0.0,,-1.1373054546162065,-1.1373054546162065,sequential,1.2e-06,1,2.0,
3311,10006102000.0,146.0,2.0,0.0,0.5585902640461524,0.32899197942466135,0.0,,-0.5714876316637577,-0.5714876316637577,sequential,1.2e-06,1,2.0,"(0.556, 0.667]"
3312,10006103000.0,146.0,3.0,0.0,2.6190809529559838,1.8051340818760702,0.0,,-1.1347349576515353,-1.1347349576515353,sequential,1.2e-06,1,2.0,
3313,10006104000.0,146.0,4.0,0.0,1.3320855373053582,0.20344805123523493,0.0,,-0.7776349812736614,-0.7776349812736614,sequential,1.2e-06,1,2.0,
3314,10006105000.0,146.0,5.0,0.0,0.5609271166576973,0.32305031588848865,0.0,,-0.5753165013946672,-0.5753165013946672,sequential,1.2e-06,1,2.0,"(0.556, 0.667]"
3315,10007100000.0,168.0,0.0,0.0,0.9653157092849104,6.27280235383231,0.0,,-0.8971730021380983,-0.8971730021380983,sequential,1.5e-06,1,0.1,"(0.889, 1.0]"
3316,10007101000.0,168.0,1.0,0.0,2.070263188067055,2.647383039860559,0.0,,-1.315622008060209,-1.315622008060209,sequential,1.5e-06,1,0.1,
3317,10007102000.0,168.0,2.0,0.0,0.418116528341704,4.855239819403282,0.0,,-0.6723048158097086,-0.6723048158097086,sequential,1.5e-06,1,0.1,"(0.333, 0.444]"
3318,10007103000.0,168.0,3.0,0.0,2.087211227863822,3.5272524263902247,0.0,,-1.3270367953154965,-1.3270367953154965,sequential,1.5e-06,1,0.1,
3319,10007104000.0,168.0,4.0,0.0,0.9644519641304257,2.484454230454693,0.0,,-0.8915981731737812,-0.8915981731737812,sequential,1.5e-06,1,0.1,"(0.889, 1.0]"
3320,10007105000.0,168.0,5.0,0.0,0.41807339647554675,1.530358296671797,0.0,,-0.6721359953147612,-0.6721359953147612,sequential,1.5e-06,1,0.1,"(0.333, 0.444]"
3321,10008100000.0,169.0,0.0,0.0,0.9630978100470231,3.613998328217406,0.0,,-0.902981112448325,-0.902981112448325,sequential,1.5e-06,1,0.4,"(0.889, 1.0]"
3322,10008101000.0,169.0,1.0,0.0,2.0759962788861905,3.8542254609232676,0.0,,-1.318755059028297,-1.318755059028297,sequential,1.5e-06,1,0.4,
3323,10008102000.0,169.0,2.0,0.0,0.4186918165361932,5.017962959382515,0.0,,-0.6597621137081572,-0.6597621137081572,sequential,1.5e-06,1,0.4,"(0.333, 0.444]"
3324,10008103000.0,169.0,3.0,0.0,2.065133170235742,3.1487294591056423,0.0,,-1.3116372556645346,-1.3116372556645346,sequential,1.5e-06,1,0.4,
3325,10008104000.0,169.0,4.0,0.0,0.9651538217567924,8.98567931902676,0.0,,-0.8957794100892813,-0.8957794100892813,sequential,1.5e-06,1,0.4,"(0.889, 1.0]"
3326,10008105000.0,169.0,5.0,0.0,0.4177232659664932,2.4849180984567654,0.0,,-0.670360493982608,-0.670360493982608,sequential,1.5e-06,1,0.4,"(0.333, 0.444]"
3327,10009100000.0,170.0,0.0,0.0,0.9645742226338215,7.7941803749532665,0.0,,-0.8921920615902504,-0.8921920615902504,sequential,1.5e-06,1,0.5,"(0.889, 1.0]"
3328,10009101000.0,170.0,1.0,0.0,2.066525549461798,7.663727357869819,0.0,,-1.312821419807591,-1.312821419807591,sequential,1.5e-06,1,0.5,
3329,10009102000.0,170.0,2.0,0.0,0.41968615416368515,7.303379563872497,0.0,,-0.6640467420381261,-0.6640467420381261,sequential,1.5e-06,1,0.5,"(0.333, 0.444]"
3330,10009103000.0,170.0,3.0,0.0,2.087955368822768,3.011477104320076,0.0,,-1.3271191119355426,-1.3271191119355426,sequential,1.5e-06,1,0.5,
3331,10009104000.0,170.0,4.0,0.0,0.9638785513001199,7.934341172936462,0.0,,-0.8880441334865461,-0.8880441334865461,sequential,1.5e-06,1,0.5,"(0.889, 1.0]"
3332,10009105000.0,170.0,5.0,0.0,0.41968193026697354,7.316780703772333,0.0,,-0.6640284967165779,-0.6640284967165779,sequential,1.5e-06,1,0.5,"(0.333, 0.444]"
3333,10010100000.0,171.0,0.0,0.0,0.9648256419349024,2.731087837337617,0.0,,-0.8935534537077627,-0.8935534537077627,sequential,1.5e-06,1,0.7,"(0.889, 1.0]"
3334,10010101000.0,171.0,1.0,0.0,2.06862473516792,6.7223716564666285,0.0,,-1.3139867171386566,-1.3139867171386566,sequential,1.5e-06,1,0.7,
3335,10010102000.0,171.0,2.0,0.0,0.41900327025714523,2.54255478369206,0.0,,-0.6610726335173788,-0.6610726335173788,sequential,1.5e-06,1,0.7,"(0.333, 0.444]"
3336,10010103000.0,171.0,3.0,0.0,2.0520775099084894,3.2447911772583895,0.0,,-1.3034288362369697,-1.3034288362369697,sequential,1.5e-06,1,0.7,
3337,10010104000.0,171.0,4.0,0.0,0.9631271789605811,4.9061283021381525,0.0,,-0.9031534416678234,-0.9031534416678234,sequential,1.5e-06,1,0.7,"(0.889, 1.0]"
3338,10010105000.0,171.0,5.0,0.0,0.41870523860761066,2.4529705954727823,0.0,,-0.659823343376469,-0.659823343376469,sequential,1.5e-06,1,0.7,"(0.333, 0.444]"
3339,10011100000.0,172.0,0.0,0.0,0.9644913826530691,1.3602710496944772,0.0,,-0.8916666857897705,-0.8916666857897705,sequential,1.5e-06,1,1.0,"(0.889, 1.0]"
3340,10011101000.0,172.0,1.0,0.0,2.0821987788873333,8.520046590814585,0.0,,-1.3232815865238705,-1.3232815865238705,sequential,1.5e-06,1,1.0,
3341,10011102000.0,172.0,2.0,0.0,0.41935222781861764,1.035900395378178,0.0,,-0.6626335554812972,-0.6626335554812972,sequential,1.5e-06,1,1.0,"(0.333, 0.444]"
3342,10011103000.0,172.0,3.0,0.0,2.0578533329127247,9.647752769232044,0.0,,-1.3074395180294276,-1.3074395180294276,sequential,1.5e-06,1,1.0,
3343,10011104000.0,172.0,4.0,0.0,0.9651649072343896,1.0550234244752918,0.0,,-0.8959819928142876,-0.8959819928142876,sequential,1.5e-06,1,1.0,"(0.889, 1.0]"
3344,10011105000.0,172.0,5.0,0.0,0.41857294791408545,1.2201477362345328,0.0,,-0.659498272394478,-0.659498272394478,sequential,1.5e-06,1,1.0,"(0.333, 0.444]"
3345,10012100000.0,173.0,0.0,0.0,0.9653846370377599,0.3559314951142376,0.0,,-0.8977276423886806,-0.8977276423886806,sequential,1.5e-06,1,1.5,"(0.889, 1.0]"
3346,10012101000.0,173.0,1.0,0.0,2.0766932902904665,4.037309044714507,0.0,,-1.320097582239655,-1.320097582239655,sequential,1.5e-06,1,1.5,
3347,10012102000.0,173.0,2.0,0.0,0.42061325762387,0.5143468123286049,0.0,,-0.6680813764206172,-0.6680813764206172,sequential,1.5e-06,1,1.5,"(0.333, 0.444]"
3348,10012103000.0,173.0,3.0,0.0,2.0819450643595454,3.2589412990341207,0.0,,-1.3234476578123826,-1.3234476578123826,sequential,1.5e-06,1,1.5,
3349,10012104000.0,173.0,4.0,0.0,0.9658701340987854,0.3351034251192384,0.0,,-0.9012553003412743,-0.9012553003412743,sequential,1.5e-06,1,1.5,"(0.889, 1.0]"
3350,10012105000.0,173.0,5.0,0.0,0.4208771421859458,0.5164739618712914,0.0,,-0.6692382547250052,-0.6692382547250052,sequential,1.5e-06,1,1.5,"(0.333, 0.444]"
3351,10013100000.0,174.0,0.0,0.0,0.9658060510282399,0.19573778238734488,0.0,,-0.900467284708932,-0.900467284708932,sequential,1.5e-06,1,2.0,"(0.889, 1.0]"
3352,10013101000.0,174.0,1.0,0.0,2.064949894857971,1.7275074267236121,0.0,,-1.3118271272537083,-1.3118271272537083,sequential,1.5e-06,1,2.0,
3353,10013102000.0,174.0,2.0,0.0,0.41844746256484117,0.3365908900353812,0.0,,-0.6733789228715672,-0.6733789228715672,sequential,1.5e-06,1,2.0,"(0.333, 0.444]"
3354,10013103000.0,174.0,3.0,0.0,2.07849381187118,1.2041486916023885,0.0,,-1.3207296585262536,-1.3207296585262536,sequential,1.5e-06,1,2.0,
3355,10013104000.0,174.0,4.0,0.0,0.9650608289623958,0.20740994567962723,0.0,,-0.8952872877274711,-0.8952872877274711,sequential,1.5e-06,1,2.0,"(0.889, 1.0]"
3356,10013105000.0,174.0,5.0,0.0,0.4195421953153449,0.32799861473168374,0.0,,-0.6634524095427526,-0.6634524095427526,sequential,1.5e-06,1,2.0,"(0.333, 0.444]"
3357,10014100000.0,196.0,0.0,0.0,0.7851376790880479,5.818219278784114,0.0,,-1.015413758951998,-1.015413758951998,sequential,1.8e-06,1,0.1,"(0.778, 0.889]"
3358,10014101000.0,196.0,1.0,0.0,1.6899765432893878,2.0989564231319267,0.0,,-1.4970359658555932,-1.4970359658555932,sequential,1.8e-06,1,0.1,
3359,10014102000.0,196.0,2.0,0.0,0.336460356416312,4.57240164683277,0.0,,-0.7615331531803816,-0.7615331531803816,sequential,1.8e-06,1,0.1,"(0.333, 0.444]"
3360,10014103000.0,196.0,3.0,0.0,1.6922150944914054,1.6727991434080567,0.0,,-1.499627356478475,-1.499627356478475,sequential,1.8e-06,1,0.1,
3361,10014104000.0,196.0,4.0,0.0,0.7832570659527066,9.134739387894728,0.0,,-1.0269558946918225,-1.0269558946918225,sequential,1.8e-06,1,0.1,"(0.778, 0.889]"
3362,10014105000.0,196.0,5.0,0.0,0.33723330649056477,8.394229182760702,0.0,,-0.7652885555969278,-0.7652885555969278,sequential,1.8e-06,1,0.1,"(0.333, 0.444]"
3363,10015100000.0,197.0,0.0,0.0,0.7855066189630711,5.542733327178901,0.0,,-1.0174947885493777,-1.0174947885493777,sequential,1.8e-06,1,0.4,"(0.778, 0.889]"
3364,10015101000.0,197.0,1.0,0.0,1.680073027127642,3.548072947726572,0.0,,-1.4852288485227083,-1.4852288485227083,sequential,1.8e-06,1,0.4,
3365,10015102000.0,197.0,2.0,0.0,0.3365428449991005,6.748792771548677,0.0,,-0.7619604541577367,-0.7619604541577367,sequential,1.8e-06,1,0.4,"(0.333, 0.444]"
3366,10015103000.0,197.0,3.0,0.0,1.6821326223467246,9.03915345911195,0.0,,-1.4876806102535831,-1.4876806102535831,sequential,1.8e-06,1,0.4,
3367,10015104000.0,197.0,4.0,0.0,0.783964869525177,3.667906257325433,0.0,,-1.0088674708749774,-1.0088674708749774,sequential,1.8e-06,1,0.4,"(0.778, 0.889]"
3368,10015105000.0,197.0,5.0,0.0,0.33605010870368796,8.865779640499971,0.0,,-0.7595328896761661,-0.7595328896761661,sequential,1.8e-06,1,0.4,"(0.333, 0.444]"
3369,10016100000.0,198.0,0.0,0.0,0.7827658043547481,6.0868779497626315,0.0,,-1.024565454538162,-1.024565454538162,sequential,1.8e-06,1,0.5,"(0.778, 0.889]"
3370,10016101000.0,198.0,1.0,0.0,1.6805197047483298,9.956440934270072,0.0,,-1.4856396942694565,-1.4856396942694565,sequential,1.8e-06,1,0.5,
3371,10016102000.0,198.0,2.0,0.0,0.3355403286383281,4.401167516567617,0.0,,-0.7571442469867475,-0.7571442469867475,sequential,1.8e-06,1,0.5,"(0.333, 0.444]"
3372,10016103000.0,198.0,3.0,0.0,1.6778242199887343,2.719852151888908,0.0,,-1.48245732935983,-1.48245732935983,sequential,1.8e-06,1,0.5,
3373,10016104000.0,198.0,4.0,0.0,0.7834203547259327,8.094383171641983,0.0,,-1.0058157009072837,-1.0058157009072837,sequential,1.8e-06,1,0.5,"(0.778, 0.889]"
3374,10016105000.0,198.0,5.0,0.0,0.3361524316504619,8.949104670158267,0.0,,-0.7599832764078379,-0.7599832764078379,sequential,1.8e-06,1,0.5,"(0.333, 0.444]"
3375,10017100000.0,199.0,0.0,0.0,0.7848080904433935,3.4568372697752054,0.0,,-1.0136252911683101,-1.0136252911683101,sequential,1.8e-06,1,0.7,"(0.778, 0.889]"
3376,10017101000.0,199.0,1.0,0.0,1.6896536955726378,6.286803745115416,0.0,,-1.4968784491284999,-1.4968784491284999,sequential,1.8e-06,1,0.7,
3377,10017102000.0,199.0,2.0,0.0,0.3360456106353563,4.048634998680193,0.0,,-0.7597823114125559,-0.7597823114125559,sequential,1.8e-06,1,0.7,"(0.333, 0.444]"
3378,10017103000.0,199.0,3.0,0.0,1.6963412747659816,8.290318039954885,0.0,,-1.5052514664032972,-1.5052514664032972,sequential,1.8e-06,1,0.7,
3379,10017104000.0,199.0,4.0,0.0,0.7850793873388583,3.4598231509522015,0.0,,-1.0152175329129054,-1.0152175329129054,sequential,1.8e-06,1,0.7,"(0.778, 0.889]"
3380,10017105000.0,199.0,5.0,0.0,0.3380886023522553,2.4000945461511822,0.0,,-0.7536661528408819,-0.7536661528408819,sequential,1.8e-06,1,0.7,"(0.333, 0.444]"
3381,10018100000.0,200.0,0.0,0.0,0.7845796334327761,1.0951458433264532,0.0,,-1.0121689148815909,-1.0121689148815909,sequential,1.8e-06,1,1.0,"(0.778, 0.889]"
3382,10018101000.0,200.0,1.0,0.0,1.6867778729149707,4.39775267528744,0.0,,-1.4930606473264887,-1.4930606473264887,sequential,1.8e-06,1,1.0,
3383,10018102000.0,200.0,2.0,0.0,0.33736160596001913,1.0276160861500823,0.0,,-0.7498749234845152,-0.7498749234845152,sequential,1.8e-06,1,1.0,"(0.333, 0.444]"
3384,10018103000.0,200.0,3.0,0.0,1.6860578982207743,4.55277511405433,0.0,,-1.492166128737383,-1.492166128737383,sequential,1.8e-06,1,1.0,
3385,10018104000.0,200.0,4.0,0.0,0.7838941330011528,1.3243502074749334,0.0,,-1.0084795585107853,-1.0084795585107853,sequential,1.8e-06,1,1.0,"(0.778, 0.889]"
3386,10018105000.0,200.0,5.0,0.0,0.3361205590918637,1.3860244260237216,0.0,,-0.7598808513246745,-0.7598808513246745,sequential,1.8e-06,1,1.0,"(0.333, 0.444]"
3387,10019100000.0,201.0,0.0,0.0,0.7842511026903541,0.32182058683230674,0.0,,-1.0101243756049638,-1.0101243756049638,sequential,1.8e-06,1,1.5,"(0.778, 0.889]"
3388,10019101000.0,201.0,1.0,0.0,1.6842725823358933,2.5518972110462252,0.0,,-1.4896943675130276,-1.4896943675130276,sequential,1.8e-06,1,1.5,
3389,10019102000.0,201.0,2.0,0.0,0.33631721653481533,0.5518208625208839,0.0,,-0.7607103067907252,-0.7607103067907252,sequential,1.8e-06,1,1.5,"(0.333, 0.444]"
3390,10019103000.0,201.0,3.0,0.0,1.669340476321363,5.04944584374178,0.0,,-1.4728870094564297,-1.4728870094564297,sequential,1.8e-06,1,1.5,
3391,10019104000.0,201.0,4.0,0.0,0.7828743544446087,0.3956943221101248,0.0,,-1.0247944252570609,-1.0247944252570609,sequential,1.8e-06,1,1.5,"(0.778, 0.889]"
3392,10019105000.0,201.0,5.0,0.0,0.3368225364697647,0.5338824631082241,0.0,,-0.763115121434137,-0.763115121434137,sequential,1.8e-06,1,1.5,"(0.333, 0.444]"
3393,10020100000.0,202.0,0.0,0.0,0.7832074371205555,0.22523427807837004,0.0,,-1.0266743759383166,-1.0266743759383166,sequential,1.8e-06,1,2.0,"(0.778, 0.889]"
3394,10020101000.0,202.0,1.0,0.0,1.6843738535173174,1.2665281565581392,0.0,,-1.4900184169923865,-1.4900184169923865,sequential,1.8e-06,1,2.0,
3395,10020102000.0,202.0,2.0,0.0,0.336239213293133,0.32572947789188617,0.0,,-0.7604269338609436,-0.7604269338609436,sequential,1.8e-06,1,2.0,"(0.333, 0.444]"
3396,10020103000.0,202.0,3.0,0.0,1.6739022745940222,2.0570300981426346,0.0,,-1.4783113891037374,-1.4783113891037374,sequential,1.8e-06,1,2.0,
3397,10020104000.0,202.0,4.0,0.0,0.7843238762265835,0.20788302270280973,0.0,,-1.0106591140723566,-1.0106591140723566,sequential,1.8e-06,1,2.0,"(0.778, 0.889]"
3398,10020105000.0,202.0,5.0,0.0,0.33639096429982046,0.3316765533935799,0.0,,-0.7611753240339887,-0.7611753240339887,sequential,1.8e-06,1,2.0,"(0.333, 0.444]"
3399,10021100000.0,147.0,0.0,0.0,1.3315857070397068,3.604933268281025,0.0,,-0.9315274853199293,-0.9315274853199293,sequential,1.2e-06,2,0.1,
3400,10021101000.0,147.0,1.0,0.0,2.6023202146859914,6.553533592765396,0.0,,-1.3687313197115945,-1.3687313197115945,sequential,1.2e-06,2,0.1,
3401,10021102000.0,147.0,2.0,0.0,0.5596272894782486,5.66289910786086,0.0,,-0.6886140621465635,-0.6886140621465635,sequential,1.2e-06,2,0.1,"(0.556, 0.667]"
3402,10021103000.0,147.0,3.0,0.0,2.597420493960989,6.522105323284154,0.0,,-1.366749403632505,-1.366749403632505,sequential,1.2e-06,2,0.1,
3403,10021104000.0,147.0,4.0,0.0,1.333262222034923,3.4438197507975965,0.0,,-0.9337474782230145,-0.9337474782230145,sequential,1.2e-06,2,0.1,
3404,10021105000.0,147.0,5.0,0.0,0.5592079329651417,6.382903201579732,0.0,,-0.6878171783192519,-0.6878171783192519,sequential,1.2e-06,2,0.1,"(0.556, 0.667]"
3405,10022100000.0,148.0,0.0,0.0,1.3273195740044381,8.610087942467828,0.0,,-0.9261266734767173,-0.9261266734767173,sequential,1.2e-06,2,0.4,
3406,10022101000.0,148.0,1.0,0.0,2.5812878654353866,3.3191645975357575,0.0,,-1.3605143552260914,-1.3605143552260914,sequential,1.2e-06,2,0.4,
3407,10022102000.0,148.0,2.0,0.0,0.5557320920200689,8.198206102680302,0.0,,-0.6815644605783808,-0.6815644605783808,sequential,1.2e-06,2,0.4,"(0.556, 0.667]"
3408,10022103000.0,148.0,3.0,0.0,2.5769550104995256,5.759940522008122,0.0,,-1.35881746916437,-1.35881746916437,sequential,1.2e-06,2,0.4,
3409,10022104000.0,148.0,4.0,0.0,1.3269921297328173,6.48287277171968,0.0,,-0.9257108133629598,-0.9257108133629598,sequential,1.2e-06,2,0.4,
3410,10022105000.0,148.0,5.0,0.0,0.5561803096182698,3.166711605124564,0.0,,-0.6823813271733468,-0.6823813271733468,sequential,1.2e-06,2,0.4,"(0.556, 0.667]"
3411,10023100000.0,149.0,0.0,0.0,1.3362374743859426,5.511200271581216,0.0,,-0.9376873733179991,-0.9376873733179991,sequential,1.2e-06,2,0.5,
3412,10023101000.0,149.0,1.0,0.0,2.623982355513566,4.430496430106538,0.0,,-1.3775601505360895,-1.3775601505360895,sequential,1.2e-06,2,0.5,
3413,10023102000.0,149.0,2.0,0.0,0.5607173201032483,5.778605264579162,0.0,,-0.6907431036489832,-0.6907431036489832,sequential,1.2e-06,2,0.5,"(0.556, 0.667]"
3414,10023103000.0,149.0,3.0,0.0,2.587220742601497,3.507412373753229,0.0,,-1.3630853092565118,-1.3630853092565118,sequential,1.2e-06,2,0.5,
3415,10023104000.0,149.0,4.0,0.0,1.3303978756529826,9.123733539937428,0.0,,-0.9301950728759235,-0.9301950728759235,sequential,1.2e-06,2,0.5,
3416,10023105000.0,149.0,5.0,0.0,0.5580951827495835,8.885782090001236,0.0,,-0.6858996237451792,-0.6858996237451792,sequential,1.2e-06,2,0.5,"(0.556, 0.667]"
3417,10024100000.0,150.0,0.0,0.0,1.335008056135296,2.4557136498700123,0.0,,-0.9361843405854856,-0.9361843405854856,sequential,1.2e-06,2,0.7,
3418,10024101000.0,150.0,1.0,0.0,2.6370552140604246,2.19907423026414,0.0,,-1.348415297394484,-1.348415297394484,sequential,1.2e-06,2,0.7,
3419,10024102000.0,150.0,2.0,0.0,0.5569609865821661,4.093662287299603,0.0,,-0.68396508578584,-0.68396508578584,sequential,1.2e-06,2,0.7,"(0.556, 0.667]"
3420,10024103000.0,150.0,3.0,0.0,2.629673343949084,2.3556449163048474,0.0,,-1.380006358644392,-1.380006358644392,sequential,1.2e-06,2,0.7,
3421,10024104000.0,150.0,4.0,0.0,1.335086334805035,2.5917976007897248,0.0,,-0.9362896638324373,-0.9362896638324373,sequential,1.2e-06,2,0.7,
3422,10024105000.0,150.0,5.0,0.0,0.5577635587283232,3.857870470069597,0.0,,-0.6853211933569707,-0.6853211933569707,sequential,1.2e-06,2,0.7,"(0.556, 0.667]"
3423,10025100000.0,151.0,0.0,0.0,1.3319557061105478,1.200954009566522,0.0,,-0.9320207158479316,-0.9320207158479316,sequential,1.2e-06,2,1.0,
3424,10025101000.0,151.0,1.0,0.0,2.583013622158418,6.0158999409196765,0.0,,-1.3612733067876994,-1.3612733067876994,sequential,1.2e-06,2,1.0,
3425,10025102000.0,151.0,2.0,0.0,0.5558311731409579,1.5718514328071116,0.0,,-0.6817841650064101,-0.6817841650064101,sequential,1.2e-06,2,1.0,"(0.556, 0.667]"
3426,10025103000.0,151.0,3.0,0.0,2.5955949413700736,4.191738488586132,0.0,,-1.366024362707995,-1.366024362707995,sequential,1.2e-06,2,1.0,
3427,10025104000.0,151.0,4.0,0.0,1.3333554773391914,1.1324004267167842,0.0,,-0.9338766763792774,-0.9338766763792774,sequential,1.2e-06,2,1.0,
3428,10025105000.0,151.0,5.0,0.0,0.5558519346761538,1.5722177875807684,0.0,,-0.6818218054584939,-0.6818218054584939,sequential,1.2e-06,2,1.0,"(0.556, 0.667]"
3429,10026100000.0,152.0,0.0,0.0,1.3302463043482307,0.4119314400151359,0.0,,-0.9305493481391994,-0.9305493481391994,sequential,1.2e-06,2,1.5,
3430,10026101000.0,152.0,1.0,0.0,2.6042587970943227,4.972071712741212,0.0,,-1.3705146633981546,-1.3705146633981546,sequential,1.2e-06,2,1.5,
3431,10026102000.0,152.0,2.0,0.0,0.5592433930683384,0.5729888689351511,0.0,,-0.6884536771027795,-0.6884536771027795,sequential,1.2e-06,2,1.5,"(0.556, 0.667]"
3432,10026103000.0,152.0,3.0,0.0,2.6145507968694957,3.5994335689370818,0.0,,-1.3747111690163554,-1.3747111690163554,sequential,1.2e-06,2,1.5,
3433,10026104000.0,152.0,4.0,0.0,1.3275276242953356,0.4629915174738525,0.0,,-0.9272626675191862,-0.9272626675191862,sequential,1.2e-06,2,1.5,
3434,10026105000.0,152.0,5.0,0.0,0.5617546768227594,0.5438543934356695,0.0,,-0.6931054246253673,-0.6931054246253673,sequential,1.2e-06,2,1.5,"(0.556, 0.667]"
3435,10027100000.0,153.0,0.0,0.0,1.335091599876998,0.19992102226084463,0.0,,-0.9363016967532438,-0.9363016967532438,sequential,1.2e-06,2,2.0,
3436,10027101000.0,153.0,1.0,0.0,2.599323320933831,1.7023089259766526,0.0,,-1.3677486990252241,-1.3677486990252241,sequential,1.2e-06,2,2.0,
3437,10027102000.0,153.0,2.0,0.0,0.5624903861261786,0.31600746396803103,0.0,,-0.6940968125593991,-0.6940968125593991,sequential,1.2e-06,2,2.0,"(0.556, 0.667]"
3438,10027103000.0,153.0,3.0,0.0,2.604012878871621,1.3422077746714862,0.0,,-1.3696411060055425,-1.3696411060055425,sequential,1.2e-06,2,2.0,
3439,10027104000.0,153.0,4.0,0.0,1.334646521651955,0.19401444176649182,0.0,,-0.9357050907974405,-0.9357050907974405,sequential,1.2e-06,2,2.0,
3440,10027105000.0,153.0,5.0,0.0,0.5592081622443239,0.3377486802064565,0.0,,-0.6880195642292298,-0.6880195642292298,sequential,1.2e-06,2,2.0,"(0.556, 0.667]"
3441,10028100000.0,175.0,0.0,0.0,0.971287490724052,5.894003291745507,0.0,,-1.096154214654871,-1.096154214654871,sequential,1.5e-06,2,0.1,"(0.889, 1.0]"
3442,10028101000.0,175.0,1.0,0.0,2.072076492246564,2.928730766416426,0.0,,-1.6151470228789484,-1.6151470228789484,sequential,1.5e-06,2,0.1,
3443,10028102000.0,175.0,2.0,0.0,0.4223516277099764,1.5220377204064508,0.0,,-0.8132179110165293,-0.8132179110165293,sequential,1.5e-06,2,0.1,"(0.333, 0.444]"
3444,10028103000.0,175.0,3.0,0.0,2.074739216441343,8.978247759434254,0.0,,-1.6172099701816742,-1.6172099701816742,sequential,1.5e-06,2,0.1,
3445,10028104000.0,175.0,4.0,0.0,0.9722372681808663,5.545403482963282,0.0,,-1.1039215349692153,-1.1039215349692153,sequential,1.5e-06,2,0.1,"(0.889, 1.0]"
3446,10028105000.0,175.0,5.0,0.0,0.42265760534355873,4.90823672223986,0.0,,-0.8147186392979873,-0.8147186392979873,sequential,1.5e-06,2,0.1,"(0.333, 0.444]"
3447,10029100000.0,176.0,0.0,0.0,0.969864843098652,4.539832180908073,0.0,,-1.08460470678395,-1.08460470678395,sequential,1.5e-06,2,0.4,"(0.889, 1.0]"
3448,10029101000.0,176.0,1.0,0.0,2.0543571430300354,5.957270181805972,0.0,,-1.5998187667377621,-1.5998187667377621,sequential,1.5e-06,2,0.4,
3449,10029102000.0,176.0,2.0,0.0,0.4211326640854244,4.946339521430727,0.0,,-0.8065802621860747,-0.8065802621860747,sequential,1.5e-06,2,0.4,"(0.333, 0.444]"
3450,10029103000.0,176.0,3.0,0.0,2.0525465659599136,6.304822805687416,0.0,,-1.5984688932251259,-1.5984688932251259,sequential,1.5e-06,2,0.4,
3451,10029104000.0,176.0,4.0,0.0,0.9699124506980215,4.502165848290426,0.0,,-1.0849336436154793,-1.0849336436154793,sequential,1.5e-06,2,0.4,"(0.889, 1.0]"
3452,10029105000.0,176.0,5.0,0.0,0.4194778905296866,6.925223335669778,0.0,,-0.7991247689442146,-0.7991247689442146,sequential,1.5e-06,2,0.4,"(0.333, 0.444]"
3453,10030100000.0,177.0,0.0,0.0,0.9710571745613098,5.668619194312803,0.0,,-1.0930893883377504,-1.0930893883377504,sequential,1.5e-06,2,0.5,"(0.889, 1.0]"
3454,10030101000.0,177.0,1.0,0.0,2.0648168848269135,7.537586509337111,0.0,,-1.60734755248025,-1.60734755248025,sequential,1.5e-06,2,0.5,
3455,10030102000.0,177.0,2.0,0.0,0.42179610068963536,5.267551972460565,0.0,,-0.8096283885014933,-0.8096283885014933,sequential,1.5e-06,2,0.5,"(0.333, 0.444]"
3456,10030103000.0,177.0,3.0,0.0,2.0634432005858008,8.280235351948836,0.0,,-1.606283388134801,-1.606283388134801,sequential,1.5e-06,2,0.5,
3457,10030104000.0,177.0,4.0,0.0,0.9708195009355572,7.092997605866129,0.0,,-1.0912576786777333,-1.0912576786777333,sequential,1.5e-06,2,0.5,"(0.889, 1.0]"
3458,10030105000.0,177.0,5.0,0.0,0.42047884687419645,7.724954522912278,0.0,,-0.8035393672049364,-0.8035393672049364,sequential,1.5e-06,2,0.5,"(0.333, 0.444]"
3459,10031100000.0,178.0,0.0,0.0,0.9694195680526915,4.925023568968119,0.0,,-1.0818106269796521,-1.0818106269796521,sequential,1.5e-06,2,0.7,"(0.889, 1.0]"
3460,10031101000.0,178.0,1.0,0.0,2.0653020045643404,5.387100046754482,0.0,,-1.6078552808663034,-1.6078552808663034,sequential,1.5e-06,2,0.7,
3461,10031102000.0,178.0,2.0,0.0,0.42106199944389416,2.8542646861569065,0.0,,-0.806246505594944,-0.806246505594944,sequential,1.5e-06,2,0.7,"(0.333, 0.444]"
3462,10031103000.0,178.0,3.0,0.0,2.054966669862001,9.347230932837773,0.0,,-1.6002878940275649,-1.6002878940275649,sequential,1.5e-06,2,0.7,
3463,10031104000.0,178.0,4.0,0.0,0.9702449663563627,3.8818642849526435,0.0,,-1.0872742121311199,-1.0872742121311199,sequential,1.5e-06,2,0.7,"(0.889, 1.0]"
3464,10031105000.0,178.0,5.0,0.0,0.42108672722172547,2.812148669605163,0.0,,-0.8063647185121814,-0.8063647185121814,sequential,1.5e-06,2,0.7,"(0.333, 0.444]"
3465,10032100000.0,179.0,0.0,0.0,0.9702981238714268,1.257123921719558,0.0,,-1.087624535736304,-1.087624535736304,sequential,1.5e-06,2,1.0,"(0.889, 1.0]"
3466,10032101000.0,179.0,1.0,0.0,2.0654234915363796,3.8415923486551526,0.0,,-1.607909998322687,-1.607909998322687,sequential,1.5e-06,2,1.0,
3467,10032102000.0,179.0,2.0,0.0,0.42144703990315147,1.0253733364247997,0.0,,-0.8080818617363946,-0.8080818617363946,sequential,1.5e-06,2,1.0,"(0.333, 0.444]"
3468,10032103000.0,179.0,3.0,0.0,2.0689962185012223,9.754223090896792,0.0,,-1.6106925139746826,-1.6106925139746826,sequential,1.5e-06,2,1.0,
3469,10032104000.0,179.0,4.0,0.0,0.9693945326494049,1.6560709427960434,0.0,,-1.0816107662358727,-1.0816107662358727,sequential,1.5e-06,2,1.0,"(0.889, 1.0]"
3470,10032105000.0,179.0,5.0,0.0,0.41964929230569953,1.4139894074022126,0.0,,-0.7998834607562793,-0.7998834607562793,sequential,1.5e-06,2,1.0,"(0.333, 0.444]"
3471,10033100000.0,180.0,0.0,0.0,0.9689798423102775,0.44700169329402356,0.0,,-1.0788136891270603,-1.0788136891270603,sequential,1.5e-06,2,1.5,"(0.889, 1.0]"
3472,10033101000.0,180.0,1.0,0.0,2.063566343079026,2.9176371986471064,0.0,,-1.606338854795169,-1.606338854795169,sequential,1.5e-06,2,1.5,
3473,10033102000.0,180.0,2.0,0.0,0.419326503019148,0.5875493274021574,0.0,,-0.8180174206926071,-0.8180174206926071,sequential,1.5e-06,2,1.5,"(0.333, 0.444]"
3474,10033103000.0,180.0,3.0,0.0,2.0510952024773466,4.241972789484393,0.0,,-1.5971835300876356,-1.5971835300876356,sequential,1.5e-06,2,1.5,
3475,10033104000.0,180.0,4.0,0.0,0.9708471630037412,0.3372092732703267,0.0,,-1.0914453236319395,-1.0914453236319395,sequential,1.5e-06,2,1.5,"(0.889, 1.0]"
3476,10033105000.0,180.0,5.0,0.0,0.420889817499309,0.5399761612772398,0.0,,-0.805343976655337,-0.805343976655337,sequential,1.5e-06,2,1.5,"(0.333, 0.444]"
3477,10034100000.0,181.0,0.0,0.0,0.9702176018533667,0.21522481906952212,0.0,,-1.08712345606921,-1.08712345606921,sequential,1.5e-06,2,2.0,"(0.889, 1.0]"
3478,10034101000.0,181.0,1.0,0.0,2.0656973978256983,1.340960564221242,0.0,,-1.6082226463260623,-1.6082226463260623,sequential,1.5e-06,2,2.0,
3479,10034102000.0,181.0,2.0,0.0,0.4207158318090701,0.33312222190542734,0.0,,-0.8047571242641811,-0.8047571242641811,sequential,1.5e-06,2,2.0,"(0.333, 0.444]"
3480,10034103000.0,181.0,3.0,0.0,2.0590302666784703,1.4880278626924717,0.0,,-1.6034146919778616,-1.6034146919778616,sequential,1.5e-06,2,2.0,
3481,10034104000.0,181.0,4.0,0.0,0.9699338480059108,0.2309533986526231,0.0,,-1.0851367971046775,-1.0851367971046775,sequential,1.5e-06,2,2.0,"(0.889, 1.0]"
3482,10034105000.0,181.0,5.0,0.0,0.4211634299759115,0.3307938533794112,0.0,,-0.8067598659094566,-0.8067598659094566,sequential,1.5e-06,2,2.0,"(0.333, 0.444]"
3483,10035100000.0,203.0,0.0,0.0,0.789113632999689,8.946454343986835,0.0,,-1.241826351414571,-1.241826351414571,sequential,1.8e-06,2,0.1,"(0.778, 0.889]"
3484,10035101000.0,203.0,1.0,0.0,1.6712641256489587,7.982324039070123,0.0,,-1.8221661314956024,-1.8221661314956024,sequential,1.8e-06,2,0.1,
3485,10035102000.0,203.0,2.0,0.0,0.3387881564347738,4.940037627498356,0.0,,-0.9198552599608774,-0.9198552599608774,sequential,1.8e-06,2,0.1,"(0.333, 0.444]"
3486,10035103000.0,203.0,3.0,0.0,1.6701966322136579,7.590647452001514,0.0,,-1.8207747998283992,-1.8207747998283992,sequential,1.8e-06,2,0.1,
3487,10035104000.0,203.0,4.0,0.0,0.7894111658704795,8.189797729215508,0.0,,-1.2437511337206624,-1.2437511337206624,sequential,1.8e-06,2,0.1,"(0.778, 0.889]"
3488,10035105000.0,203.0,5.0,0.0,0.33725082127536155,2.366438732119167,0.0,,-0.9336877098131414,-0.9336877098131414,sequential,1.8e-06,2,0.1,"(0.333, 0.444]"
3489,10036100000.0,204.0,0.0,0.0,0.7887123378825334,3.485270128070942,0.0,,-1.2396654368898323,-1.2396654368898323,sequential,1.8e-06,2,0.4,"(0.778, 0.889]"
3490,10036101000.0,204.0,1.0,0.0,1.6853512143431502,5.377166620954839,0.0,,-1.8412677894046727,-1.8412677894046727,sequential,1.8e-06,2,0.4,
3491,10036102000.0,204.0,2.0,0.0,0.33878370211731834,6.009944371432522,0.0,,-0.9199413451684683,-0.9199413451684683,sequential,1.8e-06,2,0.4,"(0.333, 0.444]"
3492,10036103000.0,204.0,3.0,0.0,1.669888505902516,3.8854800612999796,0.0,,-1.8211071027907924,-1.8211071027907924,sequential,1.8e-06,2,0.4,
3493,10036104000.0,204.0,4.0,0.0,0.7885382964152353,5.19660698966547,0.0,,-1.238587711111783,-1.238587711111783,sequential,1.8e-06,2,0.4,"(0.778, 0.889]"
3494,10036105000.0,204.0,5.0,0.0,0.3392377619273389,4.943823209634709,0.0,,-0.9226513475100745,-0.9226513475100745,sequential,1.8e-06,2,0.4,"(0.333, 0.444]"
3495,10037100000.0,205.0,0.0,0.0,0.7882274262241167,9.755882788456502,0.0,,-1.236396006433975,-1.236396006433975,sequential,1.8e-06,2,0.5,"(0.778, 0.889]"
3496,10037101000.0,205.0,1.0,0.0,1.6761272643344307,8.325782501748076,0.0,,-1.828134300929445,-1.828134300929445,sequential,1.8e-06,2,0.5,
3497,10037102000.0,205.0,2.0,0.0,0.338422878880543,7.315300075152574,0.0,,-0.9176345694008464,-0.9176345694008464,sequential,1.8e-06,2,0.5,"(0.333, 0.444]"
3498,10037103000.0,205.0,3.0,0.0,1.6732419168441568,8.367958360253011,0.0,,-1.8246161996858092,-1.8246161996858092,sequential,1.8e-06,2,0.5,
3499,10037104000.0,205.0,4.0,0.0,0.788959582922679,8.197016620975123,0.0,,-1.2407697218662905,-1.2407697218662905,sequential,1.8e-06,2,0.5,"(0.778, 0.889]"
3500,10037105000.0,205.0,5.0,0.0,0.3386760477956528,6.785764193326645,0.0,,-0.9191372436555065,-0.9191372436555065,sequential,1.8e-06,2,0.5,"(0.333, 0.444]"
3501,10038100000.0,206.0,0.0,0.0,0.7882799914166121,3.9280646513635515,0.0,,-1.2367851483150847,-1.2367851483150847,sequential,1.8e-06,2,0.7,"(0.778, 0.889]"
3502,10038101000.0,206.0,1.0,0.0,1.6773091128013455,7.382799030488197,0.0,,-1.8298326884207654,-1.8298326884207654,sequential,1.8e-06,2,0.7,
3503,10038102000.0,206.0,2.0,0.0,0.3389047613772532,2.442142550016502,0.0,,-0.9205396645307066,-0.9205396645307066,sequential,1.8e-06,2,0.7,"(0.333, 0.444]"
3504,10038103000.0,206.0,3.0,0.0,1.6808390457894737,4.7923336412447455,0.0,,-1.8346781713318996,-1.8346781713318996,sequential,1.8e-06,2,0.7,
3505,10038104000.0,206.0,4.0,0.0,0.789383558566641,3.188545257140484,0.0,,-1.2435560757451487,-1.2435560757451487,sequential,1.8e-06,2,0.7,"(0.778, 0.889]"
3506,10038105000.0,206.0,5.0,0.0,0.3376006470107447,3.1983998482754528,0.0,,-0.9354765596980343,-0.9354765596980343,sequential,1.8e-06,2,0.7,"(0.333, 0.444]"
3507,10039100000.0,207.0,0.0,0.0,0.7871688406667628,1.635337869948915,0.0,,-1.2303260097502382,-1.2303260097502382,sequential,1.8e-06,2,1.0,"(0.778, 0.889]"
3508,10039101000.0,207.0,1.0,0.0,1.681339353889354,8.630056647431802,0.0,,-1.8353064551429523,-1.8353064551429523,sequential,1.8e-06,2,1.0,
3509,10039102000.0,207.0,2.0,0.0,0.3371139036035794,1.336458231109129,0.0,,-0.9328703278656626,-0.9328703278656626,sequential,1.8e-06,2,1.0,"(0.333, 0.444]"
3510,10039103000.0,207.0,3.0,0.0,1.6702406909179572,8.986022424611003,0.0,,-1.8207092838819583,-1.8207092838819583,sequential,1.8e-06,2,1.0,
3511,10039104000.0,207.0,4.0,0.0,0.7883175544527391,1.2367681276468034,0.0,,-1.2369651303915434,-1.2369651303915434,sequential,1.8e-06,2,1.0,"(0.778, 0.889]"
3512,10039105000.0,207.0,5.0,0.0,0.33839327907812794,1.0750868589389497,0.0,,-0.9174688549333582,-0.9174688549333582,sequential,1.8e-06,2,1.0,"(0.333, 0.444]"
3513,10040100000.0,208.0,0.0,0.0,0.787705628889591,0.4785613845017694,0.0,,-1.233656604581544,-1.233656604581544,sequential,1.8e-06,2,1.5,"(0.778, 0.889]"
3514,10040101000.0,208.0,1.0,0.0,1.683814383068007,2.4527672405152696,0.0,,-1.8389681784489562,-1.8389681784489562,sequential,1.8e-06,2,1.5,
3515,10040102000.0,208.0,2.0,0.0,0.33900073696627436,0.48853469228462737,0.0,,-0.9211737466195448,-0.9211737466195448,sequential,1.8e-06,2,1.5,"(0.333, 0.444]"
3516,10040103000.0,208.0,3.0,0.0,1.6751143831553457,3.519271732328299,0.0,,-1.8273837015775225,-1.8273837015775225,sequential,1.8e-06,2,1.5,
3517,10040104000.0,208.0,4.0,0.0,0.7885586339270632,0.4277202056548684,0.0,,-1.2386079872474036,-1.2386079872474036,sequential,1.8e-06,2,1.5,"(0.778, 0.889]"
3518,10040105000.0,208.0,5.0,0.0,0.3385804137746758,0.5122862553724902,0.0,,-0.9186720912853344,-0.9186720912853344,sequential,1.8e-06,2,1.5,"(0.333, 0.444]"
3519,10041100000.0,209.0,0.0,0.0,0.7900489633169278,0.21505240780344037,0.0,,-1.249324173298829,-1.249324173298829,sequential,1.8e-06,2,2.0,"(0.778, 0.889]"
3520,10041101000.0,209.0,1.0,0.0,1.6820482434691029,2.059274179114549,0.0,,-1.8387648925878886,-1.8387648925878886,sequential,1.8e-06,2,2.0,
3521,10041102000.0,209.0,2.0,0.0,0.33881802654077503,0.34379858890492954,0.0,,-0.9210857720903949,-0.9210857720903949,sequential,1.8e-06,2,2.0,"(0.333, 0.444]"
3522,10041103000.0,209.0,3.0,0.0,1.6883199524707702,1.4432227484707645,0.0,,-1.84713566711005,-1.84713566711005,sequential,1.8e-06,2,2.0,
3523,10041104000.0,209.0,4.0,0.0,0.7896996735724681,0.23260802043953807,0.0,,-1.2470416903041726,-1.2470416903041726,sequential,1.8e-06,2,2.0,"(0.778, 0.889]"
3524,10041105000.0,209.0,5.0,0.0,0.3398192055015164,0.32099167719587296,0.0,,-0.9268655077988861,-0.9268655077988861,sequential,1.8e-06,2,2.0,"(0.333, 0.444]"
3525,10042100000.0,154.0,0.0,0.0,1.3384589915363934,7.90066318469941,0.0,,-0.986314051461485,-0.986314051461485,sequential,1.2e-06,10,0.1,
3526,10042101000.0,154.0,1.0,0.0,2.575696865818427,2.6109483478449262,0.0,,-1.4319692688193053,-1.4319692688193053,sequential,1.2e-06,10,0.1,
3527,10042102000.0,154.0,2.0,0.0,0.5608755731899148,1.3900511391325607,0.0,,-0.7273491081889607,-0.7273491081889607,sequential,1.2e-06,10,0.1,"(0.556, 0.667]"
3528,10042103000.0,154.0,3.0,0.0,2.536993508550705,7.371433405206991,0.0,,-1.4145290428619,-1.4145290428619,sequential,1.2e-06,10,0.1,
3529,10042104000.0,154.0,4.0,0.0,1.3362226986538153,7.265071607113175,0.0,,-0.9835245118721405,-0.9835245118721405,sequential,1.2e-06,10,0.1,
3530,10042105000.0,154.0,5.0,0.0,0.5626685759642185,6.303566091537032,0.0,,-0.7305643357078956,-0.7305643357078956,sequential,1.2e-06,10,0.1,"(0.556, 0.667]"
3531,10043100000.0,155.0,0.0,0.0,1.33736303287722,9.610632256700848,0.0,,-0.9839991880544827,-0.9839991880544827,sequential,1.2e-06,10,0.4,
3532,10043101000.0,155.0,1.0,0.0,2.5484289596015977,9.930481014071269,0.0,,-1.4179948239672555,-1.4179948239672555,sequential,1.2e-06,10,0.4,
3533,10043102000.0,155.0,2.0,0.0,0.5605242303190416,5.3523040523521805,0.0,,-0.7259819726346779,-0.7259819726346779,sequential,1.2e-06,10,0.4,"(0.556, 0.667]"
3534,10043103000.0,155.0,3.0,0.0,2.540740803456376,8.695389294514094,0.0,,-1.4146668764171395,-1.4146668764171395,sequential,1.2e-06,10,0.4,
3535,10043104000.0,155.0,4.0,0.0,1.3328744904756131,8.680985022002266,0.0,,-0.9785441495258095,-0.9785441495258095,sequential,1.2e-06,10,0.4,
3536,10043105000.0,155.0,5.0,0.0,0.5609622238532948,6.175930522355797,0.0,,-0.7268031708436921,-0.7268031708436921,sequential,1.2e-06,10,0.4,"(0.556, 0.667]"
3537,10044100000.0,156.0,0.0,0.0,1.337373865154325,7.876496059786992,0.0,,-0.985011507887135,-0.985011507887135,sequential,1.2e-06,10,0.5,
3538,10044101000.0,156.0,1.0,0.0,2.514969820591804,4.21370372429219,0.0,,-1.4024278809317394,-1.4024278809317394,sequential,1.2e-06,10,0.5,
3539,10044102000.0,156.0,2.0,0.0,0.5591798961187548,5.633314872317185,0.0,,-0.7232086215862986,-0.7232086215862986,sequential,1.2e-06,10,0.5,"(0.556, 0.667]"
3540,10044103000.0,156.0,3.0,0.0,2.5596248184465105,8.652693294575041,0.0,,-1.4246735622565099,-1.4246735622565099,sequential,1.2e-06,10,0.5,
3541,10044104000.0,156.0,4.0,0.0,1.3403748539248221,8.80149935073884,0.0,,-0.9886280503759027,-0.9886280503759027,sequential,1.2e-06,10,0.5,
3542,10044105000.0,156.0,5.0,0.0,0.5648859839298493,5.24619047665442,0.0,,-0.734692161358532,-0.734692161358532,sequential,1.2e-06,10,0.5,"(0.556, 0.667]"
3543,10045100000.0,157.0,0.0,0.0,1.339021128107344,2.13266246683659,0.0,,-0.9859223064877747,-0.9859223064877747,sequential,1.2e-06,10,0.7,
3544,10045101000.0,157.0,1.0,0.0,2.5462121036869694,1.9435990629705182,0.0,,-1.4168701239040906,-1.4168701239040906,sequential,1.2e-06,10,0.7,
3545,10045102000.0,157.0,2.0,0.0,0.5621269784439289,2.5319241589381596,0.0,,-0.7288586687362858,-0.7288586687362858,sequential,1.2e-06,10,0.7,"(0.556, 0.667]"
3546,10045103000.0,157.0,3.0,0.0,2.5166488692251883,6.316230141858414,0.0,,-1.403941677639236,-1.403941677639236,sequential,1.2e-06,10,0.7,
3547,10045104000.0,157.0,4.0,0.0,1.3280253236765631,4.259300960746572,0.0,,-0.9727646979429194,-0.9727646979429194,sequential,1.2e-06,10,0.7,
3548,10045105000.0,157.0,5.0,0.0,0.557772503837966,3.5407229108837135,0.0,,-0.7209473496862515,-0.7209473496862515,sequential,1.2e-06,10,0.7,"(0.556, 0.667]"
3549,10046100000.0,158.0,0.0,0.0,1.3285884414033673,1.7025134278736698,0.0,,-0.9731210028691704,-0.9731210028691704,sequential,1.2e-06,10,1.0,
3550,10046101000.0,158.0,1.0,0.0,2.491522044509046,7.2454480859259025,0.0,,-1.430691614488199,-1.430691614488199,sequential,1.2e-06,10,1.0,
3551,10046102000.0,158.0,2.0,0.0,0.5558242515863958,1.5762299961909119,0.0,,-0.7174368136878099,-0.7174368136878099,sequential,1.2e-06,10,1.0,"(0.556, 0.667]"
3552,10046103000.0,158.0,3.0,0.0,2.514935721257192,9.539953568711718,0.0,,-1.4029846640798505,-1.4029846640798505,sequential,1.2e-06,10,1.0,
3553,10046104000.0,158.0,4.0,0.0,1.3290965339843699,1.5803483087132117,0.0,,-0.9737338527246331,-0.9737338527246331,sequential,1.2e-06,10,1.0,
3554,10046105000.0,158.0,5.0,0.0,0.5561300863506761,1.5405711503937898,0.0,,-0.7179860751125924,-0.7179860751125924,sequential,1.2e-06,10,1.0,"(0.556, 0.667]"
3555,10047100000.0,159.0,0.0,0.0,1.3358469070475842,0.34193608421953714,0.0,,-0.9819587749109705,-0.9819587749109705,sequential,1.2e-06,10,1.5,
3556,10047101000.0,159.0,1.0,0.0,2.544116051618534,2.4933799106160355,0.0,,-1.4158189790287479,-1.4158189790287479,sequential,1.2e-06,10,1.5,
3557,10047102000.0,159.0,2.0,0.0,0.5608873745560743,0.5130981577774782,0.0,,-0.7265722503904706,-0.7265722503904706,sequential,1.2e-06,10,1.5,"(0.556, 0.667]"
3558,10047103000.0,159.0,3.0,0.0,2.499063984633618,5.488311734078424,0.0,,-1.433944584686939,-1.433944584686939,sequential,1.2e-06,10,1.5,
3559,10047104000.0,159.0,4.0,0.0,1.3370342500157972,0.3262884551742869,0.0,,-0.9834615288025786,-0.9834615288025786,sequential,1.2e-06,10,1.5,
3560,10047105000.0,159.0,5.0,0.0,0.558117954997352,0.5754223696944591,0.0,,-0.7215260822818106,-0.7215260822818106,sequential,1.2e-06,10,1.5,"(0.556, 0.667]"
3561,10048100000.0,160.0,0.0,0.0,1.3354141621223283,0.23966000395184858,0.0,,-0.9824133849640726,-0.9824133849640726,sequential,1.2e-06,10,2.0,
3562,10048101000.0,160.0,1.0,0.0,2.5567481349571164,1.033684297740062,0.0,,-1.4231315845706074,-1.4231315845706074,sequential,1.2e-06,10,2.0,
3563,10048102000.0,160.0,2.0,0.0,0.561307440963367,0.3329809194257435,0.0,,-0.7280703323001534,-0.7280703323001534,sequential,1.2e-06,10,2.0,"(0.556, 0.667]"
3564,10048103000.0,160.0,3.0,0.0,2.5642429985352813,0.990016835978848,0.0,,-1.4263966219411257,-1.4263966219411257,sequential,1.2e-06,10,2.0,
3565,10048104000.0,160.0,4.0,0.0,1.3356618625118704,0.2384334818298589,0.0,,-0.9827202802382575,-0.9827202802382575,sequential,1.2e-06,10,2.0,
3566,10048105000.0,160.0,5.0,0.0,0.5625766686521643,0.33517853840062634,0.0,,-0.730328070038722,-0.730328070038722,sequential,1.2e-06,10,2.0,"(0.556, 0.667]"
3567,10049100000.0,182.0,0.0,0.0,0.9782873156640027,5.063178633813613,0.0,,-1.1527887748776953,-1.1527887748776953,sequential,1.5e-06,10,0.1,"(0.889, 1.0]"
3568,10049101000.0,182.0,1.0,0.0,1.9867888794364938,4.248814507002481,0.0,,-1.6993554065733671,-1.6993554065733671,sequential,1.5e-06,10,0.1,
3569,10049102000.0,182.0,2.0,0.0,0.422052598591322,5.935334014653179,0.0,,-0.8486904574158658,-0.8486904574158658,sequential,1.5e-06,10,0.1,"(0.333, 0.444]"
3570,10049103000.0,182.0,3.0,0.0,1.972880223574472,8.95506054825537,0.0,,-1.6884494720290986,-1.6884494720290986,sequential,1.5e-06,10,0.1,
3571,10049104000.0,182.0,4.0,0.0,0.9787429784484672,4.219754402345522,0.0,,-1.1557521970124507,-1.1557521970124507,sequential,1.5e-06,10,0.1,"(0.889, 1.0]"
3572,10049105000.0,182.0,5.0,0.0,0.4232564989698379,5.11271434077425,0.0,,-0.8541506994962337,-0.8541506994962337,sequential,1.5e-06,10,0.1,"(0.333, 0.444]"
3573,10050100000.0,183.0,0.0,0.0,0.9782789244988785,3.390318271377884,0.0,,-1.1531236557952333,-1.1531236557952333,sequential,1.5e-06,10,0.4,"(0.889, 1.0]"
3574,10050101000.0,183.0,1.0,0.0,1.9822757423441555,4.970602233445064,0.0,,-1.6963640944538794,-1.6963640944538794,sequential,1.5e-06,10,0.4,
3575,10050102000.0,183.0,2.0,0.0,0.42434869381685264,8.553928146022953,0.0,,-0.8593828835646848,-0.8593828835646848,sequential,1.5e-06,10,0.4,"(0.333, 0.444]"
3576,10050103000.0,183.0,3.0,0.0,2.0039305526674873,3.869306626699158,0.0,,-1.6700142153286648,-1.6700142153286648,sequential,1.5e-06,10,0.4,
3577,10050104000.0,183.0,4.0,0.0,0.9779440680669056,3.5408003100158916,0.0,,-1.1510377125978484,-1.1510377125978484,sequential,1.5e-06,10,0.4,"(0.889, 1.0]"
3578,10050105000.0,183.0,5.0,0.0,0.4235478485972439,4.3360800601869585,0.0,,-0.8556718245760057,-0.8556718245760057,sequential,1.5e-06,10,0.4,"(0.333, 0.444]"
3579,10051100000.0,184.0,0.0,0.0,0.9779267409558733,5.9695439089730815,0.0,,-1.1503398704257068,-1.1503398704257068,sequential,1.5e-06,10,0.5,"(0.889, 1.0]"
3580,10051101000.0,184.0,1.0,0.0,1.983189741085692,2.804907678556879,0.0,,-1.696117218495273,-1.696117218495273,sequential,1.5e-06,10,0.5,
3581,10051102000.0,184.0,2.0,0.0,0.42107994868044823,9.032766816514476,0.0,,-0.8441273367018531,-0.8441273367018531,sequential,1.5e-06,10,0.5,"(0.333, 0.444]"
3582,10051103000.0,184.0,3.0,0.0,1.9580086455565064,3.120135841038272,0.0,,-1.6768963995351802,-1.6768963995351802,sequential,1.5e-06,10,0.5,
3583,10051104000.0,184.0,4.0,0.0,0.9769816554526078,7.09379406717628,0.0,,-1.1447992334401804,-1.1447992334401804,sequential,1.5e-06,10,0.5,"(0.889, 1.0]"
3584,10051105000.0,184.0,5.0,0.0,0.4211979678222206,8.2790010402559,0.0,,-0.8446582008948801,-0.8446582008948801,sequential,1.5e-06,10,0.5,"(0.333, 0.444]"
3585,10052100000.0,185.0,0.0,0.0,0.978637222340141,2.8055723616526893,0.0,,-1.1550286172254598,-1.1550286172254598,sequential,1.5e-06,10,0.7,"(0.889, 1.0]"
3586,10052101000.0,185.0,1.0,0.0,1.9868770962936153,7.647815327165111,0.0,,-1.6993818298714376,-1.6993818298714376,sequential,1.5e-06,10,0.7,
3587,10052102000.0,185.0,2.0,0.0,0.42113022030863523,3.466305885684117,0.0,,-0.8446456080859408,-0.8446456080859408,sequential,1.5e-06,10,0.7,"(0.333, 0.444]"
3588,10052103000.0,185.0,3.0,0.0,1.9851631104306615,5.219509223004894,0.0,,-1.6979691954551344,-1.6979691954551344,sequential,1.5e-06,10,0.7,
3589,10052104000.0,185.0,4.0,0.0,0.9772421936088592,3.792355913155343,0.0,,-1.1465070062550566,-1.1465070062550566,sequential,1.5e-06,10,0.7,"(0.889, 1.0]"
3590,10052105000.0,185.0,5.0,0.0,0.4231174015853997,2.6530538413274973,0.0,,-0.853476171406695,-0.853476171406695,sequential,1.5e-06,10,0.7,"(0.333, 0.444]"
3591,10053100000.0,186.0,0.0,0.0,0.9780875567405323,1.1056073503703123,0.0,,-1.1514519109332928,-1.1514519109332928,sequential,1.5e-06,10,1.0,"(0.889, 1.0]"
3592,10053101000.0,186.0,1.0,0.0,1.9703941458280225,9.219815230545619,0.0,,-1.686347569344905,-1.686347569344905,sequential,1.5e-06,10,1.0,
3593,10053102000.0,186.0,2.0,0.0,0.42062389736776523,1.4176577545077327,0.0,,-0.8423644033008261,-0.8423644033008261,sequential,1.5e-06,10,1.0,"(0.333, 0.444]"
3594,10053103000.0,186.0,3.0,0.0,1.9782071092047198,4.9219958375446575,0.0,,-1.6925434233936927,-1.6925434233936927,sequential,1.5e-06,10,1.0,
3595,10053104000.0,186.0,4.0,0.0,0.9767951405191808,1.482466483348029,0.0,,-1.1438446959478414,-1.1438446959478414,sequential,1.5e-06,10,1.0,"(0.889, 1.0]"
3596,10053105000.0,186.0,5.0,0.0,0.4219033642029717,1.184743987551975,0.0,,-0.8479483800173355,-0.8479483800173355,sequential,1.5e-06,10,1.0,"(0.333, 0.444]"
3597,10054100000.0,187.0,0.0,0.0,0.9784411992348475,0.36252511324936565,0.0,,-1.1539162508868561,-1.1539162508868561,sequential,1.5e-06,10,1.5,"(0.889, 1.0]"
3598,10054101000.0,187.0,1.0,0.0,1.991553518162677,2.9543375166117167,0.0,,-1.6594409309103568,-1.6594409309103568,sequential,1.5e-06,10,1.5,
3599,10054102000.0,187.0,2.0,0.0,0.42221441459022935,0.5532767911770842,0.0,,-0.849557773862212,-0.849557773862212,sequential,1.5e-06,10,1.5,"(0.333, 0.444]"
3600,10054103000.0,187.0,3.0,0.0,2.0004136084216246,2.562754375449573,0.0,,-1.6668131875070393,-1.6668131875070393,sequential,1.5e-06,10,1.5,
3601,10054104000.0,187.0,4.0,0.0,0.9780126144182466,0.38436332497717945,0.0,,-1.1513787109795597,-1.1513787109795597,sequential,1.5e-06,10,1.5,"(0.889, 1.0]"
3602,10054105000.0,187.0,5.0,0.0,0.42293188493240347,0.5130941811435499,0.0,,-0.8527302439034652,-0.8527302439034652,sequential,1.5e-06,10,1.5,"(0.333, 0.444]"
3603,10055100000.0,188.0,0.0,0.0,0.9767592108132324,0.23205155979839628,0.0,,-1.1439620609876366,-1.1439620609876366,sequential,1.5e-06,10,2.0,"(0.889, 1.0]"
3604,10055101000.0,188.0,1.0,0.0,1.9797300173968906,1.4723499901878676,0.0,,-1.6939518583817503,-1.6939518583817503,sequential,1.5e-06,10,2.0,
3605,10055102000.0,188.0,2.0,0.0,0.4220571254022402,0.33333071518309115,0.0,,-0.8487353796262891,-0.8487353796262891,sequential,1.5e-06,10,2.0,"(0.333, 0.444]"
3606,10055103000.0,188.0,3.0,0.0,1.993660016787523,0.9516018688259581,0.0,,-1.6610512431501643,-1.6610512431501643,sequential,1.5e-06,10,2.0,
3607,10055104000.0,188.0,4.0,0.0,0.9786957235006897,0.19324803847873454,0.0,,-1.1554652631079412,-1.1554652631079412,sequential,1.5e-06,10,2.0,"(0.889, 1.0]"
3608,10055105000.0,188.0,5.0,0.0,0.42204320056533157,0.33323249550490813,0.0,,-0.8486716574784727,-0.8486716574784727,sequential,1.5e-06,10,2.0,"(0.333, 0.444]"
3609,10056100000.0,210.0,0.0,0.0,0.7925152789413453,7.213084264899664,0.0,,-1.309792104224151,-1.309792104224151,sequential,1.8e-06,10,0.1,"(0.778, 0.889]"
3610,10056101000.0,210.0,1.0,0.0,1.6177222830121463,2.0406793214832564,0.0,,-1.9015836769092505,-1.9015836769092505,sequential,1.8e-06,10,0.1,
3611,10056102000.0,210.0,2.0,0.0,0.3384347513604409,2.296618425863322,0.0,,-0.9681874073665806,-0.9681874073665806,sequential,1.8e-06,10,0.1,"(0.333, 0.444]"
3612,10056103000.0,210.0,3.0,0.0,1.6058864124078571,9.26650989919182,0.0,,-1.9354696957152915,-1.9354696957152915,sequential,1.8e-06,10,0.1,
3613,10056104000.0,210.0,4.0,0.0,0.7935159174437767,6.8579512705802,0.0,,-1.3151440627718025,-1.3151440627718025,sequential,1.8e-06,10,0.1,"(0.778, 0.889]"
3614,10056105000.0,210.0,5.0,0.0,0.3406313446349451,7.807685687402256,0.0,,-0.980485219250823,-0.980485219250823,sequential,1.8e-06,10,0.1,"(0.333, 0.444]"
3615,10057100000.0,211.0,0.0,0.0,0.7929736071463156,3.5314037638061064,0.0,,-1.312051928207063,-1.312051928207063,sequential,1.8e-06,10,0.4,"(0.778, 0.889]"
3616,10057101000.0,211.0,1.0,0.0,1.6152816003811574,5.857241152544869,0.0,,-1.9484756820764324,-1.9484756820764324,sequential,1.8e-06,10,0.4,
3617,10057102000.0,211.0,2.0,0.0,0.33924986950826297,9.134437131925743,0.0,,-0.9726307309386412,-0.9726307309386412,sequential,1.8e-06,10,0.4,"(0.333, 0.444]"
3618,10057103000.0,211.0,3.0,0.0,1.6159405168682899,2.69051525393495,0.0,,-1.898828770908409,-1.898828770908409,sequential,1.8e-06,10,0.4,
3619,10057104000.0,211.0,4.0,0.0,0.7934034828219975,3.4320671319743634,0.0,,-1.3144667983757892,-1.3144667983757892,sequential,1.8e-06,10,0.4,"(0.778, 0.889]"
3620,10057105000.0,211.0,5.0,0.0,0.3399037096387815,4.833187301461165,0.0,,-0.97628884892766,-0.97628884892766,sequential,1.8e-06,10,0.4,"(0.333, 0.444]"
3621,10058100000.0,212.0,0.0,0.0,0.7944470170737664,8.863888510923157,0.0,,-1.3217106836406576,-1.3217106836406576,sequential,1.8e-06,10,0.5,"(0.778, 0.889]"
3622,10058101000.0,212.0,1.0,0.0,1.6250071219574396,7.894428903349146,0.0,,-1.9147120362736445,-1.9147120362736445,sequential,1.8e-06,10,0.5,
3623,10058102000.0,212.0,2.0,0.0,0.3410442689967207,6.888303364115942,0.0,,-0.983827376290062,-0.983827376290062,sequential,1.8e-06,10,0.5,"(0.333, 0.444]"
3624,10058103000.0,212.0,3.0,0.0,1.6153205589290067,2.6030033934998826,0.0,,-1.9003338969424342,-1.9003338969424342,sequential,1.8e-06,10,0.5,
3625,10058104000.0,212.0,4.0,0.0,0.7946829789908266,7.683207711651096,0.0,,-1.323093967615104,-1.323093967615104,sequential,1.8e-06,10,0.5,"(0.778, 0.889]"
3626,10058105000.0,212.0,5.0,0.0,0.34140583768861993,7.39048561577837,0.0,,-0.9859864863180327,-0.9859864863180327,sequential,1.8e-06,10,0.5,"(0.333, 0.444]"
3627,10059100000.0,213.0,0.0,0.0,0.7946621699948493,3.075363634139808,0.0,,-1.321619153685588,-1.321619153685588,sequential,1.8e-06,10,0.7,"(0.778, 0.889]"
3628,10059101000.0,213.0,1.0,0.0,1.6090797526513987,8.73009034004374,0.0,,-1.9398975895559798,-1.9398975895559798,sequential,1.8e-06,10,0.7,
3629,10059102000.0,213.0,2.0,0.0,0.34058863165587067,2.2844215433148234,0.0,,-0.980220104674905,-0.980220104674905,sequential,1.8e-06,10,0.7,"(0.333, 0.444]"
3630,10059103000.0,213.0,3.0,0.0,1.607548336299092,2.567194289855559,0.0,,-1.937748240541618,-1.937748240541618,sequential,1.8e-06,10,0.7,
3631,10059104000.0,213.0,4.0,0.0,0.7923338994293079,4.836668189674399,0.0,,-1.3087875910874802,-1.3087875910874802,sequential,1.8e-06,10,0.7,"(0.778, 0.889]"
3632,10059105000.0,213.0,5.0,0.0,0.3397157439378576,2.4849324011872596,0.0,,-0.9751997961803468,-0.9751997961803468,sequential,1.8e-06,10,0.7,"(0.333, 0.444]"
3633,10060100000.0,214.0,0.0,0.0,0.7926097550815083,1.4678286311909714,0.0,,-1.3099592037551793,-1.3099592037551793,sequential,1.8e-06,10,1.0,"(0.778, 0.889]"
3634,10060101000.0,214.0,1.0,0.0,1.6053029897111522,8.403536122423136,0.0,,-1.9344672974784518,-1.9344672974784518,sequential,1.8e-06,10,1.0,
3635,10060102000.0,214.0,2.0,0.0,0.3401620342116641,1.0298078572760816,0.0,,-0.9777678729522442,-0.9777678729522442,sequential,1.8e-06,10,1.0,"(0.333, 0.444]"
3636,10060103000.0,214.0,3.0,0.0,1.6027931947164415,8.888346091421113,0.0,,-1.9310119344233845,-1.9310119344233845,sequential,1.8e-06,10,1.0,
3637,10060104000.0,214.0,4.0,0.0,0.7945806739801504,0.974042710376978,0.0,,-1.321060074263786,-1.321060074263786,sequential,1.8e-06,10,1.0,"(0.778, 0.889]"
3638,10060105000.0,214.0,5.0,0.0,0.338005257956182,1.437544596693797,0.0,,-0.9656890752391168,-0.9656890752391168,sequential,1.8e-06,10,1.0,"(0.333, 0.444]"
3639,10061100000.0,215.0,0.0,0.0,0.7948688740124961,0.3463294767243783,0.0,,-1.3227843620031674,-1.3227843620031674,sequential,1.8e-06,10,1.5,"(0.778, 0.889]"
3640,10061101000.0,215.0,1.0,0.0,1.6108976149421705,2.751113810435011,0.0,,-1.941988023983486,-1.941988023983486,sequential,1.8e-06,10,1.5,
3641,10061102000.0,215.0,2.0,0.0,0.33848296957219753,0.5853705681779289,0.0,,-0.9681938537727683,-0.9681938537727683,sequential,1.8e-06,10,1.5,"(0.333, 0.444]"
3642,10061103000.0,215.0,3.0,0.0,1.6046640225345787,3.941592091034651,0.0,,-1.9335680514509321,-1.9335680514509321,sequential,1.8e-06,10,1.5,
3643,10061104000.0,215.0,4.0,0.0,0.7951800390491368,0.33320585598393854,0.0,,-1.3245026079610733,-1.3245026079610733,sequential,1.8e-06,10,1.5,"(0.778, 0.889]"
3644,10061105000.0,215.0,5.0,0.0,0.3401029311281721,0.4951320016750717,0.0,,-0.9774141780662711,-0.9774141780662711,sequential,1.8e-06,10,1.5,"(0.333, 0.444]"
3645,10062100000.0,216.0,0.0,0.0,0.7934210886299311,0.20355006795268396,0.0,,-1.3141140671474054,-1.3141140671474054,sequential,1.8e-06,10,2.0,"(0.778, 0.889]"
3646,10062101000.0,216.0,1.0,0.0,1.6126115131487655,0.9749020812250229,0.0,,-1.9442195331671617,-1.9442195331671617,sequential,1.8e-06,10,2.0,
3647,10062102000.0,216.0,2.0,0.0,0.33826963908904084,0.3327001012753762,0.0,,-0.9668415196141159,-0.9668415196141159,sequential,1.8e-06,10,2.0,"(0.333, 0.444]"
3648,10062103000.0,216.0,3.0,0.0,1.6116130584661608,1.01421157078856,0.0,,-1.9427690416126164,-1.9427690416126164,sequential,1.8e-06,10,2.0,
3649,10062104000.0,216.0,4.0,0.0,0.7921058884020505,0.22000126941334197,0.0,,-1.3069970101775745,-1.3069970101775745,sequential,1.8e-06,10,2.0,"(0.778, 0.889]"
3650,10062105000.0,216.0,5.0,0.0,0.3392345744842959,0.32018194027489383,0.0,,-0.9722206241158833,-0.9722206241158833,sequential,1.8e-06,10,2.0,"(0.333, 0.444]"
3651,10063100000.0,161.0,0.0,0.0,1.342016556852248,3.2963841678737227,0.0,,-0.9585676035979536,-0.9585676035979536,sequential,1.2e-06,30,0.1,
3652,10063101000.0,161.0,1.0,0.0,2.461576348840043,7.197913637216716,0.0,,-1.4034549068528819,-1.4034549068528819,sequential,1.2e-06,30,0.1,
3653,10063102000.0,161.0,2.0,0.0,0.5601974209288966,7.1880559363974985,0.0,,-0.7225216533117882,-0.7225216533117882,sequential,1.2e-06,30,0.1,"(0.556, 0.667]"
3654,10063103000.0,161.0,3.0,0.0,2.4386040216038953,8.679469435637726,0.0,,-1.3936121646284123,-1.3936121646284123,sequential,1.2e-06,30,0.1,
3655,10063104000.0,161.0,4.0,0.0,1.3326173688201186,7.836321247526681,0.0,,-0.9727879466058169,-0.9727879466058169,sequential,1.2e-06,30,0.1,
3656,10063105000.0,161.0,5.0,0.0,0.5581878878250661,1.1266230483011912,0.0,,-0.7190725520441461,-0.7190725520441461,sequential,1.2e-06,30,0.1,"(0.556, 0.667]"
3657,10064100000.0,162.0,0.0,0.0,1.331790916650918,7.068314602494246,0.0,,-0.9716997558772263,-0.9716997558772263,sequential,1.2e-06,30,0.4,
3658,10064101000.0,162.0,1.0,0.0,2.468379299748847,4.074918499970304,0.0,,-1.4064267100389745,-1.4064267100389745,sequential,1.2e-06,30,0.4,
3659,10064102000.0,162.0,2.0,0.0,0.5601924458405027,8.90203455644705,0.0,,-0.7224280001916188,-0.7224280001916188,sequential,1.2e-06,30,0.4,"(0.556, 0.667]"
3660,10064103000.0,162.0,3.0,0.0,2.4562678672659186,8.111889120597786,0.0,,-1.4008098548247723,-1.4008098548247723,sequential,1.2e-06,30,0.4,
3661,10064104000.0,162.0,4.0,0.0,1.328227554772036,8.75970282281154,0.0,,-0.9678544567341515,-0.9678544567341515,sequential,1.2e-06,30,0.4,
3662,10064105000.0,162.0,5.0,0.0,0.5554843425732121,9.399109823633372,0.0,,-0.7143790259269892,-0.7143790259269892,sequential,1.2e-06,30,0.4,"(0.444, 0.556]"
3663,10065100000.0,163.0,0.0,0.0,1.338680560986425,6.57161434743408,0.0,,-0.9797589591632192,-0.9797589591632192,sequential,1.2e-06,30,0.5,
3664,10065101000.0,163.0,1.0,0.0,2.475695699627869,4.243443728823863,0.0,,-1.4101532361533782,-1.4101532361533782,sequential,1.2e-06,30,0.5,
3665,10065102000.0,163.0,2.0,0.0,0.5589381018581101,8.793659485603497,0.0,,-0.7204622029695403,-0.7204622029695403,sequential,1.2e-06,30,0.5,"(0.556, 0.667]"
3666,10065103000.0,163.0,3.0,0.0,2.483133697479181,2.224011505643714,0.0,,-1.4134550872085592,-1.4134550872085592,sequential,1.2e-06,30,0.5,
3667,10065104000.0,163.0,4.0,0.0,1.3371721937792806,9.049669636630592,0.0,,-0.9779822301358215,-0.9779822301358215,sequential,1.2e-06,30,0.5,
3668,10065105000.0,163.0,5.0,0.0,0.5615514245607961,5.514574200065492,0.0,,-0.7250087480576572,-0.7250087480576572,sequential,1.2e-06,30,0.5,"(0.556, 0.667]"
3669,10066100000.0,164.0,0.0,0.0,1.3292099667341248,2.9125917365306138,0.0,,-0.9685753736244718,-0.9685753736244718,sequential,1.2e-06,30,0.7,
3670,10066101000.0,164.0,1.0,0.0,2.4311025364973755,7.559469723679976,0.0,,-1.389398383835647,-1.389398383835647,sequential,1.2e-06,30,0.7,
3671,10066102000.0,164.0,2.0,0.0,0.5562402944403112,3.425051193453688,0.0,,-0.7153996180448656,-0.7153996180448656,sequential,1.2e-06,30,0.7,"(0.556, 0.667]"
3672,10066103000.0,164.0,3.0,0.0,2.440531827820686,7.754328569941804,0.0,,-1.3936128177427558,-1.3936128177427558,sequential,1.2e-06,30,0.7,
3673,10066104000.0,164.0,4.0,0.0,1.3307846592854813,2.909894946271578,0.0,,-0.9703615041252337,-0.9703615041252337,sequential,1.2e-06,30,0.7,
3674,10066105000.0,164.0,5.0,0.0,0.5588428541768208,2.67306546363057,0.0,,-0.7198939448484849,-0.7198939448484849,sequential,1.2e-06,30,0.7,"(0.556, 0.667]"
3675,10067100000.0,165.0,0.0,0.0,1.334201691734929,1.5458958513030987,0.0,,-0.9746396246276241,-0.9746396246276241,sequential,1.2e-06,30,1.0,
3676,10067101000.0,165.0,1.0,0.0,2.4513849937880585,4.13368367040434,0.0,,-1.3991221375612959,-1.3991221375612959,sequential,1.2e-06,30,1.0,
3677,10067102000.0,165.0,2.0,0.0,0.5614499310145826,1.1395040819268019,0.0,,-0.7247954222206051,-0.7247954222206051,sequential,1.2e-06,30,1.0,"(0.556, 0.667]"
3678,10067103000.0,165.0,3.0,0.0,2.4708715256671168,6.665865867932322,0.0,,-1.4078256835186749,-1.4078256835186749,sequential,1.2e-06,30,1.0,
3679,10067104000.0,165.0,4.0,0.0,1.3379085566416165,1.2080032796633298,0.0,,-0.9788047297681061,-0.9788047297681061,sequential,1.2e-06,30,1.0,
3680,10067105000.0,165.0,5.0,0.0,0.5589559872013385,1.3365333469986933,0.0,,-0.7204533534160015,-0.7204533534160015,sequential,1.2e-06,30,1.0,"(0.556, 0.667]"
3681,10068100000.0,166.0,0.0,0.0,1.33318968519981,0.38316002143518635,0.0,,-0.97333283520602,-0.97333283520602,sequential,1.2e-06,30,1.5,
3682,10068101000.0,166.0,1.0,0.0,2.461620892379116,3.232673155613395,0.0,,-1.4033307368533698,-1.4033307368533698,sequential,1.2e-06,30,1.5,
3683,10068102000.0,166.0,2.0,0.0,0.5617971036649291,0.5071867760268789,0.0,,-0.7252480768202505,-0.7252480768202505,sequential,1.2e-06,30,1.5,"(0.556, 0.667]"
3684,10068103000.0,166.0,3.0,0.0,2.4671792055827844,2.948296502695146,0.0,,-1.4059122608703345,-1.4059122608703345,sequential,1.2e-06,30,1.5,
3685,10068104000.0,166.0,4.0,0.0,1.3376602529625645,0.34634396592015676,0.0,,-0.9783951091867227,-0.9783951091867227,sequential,1.2e-06,30,1.5,
3686,10068105000.0,166.0,5.0,0.0,0.560863290396594,0.5064330269551827,0.0,,-0.7236549657566781,-0.7236549657566781,sequential,1.2e-06,30,1.5,"(0.556, 0.667]"
3687,10069100000.0,167.0,0.0,0.0,1.3344798164230869,0.20725604419494767,0.0,,-0.9745611487962756,-0.9745611487962756,sequential,1.2e-06,30,2.0,
3688,10069101000.0,167.0,1.0,0.0,2.4608956741982797,0.9296438028572994,0.0,,-1.4028267501436544,-1.4028267501436544,sequential,1.2e-06,30,2.0,
3689,10069102000.0,167.0,2.0,0.0,0.5598518265758622,0.32710032936637445,0.0,,-0.721763100178376,-0.721763100178376,sequential,1.2e-06,30,2.0,"(0.556, 0.667]"
3690,10069103000.0,167.0,3.0,0.0,2.4368171496470645,1.2662353407014209,0.0,,-1.3921185881440468,-1.3921185881440468,sequential,1.2e-06,30,2.0,
3691,10069104000.0,167.0,4.0,0.0,1.3334243034007782,0.2096013041519683,0.0,,-0.9733331326702298,-0.9733331326702298,sequential,1.2e-06,30,2.0,
3692,10069105000.0,167.0,5.0,0.0,0.5597573975513752,0.3269979532320925,0.0,,-0.7215934410458724,-0.7215934410458724,sequential,1.2e-06,30,2.0,"(0.556, 0.667]"
3693,10070100000.0,189.0,0.0,0.0,0.9856280276782187,6.998062540737425,0.0,,-1.159002114061155,-1.159002114061155,sequential,1.5e-06,30,0.1,"(0.889, 1.0]"
3694,10070101000.0,189.0,1.0,0.0,1.9323626609399251,9.37869912153518,0.0,,-1.6593735170830177,-1.6593735170830177,sequential,1.5e-06,30,0.1,
3695,10070102000.0,189.0,2.0,0.0,0.42574510385159275,7.550049976188994,0.0,,-0.8565666085725125,-0.8565666085725125,sequential,1.5e-06,30,0.1,"(0.333, 0.444]"
3696,10070103000.0,189.0,3.0,0.0,1.9407153747387957,8.795606250866959,0.0,,-1.6664686316756652,-1.6664686316756652,sequential,1.5e-06,30,0.1,
3697,10070104000.0,189.0,4.0,0.0,0.9847390840283127,6.645527703123302,0.0,,-1.153971083649108,-1.153971083649108,sequential,1.5e-06,30,0.1,"(0.889, 1.0]"
3698,10070105000.0,189.0,5.0,0.0,0.4255173339128822,6.077321912710549,0.0,,-0.8555398208121028,-0.8555398208121028,sequential,1.5e-06,30,0.1,"(0.333, 0.444]"
3699,10071100000.0,190.0,0.0,0.0,0.9840735649279828,4.094909896168676,0.0,,-1.1494590762695398,-1.1494590762695398,sequential,1.5e-06,30,0.4,"(0.889, 1.0]"
3700,10071101000.0,190.0,1.0,0.0,1.9230634642412514,2.926859951718233,0.0,,-1.6499649624945176,-1.6499649624945176,sequential,1.5e-06,30,0.4,
3701,10071102000.0,190.0,2.0,0.0,0.4251284359219133,4.3489459116215725,0.0,,-0.8532582798576814,-0.8532582798576814,sequential,1.5e-06,30,0.4,"(0.333, 0.444]"
3702,10071103000.0,190.0,3.0,0.0,1.9310589690829236,9.000814470661657,0.0,,-1.6565994727412676,-1.6565994727412676,sequential,1.5e-06,30,0.4,
3703,10071104000.0,190.0,4.0,0.0,0.9839508411718974,3.6663552643833577,0.0,,-1.1487884879005357,-1.1487884879005357,sequential,1.5e-06,30,0.4,"(0.889, 1.0]"
3704,10071105000.0,190.0,5.0,0.0,0.42501132122390434,4.760470205563334,0.0,,-0.8527341208887421,-0.8527341208887421,sequential,1.5e-06,30,0.4,"(0.333, 0.444]"
3705,10072100000.0,191.0,0.0,0.0,0.9842390608045734,5.223988792079803,0.0,,-1.1498880767387731,-1.1498880767387731,sequential,1.5e-06,30,0.5,"(0.889, 1.0]"
3706,10072101000.0,191.0,1.0,0.0,1.9085745139615735,7.745923548141407,0.0,,-1.681450410914194,-1.681450410914194,sequential,1.5e-06,30,0.5,
3707,10072102000.0,191.0,2.0,0.0,0.4244391570455836,5.63412258662118,0.0,,-0.8499580530780054,-0.8499580530780054,sequential,1.5e-06,30,0.5,"(0.333, 0.444]"
3708,10072103000.0,191.0,3.0,0.0,1.9246080037735775,2.6875651988385263,0.0,,-1.6504165878416515,-1.6504165878416515,sequential,1.5e-06,30,0.5,
3709,10072104000.0,191.0,4.0,0.0,0.9819515516505839,7.300255399786211,0.0,,-1.1381983087185197,-1.1381983087185197,sequential,1.5e-06,30,0.5,"(0.889, 1.0]"
3710,10072105000.0,191.0,5.0,0.0,0.4229216518095934,7.109837526540834,0.0,,-0.8434550818389228,-0.8434550818389228,sequential,1.5e-06,30,0.5,"(0.333, 0.444]"
3711,10073100000.0,192.0,0.0,0.0,0.9830089529303238,3.981946930225693,0.0,,-1.1434956432064063,-1.1434956432064063,sequential,1.5e-06,30,0.7,"(0.889, 1.0]"
3712,10073101000.0,192.0,1.0,0.0,1.9245573500268014,7.226898266884069,0.0,,-1.6505302619654538,-1.6505302619654538,sequential,1.5e-06,30,0.7,
3713,10073102000.0,192.0,2.0,0.0,0.4249386757199037,2.632231459838947,0.0,,-0.8522527011411818,-0.8522527011411818,sequential,1.5e-06,30,0.7,"(0.333, 0.444]"
3714,10073103000.0,192.0,3.0,0.0,1.91787868217434,5.751127346706336,0.0,,-1.645100256571037,-1.645100256571037,sequential,1.5e-06,30,0.7,
3715,10073104000.0,192.0,4.0,0.0,0.9844382241313844,2.569567349714941,0.0,,-1.151102425960636,-1.151102425960636,sequential,1.5e-06,30,0.7,"(0.889, 1.0]"
3716,10073105000.0,192.0,5.0,0.0,0.42365047416989315,3.121941554694654,0.0,,-0.8466852577932252,-0.8466852577932252,sequential,1.5e-06,30,0.7,"(0.333, 0.444]"
3717,10074100000.0,193.0,0.0,0.0,0.9828411898885092,1.5056227791195596,0.0,,-1.1426817861646004,-1.1426817861646004,sequential,1.5e-06,30,1.0,"(0.889, 1.0]"
3718,10074101000.0,193.0,1.0,0.0,1.905329402739527,9.134522546341026,0.0,,-1.679506149303843,-1.679506149303843,sequential,1.5e-06,30,1.0,
3719,10074102000.0,193.0,2.0,0.0,0.42247476229508035,1.4009166861516924,0.0,,-0.8418483236660166,-0.8418483236660166,sequential,1.5e-06,30,1.0,"(0.333, 0.444]"
3720,10074103000.0,193.0,3.0,0.0,1.9067713896984408,9.97165264719928,0.0,,-1.680646590384234,-1.680646590384234,sequential,1.5e-06,30,1.0,
3721,10074104000.0,193.0,4.0,0.0,0.983644463519966,1.217047575184016,0.0,,-1.1469173013848093,-1.1469173013848093,sequential,1.5e-06,30,1.0,"(0.889, 1.0]"
3722,10074105000.0,193.0,5.0,0.0,0.4232394309764313,1.292084109339884,0.0,,-0.8449508959755764,-0.8449508959755764,sequential,1.5e-06,30,1.0,"(0.333, 0.444]"
3723,10075100000.0,194.0,0.0,0.0,0.9839348317739909,0.3696651153189358,0.0,,-1.1486024873470955,-1.1486024873470955,sequential,1.5e-06,30,1.5,"(0.889, 1.0]"
3724,10075101000.0,194.0,1.0,0.0,1.9117309193230034,4.932537066821286,0.0,,-1.6848381816058375,-1.6848381816058375,sequential,1.5e-06,30,1.5,
3725,10075102000.0,194.0,2.0,0.0,0.42483461551516066,0.4989453415891283,0.0,,-0.8518860061892034,-0.8518860061892034,sequential,1.5e-06,30,1.5,"(0.333, 0.444]"
3726,10075103000.0,194.0,3.0,0.0,1.919656227590015,3.585192004558958,0.0,,-1.6468977491961687,-1.6468977491961687,sequential,1.5e-06,30,1.5,
3727,10075104000.0,194.0,4.0,0.0,0.9831742802263573,0.41238948890840427,0.0,,-1.1445371784605247,-1.1445371784605247,sequential,1.5e-06,30,1.5,"(0.889, 1.0]"
3728,10075105000.0,194.0,5.0,0.0,0.4229337101019543,0.5863935050376379,0.0,,-0.8438897715116358,-0.8438897715116358,sequential,1.5e-06,30,1.5,"(0.333, 0.444]"
3729,10076100000.0,195.0,0.0,0.0,0.9840711987337654,0.19794003653717282,0.0,,-1.1490593233458812,-1.1490593233458812,sequential,1.5e-06,30,2.0,"(0.889, 1.0]"
3730,10076101000.0,195.0,1.0,0.0,1.9235286241768625,1.2881973909948898,0.0,,-1.6496748868176518,-1.6496748868176518,sequential,1.5e-06,30,2.0,
3731,10076102000.0,195.0,2.0,0.0,0.42354371476747726,0.3375618741341411,0.0,,-0.8462425141732904,-0.8462425141732904,sequential,1.5e-06,30,2.0,"(0.333, 0.444]"
3732,10076103000.0,195.0,3.0,0.0,1.9158433933305659,1.4699501938766193,0.0,,-1.6434312636695707,-1.6434312636695707,sequential,1.5e-06,30,2.0,
3733,10076104000.0,195.0,4.0,0.0,0.9835884289739524,0.20347236109281974,0.0,,-1.1465886493156496,-1.1465886493156496,sequential,1.5e-06,30,2.0,"(0.889, 1.0]"
3734,10076105000.0,195.0,5.0,0.0,0.4250273524925899,0.32204746008971363,0.0,,-0.8526648867905252,-0.8526648867905252,sequential,1.5e-06,30,2.0,"(0.333, 0.444]"
3735,10077100000.0,217.0,0.0,0.0,0.7951395130159796,7.176420153442459,0.0,,-1.3013602788185312,-1.3013602788185312,sequential,1.8e-06,30,0.1,"(0.778, 0.889]"
3736,10077101000.0,217.0,1.0,0.0,1.557664887544085,2.7357026937316635,0.0,,-1.8925154308894236,-1.8925154308894236,sequential,1.8e-06,30,0.1,
3737,10077102000.0,217.0,2.0,0.0,0.3403035477868352,4.654320399412956,0.0,,-0.9707942374389927,-0.9707942374389927,sequential,1.8e-06,30,0.1,"(0.333, 0.444]"
3738,10077103000.0,217.0,3.0,0.0,1.5566400640631473,1.6446067766378532,0.0,,-1.890928489110831,-1.890928489110831,sequential,1.8e-06,30,0.1,
3739,10077104000.0,217.0,4.0,0.0,0.7982107992858705,5.8824895436570594,0.0,,-1.316564975493084,-1.316564975493084,sequential,1.8e-06,30,0.1,"(0.778, 0.889]"
3740,10077105000.0,217.0,5.0,0.0,0.3389220119790441,2.181404935251946,0.0,,-0.9635845982818788,-0.9635845982818788,sequential,1.8e-06,30,0.1,"(0.333, 0.444]"
3741,10078100000.0,218.0,0.0,0.0,0.7959064127479234,3.227839831588377,0.0,,-1.304735174265646,-1.304735174265646,sequential,1.8e-06,30,0.4,"(0.778, 0.889]"
3742,10078101000.0,218.0,1.0,0.0,1.5537093676443967,5.427903103669088,0.0,,-1.8862600248348977,-1.8862600248348977,sequential,1.8e-06,30,0.4,
3743,10078102000.0,218.0,2.0,0.0,0.34051846061408875,4.446290038531112,0.0,,-0.9719177992779974,-0.9719177992779974,sequential,1.8e-06,30,0.4,"(0.333, 0.444]"
3744,10078103000.0,218.0,3.0,0.0,1.555722668336614,2.6344080037777013,0.0,,-1.8893396293505458,-1.8893396293505458,sequential,1.8e-06,30,0.4,
3745,10078104000.0,218.0,4.0,0.0,0.7952377171391269,4.808617601797343,0.0,,-1.3016749347751928,-1.3016749347751928,sequential,1.8e-06,30,0.4,"(0.778, 0.889]"
3746,10078105000.0,218.0,5.0,0.0,0.3392396839129896,2.28254658846024,0.0,,-0.9650267767321469,-0.9650267767321469,sequential,1.8e-06,30,0.4,"(0.333, 0.444]"
3747,10079100000.0,219.0,0.0,0.0,0.7989565196882289,7.823249688660681,0.0,,-1.3209499748297069,-1.3209499748297069,sequential,1.8e-06,30,0.5,"(0.778, 0.889]"
3748,10079101000.0,219.0,1.0,0.0,1.5661802408195122,2.4853948475998258,0.0,,-1.9062987799770355,-1.9062987799770355,sequential,1.8e-06,30,0.5,
3749,10079102000.0,219.0,2.0,0.0,0.3406134615779371,7.879070206617575,0.0,,-0.9729411859870424,-0.9729411859870424,sequential,1.8e-06,30,0.5,"(0.333, 0.444]"
3750,10079103000.0,219.0,3.0,0.0,1.552586309484213,2.699398008396167,0.0,,-1.8858392532259916,-1.8858392532259916,sequential,1.8e-06,30,0.5,
3751,10079104000.0,219.0,4.0,0.0,0.7986456998656448,7.372101350491512,0.0,,-1.3192559267951203,-1.3192559267951203,sequential,1.8e-06,30,0.5,"(0.778, 0.889]"
3752,10079105000.0,219.0,5.0,0.0,0.3421333650143842,6.179869298625882,0.0,,-0.9812278460091869,-0.9812278460091869,sequential,1.8e-06,30,0.5,"(0.333, 0.444]"
3753,10080100000.0,220.0,0.0,0.0,0.7998923617175524,3.8055165944350278,0.0,,-1.327118788881918,-1.327118788881918,sequential,1.8e-06,30,0.7,"(0.778, 0.889]"
3754,10080101000.0,220.0,1.0,0.0,1.559002735852437,2.609338287797849,0.0,,-1.8974760277111935,-1.8974760277111935,sequential,1.8e-06,30,0.7,
3755,10080102000.0,220.0,2.0,0.0,0.34114431505786763,3.8873697705423504,0.0,,-0.9766823282656892,-0.9766823282656892,sequential,1.8e-06,30,0.7,"(0.333, 0.444]"
3756,10080103000.0,220.0,3.0,0.0,1.5744063356561209,5.9375844712338415,0.0,,-1.921636430666131,-1.921636430666131,sequential,1.8e-06,30,0.7,
3757,10080104000.0,220.0,4.0,0.0,0.8004357602341192,3.5311879918811835,0.0,,-1.3302089717184695,-1.3302089717184695,sequential,1.8e-06,30,0.7,"(0.778, 0.889]"
3758,10080105000.0,220.0,5.0,0.0,0.34127504972760836,3.5719779659568167,0.0,,-0.9774043881011815,-0.9774043881011815,sequential,1.8e-06,30,0.7,"(0.333, 0.444]"
3759,10081100000.0,221.0,0.0,0.0,0.8003542919186795,0.87755132148397,0.0,,-1.3286323514121794,-1.3286323514121794,sequential,1.8e-06,30,1.0,"(0.778, 0.889]"
3760,10081101000.0,221.0,1.0,0.0,1.5551708946380063,6.975851157592744,0.0,,-1.8896393677359602,-1.8896393677359602,sequential,1.8e-06,30,1.0,
3761,10081102000.0,221.0,2.0,0.0,0.3396429537473616,1.4370131315706445,0.0,,-0.9677961671246524,-0.9677961671246524,sequential,1.8e-06,30,1.0,"(0.333, 0.444]"
3762,10081103000.0,221.0,3.0,0.0,1.5580525778223786,5.947327304363573,0.0,,-1.893676958973746,-1.893676958973746,sequential,1.8e-06,30,1.0,
3763,10081104000.0,221.0,4.0,0.0,0.7973647023159409,1.4246131220622238,0.0,,-1.3126664560266283,-1.3126664560266283,sequential,1.8e-06,30,1.0,"(0.778, 0.889]"
3764,10081105000.0,221.0,5.0,0.0,0.34097386114373557,1.188893792540647,0.0,,-0.97477323527687,-0.97477323527687,sequential,1.8e-06,30,1.0,"(0.333, 0.444]"
3765,10082100000.0,222.0,0.0,0.0,0.7950274914496234,0.45432522315095236,0.0,,-1.3006375907462222,-1.3006375907462222,sequential,1.8e-06,30,1.5,"(0.778, 0.889]"
3766,10082101000.0,222.0,1.0,0.0,1.545865871046652,3.318324953360678,0.0,,-1.9259211487689385,-1.9259211487689385,sequential,1.8e-06,30,1.5,
3767,10082102000.0,222.0,2.0,0.0,0.33859261974795085,0.5698706609777368,0.0,,-0.9617005710418032,-0.9617005710418032,sequential,1.8e-06,30,1.5,"(0.333, 0.444]"
3768,10082103000.0,222.0,3.0,0.0,1.5450522422858504,3.490934424408289,0.0,,-1.9247703576866368,-1.9247703576866368,sequential,1.8e-06,30,1.5,
3769,10082104000.0,222.0,4.0,0.0,0.7980128141418485,0.33859838874830367,0.0,,-1.31539011263211,-1.31539011263211,sequential,1.8e-06,30,1.5,"(0.778, 0.889]"
3770,10082105000.0,222.0,5.0,0.0,0.3402886372677685,0.5120568698923318,0.0,,-0.9706243477240999,-0.9706243477240999,sequential,1.8e-06,30,1.5,"(0.333, 0.444]"
3771,10083100000.0,223.0,0.0,0.0,0.7983796927099096,0.20292397261067072,0.0,,-1.3176630134352565,-1.3176630134352565,sequential,1.8e-06,30,2.0,"(0.778, 0.889]"
3772,10083101000.0,223.0,1.0,0.0,1.5489476699456803,1.7210245638972181,0.0,,-1.9309710604675199,-1.9309710604675199,sequential,1.8e-06,30,2.0,
3773,10083102000.0,223.0,2.0,0.0,0.33927701358761214,0.3413440942354487,0.0,,-0.9656964064734999,-0.9656964064734999,sequential,1.8e-06,30,2.0,"(0.333, 0.444]"
3774,10083103000.0,223.0,3.0,0.0,1.5641985243001078,0.8602680877778726,0.0,,-1.902849979079749,-1.902849979079749,sequential,1.8e-06,30,2.0,
3775,10083104000.0,223.0,4.0,0.0,0.7997723532243664,0.1849389336581741,0.0,,-1.3251884208874163,-1.3251884208874163,sequential,1.8e-06,30,2.0,"(0.778, 0.889]"
3776,10083105000.0,223.0,5.0,0.0,0.3399199928345662,0.33086206145027697,0.0,,-0.9690028517022315,-0.9690028517022315,sequential,1.8e-06,30,2.0,"(0.333, 0.444]"
3777,10000100000.0,56.0,0.0,0.0,2.7704679679436683,1.7317138026351622,0.0,,-0.5516251466691515,-0.5516251466691515,sequential,7e-07,1,0.1,
3778,10000101000.0,56.0,1.0,0.0,5.059734763503923,2.818856397912367,0.0,,-0.7949099635634945,-0.7949099635634945,sequential,7e-07,1,0.1,
3779,10000102000.0,56.0,2.0,0.0,1.1844519199617531,6.2474665652925845,0.0,,-0.4030642896323634,-0.4030642896323634,sequential,7e-07,1,0.1,
3780,10000103000.0,56.0,3.0,0.0,5.012080161742242,6.564734178617567,0.0,,-0.8007757003867287,-0.8007757003867287,sequential,7e-07,1,0.1,
3781,10000104000.0,56.0,4.0,0.0,2.760881912051132,1.823188892671509,0.0,,-0.5436072409986048,-0.5436072409986048,sequential,7e-07,1,0.1,
3782,10000105000.0,56.0,5.0,0.0,1.1887071927263546,1.0659415816812545,0.0,,-0.40678425123386697,-0.40678425123386697,sequential,7e-07,1,0.1,
3783,10001100000.0,57.0,0.0,0.0,2.7687554240592154,5.331105605939527,0.0,,-0.549582906883737,-0.549582906883737,sequential,7e-07,1,0.4,
3784,10001101000.0,57.0,1.0,0.0,5.005036724309216,3.4291760341885538,0.0,,-0.7997208725173569,-0.7997208725173569,sequential,7e-07,1,0.4,
3785,10001102000.0,57.0,2.0,0.0,1.1868358219071329,8.21121216582983,0.0,,-0.4048861258797994,-0.4048861258797994,sequential,7e-07,1,0.4,
3786,10001103000.0,57.0,3.0,0.0,5.049618966961943,2.7319873609472776,0.0,,-0.8095604520623434,-0.8095604520623434,sequential,7e-07,1,0.4,
3787,10001104000.0,57.0,4.0,0.0,2.7678746527324893,8.617697236757556,0.0,,-0.5488917124690876,-0.5488917124690876,sequential,7e-07,1,0.4,
3788,10001105000.0,57.0,5.0,0.0,1.1875916009925722,9.495293156485562,0.0,,-0.4054363263815428,-0.4054363263815428,sequential,7e-07,1,0.4,
3789,10002100000.0,58.0,0.0,0.0,2.765548742375485,6.541229923089364,0.0,,-0.5470478461385764,-0.5470478461385764,sequential,7e-07,1,0.5,
3790,10002101000.0,58.0,1.0,0.0,5.034904387186582,7.232931189913755,0.0,,-0.8059614214797542,-0.8059614214797542,sequential,7e-07,1,0.5,
3791,10002102000.0,58.0,2.0,0.0,1.1861116128971614,6.912634251665471,0.0,,-0.40432123757854704,-0.40432123757854704,sequential,7e-07,1,0.5,
3792,10002103000.0,58.0,3.0,0.0,5.0087636197827035,2.703090733497765,0.0,,-0.8002110377435923,-0.8002110377435923,sequential,7e-07,1,0.5,
3793,10002104000.0,58.0,4.0,0.0,2.7624371522218696,7.702507748377356,0.0,,-0.5448225273052446,-0.5448225273052446,sequential,7e-07,1,0.5,
3794,10002105000.0,58.0,5.0,0.0,1.1827928093308113,7.26516917318707,0.0,,-0.4020182344217803,-0.4020182344217803,sequential,7e-07,1,0.5,
3795,10003100000.0,59.0,0.0,0.0,2.762265815830259,3.906286684035684,0.0,,-0.5447500628021792,-0.5447500628021792,sequential,7e-07,1,0.7,
3796,10003101000.0,59.0,1.0,0.0,5.020756038607652,2.4038583115258416,0.0,,-0.802966090793918,-0.802966090793918,sequential,7e-07,1,0.7,
3797,10003102000.0,59.0,2.0,0.0,1.1869279507370962,3.4717879789267725,0.0,,-0.40494548224446664,-0.40494548224446664,sequential,7e-07,1,0.7,
3798,10003103000.0,59.0,3.0,0.0,5.0131457205396055,3.698519078156078,0.0,,-0.8012718779348075,-0.8012718779348075,sequential,7e-07,1,0.7,
3799,10003104000.0,59.0,4.0,0.0,2.7632266301483153,3.735600614177153,0.0,,-0.5454501783442557,-0.5454501783442557,sequential,7e-07,1,0.7,
3800,10003105000.0,59.0,5.0,0.0,1.18757093876327,3.3771393985418774,0.0,,-0.4054138149255887,-0.4054138149255887,sequential,7e-07,1,0.7,
3801,10004100000.0,60.0,0.0,0.0,2.7677095314520166,1.1235902984242887,0.0,,-0.5488031352324692,-0.5488031352324692,sequential,7e-07,1,1.0,
3802,10004101000.0,60.0,1.0,0.0,5.054874226691114,8.680647255290276,0.0,,-0.7924920824981815,-0.7924920824981815,sequential,7e-07,1,1.0,
3803,10004102000.0,60.0,2.0,0.0,1.1841988037943842,1.3784510388952345,0.0,,-0.4031011128126955,-0.4031011128126955,sequential,7e-07,1,1.0,
3804,10004103000.0,60.0,3.0,0.0,5.050683165056201,4.103432216148464,0.0,,-0.8098888603283486,-0.8098888603283486,sequential,7e-07,1,1.0,
3805,10004104000.0,60.0,4.0,0.0,2.7646470709550504,1.3420770747283304,0.0,,-0.5465609828299234,-0.5465609828299234,sequential,7e-07,1,1.0,
3806,10004105000.0,60.0,5.0,0.0,1.1869341126030803,1.2137794398983117,0.0,,-0.4049889450703767,-0.4049889450703767,sequential,7e-07,1,1.0,
3807,10005100000.0,61.0,0.0,0.0,2.7660631538596303,0.3803966673702698,0.0,,-0.547450604853379,-0.547450604853379,sequential,7e-07,1,1.5,
3808,10005101000.0,61.0,1.0,0.0,4.9989327242087525,5.09618836076063,0.0,,-0.7983060664281394,-0.7983060664281394,sequential,7e-07,1,1.5,
3809,10005102000.0,61.0,2.0,0.0,1.1870977196513994,0.4974799772536725,0.0,,-0.4050457694733767,-0.4050457694733767,sequential,7e-07,1,1.5,
3810,10005103000.0,61.0,3.0,0.0,5.037188359401288,2.6394106008077802,0.0,,-0.8065165289443408,-0.8065165289443408,sequential,7e-07,1,1.5,
3811,10005104000.0,61.0,4.0,0.0,2.766051014100437,0.38216698767716406,0.0,,-0.5474415399127723,-0.5474415399127723,sequential,7e-07,1,1.5,
3812,10005105000.0,61.0,5.0,0.0,1.1799527391695064,0.6079490602883012,0.0,,-0.4001303278770511,-0.4001303278770511,sequential,7e-07,1,1.5,
3813,10006100000.0,62.0,0.0,0.0,2.7695450309602543,0.19559331626459403,0.0,,-0.5502927115298247,-0.5502927115298247,sequential,7e-07,1,2.0,
3814,10006101000.0,62.0,1.0,0.0,5.064902574428601,1.0281463345641595,0.0,,-0.7949764925776153,-0.7949764925776153,sequential,7e-07,1,2.0,
3815,10006102000.0,62.0,2.0,0.0,1.1911256627718054,0.32667933430656076,0.0,,-0.4080444459438837,-0.4080444459438837,sequential,7e-07,1,2.0,
3816,10006103000.0,62.0,3.0,0.0,5.02761868500626,2.027515593800256,0.0,,-0.8047364612568373,-0.8047364612568373,sequential,7e-07,1,2.0,
3817,10006104000.0,62.0,4.0,0.0,2.768972405753612,0.1994541452225964,0.0,,-0.5498396012486185,-0.5498396012486185,sequential,7e-07,1,2.0,
3818,10006105000.0,62.0,5.0,0.0,1.1881963823930346,0.32755068763533696,0.0,,-0.4059439345731176,-0.4059439345731176,sequential,7e-07,1,2.0,
3819,10007100000.0,448.0,0.0,0.0,0.1325117114094618,8.189566272210222,0.0,,-2.6849453828605916,-2.6849453828605916,sequential,8e-06,1,0.1,"(0.111, 0.222]"
3820,10007101000.0,448.0,1.0,0.0,0.31740886457500156,8.348807840596171,0.0,,-3.8549053912338502,-3.8549053912338502,sequential,8e-06,1,0.1,"(0.222, 0.333]"
3821,10007102000.0,448.0,2.0,0.0,0.056351454611631116,9.469273145073164,0.0,,-2.002635341905788,-2.002635341905788,sequential,8e-06,1,0.1,"(0.0, 0.111]"
3822,10007103000.0,448.0,3.0,0.0,0.31758603792016493,9.648918757414709,0.0,,-3.858387668854981,-3.858387668854981,sequential,8e-06,1,0.1,"(0.222, 0.333]"
3823,10007104000.0,448.0,4.0,0.0,0.13244088063971704,8.889133654053728,0.0,,-2.6787532839516808,-2.6787532839516808,sequential,8e-06,1,0.1,"(0.111, 0.222]"
3824,10007105000.0,448.0,5.0,0.0,0.05634023832987229,2.8560010590988147,0.0,,-2.0016920141500694,-2.0016920141500694,sequential,8e-06,1,0.1,"(0.0, 0.111]"
3825,10008100000.0,449.0,0.0,0.0,0.13258264309656614,9.498466438072647,0.0,,-2.6920320797467627,-2.6920320797467627,sequential,8e-06,1,0.4,"(0.111, 0.222]"
3826,10008101000.0,449.0,1.0,0.0,0.31771648353387416,5.0215216661311235,0.0,,-3.8636559951039593,-3.8636559951039593,sequential,8e-06,1,0.4,"(0.222, 0.333]"
3827,10008102000.0,449.0,2.0,0.0,0.05660057984934201,9.482251229296155,0.0,,-2.0241886518662193,-2.0241886518662193,sequential,8e-06,1,0.4,"(0.0, 0.111]"
3828,10008103000.0,449.0,3.0,0.0,0.3202108589341941,6.281628350646451,0.0,,-3.913429477782615,-3.913429477782615,sequential,8e-06,1,0.4,"(0.222, 0.333]"
3829,10008104000.0,449.0,4.0,0.0,0.13229035390457347,8.117122961463517,0.0,,-2.6682576751739404,-2.6682576751739404,sequential,8e-06,1,0.4,"(0.111, 0.222]"
3830,10008105000.0,449.0,5.0,0.0,0.05650081454547031,9.057171160434564,0.0,,-2.01593136602441,-2.01593136602441,sequential,8e-06,1,0.4,"(0.0, 0.111]"
3831,10009100000.0,450.0,0.0,0.0,0.13268928780965472,4.511169881022612,0.0,,-2.701861863134118,-2.701861863134118,sequential,8e-06,1,0.5,"(0.111, 0.222]"
3832,10009101000.0,450.0,1.0,0.0,0.3191097576760532,4.11490090753643,0.0,,-3.8911170837400975,-3.8911170837400975,sequential,8e-06,1,0.5,"(0.222, 0.333]"
3833,10009102000.0,450.0,2.0,0.0,0.05645360624046253,5.497202047716511,0.0,,-2.0120889192901164,-2.0120889192901164,sequential,8e-06,1,0.5,"(0.0, 0.111]"
3834,10009103000.0,450.0,3.0,0.0,0.3193986404341528,3.0878265909526705,0.0,,-3.8962763982308144,-3.8962763982308144,sequential,8e-06,1,0.5,"(0.222, 0.333]"
3835,10009104000.0,450.0,4.0,0.0,0.13242428725361333,7.2307677166380335,0.0,,-2.6790540429680494,-2.6790540429680494,sequential,8e-06,1,0.5,"(0.111, 0.222]"
3836,10009105000.0,450.0,5.0,0.0,0.05653348151705273,5.81302160907513,0.0,,-2.0188707175003446,-2.0188707175003446,sequential,8e-06,1,0.5,"(0.0, 0.111]"
3837,10010100000.0,451.0,0.0,0.0,0.1324178411048296,2.516513207483377,0.0,,-2.6799785436138985,-2.6799785436138985,sequential,8e-06,1,0.7,"(0.111, 0.222]"
3838,10010101000.0,451.0,1.0,0.0,0.318248178260777,2.5336762751833315,0.0,,-3.875995466164939,-3.875995466164939,sequential,8e-06,1,0.7,"(0.222, 0.333]"
3839,10010102000.0,451.0,2.0,0.0,0.05646695822135985,2.2519036856753725,0.0,,-2.0141982441828574,-2.0141982441828574,sequential,8e-06,1,0.7,"(0.0, 0.111]"
3840,10010103000.0,451.0,3.0,0.0,0.3199074669796643,5.590905714120843,0.0,,-3.9095532339654824,-3.9095532339654824,sequential,8e-06,1,0.7,"(0.222, 0.333]"
3841,10010104000.0,451.0,4.0,0.0,0.13265741632482442,1.774433143511612,0.0,,-2.7004221475404915,-2.7004221475404915,sequential,8e-06,1,0.7,"(0.111, 0.222]"
3842,10010105000.0,451.0,5.0,0.0,0.05653931556120876,2.091588998287769,0.0,,-2.020375905960148,-2.020375905960148,sequential,8e-06,1,0.7,"(0.0, 0.111]"
3843,10011100000.0,452.0,0.0,0.0,0.13246077193455155,0.8013171075016168,0.0,,-2.6816460762160874,-2.6816460762160874,sequential,8e-06,1,1.0,"(0.111, 0.222]"
3844,10011101000.0,452.0,1.0,0.0,0.3197996723915545,6.8384401806272095,0.0,,-3.904161190181343,-3.904161190181343,sequential,8e-06,1,1.0,"(0.222, 0.333]"
3845,10011102000.0,452.0,2.0,0.0,0.05643523023505297,0.8845632555134448,0.0,,-2.010183445735349,-2.010183445735349,sequential,8e-06,1,1.0,"(0.0, 0.111]"
3846,10011103000.0,452.0,3.0,0.0,0.318192006516255,7.754176194201908,0.0,,-3.8716126267958453,-3.8716126267958453,sequential,8e-06,1,1.0,"(0.222, 0.333]"
3847,10011104000.0,452.0,4.0,0.0,0.13238253908415548,0.8540603946470589,0.0,,-2.675000051493645,-2.675000051493645,sequential,8e-06,1,1.0,"(0.111, 0.222]"
3848,10011105000.0,452.0,5.0,0.0,0.05632182059320692,0.987980920673363,0.0,,-2.0011021676121943,-2.0011021676121943,sequential,8e-06,1,1.0,"(0.0, 0.111]"
3849,10012100000.0,453.0,0.0,0.0,0.13212141754030068,0.3254013883683395,0.0,,-2.653302043093927,-2.653302043093927,sequential,8e-06,1,1.5,"(0.111, 0.222]"
3850,10012101000.0,453.0,1.0,0.0,0.31752331219603974,2.77241652441475,0.0,,-3.856875917837096,-3.856875917837096,sequential,8e-06,1,1.5,"(0.222, 0.333]"
3851,10012102000.0,453.0,2.0,0.0,0.056396187365390704,0.4310393275813832,0.0,,-2.0062978179950237,-2.0062978179950237,sequential,8e-06,1,1.5,"(0.0, 0.111]"
3852,10012103000.0,453.0,3.0,0.0,0.3189101460822332,1.8084478575651481,0.0,,-3.884143969763713,-3.884143969763713,sequential,8e-06,1,1.5,"(0.222, 0.333]"
3853,10012104000.0,453.0,4.0,0.0,0.13214345229048022,0.3178426698309212,0.0,,-2.6550480274326067,-2.6550480274326067,sequential,8e-06,1,1.5,"(0.111, 0.222]"
3854,10012105000.0,453.0,5.0,0.0,0.05622013200372048,0.4617826620383862,0.0,,-1.9920117476863495,-1.9920117476863495,sequential,8e-06,1,1.5,"(0.0, 0.111]"
3855,10013100000.0,454.0,0.0,0.0,0.13268480837392882,0.16240946046649526,0.0,,-2.7013508943918705,-2.7013508943918705,sequential,8e-06,1,2.0,"(0.111, 0.222]"
3856,10013101000.0,454.0,1.0,0.0,0.3176909898270201,1.3068485563625514,0.0,,-3.8633797391293645,-3.8633797391293645,sequential,8e-06,1,2.0,"(0.222, 0.333]"
3857,10013102000.0,454.0,2.0,0.0,0.056628865525162934,0.30055594546055603,0.0,,-2.026714401767244,-2.026714401767244,sequential,8e-06,1,2.0,"(0.0, 0.111]"
3858,10013103000.0,454.0,3.0,0.0,0.3197862812354514,0.7571535936576151,0.0,,-3.904365261816811,-3.904365261816811,sequential,8e-06,1,2.0,"(0.222, 0.333]"
3859,10013104000.0,454.0,4.0,0.0,0.13238064922103465,0.18964185700159839,0.0,,-2.6752398221471583,-2.6752398221471583,sequential,8e-06,1,2.0,"(0.111, 0.222]"
3860,10013105000.0,454.0,5.0,0.0,0.05672238616592004,0.3014941595859744,0.0,,-2.00224983791655,-2.00224983791655,sequential,8e-06,1,2.0,"(0.0, 0.111]"
3861,10014100000.0,84.0,0.0,0.0,1.9927063727408643,4.270411616060376,0.0,,-0.6398920673412563,-0.6398920673412563,sequential,9e-07,1,0.1,
3862,10014101000.0,84.0,1.0,0.0,3.6603639428405415,5.531618912122764,0.0,,-0.934354192950411,-0.934354192950411,sequential,9e-07,1,0.1,
3863,10014102000.0,84.0,2.0,0.0,0.8470876669712181,1.105520655297604,0.0,,-0.47550255519245554,-0.47550255519245554,sequential,9e-07,1,0.1,"(0.778, 0.889]"
3864,10014103000.0,84.0,3.0,0.0,3.6506012503503946,5.886852654460817,0.0,,-0.9498713303922629,-0.9498713303922629,sequential,9e-07,1,0.1,
3865,10014104000.0,84.0,4.0,0.0,1.9936323941769114,2.558679412254255,0.0,,-0.6406484060470432,-0.6406484060470432,sequential,9e-07,1,0.1,
3866,10014105000.0,84.0,5.0,0.0,0.844794362440093,4.101562968305351,0.0,,-0.47325062982374017,-0.47325062982374017,sequential,9e-07,1,0.1,"(0.778, 0.889]"
3867,10015100000.0,85.0,0.0,0.0,1.986920918397107,5.664811258703801,0.0,,-0.6352003491363842,-0.6352003491363842,sequential,9e-07,1,0.4,
3868,10015101000.0,85.0,1.0,0.0,3.634789445196479,5.454380025452738,0.0,,-0.9407234157296415,-0.9407234157296415,sequential,9e-07,1,0.4,
3869,10015102000.0,85.0,2.0,0.0,0.8411116690893222,3.049301912566486,0.0,,-0.4695184623103422,-0.4695184623103422,sequential,9e-07,1,0.4,"(0.778, 0.889]"
3870,10015103000.0,85.0,3.0,0.0,3.631725542993785,3.27507621135412,0.0,,-0.9390878338436224,-0.9390878338436224,sequential,9e-07,1,0.4,
3871,10015104000.0,85.0,4.0,0.0,1.9912091436857258,8.816497661264235,0.0,,-0.6384819564503594,-0.6384819564503594,sequential,9e-07,1,0.4,
3872,10015105000.0,85.0,5.0,0.0,0.8434191208503449,5.910258203289812,0.0,,-0.47172177312098973,-0.47172177312098973,sequential,9e-07,1,0.4,"(0.778, 0.889]"
3873,10016100000.0,86.0,0.0,0.0,1.990605860318538,9.338553482368395,0.0,,-0.6382764212368669,-0.6382764212368669,sequential,9e-07,1,0.5,
3874,10016101000.0,86.0,1.0,0.0,3.6490437495660157,4.093162060055525,0.0,,-0.9488668236857178,-0.9488668236857178,sequential,9e-07,1,0.5,
3875,10016102000.0,86.0,2.0,0.0,0.8470486412910776,5.996136622852811,0.0,,-0.47543729910185845,-0.47543729910185845,sequential,9e-07,1,0.5,"(0.778, 0.889]"
3876,10016103000.0,86.0,3.0,0.0,3.642870743073359,2.796114367803681,0.0,,-0.9454629844934567,-0.9454629844934567,sequential,9e-07,1,0.5,
3877,10016104000.0,86.0,4.0,0.0,1.9991664021111637,5.758330672941292,0.0,,-0.6451706507354132,-0.6451706507354132,sequential,9e-07,1,0.5,
3878,10016105000.0,86.0,5.0,0.0,0.8470205694473135,5.969957869111877,0.0,,-0.4754081836156104,-0.4754081836156104,sequential,9e-07,1,0.5,"(0.778, 0.889]"
3879,10017100000.0,87.0,0.0,0.0,1.9975482408641971,4.22552186743987,0.0,,-0.6444578293021476,-0.6444578293021476,sequential,9e-07,1,0.7,
3880,10017101000.0,87.0,1.0,0.0,3.656731392401699,9.254934577909664,0.0,,-0.954646229898348,-0.954646229898348,sequential,9e-07,1,0.7,
3881,10017102000.0,87.0,2.0,0.0,0.85271821784732,3.0399416804213066,0.0,,-0.4816884714681579,-0.4816884714681579,sequential,9e-07,1,0.7,"(0.778, 0.889]"
3882,10017103000.0,87.0,3.0,0.0,3.6568558925790384,9.58679856817785,0.0,,-0.9547250920003956,-0.9547250920003956,sequential,9e-07,1,0.7,
3883,10017104000.0,87.0,4.0,0.0,2.0059825154676965,2.63963701390537,0.0,,-0.6516398031788058,-0.6516398031788058,sequential,9e-07,1,0.7,
3884,10017105000.0,87.0,5.0,0.0,0.8530032330694449,2.9826787875497094,0.0,,-0.48199400478746085,-0.48199400478746085,sequential,9e-07,1,0.7,"(0.778, 0.889]"
3885,10018100000.0,88.0,0.0,0.0,1.9957776280922024,1.13702096476134,0.0,,-0.6422136040090499,-0.6422136040090499,sequential,9e-07,1,1.0,
3886,10018101000.0,88.0,1.0,0.0,3.6370350578284745,5.97887580117648,0.0,,-0.9420802499199258,-0.9420802499199258,sequential,9e-07,1,1.0,
3887,10018102000.0,88.0,2.0,0.0,0.8439155789058623,1.3652094266413302,0.0,,-0.47227722645409553,-0.47227722645409553,sequential,9e-07,1,1.0,"(0.778, 0.889]"
3888,10018103000.0,88.0,3.0,0.0,3.638721508536393,6.539806166819036,0.0,,-0.9430047565953932,-0.9430047565953932,sequential,9e-07,1,1.0,
3889,10018104000.0,88.0,4.0,0.0,1.995905522135094,1.1074025373724687,0.0,,-0.6423219412631173,-0.6423219412631173,sequential,9e-07,1,1.0,
3890,10018105000.0,88.0,5.0,0.0,0.8449271194785197,1.3800963036371636,0.0,,-0.47329823095487433,-0.47329823095487433,sequential,9e-07,1,1.0,"(0.778, 0.889]"
3891,10019100000.0,89.0,0.0,0.0,1.988190105187125,0.4306217386315432,0.0,,-0.6359591868005411,-0.6359591868005411,sequential,9e-07,1,1.5,
3892,10019101000.0,89.0,1.0,0.0,3.634651605107645,3.194486998920472,0.0,,-0.9404703738866601,-0.9404703738866601,sequential,9e-07,1,1.5,
3893,10019102000.0,89.0,2.0,0.0,0.8396459894153175,0.5963468140934196,0.0,,-0.4679913933449144,-0.4679913933449144,sequential,9e-07,1,1.5,"(0.778, 0.889]"
3894,10019103000.0,89.0,3.0,0.0,3.6446079331028347,2.1928683391457344,0.0,,-0.9458681480797425,-0.9458681480797425,sequential,9e-07,1,1.5,
3895,10019104000.0,89.0,4.0,0.0,1.9857287529944063,0.4649789195214436,0.0,,-0.6341551529327017,-0.6341551529327017,sequential,9e-07,1,1.5,
3896,10019105000.0,89.0,5.0,0.0,0.8443444593051251,0.5261942164548041,0.0,,-0.47250537361513456,-0.47250537361513456,sequential,9e-07,1,1.5,"(0.778, 0.889]"
3897,10020100000.0,90.0,0.0,0.0,2.00290559308595,0.2008209278748416,0.0,,-0.6484123856832391,-0.6484123856832391,sequential,9e-07,1,2.0,
3898,10020101000.0,90.0,1.0,0.0,3.651410078843234,1.1659580844752033,0.0,,-0.9503809144916632,-0.9503809144916632,sequential,9e-07,1,2.0,
3899,10020102000.0,90.0,2.0,0.0,0.8448887485062173,0.3641616649664642,0.0,,-0.473353353949907,-0.473353353949907,sequential,9e-07,1,2.0,"(0.778, 0.889]"
3900,10020103000.0,90.0,3.0,0.0,3.6546484780212487,1.0235955829627763,0.0,,-0.9523913778345674,-0.9523913778345674,sequential,9e-07,1,2.0,
3901,10020104000.0,90.0,4.0,0.0,2.0017407105371787,0.19641235827106002,0.0,,-0.6473692758078,-0.6473692758078,sequential,9e-07,1,2.0,
3902,10020105000.0,90.0,5.0,0.0,0.8451771640186253,0.3592450735455474,0.0,,-0.47364410809358953,-0.47364410809358953,sequential,9e-07,1,2.0,"(0.778, 0.889]"
3903,10021100000.0,63.0,0.0,0.0,2.76593859874253,5.795558126597683,0.0,,-0.636978910313929,-0.636978910313929,sequential,7e-07,2,0.1,
3904,10021101000.0,63.0,1.0,0.0,4.979001934131906,8.86928621116152,0.0,,-0.9219122986213333,-0.9219122986213333,sequential,7e-07,2,0.1,
3905,10021102000.0,63.0,2.0,0.0,1.1793166960122496,1.1323940062956606,0.0,,-0.468546812966763,-0.468546812966763,sequential,7e-07,2,0.1,
3906,10021103000.0,63.0,3.0,0.0,4.950158245502611,1.9757795978497223,0.0,,-0.9386138918685197,-0.9386138918685197,sequential,7e-07,2,0.1,
3907,10021104000.0,63.0,4.0,0.0,2.770935533507837,1.7826260685698592,0.0,,-0.6407390269835248,-0.6407390269835248,sequential,7e-07,2,0.1,
3908,10021105000.0,63.0,5.0,0.0,1.1815163173141732,3.594983804514392,0.0,,-0.4701324793453138,-0.4701324793453138,sequential,7e-07,2,0.1,
3909,10022100000.0,64.0,0.0,0.0,2.7765277111959703,3.402977864325716,0.0,,-0.6457866373184421,-0.6457866373184421,sequential,7e-07,2,0.4,
3910,10022101000.0,64.0,1.0,0.0,4.974616764088569,2.991651251462835,0.0,,-0.9219218554585148,-0.9219218554585148,sequential,7e-07,2,0.4,
3911,10022102000.0,64.0,2.0,0.0,1.186126555715713,6.733726413006967,0.0,,-0.4741262648352225,-0.4741262648352225,sequential,7e-07,2,0.4,
3912,10022103000.0,64.0,3.0,0.0,5.003364336205406,4.726589617560234,0.0,,-0.9292846178755699,-0.9292846178755699,sequential,7e-07,2,0.4,
3913,10022104000.0,64.0,4.0,0.0,2.776194273914634,3.327876687961291,0.0,,-0.6455071910820193,-0.6455071910820193,sequential,7e-07,2,0.4,
3914,10022105000.0,64.0,5.0,0.0,1.1839196363518645,3.457666889545735,0.0,,-0.472505869021847,-0.472505869021847,sequential,7e-07,2,0.4,
3915,10023100000.0,65.0,0.0,0.0,2.769685771636693,6.654592905954786,0.0,,-0.6400624848303292,-0.6400624848303292,sequential,7e-07,2,0.5,
3916,10023101000.0,65.0,1.0,0.0,4.985497861436358,3.8488848808160263,0.0,,-0.9239374847159811,-0.9239374847159811,sequential,7e-07,2,0.5,
3917,10023102000.0,65.0,2.0,0.0,1.1855986240350453,4.666359264041687,0.0,,-0.4734680957127739,-0.4734680957127739,sequential,7e-07,2,0.5,
3918,10023103000.0,65.0,3.0,0.0,5.008705555382859,7.6092375128357,0.0,,-0.9300303324264793,-0.9300303324264793,sequential,7e-07,2,0.5,
3919,10023104000.0,65.0,4.0,0.0,2.776440843833016,6.518721108599326,0.0,,-0.6454089029317842,-0.6454089029317842,sequential,7e-07,2,0.5,
3920,10023105000.0,65.0,5.0,0.0,1.1896752276034517,7.697938023780237,0.0,,-0.47662783771190875,-0.47662783771190875,sequential,7e-07,2,0.5,
3921,10024100000.0,66.0,0.0,0.0,2.764806955678736,4.823767655179332,0.0,,-0.6363658776592375,-0.6363658776592375,sequential,7e-07,2,0.7,
3922,10024101000.0,66.0,1.0,0.0,4.966537096838306,2.535053023757862,0.0,,-0.9427506228651599,-0.9427506228651599,sequential,7e-07,2,0.7,
3923,10024102000.0,66.0,2.0,0.0,1.1833366769553586,4.625509337155249,0.0,,-0.471620063510559,-0.471620063510559,sequential,7e-07,2,0.7,
3924,10024103000.0,66.0,3.0,0.0,4.956235587241501,3.096334924064488,0.0,,-0.9402544636511739,-0.9402544636511739,sequential,7e-07,2,0.7,
3925,10024104000.0,66.0,4.0,0.0,2.766780479751411,4.30899999128907,0.0,,-0.6377211744265011,-0.6377211744265011,sequential,7e-07,2,0.7,
3926,10024105000.0,66.0,5.0,0.0,1.1881990658996886,3.244648209572884,0.0,,-0.4753745794474482,-0.4753745794474482,sequential,7e-07,2,0.7,
3927,10025100000.0,67.0,0.0,0.0,2.7722717864735578,1.4077997811590415,0.0,,-0.642119267571482,-0.642119267571482,sequential,7e-07,2,1.0,
3928,10025101000.0,67.0,1.0,0.0,4.96872298053543,6.241727533958723,0.0,,-0.9435499186430776,-0.9435499186430776,sequential,7e-07,2,1.0,
3929,10025102000.0,67.0,2.0,0.0,1.1893238782290294,1.201419777092635,0.0,,-0.47636388869776736,-0.47636388869776736,sequential,7e-07,2,1.0,
3930,10025103000.0,67.0,3.0,0.0,4.9930673813824935,9.920572311600285,0.0,,-0.9259851322495927,-0.9259851322495927,sequential,7e-07,2,1.0,
3931,10025104000.0,67.0,4.0,0.0,2.7790941528272173,0.9164804555765441,0.0,,-0.6317449019884098,-0.6317449019884098,sequential,7e-07,2,1.0,
3932,10025105000.0,67.0,5.0,0.0,1.185784294157316,1.4180336237356121,0.0,,-0.4736367923877283,-0.4736367923877283,sequential,7e-07,2,1.0,
3933,10026100000.0,68.0,0.0,0.0,2.772838752159902,0.3737633724024806,0.0,,-0.6423127599634452,-0.6423127599634452,sequential,7e-07,2,1.5,
3934,10026101000.0,68.0,1.0,0.0,4.9526436879331595,4.640187615205658,0.0,,-0.9393095712590989,-0.9393095712590989,sequential,7e-07,2,1.5,
3935,10026102000.0,68.0,2.0,0.0,1.180476064099421,0.5982685128931231,0.0,,-0.46947615576425555,-0.46947615576425555,sequential,7e-07,2,1.5,
3936,10026103000.0,68.0,3.0,0.0,4.945977806698311,4.653930145646076,0.0,,-0.9379308056855026,-0.9379308056855026,sequential,7e-07,2,1.5,
3937,10026104000.0,68.0,4.0,0.0,2.7642288607505336,0.4855399052217085,0.0,,-0.6358845400945844,-0.6358845400945844,sequential,7e-07,2,1.5,
3938,10026105000.0,68.0,5.0,0.0,1.1870688344089628,0.5088787659009106,0.0,,-0.47444319415228525,-0.47444319415228525,sequential,7e-07,2,1.5,
3939,10027100000.0,69.0,0.0,0.0,2.784114649230065,0.19134841433300742,0.0,,-0.6368033456787701,-0.6368033456787701,sequential,7e-07,2,2.0,
3940,10027101000.0,69.0,1.0,0.0,5.02387138967403,1.3038277493110957,0.0,,-0.9353791542877872,-0.9353791542877872,sequential,7e-07,2,2.0,
3941,10027102000.0,69.0,2.0,0.0,1.1936957801532078,0.3297344328908766,0.0,,-0.4802723343268008,-0.4802723343268008,sequential,7e-07,2,2.0,
3942,10027103000.0,69.0,3.0,0.0,5.031537890552895,1.246013694171976,0.0,,-0.9374131061795498,-0.9374131061795498,sequential,7e-07,2,2.0,
3943,10027104000.0,69.0,4.0,0.0,2.7796629923919456,0.21299038397352232,0.0,,-0.6328360398795406,-0.6328360398795406,sequential,7e-07,2,2.0,
3944,10027105000.0,69.0,5.0,0.0,1.190738682368581,0.34152597092029524,0.0,,-0.4779620081932717,-0.4779620081932717,sequential,7e-07,2,2.0,
3945,10028100000.0,455.0,0.0,0.0,0.13591462420674574,9.228258050294878,0.0,,-3.6606491352659014,-3.6606491352659014,sequential,8e-06,2,0.1,"(0.111, 0.222]"
3946,10028101000.0,455.0,1.0,0.0,0.32757001188695745,9.5531397610543,0.0,,-5.2243159770323775,-5.2243159770323775,sequential,8e-06,2,0.1,"(0.222, 0.333]"
3947,10028102000.0,455.0,2.0,0.0,0.05793137692037114,6.638647341177544,0.0,,-2.7056464507253746,-2.7056464507253746,sequential,8e-06,2,0.1,"(0.0, 0.111]"
3948,10028103000.0,455.0,3.0,0.0,0.3264158085469873,7.013687017900893,0.0,,-5.197771409436509,-5.197771409436509,sequential,8e-06,2,0.1,"(0.222, 0.333]"
3949,10028104000.0,455.0,4.0,0.0,0.13596117343551786,8.818328943889883,0.0,,-3.665902670873018,-3.665902670873018,sequential,8e-06,2,0.1,"(0.111, 0.222]"
3950,10028105000.0,455.0,5.0,0.0,0.058132258426435615,3.0407343842699723,0.0,,-2.7316534693603876,-2.7316534693603876,sequential,8e-06,2,0.1,"(0.0, 0.111]"
3951,10029100000.0,456.0,0.0,0.0,0.13609142261393142,9.221280545575917,0.0,,-3.682375336860245,-3.682375336860245,sequential,8e-06,2,0.4,"(0.111, 0.222]"
3952,10029101000.0,456.0,1.0,0.0,0.3259588540654094,8.678011908750806,0.0,,-5.179863844670324,-5.179863844670324,sequential,8e-06,2,0.4,"(0.222, 0.333]"
3953,10029102000.0,456.0,2.0,0.0,0.0578991329201758,5.216158691074677,0.0,,-2.704296312292321,-2.704296312292321,sequential,8e-06,2,0.4,"(0.0, 0.111]"
3954,10029103000.0,456.0,3.0,0.0,0.3273743498819196,8.866849071169721,0.0,,-5.213092610688006,-5.213092610688006,sequential,8e-06,2,0.4,"(0.222, 0.333]"
3955,10029104000.0,456.0,4.0,0.0,0.1361069259327786,9.369884630492031,0.0,,-3.6841936782842555,-3.6841936782842555,sequential,8e-06,2,0.4,"(0.111, 0.222]"
3956,10029105000.0,456.0,5.0,0.0,0.05794006322711224,5.594170262245771,0.0,,-2.708216839767566,-2.708216839767566,sequential,8e-06,2,0.4,"(0.0, 0.111]"
3957,10030100000.0,457.0,0.0,0.0,0.13590592981544392,7.4226332560931,0.0,,-3.6619301762379046,-3.6619301762379046,sequential,8e-06,2,0.5,"(0.111, 0.222]"
3958,10030101000.0,457.0,1.0,0.0,0.32680197206704514,2.7421514952420623,0.0,,-5.199817792390044,-5.199817792390044,sequential,8e-06,2,0.5,"(0.222, 0.333]"
3959,10030102000.0,457.0,2.0,0.0,0.0578842355774144,5.5988088663475555,0.0,,-2.7026227929403537,-2.7026227929403537,sequential,8e-06,2,0.5,"(0.0, 0.111]"
3960,10030103000.0,457.0,3.0,0.0,0.3258273335107853,4.228050685334008,0.0,,-5.176607169667526,-5.176607169667526,sequential,8e-06,2,0.5,"(0.222, 0.333]"
3961,10030104000.0,457.0,4.0,0.0,0.1361171381709642,5.138410002962487,0.0,,-3.6853006883312625,-3.6853006883312625,sequential,8e-06,2,0.5,"(0.111, 0.222]"
3962,10030105000.0,457.0,5.0,0.0,0.05819112003747428,3.743931713670826,0.0,,-2.7350329625040755,-2.7350329625040755,sequential,8e-06,2,0.5,"(0.0, 0.111]"
3963,10031100000.0,458.0,0.0,0.0,0.13598194526023116,1.9913897967885525,0.0,,-3.6715057331383596,-3.6715057331383596,sequential,8e-06,2,0.7,"(0.111, 0.222]"
3964,10031101000.0,458.0,1.0,0.0,0.3247549601820117,2.1161500974849803,0.0,,-5.155085773664789,-5.155085773664789,sequential,8e-06,2,0.7,"(0.222, 0.333]"
3965,10031102000.0,458.0,2.0,0.0,0.057984189912584076,1.9301850256540898,0.0,,-2.713698283692446,-2.713698283692446,sequential,8e-06,2,0.7,"(0.0, 0.111]"
3966,10031103000.0,458.0,3.0,0.0,0.3232722264633499,8.505816677100826,0.0,,-5.252850704848217,-5.252850704848217,sequential,8e-06,2,0.7,"(0.222, 0.333]"
3967,10031104000.0,458.0,4.0,0.0,0.13587342240037933,2.4690799541487993,0.0,,-3.6594400274616308,-3.6594400274616308,sequential,8e-06,2,0.7,"(0.111, 0.222]"
3968,10031105000.0,458.0,5.0,0.0,0.05803734736147837,1.8911706291025439,0.0,,-2.719061838484697,-2.719061838484697,sequential,8e-06,2,0.7,"(0.0, 0.111]"
3969,10032100000.0,459.0,0.0,0.0,0.1358208125817897,0.8395047794260703,0.0,,-3.651568317618423,-3.651568317618423,sequential,8e-06,2,1.0,"(0.111, 0.222]"
3970,10032101000.0,459.0,1.0,0.0,0.3243106116654849,6.7674223867647,0.0,,-5.270308544361935,-5.270308544361935,sequential,8e-06,2,1.0,"(0.222, 0.333]"
3971,10032102000.0,459.0,2.0,0.0,0.058088710176020214,0.6986799132892312,0.0,,-2.723375809570952,-2.723375809570952,sequential,8e-06,2,1.0,"(0.0, 0.111]"
3972,10032103000.0,459.0,3.0,0.0,0.32384946297017003,8.715062344919321,0.0,,-5.260307803150856,-5.260307803150856,sequential,8e-06,2,1.0,"(0.222, 0.333]"
3973,10032104000.0,459.0,4.0,0.0,0.13609190289209944,0.6082069613156391,0.0,,-3.6814945402035106,-3.6814945402035106,sequential,8e-06,2,1.0,"(0.111, 0.222]"
3974,10032105000.0,459.0,5.0,0.0,0.05785173320840447,0.8504870516538833,0.0,,-2.7559376422712365,-2.7559376422712365,sequential,8e-06,2,1.0,"(0.0, 0.111]"
3975,10033100000.0,460.0,0.0,0.0,0.13560312073129185,0.35789281310316307,0.0,,-3.6290972892454936,-3.6290972892454936,sequential,8e-06,2,1.5,"(0.111, 0.222]"
3976,10033101000.0,460.0,1.0,0.0,0.32496919917122935,1.918698522084909,0.0,,-5.154688505014716,-5.154688505014716,sequential,8e-06,2,1.5,"(0.222, 0.333]"
3977,10033102000.0,460.0,2.0,0.0,0.05802194790952072,0.38413667412677766,0.0,,-2.7157713547734925,-2.7157713547734925,sequential,8e-06,2,1.5,"(0.0, 0.111]"
3978,10033103000.0,460.0,3.0,0.0,0.32321121268329317,3.0516074789430285,0.0,,-5.246056562892947,-5.246056562892947,sequential,8e-06,2,1.5,"(0.222, 0.333]"
3979,10033104000.0,460.0,4.0,0.0,0.13562392186676359,0.35785112887170084,0.0,,-3.6312098794494725,-3.6312098794494725,sequential,8e-06,2,1.5,"(0.111, 0.222]"
3980,10033105000.0,460.0,5.0,0.0,0.05774104676596632,0.4250063673315716,0.0,,-2.744654145090374,-2.744654145090374,sequential,8e-06,2,1.5,"(0.0, 0.111]"
3981,10034100000.0,461.0,0.0,0.0,0.13598111650950803,0.18615404384508566,0.0,,-3.6703893426966814,-3.6703893426966814,sequential,8e-06,2,2.0,"(0.111, 0.222]"
3982,10034101000.0,461.0,1.0,0.0,0.32678970796097834,0.6634454567081233,0.0,,-5.199687417518346,-5.199687417518346,sequential,8e-06,2,2.0,"(0.222, 0.333]"
3983,10034102000.0,461.0,2.0,0.0,0.0581464018290017,0.28411623291707505,0.0,,-2.730440803086883,-2.730440803086883,sequential,8e-06,2,2.0,"(0.0, 0.111]"
3984,10034103000.0,461.0,3.0,0.0,0.3247676415454674,1.0054455298311198,0.0,,-5.153670908479644,-5.153670908479644,sequential,8e-06,2,2.0,"(0.222, 0.333]"
3985,10034104000.0,461.0,4.0,0.0,0.1361665043574134,0.16974895147630972,0.0,,-3.6912613470388917,-3.6912613470388917,sequential,8e-06,2,2.0,"(0.111, 0.222]"
3986,10034105000.0,461.0,5.0,0.0,0.0580801489121825,0.29066898594197066,0.0,,-2.7230682666530672,-2.7230682666530672,sequential,8e-06,2,2.0,"(0.0, 0.111]"
3987,10035100000.0,91.0,0.0,0.0,2.0030355527665695,7.485975660835937,0.0,,-0.7660849655670038,-0.7660849655670038,sequential,9e-07,2,0.1,
3988,10035101000.0,91.0,1.0,0.0,3.6204722862199357,5.360870264577195,0.0,,-1.1002960809937068,-1.1002960809937068,sequential,9e-07,2,0.1,
3989,10035102000.0,91.0,2.0,0.0,0.8474011208453368,4.50031396339588,0.0,,-0.5645857579957738,-0.5645857579957738,sequential,9e-07,2,0.1,"(0.778, 0.889]"
3990,10035103000.0,91.0,3.0,0.0,3.6240312312230625,9.641769757921052,0.0,,-1.102681638014859,-1.102681638014859,sequential,9e-07,2,0.1,
3991,10035104000.0,91.0,4.0,0.0,2.000720909698451,2.4044215471627757,0.0,,-0.764066132947038,-0.764066132947038,sequential,9e-07,2,0.1,
3992,10035105000.0,91.0,5.0,0.0,0.8468885816014078,1.2707676287724057,0.0,,-0.5640029460067912,-0.5640029460067912,sequential,9e-07,2,0.1,"(0.778, 0.889]"
3993,10036100000.0,92.0,0.0,0.0,2.002248036357668,9.168669966767162,0.0,,-0.7649262329662361,-0.7649262329662361,sequential,9e-07,2,0.4,
3994,10036101000.0,92.0,1.0,0.0,3.6020199661566714,4.571718243138986,0.0,,-1.1169214726609265,-1.1169214726609265,sequential,9e-07,2,0.4,
3995,10036102000.0,92.0,2.0,0.0,0.8476622707248498,7.30168876084256,0.0,,-0.5644667982415532,-0.5644667982415532,sequential,9e-07,2,0.4,"(0.778, 0.889]"
3996,10036103000.0,92.0,3.0,0.0,3.62186718610304,5.040917137160881,0.0,,-1.1003905601708135,-1.1003905601708135,sequential,9e-07,2,0.4,
3997,10036104000.0,92.0,4.0,0.0,2.0008625372954647,9.44721846958802,0.0,,-0.7636359147686403,-0.7636359147686403,sequential,9e-07,2,0.4,
3998,10036105000.0,92.0,5.0,0.0,0.8454702290125993,6.458594632356166,0.0,,-0.5620565541305012,-0.5620565541305012,sequential,9e-07,2,0.4,"(0.778, 0.889]"
3999,10037100000.0,93.0,0.0,0.0,2.0018715727764893,9.229026328896198,0.0,,-0.7653601739285733,-0.7653601739285733,sequential,9e-07,2,0.5,
4000,10037101000.0,93.0,1.0,0.0,3.622390135901435,2.726455268163336,0.0,,-1.1022642966980942,-1.1022642966980942,sequential,9e-07,2,0.5,
4001,10037102000.0,93.0,2.0,0.0,0.84779282739489,9.122288889377558,0.0,,-0.5652107777944468,-0.5652107777944468,sequential,9e-07,2,0.5,"(0.778, 0.889]"
4002,10037103000.0,93.0,3.0,0.0,3.630966002419863,4.051989160433059,0.0,,-1.1078839389315909,-1.1078839389315909,sequential,9e-07,2,0.5,
4003,10037104000.0,93.0,4.0,0.0,2.010592621537607,5.975294491467622,0.0,,-0.7734527090179042,-0.7734527090179042,sequential,9e-07,2,0.5,
4004,10037105000.0,93.0,5.0,0.0,0.8507512055420634,7.7620132206610455,0.0,,-0.5685031536353282,-0.5685031536353282,sequential,9e-07,2,0.5,"(0.778, 0.889]"
4005,10038100000.0,94.0,0.0,0.0,1.994498953544703,3.98921849063094,0.0,,-0.7579263975512704,-0.7579263975512704,sequential,9e-07,2,0.7,
4006,10038101000.0,94.0,1.0,0.0,3.6131609513858347,3.2849023384502027,0.0,,-1.1228286964235903,-1.1228286964235903,sequential,9e-07,2,0.7,
4007,10038102000.0,94.0,2.0,0.0,0.844441908172407,3.9670940175802074,0.0,,-0.5608287995910467,-0.5608287995910467,sequential,9e-07,2,0.7,"(0.778, 0.889]"
4008,10038103000.0,94.0,3.0,0.0,3.62008293021392,2.1091702625728006,0.0,,-1.0990635908938722,-1.0990635908938722,sequential,9e-07,2,0.7,
4009,10038104000.0,94.0,4.0,0.0,1.9989572637923012,3.161593811979194,0.0,,-0.7618033813822088,-0.7618033813822088,sequential,9e-07,2,0.7,
4010,10038105000.0,94.0,5.0,0.0,0.8463601711232103,2.9868664709664348,0.0,,-0.5629132845011002,-0.5629132845011002,sequential,9e-07,2,0.7,"(0.778, 0.889]"
4011,10039100000.0,95.0,0.0,0.0,1.995790401389005,1.2831880069491586,0.0,,-0.7590774778326984,-0.7590774778326984,sequential,9e-07,2,1.0,
4012,10039101000.0,95.0,1.0,0.0,3.604591586043486,5.74691550700006,0.0,,-1.1179705365229398,-1.1179705365229398,sequential,9e-07,2,1.0,
4013,10039102000.0,95.0,2.0,0.0,0.847114715889044,1.205404401658659,0.0,,-0.5637855882996115,-0.5637855882996115,sequential,9e-07,2,1.0,"(0.778, 0.889]"
4014,10039103000.0,95.0,3.0,0.0,3.613086566566437,7.828489244753488,0.0,,-1.1227953253431695,-1.1227953253431695,sequential,9e-07,2,1.0,
4015,10039104000.0,95.0,4.0,0.0,1.9972949523630317,1.2143209550901806,0.0,,-0.7604208697402188,-0.7604208697402188,sequential,9e-07,2,1.0,
4016,10039105000.0,95.0,5.0,0.0,0.8454302087747618,1.3689783870186552,0.0,,-0.5619488852057393,-0.5619488852057393,sequential,9e-07,2,1.0,"(0.778, 0.889]"
4017,10040100000.0,96.0,0.0,0.0,2.010877340620635,0.3440437147163573,0.0,,-0.7549188064578273,-0.7549188064578273,sequential,9e-07,2,1.5,
4018,10040101000.0,96.0,1.0,0.0,3.6401629064003083,2.198663518687378,0.0,,-1.114580816631205,-1.114580816631205,sequential,9e-07,2,1.5,
4019,10040102000.0,96.0,2.0,0.0,0.8485927951681301,0.591003992504538,0.0,,-0.5661605523368175,-0.5661605523368175,sequential,9e-07,2,1.5,"(0.778, 0.889]"
4020,10040103000.0,96.0,3.0,0.0,3.6204090578915586,4.599132135337436,0.0,,-1.1010803714059734,-1.1010803714059734,sequential,9e-07,2,1.5,
4021,10040104000.0,96.0,4.0,0.0,2.007643971656024,0.397723555269302,0.0,,-0.7707147760646759,-0.7707147760646759,sequential,9e-07,2,1.5,
4022,10040105000.0,96.0,5.0,0.0,0.8509890392592984,0.5487064840113338,0.0,,-0.5688129209225354,-0.5688129209225354,sequential,9e-07,2,1.5,"(0.778, 0.889]"
4023,10041100000.0,97.0,0.0,0.0,1.997999578834742,0.21625512822662543,0.0,,-0.761107327654688,-0.761107327654688,sequential,9e-07,2,2.0,
4024,10041101000.0,97.0,1.0,0.0,3.6198464212095733,1.0762803830634202,0.0,,-1.0990052942309112,-1.0990052942309112,sequential,9e-07,2,2.0,
4025,10041102000.0,97.0,2.0,0.0,0.844318225270445,0.34993083254144575,0.0,,-0.5607386979083556,-0.5607386979083556,sequential,9e-07,2,2.0,"(0.778, 0.889]"
4026,10041103000.0,97.0,3.0,0.0,3.615950448828834,1.1977529957964517,0.0,,-1.1246608943691867,-1.1246608943691867,sequential,9e-07,2,2.0,
4027,10041104000.0,97.0,4.0,0.0,2.0018182251794876,0.2031418085719605,0.0,,-0.7645012298429251,-0.7645012298429251,sequential,9e-07,2,2.0,
4028,10041105000.0,97.0,5.0,0.0,0.8480065900058225,0.3284262614128745,0.0,,-0.5648460144082149,-0.5648460144082149,sequential,9e-07,2,2.0,"(0.778, 0.889]"
4029,10042100000.0,70.0,0.0,0.0,2.7895616926245874,1.7395891953908842,0.0,,-0.6492529067821271,-0.6492529067821271,sequential,7e-07,10,0.1,
4030,10042101000.0,70.0,1.0,0.0,4.741440045096778,6.118162892169245,0.0,,-0.9613120430820712,-0.9613120430820712,sequential,7e-07,10,0.1,
4031,10042102000.0,70.0,2.0,0.0,1.190631148430326,8.394661332534238,0.0,,-0.49274668004233513,-0.49274668004233513,sequential,7e-07,10,0.1,
4032,10042103000.0,70.0,3.0,0.0,4.6943191098938755,2.513314550660401,0.0,,-0.949257159562237,-0.949257159562237,sequential,7e-07,10,0.1,
4033,10042104000.0,70.0,4.0,0.0,2.7927035179152515,9.739859058878979,0.0,,-0.6515524032876274,-0.6515524032876274,sequential,7e-07,10,0.1,
4034,10042105000.0,70.0,5.0,0.0,1.1921683634926261,6.531176848734611,0.0,,-0.48144184658800615,-0.48144184658800615,sequential,7e-07,10,0.1,
4035,10043100000.0,71.0,0.0,0.0,2.7895176884561392,4.70929856484465,0.0,,-0.6494295470507507,-0.6494295470507507,sequential,7e-07,10,0.4,
4036,10043101000.0,71.0,1.0,0.0,4.706924070967,2.913290355005016,0.0,,-0.9526607583625074,-0.9526607583625074,sequential,7e-07,10,0.4,
4037,10043102000.0,71.0,2.0,0.0,1.1884826487797524,9.966613411771341,0.0,,-0.49128324985478083,-0.49128324985478083,sequential,7e-07,10,0.4,
4038,10043103000.0,71.0,3.0,0.0,4.715326873427266,2.917020826701543,0.0,,-0.9546189512733724,-0.9546189512733724,sequential,7e-07,10,0.4,
4039,10043104000.0,71.0,4.0,0.0,2.7953905983669176,6.518239359449328,0.0,,-0.653651041323318,-0.653651041323318,sequential,7e-07,10,0.4,
4040,10043105000.0,71.0,5.0,0.0,1.1887862751833838,8.938592193631704,0.0,,-0.4915091519063975,-0.4915091519063975,sequential,7e-07,10,0.4,
4041,10044100000.0,72.0,0.0,0.0,2.798182937431209,6.359363572406679,0.0,,-0.6557335141822325,-0.6557335141822325,sequential,7e-07,10,0.5,
4042,10044101000.0,72.0,1.0,0.0,4.728342085077701,2.6277870045442415,0.0,,-0.9581171620301075,-0.9581171620301075,sequential,7e-07,10,0.5,
4043,10044102000.0,72.0,2.0,0.0,1.1872626316125416,6.132152121563038,0.0,,-0.4904922933364607,-0.4904922933364607,sequential,7e-07,10,0.5,
4044,10044103000.0,72.0,3.0,0.0,4.708379355689144,3.8076628046851155,0.0,,-0.953106119735121,-0.953106119735121,sequential,7e-07,10,0.5,
4045,10044104000.0,72.0,4.0,0.0,2.797720804588094,7.066764214555018,0.0,,-0.6553733490016567,-0.6553733490016567,sequential,7e-07,10,0.5,
4046,10044105000.0,72.0,5.0,0.0,1.1934014113712526,7.470899697648584,0.0,,-0.4824984209636553,-0.4824984209636553,sequential,7e-07,10,0.5,
4047,10045100000.0,73.0,0.0,0.0,2.781931814818834,5.240888138470692,0.0,,-0.6612644805374319,-0.6612644805374319,sequential,7e-07,10,0.7,
4048,10045101000.0,73.0,1.0,0.0,4.722084548128543,2.8276516065205484,0.0,,-0.9562560340979339,-0.9562560340979339,sequential,7e-07,10,0.7,
4049,10045102000.0,73.0,2.0,0.0,1.1888214663978307,3.6774258962427737,0.0,,-0.4914786813995269,-0.4914786813995269,sequential,7e-07,10,0.7,
4050,10045103000.0,73.0,3.0,0.0,4.701131144103538,3.8260414326191325,0.0,,-0.9510323866277556,-0.9510323866277556,sequential,7e-07,10,0.7,
4051,10045104000.0,73.0,4.0,0.0,2.7844403757713203,4.507299838279806,0.0,,-0.6628081627193427,-0.6628081627193427,sequential,7e-07,10,0.7,
4052,10045105000.0,73.0,5.0,0.0,1.1941562293256172,2.8786943734893775,0.0,,-0.4829610139093319,-0.4829610139093319,sequential,7e-07,10,0.7,
4053,10046100000.0,74.0,0.0,0.0,2.782453739268919,1.4660299792171552,0.0,,-0.6613579968220108,-0.6613579968220108,sequential,7e-07,10,1.0,
4054,10046101000.0,74.0,1.0,0.0,4.711337884370616,9.667320275027134,0.0,,-0.9532262290479457,-0.9532262290479457,sequential,7e-07,10,1.0,
4055,10046102000.0,74.0,2.0,0.0,1.1904612060176802,1.0703815948773188,0.0,,-0.49256783683422234,-0.49256783683422234,sequential,7e-07,10,1.0,
4056,10046103000.0,74.0,3.0,0.0,4.700246935138978,8.19273001946057,0.0,,-0.9503693542581323,-0.9503693542581323,sequential,7e-07,10,1.0,
4057,10046104000.0,74.0,4.0,0.0,2.7833086267490725,1.3930299169303857,0.0,,-0.6619278028506308,-0.6619278028506308,sequential,7e-07,10,1.0,
4058,10046105000.0,74.0,5.0,0.0,1.1899020232728998,1.1277453351512614,0.0,,-0.49214183458016647,-0.49214183458016647,sequential,7e-07,10,1.0,
4059,10047100000.0,75.0,0.0,0.0,2.7886409828096586,0.4410402737232583,0.0,,-0.6487970429487364,-0.6487970429487364,sequential,7e-07,10,1.5,
4060,10047101000.0,75.0,1.0,0.0,4.735030966943087,3.043732887866434,0.0,,-0.9596789654864274,-0.9596789654864274,sequential,7e-07,10,1.5,
4061,10047102000.0,75.0,2.0,0.0,1.1914646666454665,0.5117187984548788,0.0,,-0.49344272070577166,-0.49344272070577166,sequential,7e-07,10,1.5,
4062,10047103000.0,75.0,3.0,0.0,4.724021124078647,3.690229520907098,0.0,,-0.9568869284136787,-0.9568869284136787,sequential,7e-07,10,1.5,
4063,10047104000.0,75.0,4.0,0.0,2.7932466518553856,0.37309650469291084,0.0,,-0.6520369958323206,-0.6520369958323206,sequential,7e-07,10,1.5,
4064,10047105000.0,75.0,5.0,0.0,1.1936123387101032,0.4792531903011839,0.0,,-0.4826378747666444,-0.4826378747666444,sequential,7e-07,10,1.5,
4065,10048100000.0,76.0,0.0,0.0,2.8038804305023923,0.2069096468496826,0.0,,-0.6607295185124876,-0.6607295185124876,sequential,7e-07,10,2.0,
4066,10048101000.0,76.0,1.0,0.0,4.769222552501863,1.276191976342796,0.0,,-0.9703742773756362,-0.9703742773756362,sequential,7e-07,10,2.0,
4067,10048102000.0,76.0,2.0,0.0,1.1966198899107208,0.33723238820347207,0.0,,-0.4854173463279315,-0.4854173463279315,sequential,7e-07,10,2.0,
4068,10048103000.0,76.0,3.0,0.0,4.7786353229117635,1.157353634085005,0.0,,-0.9730320373570234,-0.9730320373570234,sequential,7e-07,10,2.0,
4069,10048104000.0,76.0,4.0,0.0,2.7926238287057115,0.25899916621317615,0.0,,-0.6522718962745394,-0.6522718962745394,sequential,7e-07,10,2.0,
4070,10048105000.0,76.0,5.0,0.0,1.1971249066058083,0.3313052180415633,0.0,,-0.4858187389317182,-0.4858187389317182,sequential,7e-07,10,2.0,
4071,10049100000.0,462.0,0.0,0.0,0.1371914263651992,9.89293111811076,0.0,,-4.009928952451418,-4.009928952451418,sequential,8e-06,10,0.1,"(0.111, 0.222]"
4072,10049101000.0,462.0,1.0,0.0,0.3159158635555328,9.490754665830684,0.0,,-5.623839517482341,-5.623839517482341,sequential,8e-06,10,0.1,"(0.222, 0.333]"
4073,10049102000.0,462.0,2.0,0.0,0.05847516902728812,5.974270821648748,0.0,,-2.979717045516961,-2.979717045516961,sequential,8e-06,10,0.1,"(0.0, 0.111]"
4074,10049103000.0,462.0,3.0,0.0,0.3175554898059606,9.36724434011537,0.0,,-5.661393099103891,-5.661393099103891,sequential,8e-06,10,0.1,"(0.222, 0.333]"
4075,10049104000.0,462.0,4.0,0.0,0.13717653403998442,9.835730253066679,0.0,,-4.008343519602173,-4.008343519602173,sequential,8e-06,10,0.1,"(0.111, 0.222]"
4076,10049105000.0,462.0,5.0,0.0,0.05832216345153047,8.268705479545876,0.0,,-2.9630040672571054,-2.9630040672571054,sequential,8e-06,10,0.1,"(0.0, 0.111]"
4077,10050100000.0,463.0,0.0,0.0,0.1370312861606974,7.226179065052375,0.0,,-3.9938048011696763,-3.9938048011696763,sequential,8e-06,10,0.4,"(0.111, 0.222]"
4078,10050101000.0,463.0,1.0,0.0,0.314495836926551,9.731596737015142,0.0,,-5.593196378747223,-5.593196378747223,sequential,8e-06,10,0.4,"(0.222, 0.333]"
4079,10050102000.0,463.0,2.0,0.0,0.058206625487071326,9.429401555280325,0.0,,-2.950810422352455,-2.950810422352455,sequential,8e-06,10,0.4,"(0.0, 0.111]"
4080,10050103000.0,463.0,3.0,0.0,0.31681828400469214,7.110501650733461,0.0,,-5.643616021133643,-5.643616021133643,sequential,8e-06,10,0.4,"(0.222, 0.333]"
4081,10050104000.0,463.0,4.0,0.0,0.13739655198228734,9.567008763584155,0.0,,-3.937581243891748,-3.937581243891748,sequential,8e-06,10,0.4,"(0.111, 0.222]"
4082,10050105000.0,463.0,5.0,0.0,0.05834883825609373,7.913122006727682,0.0,,-2.9659152376477445,-2.9659152376477445,sequential,8e-06,10,0.4,"(0.0, 0.111]"
4083,10051100000.0,464.0,0.0,0.0,0.13741431744396668,4.788362263961175,0.0,,-3.940124248051545,-3.940124248051545,sequential,8e-06,10,0.5,"(0.111, 0.222]"
4084,10051101000.0,464.0,1.0,0.0,0.3189897761325802,6.278206121455853,0.0,,-5.6967192659078645,-5.6967192659078645,sequential,8e-06,10,0.5,"(0.222, 0.333]"
4085,10051102000.0,464.0,2.0,0.0,0.05827708445233669,5.085449429215368,0.0,,-2.958927612535705,-2.958927612535705,sequential,8e-06,10,0.5,"(0.0, 0.111]"
4086,10051103000.0,464.0,3.0,0.0,0.31632844840368035,5.0105869199348865,0.0,,-5.634241723843258,-5.634241723843258,sequential,8e-06,10,0.5,"(0.222, 0.333]"
4087,10051104000.0,464.0,4.0,0.0,0.13760675508139947,3.488592870719707,0.0,,-3.9625351889404246,-3.9625351889404246,sequential,8e-06,10,0.5,"(0.111, 0.222]"
4088,10051105000.0,464.0,5.0,0.0,0.058633173443102024,3.790531226895221,0.0,,-2.997757117891988,-2.997757117891988,sequential,8e-06,10,0.5,"(0.0, 0.111]"
4089,10052100000.0,465.0,0.0,0.0,0.13753377549004614,1.5158551700772032,0.0,,-3.953348227295899,-3.953348227295899,sequential,8e-06,10,0.7,"(0.111, 0.222]"
4090,10052101000.0,465.0,1.0,0.0,0.31656928628884173,8.27863305567232,0.0,,-5.639161658783643,-5.639161658783643,sequential,8e-06,10,0.7,"(0.222, 0.333]"
4091,10052102000.0,465.0,2.0,0.0,0.05851030984898843,1.583622067631528,0.0,,-2.9837905316238427,-2.9837905316238427,sequential,8e-06,10,0.7,"(0.0, 0.111]"
4092,10052103000.0,465.0,3.0,0.0,0.3148067776960233,7.589045168059252,0.0,,-5.6004112306779215,-5.6004112306779215,sequential,8e-06,10,0.7,"(0.222, 0.333]"
4093,10052104000.0,465.0,4.0,0.0,0.13732728956068502,1.877282890270004,0.0,,-3.9297881480867707,-3.9297881480867707,sequential,8e-06,10,0.7,"(0.111, 0.222]"
4094,10052105000.0,465.0,5.0,0.0,0.05830900814037269,1.9614067674706575,0.0,,-2.961648007444232,-2.961648007444232,sequential,8e-06,10,0.7,"(0.0, 0.111]"
4095,10053100000.0,466.0,0.0,0.0,0.1374757745635325,0.7230846017217939,0.0,,-3.9477601030606646,-3.9477601030606646,sequential,8e-06,10,1.0,"(0.111, 0.222]"
4096,10053101000.0,466.0,1.0,0.0,0.3187849745198556,6.708332120103772,0.0,,-5.693129786629745,-5.693129786629745,sequential,8e-06,10,1.0,"(0.222, 0.333]"
4097,10053102000.0,466.0,2.0,0.0,0.05841043717046016,0.8153750238946378,0.0,,-2.973529630460403,-2.973529630460403,sequential,8e-06,10,1.0,"(0.0, 0.111]"
4098,10053103000.0,466.0,3.0,0.0,0.315828154352168,4.169639346320104,0.0,,-5.625046181043001,-5.625046181043001,sequential,8e-06,10,1.0,"(0.222, 0.333]"
4099,10053104000.0,466.0,4.0,0.0,0.1374950503189872,0.7003227922865728,0.0,,-3.950037268665374,-3.950037268665374,sequential,8e-06,10,1.0,"(0.111, 0.222]"
4100,10053105000.0,466.0,5.0,0.0,0.05839590198982625,0.8224856515304598,0.0,,-2.9719162169897375,-2.9719162169897375,sequential,8e-06,10,1.0,"(0.0, 0.111]"
4101,10054100000.0,467.0,0.0,0.0,0.13711669349827643,0.3509432399457703,0.0,,-4.0034531696824684,-4.0034531696824684,sequential,8e-06,10,1.5,"(0.111, 0.222]"
4102,10054101000.0,467.0,1.0,0.0,0.31630452654864316,3.1092558804333525,0.0,,-5.633936903480218,-5.633936903480218,sequential,8e-06,10,1.5,"(0.222, 0.333]"
4103,10054102000.0,467.0,2.0,0.0,0.05849854840772722,0.38079245480021007,0.0,,-2.9827416232251682,-2.9827416232251682,sequential,8e-06,10,1.5,"(0.0, 0.111]"
4104,10054103000.0,467.0,3.0,0.0,0.3166700474835679,2.7652924908982004,0.0,,-5.642403558891746,-5.642403558891746,sequential,8e-06,10,1.5,"(0.222, 0.333]"
4105,10054104000.0,467.0,4.0,0.0,0.1375098281473365,0.27882200250479344,0.0,,-3.9514667861571304,-3.9514667861571304,sequential,8e-06,10,1.5,"(0.111, 0.222]"
4106,10054105000.0,467.0,5.0,0.0,0.058375935826918336,0.39936708901617185,0.0,,-2.9694201646712566,-2.9694201646712566,sequential,8e-06,10,1.5,"(0.0, 0.111]"
4107,10055100000.0,468.0,0.0,0.0,0.13699909960979584,0.19257689888630017,0.0,,-3.990668954889196,-3.990668954889196,sequential,8e-06,10,2.0,"(0.111, 0.222]"
4108,10055101000.0,468.0,1.0,0.0,0.3157239837067646,0.9545077293439443,0.0,,-5.619538162329285,-5.619538162329285,sequential,8e-06,10,2.0,"(0.222, 0.333]"
4109,10055102000.0,468.0,2.0,0.0,0.058442759718280814,0.2729354825456248,0.0,,-2.9760671257474445,-2.9760671257474445,sequential,8e-06,10,2.0,"(0.0, 0.111]"
4110,10055103000.0,468.0,3.0,0.0,0.31458208900027607,1.2571100921275413,0.0,,-5.595303159312617,-5.595303159312617,sequential,8e-06,10,2.0,"(0.222, 0.333]"
4111,10055104000.0,468.0,4.0,0.0,0.13737675420931308,0.16390732598779667,0.0,,-3.9353793613320627,-3.9353793613320627,sequential,8e-06,10,2.0,"(0.111, 0.222]"
4112,10055105000.0,468.0,5.0,0.0,0.05823620634700778,0.2887662891670683,0.0,,-2.954092910667921,-2.954092910667921,sequential,8e-06,10,2.0,"(0.0, 0.111]"
4113,10056100000.0,98.0,0.0,0.0,2.0078866773534156,2.529431091999355,0.0,,-0.7968562538963706,-0.7968562538963706,sequential,9e-07,10,0.1,
4114,10056101000.0,98.0,1.0,0.0,3.431767625002851,5.624659652107395,0.0,,-1.1469933954538545,-1.1469933954538545,sequential,9e-07,10,0.1,
4115,10056102000.0,98.0,2.0,0.0,0.8471922311611132,3.981184982742305,0.0,,-0.5879686985048649,-0.5879686985048649,sequential,9e-07,10,0.1,"(0.778, 0.889]"
4116,10056103000.0,98.0,3.0,0.0,3.4133837733929506,6.8893500708115605,0.0,,-1.136058931214536,-1.136058931214536,sequential,9e-07,10,0.1,
4117,10056104000.0,98.0,4.0,0.0,2.0096625566531108,1.9829371402074478,0.0,,-0.7983715857319809,-0.7983715857319809,sequential,9e-07,10,0.1,
4118,10056105000.0,98.0,5.0,0.0,0.8480768941806062,9.29414328162878,0.0,,-0.588856579578938,-0.588856579578938,sequential,9e-07,10,0.1,"(0.778, 0.889]"
4119,10057100000.0,99.0,0.0,0.0,2.0145711219805387,5.5830113799761945,0.0,,-0.7823312534009101,-0.7823312534009101,sequential,9e-07,10,0.4,
4120,10057101000.0,99.0,1.0,0.0,3.4428693755185718,3.1461101620551974,0.0,,-1.154546364318679,-1.154546364318679,sequential,9e-07,10,0.4,
4121,10057102000.0,99.0,2.0,0.0,0.8461408021432476,9.152923658720534,0.0,,-0.5868493869153811,-0.5868493869153811,sequential,9e-07,10,0.4,"(0.778, 0.889]"
4122,10057103000.0,99.0,3.0,0.0,3.4209804916830855,4.91358608677835,0.0,,-1.1404241283648489,-1.1404241283648489,sequential,9e-07,10,0.4,
4123,10057104000.0,99.0,4.0,0.0,2.0059310432392494,8.285949525331091,0.0,,-0.7953772539722154,-0.7953772539722154,sequential,9e-07,10,0.4,
4124,10057105000.0,99.0,5.0,0.0,0.844751982762669,3.1541119322465283,0.0,,-0.5854439165322886,-0.5854439165322886,sequential,9e-07,10,0.4,"(0.778, 0.889]"
4125,10058100000.0,100.0,0.0,0.0,2.005681274646934,7.511184665798001,0.0,,-0.795212022063653,-0.795212022063653,sequential,9e-07,10,0.5,
4126,10058101000.0,100.0,1.0,0.0,3.4309479838817447,2.8271581387197795,0.0,,-1.1465827378646176,-1.1465827378646176,sequential,9e-07,10,0.5,
4127,10058102000.0,100.0,2.0,0.0,0.850096472181083,6.401746101855204,0.0,,-0.5911639420051079,-0.5911639420051079,sequential,9e-07,10,0.5,"(0.778, 0.889]"
4128,10058103000.0,100.0,3.0,0.0,3.432209366040166,2.672530855981485,0.0,,-1.1474180693173504,-1.1474180693173504,sequential,9e-07,10,0.5,
4129,10058104000.0,100.0,4.0,0.0,2.005968790320666,9.315492825211905,0.0,,-0.7954503628152685,-0.7954503628152685,sequential,9e-07,10,0.5,
4130,10058105000.0,100.0,5.0,0.0,0.8528650884346679,6.1271738233472,0.0,,-0.5942253272248494,-0.5942253272248494,sequential,9e-07,10,0.5,"(0.778, 0.889]"
4131,10059100000.0,101.0,0.0,0.0,2.0063498105642728,3.3606481433789908,0.0,,-0.7957242882797589,-0.7957242882797589,sequential,9e-07,10,0.7,
4132,10059101000.0,101.0,1.0,0.0,3.4407131601713163,2.2906629694515726,0.0,,-1.1529898469506166,-1.1529898469506166,sequential,9e-07,10,0.7,
4133,10059102000.0,101.0,2.0,0.0,0.8522935357020766,2.2424754865367036,0.0,,-0.5935513547124968,-0.5935513547124968,sequential,9e-07,10,0.7,"(0.778, 0.889]"
4134,10059103000.0,101.0,3.0,0.0,3.4269611254841883,7.977661589760472,0.0,,-1.1441576778016436,-1.1441576778016436,sequential,9e-07,10,0.7,
4135,10059104000.0,101.0,4.0,0.0,2.006910315867314,3.2833497265010068,0.0,,-0.7961915988098283,-0.7961915988098283,sequential,9e-07,10,0.7,
4136,10059105000.0,101.0,5.0,0.0,0.8500697116618434,2.874596497970126,0.0,,-0.5911093229208564,-0.5911093229208564,sequential,9e-07,10,0.7,"(0.778, 0.889]"
4137,10060100000.0,102.0,0.0,0.0,2.008042035118896,0.9674272111761976,0.0,,-0.7968125506762656,-0.7968125506762656,sequential,9e-07,10,1.0,
4138,10060101000.0,102.0,1.0,0.0,3.4111541636042872,6.040898312105784,0.0,,-1.1642937562960871,-1.1642937562960871,sequential,9e-07,10,1.0,
4139,10060102000.0,102.0,2.0,0.0,0.8468791276325194,1.179181200299607,0.0,,-0.5873886055097789,-0.5873886055097789,sequential,9e-07,10,1.0,"(0.778, 0.889]"
4140,10060103000.0,102.0,3.0,0.0,3.4252706026673843,8.674157028404588,0.0,,-1.1424035732569888,-1.1424035732569888,sequential,9e-07,10,1.0,
4141,10060104000.0,102.0,4.0,0.0,2.0066505516530926,0.9465012337335219,0.0,,-0.7956296270752621,-0.7956296270752621,sequential,9e-07,10,1.0,
4142,10060105000.0,102.0,5.0,0.0,0.8472642525130724,1.193666795316841,0.0,,-0.5878175654673549,-0.5878175654673549,sequential,9e-07,10,1.0,"(0.778, 0.889]"
4143,10061100000.0,103.0,0.0,0.0,2.0181505736063223,0.3827482160702804,0.0,,-0.7863643925305482,-0.7863643925305482,sequential,9e-07,10,1.5,
4144,10061101000.0,103.0,1.0,0.0,3.4342512172954347,4.158468530444713,0.0,,-1.1503781884931699,-1.1503781884931699,sequential,9e-07,10,1.5,
4145,10061102000.0,103.0,2.0,0.0,0.8450064462499943,0.5315491260083401,0.0,,-0.5853736400130856,-0.5853736400130856,sequential,9e-07,10,1.5,"(0.778, 0.889]"
4146,10061103000.0,103.0,3.0,0.0,3.417112038427548,2.768621210524857,0.0,,-1.1374517981002812,-1.1374517981002812,sequential,9e-07,10,1.5,
4147,10061104000.0,103.0,4.0,0.0,2.015657379412094,0.42443174002240913,0.0,,-0.7840969959398502,-0.7840969959398502,sequential,9e-07,10,1.5,
4148,10061105000.0,103.0,5.0,0.0,0.8459395633838568,0.5284134553682276,0.0,,-0.5863109838095064,-0.5863109838095064,sequential,9e-07,10,1.5,"(0.778, 0.889]"
4149,10062100000.0,104.0,0.0,0.0,2.005796438375719,0.20731356855769714,0.0,,-0.7949284586919589,-0.7949284586919589,sequential,9e-07,10,2.0,
4150,10062101000.0,104.0,1.0,0.0,3.416610337212874,1.2511397457111297,0.0,,-1.1373009702131522,-1.1373009702131522,sequential,9e-07,10,2.0,
4151,10062102000.0,104.0,2.0,0.0,0.8476972517455977,0.33315005274227094,0.0,,-0.5883159690465818,-0.5883159690465818,sequential,9e-07,10,2.0,"(0.778, 0.889]"
4152,10062103000.0,104.0,3.0,0.0,3.423368550548153,1.1593522718705787,0.0,,-1.1412302747893035,-1.1412302747893035,sequential,9e-07,10,2.0,
4153,10062104000.0,104.0,4.0,0.0,2.001655279280673,0.21971269929211276,0.0,,-0.7916214541108637,-0.7916214541108637,sequential,9e-07,10,2.0,
4154,10062105000.0,104.0,5.0,0.0,0.844053102895764,0.34587059468552317,0.0,,-0.584392451178501,-0.584392451178501,sequential,9e-07,10,2.0,"(0.778, 0.889]"
4155,10063100000.0,77.0,0.0,0.0,2.8058260601652596,3.4153148956283306,0.0,,-0.6494992435856813,-0.6494992435856813,sequential,7e-07,30,0.1,
4156,10063101000.0,77.0,1.0,0.0,4.544927707690691,8.596756058313872,0.0,,-0.9536430454994516,-0.9536430454994516,sequential,7e-07,30,0.1,
4157,10063102000.0,77.0,2.0,0.0,1.1887231611427893,1.0676702167671188,0.0,,-0.47527060955247047,-0.47527060955247047,sequential,7e-07,30,0.1,
4158,10063103000.0,77.0,3.0,0.0,4.53040663611494,7.920669943139013,0.0,,-0.9499430506921908,-0.9499430506921908,sequential,7e-07,30,0.1,
4159,10063104000.0,77.0,4.0,0.0,2.8001270216414835,1.7384390394017082,0.0,,-0.6458446615119153,-0.6458446615119153,sequential,7e-07,30,0.1,
4160,10063105000.0,77.0,5.0,0.0,1.1864340092815453,1.3513505517119175,0.0,,-0.4861803866037968,-0.4861803866037968,sequential,7e-07,30,0.1,
4161,10064100000.0,78.0,0.0,0.0,2.794485845012397,9.063072541260947,0.0,,-0.6423591255743212,-0.6423591255743212,sequential,7e-07,30,0.4,
4162,10064101000.0,78.0,1.0,0.0,4.526790282050828,8.478484005992508,0.0,,-0.9489189835167585,-0.9489189835167585,sequential,7e-07,30,0.4,
4163,10064102000.0,78.0,2.0,0.0,1.1892408684895994,7.868930656560686,0.0,,-0.4756052387450231,-0.4756052387450231,sequential,7e-07,30,0.4,
4164,10064103000.0,78.0,3.0,0.0,4.50425255332127,3.3604175408134815,0.0,,-0.9434128050178832,-0.9434128050178832,sequential,7e-07,30,0.4,
4165,10064104000.0,78.0,4.0,0.0,2.792952772228191,9.045295078623074,0.0,,-0.6414201944337166,-0.6414201944337166,sequential,7e-07,30,0.4,
4166,10064105000.0,78.0,5.0,0.0,1.1931795766948505,6.183613184252454,0.0,,-0.47839951836620553,-0.47839951836620553,sequential,7e-07,30,0.4,
4167,10065100000.0,79.0,0.0,0.0,2.808816769250709,6.867267079059132,0.0,,-0.6516093046293153,-0.6516093046293153,sequential,7e-07,30,0.5,
4168,10065101000.0,79.0,1.0,0.0,4.5552725819685325,8.458935529084831,0.0,,-0.9566391570016635,-0.9566391570016635,sequential,7e-07,30,0.5,
4169,10065102000.0,79.0,2.0,0.0,1.1906873686127903,4.759285813274145,0.0,,-0.4767615840812569,-0.4767615840812569,sequential,7e-07,30,0.5,
4170,10065103000.0,79.0,3.0,0.0,4.519587310602007,9.456117757425448,0.0,,-0.9475605010642163,-0.9475605010642163,sequential,7e-07,30,0.5,
4171,10065104000.0,79.0,4.0,0.0,2.806036065361956,6.616283818430608,0.0,,-0.64980916159698,-0.64980916159698,sequential,7e-07,30,0.5,
4172,10065105000.0,79.0,5.0,0.0,1.198096862399618,6.041769407047926,0.0,,-0.48208590823652764,-0.48208590823652764,sequential,7e-07,30,0.5,
4173,10066100000.0,80.0,0.0,0.0,2.8082182533687443,2.5234800680047624,0.0,,-0.6511849392943951,-0.6511849392943951,sequential,7e-07,30,0.7,
4174,10066101000.0,80.0,1.0,0.0,4.565311479520178,4.82575638386071,0.0,,-0.959280624999009,-0.959280624999009,sequential,7e-07,30,0.7,
4175,10066102000.0,80.0,2.0,0.0,1.1944434795247159,3.4982246167061883,0.0,,-0.4794113057325559,-0.4794113057325559,sequential,7e-07,30,0.7,
4176,10066103000.0,80.0,3.0,0.0,4.52843964230314,3.386540245255312,0.0,,-0.94958646644811,-0.94958646644811,sequential,7e-07,30,0.7,
4177,10066104000.0,80.0,4.0,0.0,2.7974728800274216,4.10683352634584,0.0,,-0.6443519593522129,-0.6443519593522129,sequential,7e-07,30,0.7,
4178,10066105000.0,80.0,5.0,0.0,1.1952820910714508,3.379409656080444,0.0,,-0.4800315623994093,-0.4800315623994093,sequential,7e-07,30,0.7,
4179,10067100000.0,81.0,0.0,0.0,2.7906558515304027,1.589548860238928,0.0,,-0.6401490376364234,-0.6401490376364234,sequential,7e-07,30,1.0,
4180,10067101000.0,81.0,1.0,0.0,4.556311837133839,8.231178420795084,0.0,,-0.9565554889509785,-0.9565554889509785,sequential,7e-07,30,1.0,
4181,10067102000.0,81.0,2.0,0.0,1.1857574874050942,1.3907843377174578,0.0,,-0.4856710911773178,-0.4856710911773178,sequential,7e-07,30,1.0,
4182,10067103000.0,81.0,3.0,0.0,4.538059547956738,5.423605324110664,0.0,,-0.9517091340526009,-0.9517091340526009,sequential,7e-07,30,1.0,
4183,10067104000.0,81.0,4.0,0.0,2.7991422119876,1.1868540734430488,0.0,,-0.6451684378547154,-0.6451684378547154,sequential,7e-07,30,1.0,
4184,10067105000.0,81.0,5.0,0.0,1.1879753528203831,1.2712674535454667,0.0,,-0.4746955182678317,-0.4746955182678317,sequential,7e-07,30,1.0,
4185,10068100000.0,82.0,0.0,0.0,2.808628358873379,0.3303071365596844,0.0,,-0.6514528669148004,-0.6514528669148004,sequential,7e-07,30,1.5,
4186,10068101000.0,82.0,1.0,0.0,4.558068578532236,2.523417901987988,0.0,,-0.9573608659561523,-0.9573608659561523,sequential,7e-07,30,1.5,
4187,10068102000.0,82.0,2.0,0.0,1.1901212163816235,0.5798752530034116,0.0,,-0.4763224605860731,-0.4763224605860731,sequential,7e-07,30,1.5,
4188,10068103000.0,82.0,3.0,0.0,4.529067868195908,4.485813989873995,0.0,,-0.9497089402808192,-0.9497089402808192,sequential,7e-07,30,1.5,
4189,10068104000.0,82.0,4.0,0.0,2.7989355514490644,0.4249636393916836,0.0,,-0.6452475786237587,-0.6452475786237587,sequential,7e-07,30,1.5,
4190,10068105000.0,82.0,5.0,0.0,1.194379228515544,0.531505715180749,0.0,,-0.47935059357888654,-0.47935059357888654,sequential,7e-07,30,1.5,
4191,10069100000.0,83.0,0.0,0.0,2.796680111848918,0.22495597069135626,0.0,,-0.6436931776831124,-0.6436931776831124,sequential,7e-07,30,2.0,
4192,10069101000.0,83.0,1.0,0.0,4.538825183944932,1.2155589233079291,0.0,,-0.9518842813957421,-0.9518842813957421,sequential,7e-07,30,2.0,
4193,10069102000.0,83.0,2.0,0.0,1.1873465588267968,0.3514950883523342,0.0,,-0.47422966639105607,-0.47422966639105607,sequential,7e-07,30,2.0,
4194,10069103000.0,83.0,3.0,0.0,4.5163092466185235,1.5107152977033094,0.0,,-0.9461751987487647,-0.9461751987487647,sequential,7e-07,30,2.0,
4195,10069104000.0,83.0,4.0,0.0,2.8011904907988394,0.20817644089480777,0.0,,-0.6464726334583715,-0.6464726334583715,sequential,7e-07,30,2.0,
4196,10069105000.0,83.0,5.0,0.0,1.1926862096286788,0.33690182619086095,0.0,,-0.47802054984551756,-0.47802054984551756,sequential,7e-07,30,2.0,
4197,10070100000.0,469.0,0.0,0.0,0.13782867920731978,9.593105522919172,0.0,,-3.9567746897360574,-3.9567746897360574,sequential,8e-06,30,0.1,"(0.111, 0.222]"
4198,10070101000.0,469.0,1.0,0.0,0.307422552205215,3.7483479486359927,0.0,,-5.720033327447706,-5.720033327447706,sequential,8e-06,30,0.1,"(0.222, 0.333]"
4199,10070102000.0,469.0,2.0,0.0,0.058835822260900485,8.49169692452672,0.0,,-3.0244574568733693,-3.0244574568733693,sequential,8e-06,30,0.1,"(0.0, 0.111]"
4200,10070103000.0,469.0,3.0,0.0,0.30831091094135543,8.745697998112671,0.0,,-5.7432098873683906,-5.7432098873683906,sequential,8e-06,30,0.1,"(0.222, 0.333]"
4201,10070104000.0,469.0,4.0,0.0,0.1377865231633803,5.640326072058688,0.0,,-3.95237721721343,-3.95237721721343,sequential,8e-06,30,0.1,"(0.111, 0.222]"
4202,10070105000.0,469.0,5.0,0.0,0.05880995252377094,7.265874114559884,0.0,,-3.0215116764715395,-3.0215116764715395,sequential,8e-06,30,0.1,"(0.0, 0.111]"
4203,10071100000.0,470.0,0.0,0.0,0.13819733105666535,8.677633664397227,0.0,,-3.9964367734106196,-3.9964367734106196,sequential,8e-06,30,0.4,"(0.111, 0.222]"
4204,10071101000.0,470.0,1.0,0.0,0.3085748859443694,8.843549593363802,0.0,,-5.750739111599341,-5.750739111599341,sequential,8e-06,30,0.4,"(0.222, 0.333]"
4205,10071102000.0,470.0,2.0,0.0,0.05881364295751679,6.572462170945565,0.0,,-3.02198968411568,-3.02198968411568,sequential,8e-06,30,0.4,"(0.0, 0.111]"
4206,10071103000.0,470.0,3.0,0.0,0.3065159327348692,9.125254516412296,0.0,,-5.697581826796525,-5.697581826796525,sequential,8e-06,30,0.4,"(0.222, 0.333]"
4207,10071104000.0,470.0,4.0,0.0,0.138025600785919,9.370754685581472,0.0,,-3.9775066902262246,-3.9775066902262246,sequential,8e-06,30,0.4,"(0.111, 0.222]"
4208,10071105000.0,470.0,5.0,0.0,0.0586920616568082,8.545867166084575,0.0,,-3.008734530573452,-3.008734530573452,sequential,8e-06,30,0.4,"(0.0, 0.111]"
4209,10072100000.0,471.0,0.0,0.0,0.13798212139178334,4.235100646772404,0.0,,-3.9723520943841852,-3.9723520943841852,sequential,8e-06,30,0.5,"(0.111, 0.222]"
4210,10072101000.0,471.0,1.0,0.0,0.304708743757382,6.005594373351969,0.0,,-5.653294199775812,-5.653294199775812,sequential,8e-06,30,0.5,"(0.222, 0.333]"
4211,10072102000.0,471.0,2.0,0.0,0.058428108881202596,5.039399295023455,0.0,,-2.980692173652521,-2.980692173652521,sequential,8e-06,30,0.5,"(0.0, 0.111]"
4212,10072103000.0,471.0,3.0,0.0,0.3061745219175723,2.89266901194044,0.0,,-5.688173607379341,-5.688173607379341,sequential,8e-06,30,0.5,"(0.222, 0.333]"
4213,10072104000.0,471.0,4.0,0.0,0.13774707462660424,5.245432903882441,0.0,,-3.9479737902193075,-3.9479737902193075,sequential,8e-06,30,0.5,"(0.111, 0.222]"
4214,10072105000.0,471.0,5.0,0.0,0.058623265691388114,4.287116912186155,0.0,,-3.0008780886631787,-3.0008780886631787,sequential,8e-06,30,0.5,"(0.0, 0.111]"
4215,10073100000.0,472.0,0.0,0.0,0.13785171438718463,2.0669302971572616,0.0,,-3.959122903993215,-3.959122903993215,sequential,8e-06,30,0.7,"(0.111, 0.222]"
4216,10073101000.0,472.0,1.0,0.0,0.30816622074781097,4.679355323013842,0.0,,-5.739116362406554,-5.739116362406554,sequential,8e-06,30,0.7,"(0.222, 0.333]"
4217,10073102000.0,472.0,2.0,0.0,0.058448341061982795,2.278144868037735,0.0,,-2.9830251265326195,-2.9830251265326195,sequential,8e-06,30,0.7,"(0.0, 0.111]"
4218,10073103000.0,472.0,3.0,0.0,0.30839569896305546,4.842581711320642,0.0,,-5.745492013595706,-5.745492013595706,sequential,8e-06,30,0.7,"(0.222, 0.333]"
4219,10073104000.0,472.0,4.0,0.0,0.13797127562327502,1.6335715401282724,0.0,,-3.9713542215159436,-3.9713542215159436,sequential,8e-06,30,0.7,"(0.111, 0.222]"
4220,10073105000.0,472.0,5.0,0.0,0.058662694966433664,1.6698592145887179,0.0,,-3.005365233240922,-3.005365233240922,sequential,8e-06,30,0.7,"(0.0, 0.111]"
4221,10074100000.0,473.0,0.0,0.0,0.13777732987099217,0.749900474962633,0.0,,-3.9506505170193416,-3.9506505170193416,sequential,8e-06,30,1.0,"(0.111, 0.222]"
4222,10074101000.0,473.0,1.0,0.0,0.30412158913779,4.395394678255344,0.0,,-5.638436531311117,-5.638436531311117,sequential,8e-06,30,1.0,"(0.222, 0.333]"
4223,10074102000.0,473.0,2.0,0.0,0.05850873168208156,0.7500156852952197,0.0,,-2.9885347782960943,-2.9885347782960943,sequential,8e-06,30,1.0,"(0.0, 0.111]"
4224,10074103000.0,473.0,3.0,0.0,0.3068972180790214,6.824631734435338,0.0,,-5.705108645891319,-5.705108645891319,sequential,8e-06,30,1.0,"(0.222, 0.333]"
4225,10074104000.0,473.0,4.0,0.0,0.13778341615300316,0.7109173082748395,0.0,,-3.951286460522077,-3.951286460522077,sequential,8e-06,30,1.0,"(0.111, 0.222]"
4226,10074105000.0,473.0,5.0,0.0,0.058339447225870415,0.9041087893191392,0.0,,-2.970985731068224,-2.970985731068224,sequential,8e-06,30,1.0,"(0.0, 0.111]"
4227,10075100000.0,474.0,0.0,0.0,0.1381645182451549,0.27297281266161016,0.0,,-3.9925759401506435,-3.9925759401506435,sequential,8e-06,30,1.5,"(0.111, 0.222]"
4228,10075101000.0,474.0,1.0,0.0,0.30857065099341013,1.5720531202734929,0.0,,-5.750540376252226,-5.750540376252226,sequential,8e-06,30,1.5,"(0.222, 0.333]"
4229,10075102000.0,474.0,2.0,0.0,0.05852748296603738,0.39595571198864105,0.0,,-2.991122032451335,-2.991122032451335,sequential,8e-06,30,1.5,"(0.0, 0.111]"
4230,10075103000.0,474.0,3.0,0.0,0.30585119990227616,3.1462205617524615,0.0,,-5.680686804973073,-5.680686804973073,sequential,8e-06,30,1.5,"(0.222, 0.333]"
4231,10075104000.0,474.0,4.0,0.0,0.13788528816994758,0.3046418437677489,0.0,,-3.962810140746264,-3.962810140746264,sequential,8e-06,30,1.5,"(0.111, 0.222]"
4232,10075105000.0,474.0,5.0,0.0,0.05851614797861843,0.4044653252601279,0.0,,-2.9899007037286958,-2.9899007037286958,sequential,8e-06,30,1.5,"(0.0, 0.111]"
4233,10076100000.0,475.0,0.0,0.0,0.13783890624803496,0.1675295141200182,0.0,,-3.956228459739366,-3.956228459739366,sequential,8e-06,30,2.0,"(0.111, 0.222]"
4234,10076101000.0,475.0,1.0,0.0,0.3042266924407173,1.0618998448361086,0.0,,-5.640264284070317,-5.640264284070317,sequential,8e-06,30,2.0,"(0.222, 0.333]"
4235,10076102000.0,475.0,2.0,0.0,0.058451740489191654,0.28767976342167006,0.0,,-2.9821894832186833,-2.9821894832186833,sequential,8e-06,30,2.0,"(0.0, 0.111]"
4236,10076103000.0,475.0,3.0,0.0,0.30512086920166553,0.9029915327892306,0.0,,-5.6606438765280265,-5.6606438765280265,sequential,8e-06,30,2.0,"(0.222, 0.333]"
4237,10076104000.0,475.0,4.0,0.0,0.13794330998065935,0.1580499563400813,0.0,,-3.9675034627178043,-3.9675034627178043,sequential,8e-06,30,2.0,"(0.111, 0.222]"
4238,10076105000.0,475.0,5.0,0.0,0.058408764808256956,0.28667174331463213,0.0,,-2.9775825382499814,-2.9775825382499814,sequential,8e-06,30,2.0,"(0.0, 0.111]"
4239,10077100000.0,105.0,0.0,0.0,2.0142321565302836,4.157420315607896,0.0,,-0.7750340662195533,-0.7750340662195533,sequential,9e-07,30,0.1,
4240,10077101000.0,105.0,1.0,0.0,3.3204004707730155,5.295324976396069,0.0,,-1.1519525457861879,-1.1519525457861879,sequential,9e-07,30,0.1,
4241,10077102000.0,105.0,2.0,0.0,0.8510311589883802,9.234727016195244,0.0,,-0.5744373331728341,-0.5744373331728341,sequential,9e-07,30,0.1,"(0.778, 0.889]"
4242,10077103000.0,105.0,3.0,0.0,3.2917759186037197,4.992288257582458,0.0,,-1.1453143121778444,-1.1453143121778444,sequential,9e-07,30,0.1,
4243,10077104000.0,105.0,4.0,0.0,2.0218869284351246,2.3666036280636824,0.0,,-0.7811072130069974,-0.7811072130069974,sequential,9e-07,30,0.1,
4244,10077105000.0,105.0,5.0,0.0,0.8510597987070849,9.256198463579107,0.0,,-0.5744680404495666,-0.5744680404495666,sequential,9e-07,30,0.1,"(0.778, 0.889]"
4245,10078100000.0,106.0,0.0,0.0,2.0161594044686195,9.065097413127061,0.0,,-0.776218431186343,-0.776218431186343,sequential,9e-07,30,0.4,
4246,10078101000.0,106.0,1.0,0.0,3.2835977608432607,4.883340655476144,0.0,,-1.1396473674444747,-1.1396473674444747,sequential,9e-07,30,0.4,
4247,10078102000.0,106.0,2.0,0.0,0.8480289570078742,3.058833130902915,0.0,,-0.5859680404277728,-0.5859680404277728,sequential,9e-07,30,0.4,"(0.778, 0.889]"
4248,10078103000.0,106.0,3.0,0.0,3.281764249204518,3.111344475394088,0.0,,-1.138502900316684,-1.138502900316684,sequential,9e-07,30,0.4,
4249,10078104000.0,106.0,4.0,0.0,2.020270066664586,8.407509210128465,0.0,,-0.7795907611757255,-0.7795907611757255,sequential,9e-07,30,0.4,
4250,10078105000.0,106.0,5.0,0.0,0.8475328428944694,2.7604821650369007,0.0,,-0.5854507298989173,-0.5854507298989173,sequential,9e-07,30,0.4,"(0.778, 0.889]"
4251,10079100000.0,107.0,0.0,0.0,2.0076200767173398,9.77315993870796,0.0,,-0.7691539140008069,-0.7691539140008069,sequential,9e-07,30,0.5,
4252,10079101000.0,107.0,1.0,0.0,3.281994509630262,3.209670138998043,0.0,,-1.137760109812112,-1.137760109812112,sequential,9e-07,30,0.5,
4253,10079102000.0,107.0,2.0,0.0,0.849692956663923,6.255222942303343,0.0,,-0.5724020919356296,-0.5724020919356296,sequential,9e-07,30,0.5,"(0.778, 0.889]"
4254,10079103000.0,107.0,3.0,0.0,3.286261046144533,2.9157278209423176,0.0,,-1.1402236735471984,-1.1402236735471984,sequential,9e-07,30,0.5,
4255,10079104000.0,107.0,4.0,0.0,2.019022177247234,6.337016321477812,0.0,,-0.778019506512174,-0.778019506512174,sequential,9e-07,30,0.5,
4256,10079105000.0,107.0,5.0,0.0,0.846164267675879,9.585774917687605,0.0,,-0.5836915678606862,-0.5836915678606862,sequential,9e-07,30,0.5,"(0.778, 0.889]"
4257,10080100000.0,108.0,0.0,0.0,2.0145400855155766,2.433695855442277,0.0,,-0.7743412909377725,-0.7743412909377725,sequential,9e-07,30,0.7,
4258,10080101000.0,108.0,1.0,0.0,3.2862572794720672,2.466132458475935,0.0,,-1.139976282456085,-1.139976282456085,sequential,9e-07,30,0.7,
4259,10080102000.0,108.0,2.0,0.0,0.8447706991429931,4.249819848137756,0.0,,-0.5821290087335655,-0.5821290087335655,sequential,9e-07,30,0.7,"(0.778, 0.889]"
4260,10080103000.0,108.0,3.0,0.0,3.288198910896242,2.2864096475308955,0.0,,-1.1412394397648815,-1.1412394397648815,sequential,9e-07,30,0.7,
4261,10080104000.0,108.0,4.0,0.0,2.006066291691385,3.666969287948008,0.0,,-0.7881021869822329,-0.7881021869822329,sequential,9e-07,30,0.7,
4262,10080105000.0,108.0,5.0,0.0,0.8441500556244014,4.314327163058712,0.0,,-0.5814882371343245,-0.5814882371343245,sequential,9e-07,30,0.7,"(0.778, 0.889]"
4263,10081100000.0,109.0,0.0,0.0,2.0149675789830317,1.0935628811883853,0.0,,-0.7748367297581429,-0.7748367297581429,sequential,9e-07,30,1.0,
4264,10081101000.0,109.0,1.0,0.0,3.305214038694582,8.49414933813386,0.0,,-1.1474559926597372,-1.1474559926597372,sequential,9e-07,30,1.0,
4265,10081102000.0,109.0,2.0,0.0,0.8478256696889689,1.4718399719514772,0.0,,-0.5854374814757842,-0.5854374814757842,sequential,9e-07,30,1.0,"(0.778, 0.889]"
4266,10081103000.0,109.0,3.0,0.0,3.2815567586181342,6.3693086152478084,0.0,,-1.1375405461004697,-1.1375405461004697,sequential,9e-07,30,1.0,
4267,10081104000.0,109.0,4.0,0.0,2.0114501354137846,1.3000860337820248,0.0,,-0.7721572580651658,-0.7721572580651658,sequential,9e-07,30,1.0,
4268,10081105000.0,109.0,5.0,0.0,0.8496273016532512,1.3154636254956922,0.0,,-0.5723476416375898,-0.5723476416375898,sequential,9e-07,30,1.0,"(0.778, 0.889]"
4269,10082100000.0,110.0,0.0,0.0,2.0192819013503556,0.33124180918192275,0.0,,-0.7782586216594387,-0.7782586216594387,sequential,9e-07,30,1.5,
4270,10082101000.0,110.0,1.0,0.0,3.3056674732879237,2.1858666375695206,0.0,,-1.1475667823053934,-1.1475667823053934,sequential,9e-07,30,1.5,
4271,10082102000.0,110.0,2.0,0.0,0.8531492951976409,0.4963399520885986,0.0,,-0.5761400230106928,-0.5761400230106928,sequential,9e-07,30,1.5,"(0.778, 0.889]"
4272,10082103000.0,110.0,3.0,0.0,3.282689808709224,3.6909982043688263,0.0,,-1.138257248801609,-1.138257248801609,sequential,9e-07,30,1.5,
4273,10082104000.0,110.0,4.0,0.0,2.0193275610588306,0.34865301382224206,0.0,,-0.7782968605919469,-0.7782968605919469,sequential,9e-07,30,1.5,
4274,10082105000.0,110.0,5.0,0.0,0.8504899694083397,0.5269957692447478,0.0,,-0.5732911785020203,-0.5732911785020203,sequential,9e-07,30,1.5,"(0.778, 0.889]"
4275,10083100000.0,111.0,0.0,0.0,2.0166359425595073,0.20273949721486875,0.0,,-0.7761914090723881,-0.7761914090723881,sequential,9e-07,30,2.0,
4276,10083101000.0,111.0,1.0,0.0,3.295364314723702,1.011781877328615,0.0,,-1.145405313246932,-1.145405313246932,sequential,9e-07,30,2.0,
4277,10083102000.0,111.0,2.0,0.0,0.8478235506551566,0.34941701459328817,0.0,,-0.5854380170067887,-0.5854380170067887,sequential,9e-07,30,2.0,"(0.778, 0.889]"
4278,10083103000.0,111.0,3.0,0.0,3.2890282899675105,1.1914441750668812,0.0,,-1.1420715739977219,-1.1420715739977219,sequential,9e-07,30,2.0,
4279,10083104000.0,111.0,4.0,0.0,2.007944785836547,0.24904817809087296,0.0,,-0.7694385946726193,-0.7694385946726193,sequential,9e-07,30,2.0,
4280,10083105000.0,111.0,5.0,0.0,0.8511399302868238,0.3318738951235516,0.0,,-0.5739987493157773,-0.5739987493157773,sequential,9e-07,30,2.0,"(0.778, 0.889]"
