,unique_trial_id,part,id_move,trial,curvature_pt,curvature_st,signi,pvalue,avg_cross,cross,condition,par_r,par_h_0,par_h_1,par_h_2
0,10000100000,0,0,0,6.17545717864559,8.798778863386001,0,,-0.37415298193500013,-0.37415298193500013,sequential,1e-08,0.6,1,5
1,10000101000,0,1,0,8.329636959026349,6.872462594093913,0,,-0.5516047871727258,-0.5516047871727258,sequential,1e-08,0.6,1,5
2,10000102000,0,2,0,2.6943607850221936,8.219680569810661,0,,-0.2765216109551341,-0.2765216109551341,sequential,1e-08,0.6,1,5
3,10000103000,0,3,0,8.329639520717729,6.872460144719223,0,,-0.5516047489135404,-0.5516047489135404,sequential,1e-08,0.6,1,5
4,10000104000,0,4,0,6.175456503953135,8.798779776840096,0,,-0.37415292943301626,-0.37415292943301626,sequential,1e-08,0.6,1,5
5,10000105000,0,5,0,2.6943611921602804,8.219678269770196,0,,-0.27652161106053247,-0.27652161106053247,sequential,1e-08,0.6,1,5
6,10001100000,1,0,0,6.027444602029485,8.464272521858925,0,,-0.3824337592740729,-0.3824337592740729,sequential,1e-08,0.6,2,5
7,10001101000,1,1,0,7.956479933697373,6.153618180060558,0,,-0.5638129390279251,-0.5638129390279251,sequential,1e-08,0.6,2,5
8,10001102000,1,2,0,2.6435629175593194,8.216962707336702,0,,-0.28264160464461413,-0.28264160464461413,sequential,1e-08,0.6,2,5
9,10001103000,1,3,0,7.956482310412194,6.153615948941513,0,,-0.5638128999228733,-0.5638128999228733,sequential,1e-08,0.6,2,5
10,10001104000,1,4,0,6.027443998389655,8.464273432916821,0,,-0.38243370561823226,-0.38243370561823226,sequential,1e-08,0.6,2,5
11,10001105000,1,5,0,2.6435633260740925,8.2169603195846,0,,-0.28264160475452976,-0.28264160475452976,sequential,1e-08,0.6,2,5
12,10002100000,2,0,0,5.285328280260539,9.319266457128846,0,,-0.42644978433974207,-0.42644978433974207,sequential,1e-08,0.6,18,5
13,10002101000,2,1,0,6.172202960321954,3.2780928697550036,0,,-0.6287047104091842,-0.6287047104091842,sequential,1e-08,0.6,18,5
14,10002102000,2,2,0,2.389049184762016,9.775874605153701,0,,-0.3151721001266025,-0.3151721001266025,sequential,1e-08,0.6,18,5
15,10002103000,2,3,0,6.172204494727463,3.278091607781862,0,,-0.6287046667568617,-0.6287046667568617,sequential,1e-08,0.6,18,5
16,10002104000,2,4,0,5.285327993951395,9.319263702272295,0,,-0.42644972449662655,-0.42644972449662655,sequential,1e-08,0.6,18,5
17,10002105000,2,5,0,2.3890495939485032,9.775874794572326,0,,-0.3151721002674358,-0.3151721002674358,sequential,1e-08,0.6,18,5
18,10003100000,3,0,0,6.184002165910288,8.774749798087353,0,,-0.425394676173515,-0.425394676173515,sequential,1e-08,1.0,1,5
19,10003101000,3,1,0,8.456489531926001,6.850811492286192,0,,-0.5949618970521612,-0.5949618970521612,sequential,1e-08,1.0,1,5
20,10003102000,3,2,0,2.683710808616972,8.214707025426952,0,,-0.31439231225750985,-0.31439231225750985,sequential,1e-08,1.0,1,5
21,10003103000,3,3,0,8.456492209550825,6.85080904960047,0,,-0.5949618557825229,-0.5949618557825229,sequential,1e-08,1.0,1,5
22,10003104000,3,4,0,6.184001429723847,8.774750709477539,0,,-0.42539461648610627,-0.42539461648610627,sequential,1e-08,1.0,1,5
23,10003105000,3,5,0,2.683711204145052,8.214704724749101,0,,-0.31439231237284043,-0.31439231237284043,sequential,1e-08,1.0,1,5
24,10004100000,4,0,0,6.040985025219318,8.440892850331828,0,,-0.43544879188005486,-0.43544879188005486,sequential,1e-08,1.0,2,5
25,10004101000,4,1,0,8.093387128091074,6.13382211428976,0,,-0.6090187950872877,-0.6090187950872877,sequential,1e-08,1.0,2,5
26,10004102000,4,2,0,2.6346784505572107,8.211682626838764,0,,-0.32182290990937545,-0.32182290990937545,sequential,1e-08,1.0,2,5
27,10004103000,4,3,0,8.093389623776046,6.13381988951183,0,,-0.6090187528447547,-0.6090187528447547,sequential,1e-08,1.0,2,5
28,10004104000,4,4,0,6.040984361080328,8.440893759409038,0,,-0.4354487307755289,-0.4354487307755289,sequential,1e-08,1.0,2,5
29,10004105000,4,5,0,2.6346788479951533,8.211680238555152,0,,-0.32182291002603275,-0.32182291002603275,sequential,1e-08,1.0,2,5
30,10005100000,5,0,0,5.318998113414186,9.308658467079118,0,,-0.489325934685809,-0.489325934685809,sequential,1e-08,1.0,18,5
31,10005101000,5,1,0,6.3300278889960335,3.266547601578888,0,,-0.6843427225894474,-0.6843427225894474,sequential,1e-08,1.0,18,5
32,10005102000,5,2,0,2.387919128890454,9.753115232074983,0,,-0.36164136596463686,-0.36164136596463686,sequential,1e-08,1.0,18,5
33,10005103000,5,3,0,6.330029534774866,3.2665463439773896,0,,-0.6843426751724981,-0.6843426751724981,sequential,1e-08,1.0,18,5
34,10005104000,5,4,0,5.3189977741172285,9.308655718588165,0,,-0.48932586604630446,-0.48932586604630446,sequential,1e-08,1.0,18,5
35,10005105000,5,5,0,2.3879195296815894,9.753115416314252,0,,-0.36164136606088065,-0.36164136606088065,sequential,1e-08,1.0,18,5
36,10006100000,6,0,0,6.184267746704461,8.76885610714247,0,,-0.4139112822900579,-0.4139112822900579,sequential,1e-08,1.3,1,5
37,10006101000,6,1,0,8.514612552145442,6.845616815421867,0,,-0.6102194978290327,-0.6102194978290327,sequential,1e-08,1.3,1,5
38,10006102000,6,2,0,2.676127601294655,8.213215343683707,0,,-0.32264729210763776,-0.32264729210763776,sequential,1e-08,1.3,1,5
39,10006103000,6,3,0,8.514615288677355,6.845614374348805,0,,-0.6102194554965177,-0.6102194554965177,sequential,1e-08,1.3,1,5
40,10006104000,6,4,0,6.184266976448091,8.76885701790984,0,,-0.4139112242119065,-0.4139112242119065,sequential,1e-08,1.3,1,5
41,10006105000,6,5,0,2.6761279900320467,8.213213042953983,0,,-0.322647292232734,-0.322647292232734,sequential,1e-08,1.3,1,5
42,10007100000,7,0,0,6.0441743062011115,8.43516236974391,0,,-0.42381845811607566,-0.42381845811607566,sequential,1e-08,1.3,2,5
43,10007101000,7,1,0,8.158256663310185,6.129078578607888,0,,-0.6248254100410388,-0.6248254100410388,sequential,1e-08,1.3,2,5
44,10007102000,7,2,0,2.628094208851217,8.210105548999223,0,,-0.3303752237827314,-0.3303752237827314,sequential,1e-08,1.3,2,5
45,10007103000,7,3,0,8.158259220598637,6.129076355360824,0,,-0.624825366698659,-0.624825366698659,sequential,1e-08,1.3,2,5
46,10007104000,7,4,0,6.044173608396587,8.435163278246424,0,,-0.42381839864851706,-0.42381839864851706,sequential,1e-08,1.3,2,5
47,10007105000,7,5,0,2.6280945997867904,8.21010316070509,0,,-0.33037522391097573,-0.33037522391097573,sequential,1e-08,1.3,2,5
48,10008100000,8,0,0,5.334222855910905,9.30589987548388,0,,-0.4769877817919269,-0.4769877817919269,sequential,1e-08,1.3,18,5
49,10008101000,8,1,0,6.411730353279448,3.26379969427028,0,,-0.7032116705334271,-0.7032116705334271,sequential,1e-08,1.3,18,5
50,10008102000,8,2,0,2.3857741618423054,9.747867123223507,0,,-0.37185227984070773,-0.37185227984070773,sequential,1e-08,1.3,18,5
51,10008103000,8,3,0,6.411732060440855,3.2637984376617313,0,,-0.7032116217541503,-0.7032116217541503,sequential,1e-08,1.3,18,5
52,10008104000,8,4,0,5.334222486505627,9.305897128764432,0,,-0.4769877148590422,-0.4769877148590422,sequential,1e-08,1.3,18,5
53,10008105000,8,5,0,2.385774557564647,9.747867305981686,0,,-0.37185227997807035,-0.37185227997807035,sequential,1e-08,1.3,18,5
54,10009100000,9,0,0,6.1814725330639035,8.76496493102891,0,,-0.4196775855887455,-0.4196775855887455,sequential,1e-08,1.7,1,5
55,10009101000,9,1,0,8.569771851171994,6.84228100440136,0,,-0.6187206207625505,-0.6187206207625505,sequential,1e-08,1.7,1,5
56,10009102000,9,2,0,2.6668711363860607,8.212000078532148,0,,-0.31016703760653747,-0.31016703760653747,sequential,1e-08,1.7,1,5
57,10009103000,9,3,0,8.569774647303914,6.842278564361937,0,,-0.6187205778485152,-0.6187205778485152,sequential,1e-08,1.7,1,5
58,10009104000,9,4,0,6.1814717262546806,8.76496584134265,0,,-0.41967752668992936,-0.41967752668992936,sequential,1e-08,1.7,1,5
59,10009105000,9,5,0,2.6668715176087074,8.211997777868707,0,,-0.31016703772234544,-0.31016703772234544,sequential,1e-08,1.7,1,5
60,10010100000,10,0,0,6.044640940599212,8.431382666112599,0,,-0.4298045871215201,-0.4298045871215201,sequential,1e-08,1.7,2,5
61,10010101000,10,1,0,8.221494539902276,6.12603790462915,0,,-0.6336506167659941,-0.6336506167659941,sequential,1e-08,1.7,2,5
62,10010102000,10,2,0,2.6199314456309137,8.20882572197792,0,,-0.31765150229729505,-0.31765150229729505,sequential,1e-08,1.7,2,5
63,10010103000,10,3,0,8.221497160442002,6.126035682404688,0,,-0.6336505728125539,-0.6336505728125539,sequential,1e-08,1.7,2,5
64,10010104000,10,4,0,6.044640206551834,8.431383574133891,0,,-0.42980452681416836,-0.42980452681416836,sequential,1e-08,1.7,2,5
65,10010105000,10,5,0,2.6199318293490363,8.20882333379083,0,,-0.3176515024105656,-0.3176515024105656,sequential,1e-08,1.7,2,5
66,10011100000,11,0,0,5.3482700634194575,9.303946175714952,0,,-0.4842052107958724,-0.4842052107958724,sequential,1e-08,1.7,18,5
67,10011101000,11,1,0,6.496714655469525,3.262054998141493,0,,-0.7138521534054459,-0.7138521534054459,sequential,1e-08,1.7,18,5
68,10011102000,11,2,0,2.382500667765648,9.744690731387172,0,,-0.35785684229735915,-0.35785684229735915,sequential,1e-08,1.7,18,5
69,10011103000,11,3,0,6.496716428542414,3.2620537422130456,0,,-0.7138521039360209,-0.7138521039360209,sequential,1e-08,1.7,18,5
70,10011104000,11,4,0,5.348269661120755,9.303943430364587,0,,-0.4842051428676325,-0.4842051428676325,sequential,1e-08,1.7,18,5
71,10011105000,11,5,0,2.382501057812194,9.744690912645188,0,,-0.3578568423796698,-0.3578568423796698,sequential,1e-08,1.7,18,5
72,10012100000,12,0,0,6.17797313764122,8.763206799894776,0,,-0.42173089601633523,-0.42173089601633523,sequential,1e-08,2.0,1,5
73,10012101000,12,1,0,8.601392903776741,6.84083205578654,0,,-0.6217477671995189,-0.6217477671995189,sequential,1e-08,2.0,1,5
74,10012102000,12,2,0,2.660355768552544,8.21129923664391,0,,-0.31168455781364135,-0.31168455781364135,sequential,1e-08,2.0,1,5
75,10012103000,12,3,0,8.601395735929309,6.8408296162303985,0,,-0.6217477240721243,-0.6217477240721243,sequential,1e-08,2.0,1,5
76,10012104000,12,4,0,6.177972307514446,8.76320770993722,0,,-0.4217308368392218,-0.4217308368392218,sequential,1e-08,2.0,1,5
77,10012105000,12,5,0,2.660356144843662,8.211296936060041,0,,-0.31168455793218885,-0.31168455793218885,sequential,1e-08,2.0,1,5
78,10013100000,13,0,0,6.0432885793233595,8.429677612710641,0,,-0.431942589993547,-0.431942589993547,sequential,1e-08,2.0,2,5
79,10013101000,13,1,0,8.258693313016952,6.124720978359984,0,,-0.6368026232232534,-0.6368026232232534,sequential,1e-08,2.0,2,5
80,10013102000,13,2,0,2.614125975695168,8.208090769118405,0,,-0.3192316153090012,-0.3192316153090012,sequential,1e-08,2.0,2,5
81,10013103000,13,3,0,8.25869597228418,6.124718756548252,0,,-0.636802579062397,-0.636802579062397,sequential,1e-08,2.0,2,5
82,10013104000,13,4,0,6.04328782214738,8.429678520481017,0,,-0.43194252937689065,-0.43194252937689065,sequential,1e-08,2.0,2,5
83,10013105000,13,5,0,2.614126354684279,8.208088381043872,0,,-0.3192316154299147,-0.3192316154299147,sequential,1e-08,2.0,2,5
84,10014100000,14,0,0,5.355933731827512,9.302974208312104,0,,-0.48682010265042036,-0.48682010265042036,sequential,1e-08,2.0,18,5
85,10014101000,14,1,0,6.549677547588722,3.2613111887635196,0,,-0.7177072258687957,-0.7177072258687957,sequential,1e-08,2.0,18,5
86,10014102000,14,2,0,2.379882826016468,9.743444280406791,0,,-0.3597894050227842,-0.3597894050227842,sequential,1e-08,2.0,18,5
87,10014103000,14,3,0,6.549679362736485,3.2613099330081745,0,,-0.7177071761577108,-0.7177071761577108,sequential,1e-08,2.0,18,5
88,10014104000,14,4,0,5.355933308255453,9.302971463048422,0,,-0.48682003433874727,-0.48682003433874727,sequential,1e-08,2.0,18,5
89,10014105000,14,5,0,2.3798832122923486,9.743444461472176,0,,-0.3597894051740817,-0.3597894051740817,sequential,1e-08,2.0,18,5
90,10015100000,15,0,0,5.85656872587229,8.738887230058754,0,,-0.43384076203607247,-0.43384076203607247,sequential,1e-08,18.0,1,5
91,10015101000,15,1,0,8.573387068741276,6.825099776653612,0,,-0.6022345950243171,-0.6022345950243171,sequential,1e-08,18.0,1,5
92,10015102000,15,2,0,2.454491845210252,8.189073067090742,0,,-0.3206344784893134,-0.3206344784893134,sequential,1e-08,18.0,1,5
93,10015103000,15,3,0,8.573390139800733,6.825097342870503,0,,-0.6022345533750723,-0.6022345533750723,sequential,1e-08,18.0,1,5
94,10015104000,15,4,0,5.856567491450349,8.738888132423202,0,,-0.4338407012320783,-0.4338407012320783,sequential,1e-08,18.0,1,5
95,10015105000,15,5,0,2.45449211352316,8.189070773065456,0,,-0.32063447860782957,-0.32063447860782957,sequential,1e-08,18.0,1,5
96,10016100000,16,0,0,5.7705853062652475,8.406351080043969,0,,-0.44455525983102273,-0.44455525983102273,sequential,1e-08,18.0,2,5
97,10016101000,16,1,0,8.392522878019182,6.11076770336161,0,,-0.617092030615424,-0.617092030615424,sequential,1e-08,18.0,2,5
98,10016102000,16,2,0,2.4231635642849607,8.18505559728299,0,,-0.3285531383876615,-0.3285531383876615,sequential,1e-08,18.0,2,5
99,10016103000,16,3,0,8.392525887670159,6.110765486776214,0,,-0.6170919877770813,-0.6170919877770813,sequential,1e-08,18.0,2,5
100,10016104000,16,4,0,5.77058413787913,8.406351980368203,0,,-0.44455519750735667,-0.44455519750735667,sequential,1e-08,18.0,2,5
101,10016105000,16,5,0,2.4231638386030867,8.185053216325365,0,,-0.32855313842554396,-0.32855313842554396,sequential,1e-08,18.0,2,5
102,10017100000,17,0,0,5.299301530999896,9.281806749346929,0,,-0.5022638815071023,-0.5022638815071023,sequential,1e-08,18.0,18,5
103,10017101000,17,1,0,7.2714502061975885,3.2544987867414,0,,-0.69710515806031,-0.69710515806031,sequential,1e-08,18.0,18,5
104,10017102000,17,2,0,2.2577324992711847,9.741373054652117,0,,-0.3712032885530278,-0.3712032885530278,sequential,1e-08,18.0,18,5
105,10017103000,17,3,0,7.271452708893723,3.254497533825719,0,,-0.6971051096147021,-0.6971051096147021,sequential,1e-08,18.0,18,5
106,10017104000,17,4,0,5.2993006913416,9.281804011741267,0,,-0.5022638110567289,-0.5022638110567289,sequential,1e-08,18.0,18,5
107,10017105000,17,5,0,2.257732797154484,9.741373220954184,0,,-0.3712032886639295,-0.3712032886639295,sequential,1e-08,18.0,18,5
108,10018100000,18,0,0,0.6996144952840881,1.7048195373288302,0,,-1.0336124554853727,-1.0336124554853727,sequential,5e-08,0.6,1,5
109,10018101000,18,1,0,1.1279845788801828,2.697379374686056,0,,-1.523830107644808,-1.523830107644808,sequential,5e-08,0.6,1,5
110,10018102000,18,2,0,0.30533018478152885,3.6103337910281583,0,,-0.8003649629143096,-0.8003649629143096,sequential,5e-08,0.6,1,5
111,10018103000,18,3,0,1.1279849831060176,2.6973794881829525,0,,-1.5238300019571025,-1.5238300019571025,sequential,5e-08,0.6,1,5
112,10018104000,18,4,0,0.6996144192058048,1.704819567612795,0,,-1.0336123104510253,-1.0336123104510253,sequential,5e-08,0.6,1,5
113,10018105000,18,5,0,0.30533023097823236,3.6103330098667965,0,,-0.8003649632198172,-0.8003649632198172,sequential,5e-08,0.6,1,5
114,10019100000,19,0,0,0.6880472987239404,1.6677145039988368,0,,-1.047573839159805,-1.047573839159805,sequential,5e-08,0.6,2,5
115,10019101000,19,1,0,1.1160403276004693,2.7115940175192073,0,,-1.5444130414794919,-1.5444130414794919,sequential,5e-08,0.6,2,5
116,10019102000,19,2,0,0.30111481607404306,3.577056310339582,0,,-0.8111446435907517,-0.8111446435907517,sequential,5e-08,0.6,2,5
117,10019103000,19,3,0,1.116040727819058,2.711594065934978,0,,-1.5444129343662376,-1.5444129343662376,sequential,5e-08,0.6,2,5
118,10019104000,19,4,0,0.6880472272517598,1.667714541419731,0,,-1.047573692163032,-1.047573692163032,sequential,5e-08,0.6,2,5
119,10019105000,19,5,0,0.30111486218501077,3.5770555353530553,0,,-0.8111446438971791,-0.8111446438971791,sequential,5e-08,0.6,2,5
120,10020100000,20,0,0,0.6412807264805065,1.4446064940651067,0,,-1.111702586375603,-1.111702586375603,sequential,5e-08,0.6,18,5
121,10020101000,20,1,0,1.1219532692893959,2.581990530243627,0,,-1.6389565184697656,-1.6389565184697656,sequential,5e-08,0.6,18,5
122,10020102000,20,2,0,0.28494575010901285,3.2418557274306554,0,,-0.8606309618707241,-0.8606309618707241,sequential,5e-08,0.6,18,5
123,10020103000,20,3,0,1.1219536345820404,2.581990241113413,0,,-1.6389564047956944,-1.6389564047956944,sequential,5e-08,0.6,18,5
124,10020104000,20,4,0,0.641280675752887,1.4446065785102373,0,,-1.111702430364408,-1.111702430364408,sequential,5e-08,0.6,18,5
125,10020105000,20,5,0,0.2849457963550897,3.241854417577054,0,,-0.8606309621940545,-0.8606309621940545,sequential,5e-08,0.6,18,5
126,10021100000,21,0,0,0.7043985378826993,1.6859335643831823,0,,-1.2545258968136848,-1.2545258968136848,sequential,5e-08,1.0,1,5
127,10021101000,21,1,0,1.115083979249401,2.684336091202669,0,,-1.8495175069888825,-1.8495175069888825,sequential,5e-08,1.0,1,5
128,10021102000,21,2,0,0.30662348001424444,3.566394618306007,0,,-0.9271702719720047,-0.9271702719720047,sequential,5e-08,1.0,1,5
129,10021103000,21,3,0,1.1150843783226672,2.6843361932654832,0,,-1.8495173787103498,-1.8495173787103498,sequential,5e-08,1.0,1,5
130,10021104000,21,4,0,0.7043984579988372,1.6859335956160748,0,,-1.2545257207784024,-1.2545257207784024,sequential,5e-08,1.0,1,5
131,10021105000,21,5,0,0.3066235258646812,3.5663938418100076,0,,-0.9271702723220703,-0.9271702723220703,sequential,5e-08,1.0,1,5
132,10022100000,22,0,0,0.6929469681346322,1.6491031188240646,0,,-1.2729427423036,-1.2729427423036,sequential,5e-08,1.0,2,5
133,10022101000,22,1,0,1.1041167054587937,2.6966135312272685,0,,-1.8766690215619328,-1.8766690215619328,sequential,5e-08,1.0,2,5
134,10022102000,22,2,0,0.3024621508224274,3.5331942891993044,0,,-0.9407814311217293,-0.9407814311217293,sequential,5e-08,1.0,2,5
135,10022103000,22,3,0,1.1041171011911355,2.696613568285787,0,,-1.8766688914039602,-1.8766688914039602,sequential,5e-08,1.0,2,5
136,10022104000,22,4,0,0.6929468929523517,1.6491031571311439,0,,-1.272942563685844,-1.272942563685844,sequential,5e-08,1.0,2,5
137,10022105000,22,5,0,0.3024621966136725,3.533193519171299,0,,-0.9407814314788469,-0.9407814314788469,sequential,5e-08,1.0,2,5
138,10023100000,23,0,0,0.6466387404143857,1.4276353514279538,0,,-1.3588631723435267,-1.3588631723435267,sequential,5e-08,1.0,18,5
139,10023101000,23,1,0,1.1085121941091005,2.5580585427921583,0,,-2.0033394550486703,-2.0033394550486703,sequential,5e-08,1.0,18,5
140,10023102000,23,2,0,0.2865123168569741,3.2102255388584076,0,,-1.0576745608758538,-1.0576745608758538,sequential,5e-08,1.0,18,5
141,10023103000,23,3,0,1.1085125514034349,2.558058246345738,0,,-2.0033393161031023,-2.0033393161031023,sequential,5e-08,1.0,18,5
142,10023104000,23,4,0,0.6466386864121433,1.427635436087271,0,,-1.3588629816515716,-1.3588629816515716,sequential,5e-08,1.0,18,5
143,10023105000,23,5,0,0.2865123628956125,3.210224241859608,0,,-1.057674561261744,-1.057674561261744,sequential,5e-08,1.0,18,5
144,10024100000,24,0,0,0.7058303781923659,1.681239816581521,0,,-1.3073791506554036,-1.3073791506554036,sequential,5e-08,1.3,1,5
145,10024101000,24,1,0,1.1033905835193678,2.6809562347815294,0,,-1.9274377941849574,-1.9274377941849574,sequential,5e-08,1.3,1,5
146,10024102000,24,2,0,0.3067681620175779,3.555693371381862,0,,-0.9662320129718036,-0.9662320129718036,sequential,5e-08,1.3,1,5
147,10024103000,24,3,0,1.103390978095644,2.680956334132652,0,,-1.9274376605041221,-1.9274376605041221,sequential,5e-08,1.3,1,5
148,10024104000,24,4,0,0.7058302961208601,1.6812398479486008,0,,-1.307378967204112,-1.307378967204112,sequential,5e-08,1.3,1,5
149,10024105000,24,5,0,0.30676820755431966,3.555692595733717,0,,-0.9662320133389365,-0.9662320133389365,sequential,5e-08,1.3,1,5
150,10025100000,25,0,0,0.6944669044838272,1.6444811402938888,0,,-1.3268622623978474,-1.3268622623978474,sequential,5e-08,1.3,2,5
151,10025101000,25,1,0,1.0928940415204451,2.692770621697638,0,,-1.9561612795752537,-1.9561612795752537,sequential,5e-08,1.3,2,5
152,10025102000,25,2,0,0.30264247561249275,3.522517617148535,0,,-0.9806312071639247,-0.9806312071639247,sequential,5e-08,1.3,2,5
153,10025103000,25,3,0,1.092894433056345,2.6927706560810076,0,,-1.9561611439023996,-1.9561611439023996,sequential,5e-08,1.3,2,5
154,10025104000,25,4,0,0.6944668271525762,1.6444811787204814,0,,-1.326862076212659,-1.326862076212659,sequential,5e-08,1.3,2,5
155,10025105000,25,5,0,0.3026425211036163,3.5225168480374323,0,,-0.9806312075379134,-0.9806312075379134,sequential,5e-08,1.3,2,5
156,10026100000,26,0,0,0.6485187361047288,1.4234449537176765,0,,-1.4179988998782496,-1.4179988998782496,sequential,5e-08,1.3,18,5
157,10026101000,26,1,0,1.098672494112857,2.5521260234222773,0,,-2.0905218428979704,-2.0905218428979704,sequential,5e-08,1.3,18,5
158,10026102000,26,2,0,0.2868352523189347,3.2019222632678392,0,,-1.0479866765907941,-1.0479866765907941,sequential,5e-08,1.3,18,5
159,10026103000,26,3,0,1.0986728470543958,2.552125725328494,0,,-2.0905216979036743,-2.0905216979036743,sequential,5e-08,1.3,18,5
160,10026104000,26,4,0,0.6485186801248545,1.423445038331701,0,,-1.417998700915601,-1.417998700915601,sequential,5e-08,1.3,18,5
161,10026105000,26,5,0,0.2868352981140253,3.2019209696645814,0,,-1.047986676994382,-1.047986676994382,sequential,5e-08,1.3,18,5
162,10027100000,27,0,0,0.7069361553093677,1.6781658494856835,0,,-1.3403374881500822,-1.3403374881500822,sequential,5e-08,1.7,1,5
163,10027101000,27,1,0,1.0892540730294469,2.6786837029734136,0,,-1.97602748237359,-1.97602748237359,sequential,5e-08,1.7,1,5
164,10027102000,27,2,0,0.30674344024728234,3.5488156931294874,0,,-0.9905902113765885,-0.9905902113765885,sequential,5e-08,1.7,1,5
165,10027103000,27,3,0,1.089254462220616,2.6786838006321787,0,,-1.9760273453207489,-1.9760273453207489,sequential,5e-08,1.7,1,5
166,10027104000,27,4,0,0.7069360709314105,1.6781658808806361,0,,-1.3403373000746968,-1.3403373000746968,sequential,5e-08,1.7,1,5
167,10027105000,27,5,0,0.30674348541858454,3.5488149178413573,0,,-0.9905902117564304,-0.9905902117564304,sequential,5e-08,1.7,1,5
168,10028100000,28,0,0,0.6956725765127191,1.6414563233142874,0,,-1.360485915474721,-1.360485915474721,sequential,5e-08,1.7,2,5
169,10028101000,28,1,0,1.0792141998542089,2.6902065862765605,0,,-2.0057318266119935,-2.0057318266119935,sequential,5e-08,1.7,2,5
170,10028102000,28,2,0,0.3026566195196378,3.5156589566343013,0,,-1.005481113900595,-1.005481113900595,sequential,5e-08,1.7,2,5
171,10028103000,28,3,0,1.079214586286744,2.6902066189960827,0,,-2.0057316874982,-2.0057316874982,sequential,5e-08,1.7,2,5
172,10028104000,28,4,0,0.6956724969093959,1.6414563617591242,0,,-1.36048572457131,-1.36048572457131,sequential,5e-08,1.7,2,5
173,10028105000,28,5,0,0.3026566646594516,3.5156581879267197,0,,-1.0054811142827325,-1.0054811142827325,sequential,5e-08,1.7,2,5
174,10029100000,29,0,0,0.6501354937362364,1.4207169980359042,0,,-1.4548776576055644,-1.4548776576055644,sequential,5e-08,1.7,18,5
175,10029101000,29,1,0,1.0876433195345185,2.5482717762882867,0,,-2.144891312812277,-2.144891312812277,sequential,5e-08,1.7,18,5
176,10029102000,29,2,0,0.28700444411751963,3.1962175194491653,0,,-1.0752423019267394,-1.0752423019267394,sequential,5e-08,1.7,18,5
177,10029103000,29,3,0,1.087643668077646,2.5482714772061565,0,,-2.144891164044257,-2.144891164044257,sequential,5e-08,1.7,18,5
178,10029104000,29,4,0,0.6501354356388704,1.4207170825664734,0,,-1.454877453466611,-1.454877453466611,sequential,5e-08,1.7,18,5
179,10029105000,29,5,0,0.28700448961793035,3.1962162282025037,0,,-1.0752423023279023,-1.0752423023279023,sequential,5e-08,1.7,18,5
180,10030100000,30,0,0,0.7074830090583817,1.6768336991173454,0,,-1.353737594914981,-1.353737594914981,sequential,5e-08,2.0,1,5
181,10030101000,30,1,0,1.0799619854605051,2.6776741081963493,0,,-1.9957829390926323,-1.9957829390926323,sequential,5e-08,2.0,1,5
182,10030102000,30,2,0,0.3066702188527906,3.5458962916310393,0,,-1.0004936981562356,-1.0004936981562356,sequential,5e-08,2.0,1,5
183,10030103000,30,3,0,1.0799623711246238,2.677674205162781,0,,-1.995782800666914,-1.995782800666914,sequential,5e-08,2.0,1,5
184,10030104000,30,4,0,0.7074829232554551,1.6768337304958791,0,,-1.353737404963079,-1.353737404963079,sequential,5e-08,2.0,1,5
185,10030105000,30,5,0,0.306670263787159,3.545895516404742,0,,-1.0004936985369282,-1.0004936985369282,sequential,5e-08,2.0,1,5
186,10031100000,31,0,0,0.69628368178169,1.6401464887902932,0,,-1.3741570170751247,-1.3741570170751247,sequential,5e-08,2.0,2,5
187,10031101000,31,1,0,1.0701907015707113,2.6890762208215317,0,,-2.0258868045181186,-2.0258868045181186,sequential,5e-08,2.0,2,5
188,10031102000,31,2,0,0.30260786597829087,3.512749142278335,0,,-1.0155848821944922,-1.0155848821944922,sequential,5e-08,2.0,2,5
189,10031103000,31,3,0,1.0701910846362852,2.689076252862915,0,,-2.025886664009425,-2.025886664009425,sequential,5e-08,2.0,2,5
190,10031104000,31,4,0,0.6962836007731898,1.6401465272142812,0,,-1.3741568242536442,-1.3741568242536442,sequential,5e-08,2.0,2,5
191,10031105000,31,5,0,0.30260791088962713,3.512748373650741,0,,-1.015584882581916,-1.015584882581916,sequential,5e-08,2.0,2,5
192,10032100000,32,0,0,0.6510118457888698,1.4195424877890126,0,,-1.4698749182414557,-1.4698749182414557,sequential,5e-08,2.0,18,5
193,10032101000,32,1,0,1.0806355917289043,2.5466184600487236,0,,-2.1670014152745227,-2.1670014152745227,sequential,5e-08,2.0,18,5
194,10032102000,32,2,0,0.2870531683345171,3.193620634734812,0,,-1.0863261817071173,-1.0863261817071173,sequential,5e-08,2.0,18,5
195,10032103000,32,3,0,1.0806359376176773,2.5466181605843388,0,,-2.167001264973099,-2.167001264973099,sequential,5e-08,2.0,18,5
196,10032104000,32,4,0,0.6510117863692911,1.4195425722650876,0,,-1.4698747119980167,-1.4698747119980167,sequential,5e-08,2.0,18,5
197,10032105000,32,5,0,0.2870532136402105,3.19361934452037,0,,-1.0863261821229329,-1.0863261821229329,sequential,5e-08,2.0,18,5
198,10033100000,33,0,0,0.7044547325503446,1.6640770523065238,0,,-1.429975843831684,-1.429975843831684,sequential,5e-08,18.0,1,5
199,10033101000,33,1,0,1.1503859947153556,2.6663843707971955,0,,-2.1081791647595485,-2.1081791647595485,sequential,5e-08,18.0,1,5
200,10033102000,33,2,0,0.2994313966211067,3.5218923400736384,0,,-1.0568383602485485,-1.0568383602485485,sequential,5e-08,18.0,1,5
201,10033103000,33,3,0,1.1503863364026317,2.66638446357765,0,,-2.108179018557289,-2.108179018557289,sequential,5e-08,18.0,1,5
202,10033104000,33,4,0,0.7044546168426321,1.6640770817284176,0,,-1.4299756431838215,-1.4299756431838215,sequential,5e-08,18.0,1,5
203,10033105000,33,5,0,0.299431435375096,3.521891559534986,0,,-1.056838360680139,-1.056838360680139,sequential,5e-08,18.0,1,5
204,10034100000,34,0,0,0.6949627567382316,1.627674034530187,0,,-1.4518341061994324,-1.4518341061994324,sequential,5e-08,18.0,2,5
205,10034101000,34,1,0,1.1182859141699981,2.676983533015593,0,,-2.140404277862951,-2.140404277862951,sequential,5e-08,18.0,2,5
206,10034102000,34,2,0,0.29596774986157065,3.488930717668472,0,,-1.0729929339350255,-1.0729929339350255,sequential,5e-08,18.0,2,5
207,10034103000,34,3,0,1.1182862405662726,2.6769835611869826,0,,-2.1404041294428624,-2.1404041294428624,sequential,5e-08,18.0,2,5
208,10034104000,34,4,0,0.6949626460015237,1.627674070968704,0,,-1.4518339024592009,-1.4518339024592009,sequential,5e-08,18.0,2,5
209,10034105000,34,5,0,0.29596778875934254,3.4889299438576686,0,,-1.0729929344177025,-1.0729929344177025,sequential,5e-08,18.0,2,5
210,10035100000,35,0,0,0.6567766081160732,1.4088275367261665,0,,-1.5545294480433034,-1.5545294480433034,sequential,5e-08,18.0,18,5
211,10035101000,35,1,0,0.9778985829201657,2.531807478456226,0,,-2.291805562383069,-2.291805562383069,sequential,5e-08,18.0,18,5
212,10035102000,35,2,0,0.28279044835675554,3.161006068033065,0,,-1.1488909828005922,-1.1488909828005922,sequential,5e-08,18.0,18,5
213,10035103000,35,3,0,0.9778988424745986,2.5318071779828073,0,,-2.291805403458476,-2.291805403458476,sequential,5e-08,18.0,18,5
214,10035104000,35,4,0,0.656776519732481,1.4088276189766318,0,,-1.5545292298742335,-1.5545292298742335,sequential,5e-08,18.0,18,5
215,10035105000,35,5,0,0.2827904883276472,3.161004790852403,0,,-1.1488909832859155,-1.1488909832859155,sequential,5e-08,18.0,18,5
216,10036100000,36,0,0,0.29914340052766614,0.8097206682372291,0,,-1.7124910683390495,-1.7124910683390495,sequential,1e-07,0.6,1,5
217,10036101000,36,1,0,0.5753795003795268,1.1293263576841879,0,,-2.5246846006028556,-2.5246846006028556,sequential,1e-07,0.6,1,5
218,10036102000,36,2,0,0.12613881310368932,1.9112084954702326,0,,-1.2656341447949846,-1.2656341447949846,sequential,1e-07,0.6,1,5
219,10036103000,36,3,0,0.5753797007294221,1.1293265943091384,0,,-2.524684425496506,-2.524684425496506,sequential,1e-07,0.6,1,5
220,10036104000,36,4,0,0.29914334447325647,0.8097205482978955,0,,-1.71249082804308,-1.71249082804308,sequential,1e-07,0.6,1,5
221,10036105000,36,5,0,0.1261388282050979,1.911207735088035,0,,-1.2656341452745954,-1.2656341452745954,sequential,1e-07,0.6,1,5
222,10037100000,37,0,0,0.2949029085318566,0.7971295628684387,0,,-1.7347805917869832,-1.7347805917869832,sequential,1e-07,0.6,2,5
223,10037101000,37,1,0,0.5719400668749753,1.1573414687532384,0,,-2.5575455116253916,-2.5575455116253916,sequential,1e-07,0.6,2,5
224,10037102000,37,2,0,0.12451115228837255,1.900001990243248,0,,-1.2821074464351394,-1.2821074464351394,sequential,1e-07,0.6,2,5
225,10037103000,37,3,0,0.571940267289131,1.1573416970417378,0,,-2.557545334242802,-2.557545334242802,sequential,1e-07,0.6,2,5
226,10037104000,37,4,0,0.2949028544886151,0.7971294500995161,0,,-1.7347803483621906,-1.7347803483621906,sequential,1e-07,0.6,2,5
227,10037105000,37,5,0,0.12451116741519881,1.9000012361927032,0,,-1.282107446921382,-1.282107446921382,sequential,1e-07,0.6,2,5
228,10038100000,38,0,0,0.2831616350695072,0.7131366206194774,0,,-1.8113662477836314,-1.8113662477836314,sequential,1e-07,0.6,18,5
229,10038101000,38,1,0,0.5608898453598234,1.259187756846831,0,,-2.6704539112538868,-2.6704539112538868,sequential,1e-07,0.6,18,5
230,10038102000,38,2,0,0.12029701296069548,1.7375148980356276,0,,-1.3387088633458244,-1.3387088633458244,sequential,1e-07,0.6,18,5
231,10038103000,38,3,0,0.5608900452751018,1.259187910358103,0,,-2.670453726034508,-2.670453726034508,sequential,1e-07,0.6,18,5
232,10038104000,38,4,0,0.283161588176711,0.7131365409670768,0,,-1.8113659936092978,-1.8113659936092978,sequential,1e-07,0.6,18,5
233,10038105000,38,5,0,0.12029702846646963,1.7375142119736247,0,,-1.3387088638613098,-1.3387088638613098,sequential,1e-07,0.6,18,5
234,10039100000,39,0,0,0.301897479021649,0.7966787547007971,0,,-2.155213019115967,-2.155213019115967,sequential,1e-07,1.0,1,5
235,10039101000,39,1,0,0.5737147666543851,1.130327168968311,0,,-3.009987666523709,-3.009987666523709,sequential,1e-07,1.0,1,5
236,10039102000,39,2,0,0.12716359721598658,1.8728227104724136,0,,-1.59283235708047,-1.59283235708047,sequential,1e-07,1.0,1,5
237,10039103000,39,3,0,0.5737149649497174,1.1303273989149378,0,,-3.0099874577590793,-3.0099874577590793,sequential,1e-07,1.0,1,5
238,10039104000,39,4,0,0.3018974213655747,0.7966786389384386,0,,-2.1552127166983706,-2.1552127166983706,sequential,1e-07,1.0,1,5
239,10039105000,39,5,0,0.12716361224258166,1.872821965729655,0,,-1.5928323576868455,-1.5928323576868455,sequential,1e-07,1.0,1,5
240,10040100000,40,0,0,0.2977077553125746,0.7841363823284331,0,,-2.1857689580364723,-2.1857689580364723,sequential,1e-07,1.0,2,5
241,10040101000,40,1,0,0.5707534968626761,1.157587371485052,0,,-3.052676456440901,-3.052676456440901,sequential,1e-07,1.0,2,5
242,10040102000,40,2,0,0.12555546788535518,1.861814409566549,0,,-1.615415038126754,-1.615415038126754,sequential,1e-07,1.0,2,5
243,10040103000,40,3,0,0.5707536955549904,1.1575875924131371,0,,-3.0526762447147715,-3.0526762447147715,sequential,1e-07,1.0,2,5
244,10040104000,40,4,0,0.2977076996977155,0.7841362736559444,0,,-2.185768651330072,-2.185768651330072,sequential,1e-07,1.0,2,5
245,10040105000,40,5,0,0.1255554829479808,1.861813671097747,0,,-1.6154150387428128,-1.6154150387428128,sequential,1e-07,1.0,2,5
246,10041100000,41,0,0,0.2861579475785627,0.700793993055894,0,,-2.2940347990389474,-2.2940347990389474,sequential,1e-07,1.0,18,5
247,10041101000,41,1,0,0.5613998017316969,1.2539003377178835,0,,-3.203948541117762,-3.203948541117762,sequential,1e-07,1.0,18,5
248,10041102000,41,2,0,0.12141522507124589,1.7026509673467816,0,,-1.6954300217391332,-1.6954300217391332,sequential,1e-07,1.0,18,5
249,10041103000,41,3,0,0.5614000011404922,1.253900480822094,0,,-3.2039483189115816,-3.2039483189115816,sequential,1e-07,1.0,18,5
250,10041104000,41,4,0,0.2861578992196644,0.7007939169376313,0,,-2.2940344771288554,-2.2940344771288554,sequential,1e-07,1.0,18,5
251,10041105000,41,5,0,0.12141524055081442,1.7026502956685776,0,,-1.6954300223868992,-1.6954300223868992,sequential,1e-07,1.0,18,5
252,10042100000,42,0,0,0.3023678144451276,0.7933957410047404,0,,-2.261686798211076,-2.261686798211076,sequential,1e-07,1.3,1,5
253,10042101000,42,1,0,0.5698066156362,1.130369300554415,0,,-3.155650395435046,-3.155650395435046,sequential,1e-07,1.3,1,5
254,10042102000,42,2,0,0.1272782609504302,1.8630533729254255,0,,-1.671522898890798,-1.671522898890798,sequential,1e-07,1.3,1,5
255,10042103000,42,3,0,0.5698068120255806,1.1303695288424813,0,,-3.15565017656665,-3.15565017656665,sequential,1e-07,1.3,1,5
256,10042104000,42,4,0,0.3023677560100817,0.79339562620817,0,,-2.2616864808515733,-2.2616864808515733,sequential,1e-07,1.3,1,5
257,10042105000,42,5,0,0.1272782758644852,1.8630526321103198,0,,-1.6715228995264688,-1.6715228995264688,sequential,1e-07,1.3,1,5
258,10043100000,43,0,0,0.2982186934150194,0.7808685330198887,0,,-2.294232441866073,-2.294232441866073,sequential,1e-07,1.3,2,5
259,10043101000,43,1,0,0.5670248917422233,1.1574374527145852,0,,-3.2010603425936788,-3.2010603425936788,sequential,1e-07,1.3,2,5
260,10043102000,43,2,0,0.1256843506557552,1.8520982529232368,0,,-1.6955760916947802,-1.6955760916947802,sequential,1e-07,1.3,2,5
261,10043103000,43,3,0,0.5670250886391928,1.1574376718242239,0,,-3.2010601205754474,-3.2010601205754474,sequential,1e-07,1.3,2,5
262,10043104000,43,4,0,0.29821863702676876,0.780868425291774,0,,-2.2942321199394056,-2.2942321199394056,sequential,1e-07,1.3,2,5
263,10043105000,43,5,0,0.125684365610763,1.8520975183623214,0,,-1.6955760923392387,-1.6955760923392387,sequential,1e-07,1.3,2,5
264,10044100000,44,0,0,0.28680745664291285,0.6977056609802732,0,,-2.410124969000842,-2.410124969000842,sequential,1e-07,1.3,18,5
265,10044101000,44,1,0,0.5583058527761433,1.2523845493560626,0,,-3.3627618405997812,-3.3627618405997812,sequential,1e-07,1.3,18,5
266,10044102000,44,2,0,0.1215899299814198,1.6937850897484001,0,,-1.781227656175477,-1.781227656175477,sequential,1e-07,1.3,18,5
267,10044103000,44,3,0,0.5583060508048319,1.252384689952403,0,,-3.362761607377338,-3.362761607377338,sequential,1e-07,1.3,18,5
268,10044104000,44,4,0,0.28680740752448236,0.6977055856639888,0,,-2.4101246308115822,-2.4101246308115822,sequential,1e-07,1.3,18,5
269,10044105000,44,5,0,0.12158994536866777,1.6937844216272937,0,,-1.781227656854075,-1.781227656854075,sequential,1e-07,1.3,18,5
270,10045100000,45,0,0,0.3025300911186552,0.7912231575913947,0,,-2.328522380488761,-2.328522380488761,sequential,1e-07,1.7,1,5
271,10045101000,45,1,0,0.5645759241771988,1.1302949916100282,0,,-3.247292851255052,-3.247292851255052,sequential,1e-07,1.7,1,5
272,10045102000,45,2,0,0.1272592910337788,1.8564998876681682,0,,-1.7209184235850463,-1.7209184235850463,sequential,1e-07,1.7,1,5
273,10045103000,45,3,0,0.5645761183141758,1.1302952188356183,0,,-3.247292626033862,-3.247292626033862,sequential,1e-07,1.7,1,5
274,10045104000,45,4,0,0.302530031907935,0.791223043384664,0,,-2.3285220537501647,-2.3285220537501647,sequential,1e-07,1.7,1,5
275,10045105000,45,5,0,0.12725930580890601,1.8564991494558378,0,,-1.7209184242397817,-1.7209184242397817,sequential,1e-07,1.7,1,5
276,10046100000,46,0,0,0.2984270684665001,0.778707697602338,0,,-2.362313780110375,-2.362313780110375,sequential,1e-07,1.7,2,5
277,10046101000,46,1,0,0.5619428077261949,1.157237459244498,0,,-3.2944097873986817,-3.2944097873986817,sequential,1e-07,1.7,2,5
278,10046102000,46,2,0,0.12568114963174118,1.8455826031097926,0,,-1.7458923051528337,-1.7458923051528337,sequential,1e-07,1.7,2,5
279,10046103000,46,3,0,0.5619430024541411,1.15723767719248,0,,-3.2944095589072515,-3.2944095589072515,sequential,1e-07,1.7,2,5
280,10046104000,46,4,0,0.29842701130451765,0.7787075904487387,0,,-2.3623134486304815,-2.3623134486304815,sequential,1e-07,1.7,2,5
281,10046105000,46,5,0,0.1256811644523845,1.8455818711328336,0,,-1.745892305819285,-1.745892305819285,sequential,1e-07,1.7,2,5
282,10047100000,47,0,0,0.28717006592177313,0.6956726681731938,0,,-2.4829783010553625,-2.4829783010553625,sequential,1e-07,1.7,18,5
283,10047101000,47,1,0,0.5537459918776604,1.251309010745511,0,,-3.4626489081904634,-3.4626489081904634,sequential,1e-07,1.7,18,5
284,10047102000,47,2,0,0.12163567457360121,1.6878446922648496,0,,-1.835070660758689,-1.835070660758689,sequential,1e-07,1.7,18,5
285,10047103000,47,3,0,0.55374618805333,1.2513091497667128,0,,-3.462648668032105,-3.462648668032105,sequential,1e-07,1.7,18,5
286,10047104000,47,4,0,0.28717001602926373,0.6956725933363405,0,,-2.4829779526424014,-2.4829779526424014,sequential,1e-07,1.7,18,5
287,10047105000,47,5,0,0.12163568984066533,1.6878440265438095,0,,-1.8350706614633776,-1.8350706614633776,sequential,1e-07,1.7,18,5
288,10048100000,48,0,0,0.302531159581377,0.7902775659413211,0,,-2.3558992596413386,-2.3558992596413386,sequential,1e-07,2.0,1,5
289,10048101000,48,1,0,0.5610002101710636,1.1302206400436252,0,,-3.2849277765007407,-3.2849277765007407,sequential,1e-07,2.0,1,5
290,10048102000,48,2,0,0.1272073128527272,1.8536060051344267,0,,-1.741151587788998,-1.741151587788998,sequential,1e-07,2.0,1,5
291,10048103000,48,3,0,0.5610004028539262,1.130220866824197,0,,-3.2849275486686196,-3.2849275486686196,sequential,1e-07,2.0,1,5
292,10048104000,48,4,0,0.3025310999106138,0.7902774519701673,0,,-2.3558989290615187,-2.3558989290615187,sequential,1e-07,2.0,1,5
293,10048105000,48,5,0,0.12720732753689779,1.8536052680578983,0,,-1.7411515884520292,-1.7411515884520292,sequential,1e-07,2.0,1,5
294,10049100000,49,0,0,0.2984572863259526,0.7777679631917588,0,,-2.3901994340749138,-2.3901994340749138,sequential,1e-07,2.0,2,5
295,10049101000,49,1,0,0.5584432752905442,1.1571093040042357,0,,-3.3327433912126065,-3.3327433912126065,sequential,1e-07,2.0,2,5
296,10049102000,49,2,0,0.12563902125247436,1.8427064051267557,0,,-1.7665014846209228,-1.7665014846209228,sequential,1e-07,2.0,2,5
297,10049103000,49,3,0,0.5584434686031757,1.1571095214681222,0,,-3.3327431600607484,-3.3327431600607484,sequential,1e-07,2.0,2,5
298,10049104000,49,4,0,0.29845722870383606,0.7777678562664907,0,,-2.39019909868338,-2.39019909868338,sequential,1e-07,2.0,2,5
299,10049105000,49,5,0,0.12563903598500947,1.8427056742769943,0,,-1.7665014852914065,-1.7665014852914065,sequential,1e-07,2.0,2,5
300,10050100000,50,0,0,0.28729696970717367,0.6947924704378083,0,,-2.5128114151438226,-2.5128114151438226,sequential,1e-07,2.0,18,5
301,10050101000,50,1,0,0.5505124461987105,1.2508134781151967,0,,-3.5036561488668334,-3.5036561488668334,sequential,1e-07,2.0,18,5
302,10050102000,50,2,0,0.12162360375131176,1.6852247648627834,0,,-1.8571191306726587,-1.8571191306726587,sequential,1e-07,2.0,18,5
303,10050103000,50,3,0,0.5505126411086506,1.250813616495198,0,,-3.503655905861217,-3.503655905861217,sequential,1e-07,2.0,18,5
304,10050104000,50,4,0,0.28729691934975826,0.6947923957871289,0,,-2.51281106254973,-2.51281106254973,sequential,1e-07,2.0,18,5
305,10050105000,50,5,0,0.12162361893801278,1.6852241001355714,0,,-1.8571191313742612,-1.8571191313742612,sequential,1e-07,2.0,18,5
306,10051100000,51,0,0,0.2967661592893731,0.7824028329908105,0,,-2.3552657069281286,-2.3552657069281286,sequential,1e-07,18.0,1,5
307,10051101000,51,1,0,0.4856473276106349,1.127660018659293,0,,-3.472311866355054,-3.472311866355054,sequential,1e-07,18.0,1,5
308,10051102000,51,2,0,0.1240033019449011,1.8274927537945123,0,,-1.8388400976147872,-1.8388400976147872,sequential,1e-07,18.0,1,5
309,10051103000,51,3,0,0.48564748966551796,1.1276602426557247,0,,-3.4723116255376,-3.4723116255376,sequential,1e-07,18.0,1,5
310,10051104000,51,4,0,0.29676609181932406,0.7824027199592134,0,,-2.35526537642977,-2.35526537642977,sequential,1e-07,18.0,1,5
311,10051105000,51,5,0,0.12400331455764303,1.8274920263264591,0,,-1.838840098315639,-1.838840098315639,sequential,1e-07,18.0,1,5
312,10052100000,52,0,0,0.2933326641345872,0.7699799766542763,0,,-2.389927975558098,-2.389927975558098,sequential,1e-07,18.0,2,5
313,10052101000,52,1,0,0.4844733687004815,1.1541536598399214,0,,-3.523413619438067,-3.523413619438067,sequential,1e-07,18.0,2,5
314,10052102000,52,2,0,0.12264474216066801,1.8168058198410653,0,,-1.8659122170132463,-1.8659122170132463,sequential,1e-07,18.0,2,5
315,10052103000,52,3,0,0.4844735320398719,1.1541538743466797,0,,-3.523413375112473,-3.523413375112473,sequential,1e-07,18.0,2,5
316,10052104000,52,4,0,0.2933325986322782,0.7699798705914912,0,,-2.3899276401297653,-2.3899276401297653,sequential,1e-07,18.0,2,5
317,10052105000,52,5,0,0.12264475486716811,1.8168050984285284,0,,-1.8659122177185334,-1.8659122177185334,sequential,1e-07,18.0,2,5
318,10053100000,53,0,0,0.28424559356656515,0.6876982601374009,0,,-2.5142654087512457,-2.5142654087512457,sequential,1e-07,18.0,18,5
319,10053101000,53,1,0,0.4813689474732206,1.2455029108272808,0,,-3.7067213214680135,-3.7067213214680135,sequential,1e-07,18.0,18,5
320,10053102000,53,2,0,0.11924723488587445,1.6617902996167147,0,,-1.963034769248214,-1.963034769248214,sequential,1e-07,18.0,18,5
321,10053103000,53,3,0,0.48136911500429647,1.2455030457071268,0,,-3.7067210644074238,-3.7067210644074238,sequential,1e-07,18.0,18,5
322,10053104000,53,4,0,0.2842455349283872,0.6876981859927221,0,,-2.514265055906216,-2.514265055906216,sequential,1e-07,18.0,18,5
323,10053105000,53,5,0,0.11924724817078992,1.6617896433156771,0,,-1.9630347700137192,-1.9630347700137192,sequential,1e-07,18.0,18,5
324,10054100000,54,0,0,0.12866232147136653,0.4171030491047735,0,,-2.7359326086601494,-2.7359326086601494,sequential,2e-07,0.6,1,5
325,10054101000,54,1,0,0.28423306439545853,0.49294550201641457,0,,-3.877150022184027,-3.877150022184027,sequential,2e-07,0.6,1,5
326,10054102000,54,2,0,0.05478831283007835,0.9601527345932895,0,,-2.0220191461689323,-2.0220191461689323,sequential,2e-07,0.6,1,5
327,10054103000,54,3,0,0.28423315825801915,0.4929455578268325,0,,-3.8771497532745425,-3.8771497532745425,sequential,2e-07,0.6,1,5
328,10054104000,54,4,0,0.128662300933149,0.4171030078194975,0,,-2.7359322247546722,-2.7359322247546722,sequential,2e-07,0.6,1,5
329,10054105000,54,5,0,0.05478832002639984,0.9601523599562557,0,,-2.022019146938421,-2.022019146938421,sequential,2e-07,0.6,1,5
330,10055100000,55,0,0,0.12610244162678816,0.41410893161363854,0,,-2.7766196122057054,-2.7766196122057054,sequential,2e-07,0.6,2,5
331,10055101000,55,1,0,0.2830486596121075,0.5014867191089729,0,,-3.934987452176628,-3.934987452176628,sequential,2e-07,0.6,2,5
332,10055102000,55,2,0,0.05378158314634419,0.9629729556934329,0,,-2.0520892947594733,-2.0520892947594733,sequential,2e-07,0.6,2,5
333,10055103000,55,3,0,0.2830487541633499,0.5014867699214933,0,,-3.9349871792571345,-3.9349871792571345,sequential,2e-07,0.6,2,5
334,10055104000,55,4,0,0.1261024219766951,0.4141088933325187,0,,-2.7766192225902104,-2.7766192225902104,sequential,2e-07,0.6,2,5
335,10055105000,55,5,0,0.053781590293635224,0.9629725820219457,0,,-2.0520892955404864,-2.0520892955404864,sequential,2e-07,0.6,2,5
336,10056100000,56,0,0,0.12168647886605881,0.37456712851496843,0,,-2.866783297997555,-2.866783297997555,sequential,2e-07,0.6,18,5
337,10056101000,56,1,0,0.28185104610476713,0.5183095993493886,0,,-4.063490454609549,-4.063490454609549,sequential,2e-07,0.6,18,5
338,10056102000,56,2,0,0.052187172663513685,0.8725957714899427,0,,-2.118725694338742,-2.118725694338742,sequential,2e-07,0.6,18,5
339,10056103000,56,3,0,0.2818511427644188,0.5183096170591026,0,,-4.06349017276952,-4.06349017276952,sequential,2e-07,0.6,18,5
340,10056104000,56,4,0,0.12168646145742655,0.3745670964332442,0,,-2.8667828957367103,-2.8667828957367103,sequential,2e-07,0.6,18,5
341,10056105000,56,5,0,0.05218717986618661,0.8725954280400249,0,,-2.118725695149671,-2.118725695149671,sequential,2e-07,0.6,18,5
342,10057100000,57,0,0,0.13135082017745706,0.4038098817455712,0,,-3.448529156441603,-3.448529156441603,sequential,2e-07,1.0,1,5
343,10057101000,57,1,0,0.2863022779758945,0.4884952116233508,0,,-5.084084007265629,-5.084084007265629,sequential,2e-07,1.0,1,5
344,10057102000,57,2,0,0.05589873434234233,0.9243884248464703,0,,-2.6721614632318613,-2.6721614632318613,sequential,2e-07,1.0,1,5
345,10057103000,57,3,0,0.2863023708027973,0.4884952600944731,0,,-5.084083654646743,-5.084083654646743,sequential,2e-07,1.0,1,5
346,10057104000,57,4,0,0.13135079900740834,0.4038098438611895,0,,-3.448528672545074,-3.448528672545074,sequential,2e-07,1.0,1,5
347,10057105000,57,5,0,0.05589874164925476,0.9243880646921291,0,,-2.672161464249331,-2.672161464249331,sequential,2e-07,1.0,1,5
348,10058100000,58,0,0,0.12876703879459908,0.40079241435130447,0,,-3.5041392509033513,-3.5041392509033513,sequential,2e-07,1.0,2,5
349,10058101000,58,1,0,0.28548606768831514,0.4963867899981501,0,,-5.166068638829097,-5.166068638829097,sequential,2e-07,1.0,2,5
350,10058102000,58,2,0,0.05488555569524803,0.9270280798134579,0,,-2.7152336307368627,-2.7152336307368627,sequential,2e-07,1.0,2,5
351,10058103000,58,3,0,0.2854861614561831,0.4963868331715631,0,,-5.166068280524922,-5.166068280524922,sequential,2e-07,1.0,2,5
352,10058104000,58,4,0,0.12876701854442255,0.40079237942253626,0,,-3.5041387592045794,-3.5041387592045794,sequential,2e-07,1.0,2,5
353,10058105000,58,5,0,0.05488556295726443,0.927027720705871,0,,-2.715233631770279,-2.715233631770279,sequential,2e-07,1.0,2,5
354,10059100000,59,0,0,0.12433232146766289,0.36234544318487094,0,,-3.6351448050439106,-3.6351448050439106,sequential,2e-07,1.0,18,5
355,10059101000,59,1,0,0.28524738992726334,0.509412115052095,0,,-5.3592069920160625,-5.3592069920160625,sequential,2e-07,1.0,18,5
356,10059102000,59,2,0,0.05329492358117904,0.8412913411876564,0,,-2.81667078675667,-2.81667078675667,sequential,2e-07,1.0,18,5
357,10059103000,59,3,0,0.2852474864688184,0.5094121246385903,0,,-5.359206620317502,-5.359206620317502,sequential,2e-07,1.0,18,5
358,10059104000,59,4,0,0.12433230354206766,0.3623454142211846,0,,-3.6351442949536503,-3.6351442949536503,sequential,2e-07,1.0,18,5
359,10059105000,59,5,0,0.05329493091314855,0.8412910107338898,0,,-2.8166707878254074,-2.8166707878254074,sequential,2e-07,1.0,18,5
360,10060100000,60,0,0,0.13201119329137792,0.40053702424834764,0,,-3.646552518534376,-3.646552518534376,sequential,2e-07,1.3,1,5
361,10060101000,60,1,0,0.28533145495281215,0.4872277818041083,0,,-5.3760251105757515,-5.3760251105757515,sequential,2e-07,1.3,1,5
362,10060102000,60,2,0,0.056145024560219706,0.9155227606752846,0,,-2.829114863607655,-2.829114863607655,sequential,2e-07,1.3,1,5
363,10060103000,60,3,0,0.2853315469259312,0.4872278285061928,0,,-5.376024737708697,-5.376024737708697,sequential,2e-07,1.3,1,5
364,10060104000,60,4,0,0.13201117180748428,0.4005369871242036,0,,-3.6465520068509285,-3.6465520068509285,sequential,2e-07,1.3,1,5
365,10060105000,60,5,0,0.05614503186315543,0.9155224040483873,0,,-2.8291148646845037,-2.8291148646845037,sequential,2e-07,1.3,1,5
366,10061100000,61,0,0,0.12943141045386755,0.39751567595503406,0,,-3.7061456468626854,-3.7061456468626854,sequential,2e-07,1.3,2,5
367,10061101000,61,1,0,0.28462742684515563,0.49495822107403703,0,,-5.463881833662599,-5.463881833662599,sequential,2e-07,1.3,2,5
368,10061102000,61,2,0,0.055134130925325944,0.9181217515219645,0,,-2.875343606921872,-2.875343606921872,sequential,2e-07,1.3,2,5
369,10061103000,61,3,0,0.28462751982676426,0.49495826241461466,0,,-5.463881454702163,-5.463881454702163,sequential,2e-07,1.3,2,5
370,10061104000,61,4,0,0.12943138989958897,0.3975156417725402,0,,-3.706145126818446,-3.706145126818446,sequential,2e-07,1.3,2,5
371,10061105000,61,5,0,0.05513413818561605,0.918121395953848,0,,-2.87534360801834,-2.87534360801834,sequential,2e-07,1.3,2,5
372,10062100000,62,0,0,0.12501449428098757,0.3593404069625406,0,,-3.847825859026104,-3.847825859026104,sequential,2e-07,1.3,18,5
373,10062101000,62,1,0,0.2846707914097223,0.5070749225991584,0,,-5.672757579717347,-5.672757579717347,sequential,2e-07,1.3,18,5
374,10062102000,62,2,0,0.05355185485762485,0.8334864170406231,0,,-2.985241228282867,-2.985241228282867,sequential,2e-07,1.3,18,5
375,10062103000,62,3,0,0.28467088734232215,0.5070749302887803,0,,-5.6727571862670585,-5.6727571862670585,sequential,2e-07,1.3,18,5
376,10062104000,62,4,0,0.1250144760728345,0.3593403786900021,0,,-3.8478253190926757,-3.8478253190926757,sequential,2e-07,1.3,18,5
377,10062105000,62,5,0,0.05355186219352875,0.833486089778783,0,,-2.9852412294158643,-2.9852412294158643,sequential,2e-07,1.3,18,5
378,10063100000,63,0,0,0.13243682175507285,0.3984046422239619,0,,-3.7710695486016874,-3.7710695486016874,sequential,2e-07,1.7,1,5
379,10063101000,63,1,0,0.28355594630337116,0.48634513891661685,0,,-5.55959758792271,-5.55959758792271,sequential,2e-07,1.7,1,5
380,10063102000,63,2,0,0.056284788777217244,0.9096745459029826,0,,-2.927599391568866,-2.927599391568866,sequential,2e-07,1.7,1,5
381,10063103000,63,3,0,0.2835560373216995,0.4863451845089611,0,,-5.559597202324884,-5.559597202324884,sequential,2e-07,1.7,1,5
382,10063104000,63,4,0,0.13243679995182034,0.39840460555092166,0,,-3.7710690194473955,-3.7710690194473955,sequential,2e-07,1.7,1,5
383,10063105000,63,5,0,0.05628479605464792,0.9096741915634771,0,,-2.9275993926819686,-2.9275993926819686,sequential,2e-07,1.7,1,5
384,10064100000,64,0,0,0.1298668880330517,0.3953820017821308,0,,-3.833162732511181,-3.833162732511181,sequential,2e-07,1.7,2,5
385,10064101000,64,1,0,0.28293151794209437,0.49397252894364857,0,,-5.651140083129945,-5.651140083129945,sequential,2e-07,1.7,2,5
386,10064102000,64,2,0,0.055278168103737625,0.9122502440324611,0,,-2.9758058375319627,-2.9758058375319627,sequential,2e-07,1.7,2,5
387,10064103000,64,3,0,0.28293161001085,0.4939725691375469,0,,-5.65113969118181,-5.65113969118181,sequential,2e-07,1.7,2,5
388,10064104000,64,4,0,0.12986686716692622,0.3953819680405668,0,,-3.833162194642207,-3.833162194642207,sequential,2e-07,1.7,2,5
389,10064105000,64,5,0,0.05527817534082185,0.9122498907531995,0,,-2.9758058386638706,-2.9758058386638706,sequential,2e-07,1.7,2,5
390,10065100000,65,0,0,0.1254779505574173,0.3573859444148812,0,,-3.9815341669486535,-3.9815341669486535,sequential,2e-07,1.7,18,5
391,10065101000,65,1,0,0.2831678396782529,0.5055194185240042,0,,-5.86988053805907,-5.86988053805907,sequential,2e-07,1.7,18,5
392,10065102000,65,2,0,0.05370661925081678,0.8283186455273635,0,,-3.090997862886261,-3.090997862886261,sequential,2e-07,1.7,18,5
393,10065103000,65,3,0,0.28316793480716534,0.50551942504267,0,,-5.869880130941946,-5.869880130941946,sequential,2e-07,1.7,18,5
394,10065104000,65,4,0,0.1254779320516255,0.3573859165491804,0,,-3.9815336082641375,-3.9815336082641375,sequential,2e-07,1.7,18,5
395,10065105000,65,5,0,0.05370662656859032,0.8283183203388321,0,,-3.090997864061575,-3.090997864061575,sequential,2e-07,1.7,18,5
396,10066100000,66,0,0,0.13261832227099318,0.3974902513918253,0,,-3.8222374603373965,-3.8222374603373965,sequential,2e-07,2.0,1,5
397,10066101000,66,1,0,0.28222579634361056,0.4859466822743987,0,,-5.635033215618486,-5.635033215618486,sequential,2e-07,2.0,1,5
398,10066102000,66,2,0,0.05633555737309431,0.9071306721802976,0,,-2.9679740264118197,-2.9679740264118197,sequential,2e-07,2.0,1,5
399,10066103000,66,3,0,0.28222588677062244,0.4859467274121362,0,,-5.63503282478814,-5.63503282478814,sequential,2e-07,2.0,1,5
400,10066104000,66,4,0,0.1326183002756637,0.39749021489261177,0,,-3.8222369240044722,-3.8222369240044722,sequential,2e-07,2.0,1,5
401,10066105000,66,5,0,0.05633556462867331,0.9071303188175459,0,,-2.9679740275425956,-2.9679740275425956,sequential,2e-07,2.0,1,5
402,10067100000,67,0,0,0.1300560604375295,0.3944676152091102,0,,-3.8853541788190973,-3.8853541788190973,sequential,2e-07,2.0,2,5
403,10067101000,67,1,0,0.2816361271386652,0.4935310288590567,0,,-5.7280846833507075,-5.7280846833507075,sequential,2e-07,2.0,2,5
404,10067102000,67,2,0,0.05533208185863495,0.9096978916582502,0,,-3.0169884772616333,-3.0169884772616333,sequential,2e-07,2.0,2,5
405,10067103000,67,3,0,0.28163621863148514,0.4935310685840944,0,,-5.728084286066068,-5.728084286066068,sequential,2e-07,2.0,2,5
406,10067104000,67,4,0,0.13005603938315288,0.39446758163671974,0,,-3.885353633625687,-3.885353633625687,sequential,2e-07,2.0,2,5
407,10067105000,67,5,0,0.055332089075270326,0.909697539354394,0,,-3.0169884784086682,-3.0169884784086682,sequential,2e-07,2.0,2,5
408,10068100000,68,0,0,0.12568693121521016,0.3565494584825133,0,,-4.036459182470466,-4.036459182470466,sequential,2e-07,2.0,18,5
409,10068101000,68,1,0,0.2819530503128072,0.5048440534633619,0,,-5.950855173958214,-5.950855173958214,sequential,2e-07,2.0,18,5
410,10068102000,68,2,0,0.053767626854551935,0.8260630329209853,0,,-3.134339274158415,-3.134339274158415,sequential,2e-07,2.0,18,5
411,10068103000,68,3,0,0.28195314490525836,0.5048440595101492,0,,-5.950854761222899,-5.950854761222899,sequential,2e-07,2.0,18,5
412,10068104000,68,4,0,0.12568691252737457,0.356549430772747,0,,-4.036458616076268,-4.036458616076268,sequential,2e-07,2.0,18,5
413,10068105000,68,5,0,0.05376763415469628,0.8260627086218822,0,,-3.134339275344709,-3.134339275344709,sequential,2e-07,2.0,18,5
414,10069100000,69,0,0,0.13316889589181918,0.3917160680698539,0,,-4.0428937259798,-4.0428937259798,sequential,2e-07,18.0,1,5
415,10069101000,69,1,0,0.2512389835495378,0.48286079480905253,0,,-5.629066575575965,-5.629066575575965,sequential,2e-07,18.0,1,5
416,10069102000,69,2,0,0.056131591667871995,0.889692116304047,0,,-2.9879422056784883,-2.9879422056784883,sequential,2e-07,18.0,1,5
417,10069103000,69,3,0,0.2512390628103904,0.482860837875931,0,,-5.6290661851688375,-5.6290661851688375,sequential,2e-07,18.0,1,5
418,10069104000,69,4,0,0.13316887077107292,0.3917160319847627,0,,-4.042893158685119,-4.042893158685119,sequential,2e-07,18.0,1,5
419,10069105000,69,5,0,0.05613159835781747,0.889691769020309,0,,-2.9879422068006156,-2.9879422068006156,sequential,2e-07,18.0,1,5
420,10070100000,70,0,0,0.1307953580060206,0.38871431406639884,0,,-4.1102546305838885,-4.1102546305838885,sequential,2e-07,18.0,2,5
421,10070101000,70,1,0,0.25093106824379413,0.4902219124518382,0,,-5.722837487960555,-5.722837487960555,sequential,2e-07,18.0,2,5
422,10070102000,70,2,0,0.055199305195210276,0.8922622207169734,0,,-3.037725975252164,-3.037725975252164,sequential,2e-07,18.0,2,5
423,10070103000,70,3,0,0.25093114859320287,0.490221950077754,0,,-5.7228370910529165,-5.7228370910529165,sequential,2e-07,18.0,2,5
424,10070104000,70,4,0,0.13079533386026124,0.38871428086302096,0,,-4.11025405378275,-4.11025405378275,sequential,2e-07,18.0,2,5
425,10070105000,70,5,0,0.055199311869226046,0.8922618743901272,0,,-3.0377259764005675,-3.0377259764005675,sequential,2e-07,18.0,2,5
426,10071100000,71,0,0,0.1268602728632918,0.3513304776412778,0,,-4.272458692578331,-4.272458692578331,sequential,2e-07,18.0,18,5
427,10071101000,71,1,0,0.25175624396799406,0.5004465222194112,0,,-5.948605016016444,-5.948605016016444,sequential,2e-07,18.0,18,5
428,10071102000,71,2,0,0.05377530355839714,0.8103606242142415,0,,-3.1576045561302912,-3.1576045561302912,sequential,2e-07,18.0,18,5
429,10071103000,71,3,0,0.2517563274441779,0.50044652633207,0,,-5.948604603426738,-5.948604603426738,sequential,2e-07,18.0,18,5
430,10071104000,71,4,0,0.126860251097527,0.3513304502398894,0,,-4.272458093071408,-4.272458093071408,sequential,2e-07,18.0,18,5
431,10071105000,71,5,0,0.0537753103560255,0.8103603055652504,0,,-3.1576045573760845,-3.1576045573760845,sequential,2e-07,18.0,18,5
432,10072100000,72,0,0,0.07890610564480081,0.2794505513528044,0,,-3.4084906829859176,-3.4084906829859176,sequential,3e-07,0.6,1,5
433,10072101000,72,1,0,0.1939536835178298,0.3060401119265282,0,,-4.83291033858069,-4.83291033858069,sequential,3e-07,0.6,1,5
434,10072102000,72,2,0,0.033942730500429605,0.6556904701681989,0,,-2.519080111375403,-2.519080111375403,sequential,3e-07,0.6,1,5
435,10072103000,72,3,0,0.1939537512793018,0.30604018409866385,0,,-4.832910003383321,-4.832910003383321,sequential,3e-07,0.6,1,5
436,10072104000,72,4,0,0.07890608999632026,0.27945054889066967,0,,-3.408490204707975,-3.408490204707975,sequential,3e-07,0.6,1,5
437,10072105000,72,5,0,0.03394273543683207,0.6556902421617604,0,,-2.519080112333645,-2.519080112333645,sequential,3e-07,0.6,1,5
438,10073100000,73,0,0,0.0771702205165038,0.2788614265126046,0,,-3.4679763734346,-3.4679763734346,sequential,3e-07,0.6,2,5
439,10073101000,73,1,0,0.19173654282312808,0.3131064585742474,0,,-4.917495323900777,-4.917495323900777,sequential,3e-07,0.6,2,5
440,10073102000,73,2,0,0.03310586819628307,0.6596359173179266,0,,-2.563043622930692,-2.563043622930692,sequential,3e-07,0.6,2,5
441,10073103000,73,3,0,0.19173661026515107,0.3131065310254389,0,,-4.91749498283532,-4.91749498283532,sequential,3e-07,0.6,2,5
442,10073104000,73,4,0,0.07717020552525257,0.278861426109734,0,,-3.4679758868109873,-3.4679758868109873,sequential,3e-07,0.6,2,5
443,10073105000,73,5,0,0.03310587305710038,0.6596356917955403,0,,-2.5630436239052328,-2.5630436239052328,sequential,3e-07,0.6,2,5
444,10074100000,74,0,0,0.07497438178930414,0.2569447742274534,0,,-3.5649325818218696,-3.5649325818218696,sequential,3e-07,0.6,18,5
445,10074101000,74,1,0,0.1888251344408894,0.33821552064039895,0,,-5.0558843968984135,-5.0558843968984135,sequential,3e-07,0.6,18,5
446,10074102000,74,2,0,0.032110287834875365,0.6160026667566703,0,,-2.634700106235315,-2.634700106235315,sequential,3e-07,0.6,18,5
447,10074103000,74,3,0,0.1888252015814818,0.33821558567404797,0,,-5.055884046241112,-5.055884046241112,sequential,3e-07,0.6,18,5
448,10074104000,74,4,0,0.07497436800961076,0.25694477096655555,0,,-3.5649320815958605,-3.5649320815958605,sequential,3e-07,0.6,18,5
449,10074105000,74,5,0,0.0321102926773507,0.6160024425942225,0,,-2.6347001072377823,-2.6347001072377823,sequential,3e-07,0.6,18,5
450,10075100000,75,0,0,0.0812473219099159,0.2653080604976272,0,,-4.664358188169774,-4.664358188169774,sequential,3e-07,1.0,1,5
451,10075101000,75,1,0,0.19857859765861663,0.30840691426483097,0,,-6.554806212896831,-6.554806212896831,sequential,3e-07,1.0,1,5
452,10075102000,75,2,0,0.03499422568933614,0.6182738025031596,0,,-3.4472419114499995,-3.4472419114499995,sequential,3e-07,1.0,1,5
453,10075103000,75,3,0,0.19857866614891737,0.3084069822655585,0,,-6.554805758272953,-6.554805758272953,sequential,3e-07,1.0,1,5
454,10075104000,75,4,0,0.08124730567467167,0.26530805976590566,0,,-4.664357533669127,-4.664357533669127,sequential,3e-07,1.0,1,5
455,10075105000,75,5,0,0.03499423079053662,0.6182735878076743,0,,-3.4472419127604437,-3.4472419127604437,sequential,3e-07,1.0,1,5
456,10076100000,76,0,0,0.079487540002585,0.2646356269382141,0,,-4.752023607196492,-4.752023607196492,sequential,3e-07,1.0,2,5
457,10076101000,76,1,0,0.1966588827002328,0.3154199897418615,0,,-6.678052732194147,-6.678052732194147,sequential,3e-07,1.0,2,5
458,10076102000,76,2,0,0.03413816413957166,0.6218617979913839,0,,-3.512031941355928,-3.512031941355928,sequential,3e-07,1.0,2,5
459,10076103000,76,3,0,0.1966589511126225,0.31542005773446874,0,,-6.6780522690231585,-6.6780522690231585,sequential,3e-07,1.0,2,5
460,10076104000,76,4,0,0.0794875244527453,0.2646356282064631,0,,-4.752022940394039,-4.752022940394039,sequential,3e-07,1.0,2,5
461,10076105000,76,5,0,0.034138169165628576,0.6218615857873656,0,,-3.5120319426919595,-3.5120319426919595,sequential,3e-07,1.0,2,5
462,10077100000,77,0,0,0.07728361992994646,0.24392435039726587,0,,-4.9075858420313105,-4.9075858420313105,sequential,3e-07,1.0,18,5
463,10077101000,77,1,0,0.19436090279584053,0.3385882162999835,0,,-6.896856527151623,-6.896856527151623,sequential,3e-07,1.0,18,5
464,10077102000,77,2,0,0.03312839894884497,0.5820092828529222,0,,-3.6270018115233564,-3.6270018115233564,sequential,3e-07,1.0,18,5
465,10077103000,77,3,0,0.19436097138920266,0.3385882751264875,0,,-6.896856048808338,-6.896856048808338,sequential,3e-07,1.0,18,5
466,10077104000,77,4,0,0.07728360564715543,0.24392434904888388,0,,-4.907585153395185,-4.907585153395185,sequential,3e-07,1.0,18,5
467,10077105000,77,5,0,0.03312840396317566,0.582009071956885,0,,-3.6270018129015895,-3.6270018129015895,sequential,3e-07,1.0,18,5
468,10078100000,78,0,0,0.08180408769136358,0.261910204044496,0,,-4.969288733809528,-4.969288733809528,sequential,3e-07,1.3,1,5
469,10078101000,78,1,0,0.19875746954371631,0.30879144081055415,0,,-6.973593667626273,-6.973593667626273,sequential,3e-07,1.3,1,5
470,10078102000,78,2,0,0.03525180510846293,0.6093032727839521,0,,-3.672603968280562,-3.672603968280562,sequential,3e-07,1.3,1,5
471,10078103000,78,3,0,0.1987575377927428,0.30879150771422187,0,,-6.973593183956213,-6.973593183956213,sequential,3e-07,1.3,1,5
472,10078104000,78,4,0,0.08180407122923737,0.26191020366106327,0,,-4.969288036520969,-4.969288036520969,sequential,3e-07,1.3,1,5
473,10078105000,78,5,0,0.03525181023571449,0.6093030611854482,0,,-3.672603969678672,-3.672603969678672,sequential,3e-07,1.3,1,5
474,10079100000,79,0,0,0.08004588360327185,0.2612195006146722,0,,-5.063863253161852,-5.063863253161852,sequential,3e-07,1.3,2,5
475,10079101000,79,1,0,0.19694195716825505,0.3157817481136863,0,,-7.106332938292291,-7.106332938292291,sequential,3e-07,1.3,2,5
476,10079102000,79,2,0,0.03439323589928936,0.6128142897079543,0,,-3.7425002398702487,-3.7425002398702487,sequential,3e-07,1.3,2,5
477,10079103000,79,3,0,0.19694202541432618,0.3157818149375729,0,,-7.106332445415517,-7.106332445415517,sequential,3e-07,1.3,2,5
478,10079104000,79,4,0,0.08004586783393504,0.2612195022151119,0,,-5.063862542600956,-5.063862542600956,sequential,3e-07,1.3,2,5
479,10079105000,79,5,0,0.03439324095239707,0.6128140805906487,0,,-3.742500241293921,-3.742500241293921,sequential,3e-07,1.3,2,5
480,10080100000,80,0,0,0.077852554647948,0.24079185384527327,0,,-5.2338394443598055,-5.2338394443598055,sequential,3e-07,1.3,18,5
481,10080101000,80,1,0,0.19484855883608107,0.33844085354035514,0,,-7.344939791720813,-7.344939791720813,sequential,3e-07,1.3,18,5
482,10080102000,80,2,0,0.03338327100198739,0.5738006750441135,0,,-3.8681228927994953,-3.8681228927994953,sequential,3e-07,1.3,18,5
483,10080103000,80,3,0,0.19484862741136796,0.33844091079273986,0,,-7.344939282294833,-7.344939282294833,sequential,3e-07,1.3,18,5
484,10080104000,80,4,0,0.07785254015833382,0.24079185288831603,0,,-5.233838709944045,-5.233838709944045,sequential,3e-07,1.3,18,5
485,10080105000,80,5,0,0.033383276046202184,0.5738004672703226,0,,-3.8681228942767967,-3.8681228942767967,sequential,3e-07,1.3,18,5
486,10081100000,81,0,0,0.08214421617616219,0.25973494414594367,0,,-5.160407798284417,-5.160407798284417,sequential,3e-07,1.7,1,5
487,10081101000,81,1,0,0.19804576718545636,0.30896014948982287,0,,-7.236575920304386,-7.236575920304386,sequential,3e-07,1.7,1,5
488,10081102000,81,2,0,0.035415238673134994,0.6035347883183432,0,,-3.81385247913741,-3.81385247913741,sequential,3e-07,1.7,1,5
489,10081103000,81,3,0,0.1980458349588809,0.30896021568149135,0,,-7.236575418395098,-7.236575418395098,sequential,3e-07,1.7,1,5
490,10081104000,81,4,0,0.08214419950572327,0.2597349439475338,0,,-5.160407074177743,-5.160407074177743,sequential,3e-07,1.7,1,5
491,10081105000,81,5,0,0.035415243805637237,0.6035345786457565,0,,-3.813852480589053,-3.813852480589053,sequential,3e-07,1.7,1,5
492,10082100000,82,0,0,0.0803927145013971,0.2590337514013147,0,,-5.259314126367387,-5.259314126367387,sequential,3e-07,1.7,2,5
493,10082101000,82,1,0,0.19631361854988272,0.315932829713872,0,,-7.375276861833636,-7.375276861833636,sequential,3e-07,1.7,2,5
494,10082102000,82,2,0,0.034556760125061876,0.6070030708641031,0,,-3.886950218539212,-3.886950218539212,sequential,3e-07,1.7,2,5
495,10082103000,82,3,0,0.19631368637456384,0.31593289578064987,0,,-7.375276350304707,-7.375276350304707,sequential,3e-07,1.7,2,5
496,10082104000,82,4,0,0.08039269852861866,0.25903375317555316,0,,-5.25931338838272,-5.25931338838272,sequential,3e-07,1.7,2,5
497,10082105000,82,5,0,0.034556765184683695,0.6070028636583958,0,,-3.8869502200196497,-3.8869502200196497,sequential,3e-07,1.7,2,5
498,10083100000,83,0,0,0.07821570645227206,0.2387863146756439,0,,-5.43831791014641,-5.43831791014641,sequential,3e-07,1.7,18,5
499,10083101000,83,1,0,0.19437745341034976,0.33825975644775225,0,,-7.62630522339058,-7.62630522339058,sequential,3e-07,1.7,18,5
500,10083102000,83,2,0,0.03354914445570107,0.5684958509575178,0,,-4.01924480665177,-4.01924480665177,sequential,3e-07,1.7,18,5
501,10083103000,83,3,0,0.19437752167041508,0.3382598126938643,0,,-7.626304694451298,-7.626304694451298,sequential,3e-07,1.7,18,5
502,10083104000,83,4,0,0.07821569176628983,0.2387863139320232,0,,-5.438317147041442,-5.438317147041442,sequential,3e-07,1.7,18,5
503,10083105000,83,5,0,0.03354914950911031,0.568495645135927,0,,-4.019244808187447,-4.019244808187447,sequential,3e-07,1.7,18,5
504,10084100000,84,0,0,0.08227952723122828,0.2588170144027853,0,,-5.238616083672097,-5.238616083672097,sequential,3e-07,2.0,1,5
505,10084101000,84,1,0,0.19730307183575685,0.30900029036779575,0,,-7.344428430882656,-7.344428430882656,sequential,3e-07,2.0,1,5
506,10084102000,84,2,0,0.03548346254450521,0.6010844198473627,0,,-3.8716531170957085,-3.8716531170957085,sequential,3e-07,2.0,1,5
507,10084103000,84,3,0,0.1973031392468446,0.3090003562602135,0,,-7.344427921491294,-7.344427921491294,sequential,3e-07,2.0,1,5
508,10084104000,84,4,0,0.08227951044201874,0.25881701426543474,0,,-5.238615348592357,-5.238615348592357,sequential,3e-07,2.0,1,5
509,10084105000,84,5,0,0.03548346767355283,0.6010842109625177,0,,-3.8716531185691574,-3.8716531185691574,sequential,3e-07,2.0,1,5
510,10085100000,85,0,0,0.08053364226292906,0.2581119609312876,0,,-5.339291047443492,-5.339291047443492,sequential,3e-07,2.0,2,5
511,10085101000,85,1,0,0.19561230426825602,0.3159645054988619,0,,-7.485568217702571,-7.485568217702571,sequential,3e-07,2.0,2,5
512,10085102000,85,2,0,0.03462584928935203,0.604537785929668,0,,-3.9460579849012,-3.9460579849012,sequential,3e-07,2.0,2,5
513,10085103000,85,3,0,0.1956123717549442,0.31596457124803695,0,,-7.485567698523374,-7.485567698523374,sequential,3e-07,2.0,2,5
514,10085104000,85,4,0,0.08053362617354509,0.2581119627614258,0,,-5.339290298237339,-5.339290298237339,sequential,3e-07,2.0,2,5
515,10085105000,85,5,0,0.034625854346389,0.6045375795017668,0,,-3.946057986403061,-3.946057986403061,sequential,3e-07,2.0,2,5
516,10086100000,86,0,0,0.07836818697527181,0.23794018119567287,0,,-5.521971705545418,-5.521971705545418,sequential,3e-07,2.0,18,5
517,10086101000,86,1,0,0.193751254217357,0.33815069729838826,0,,-7.741664717799758,-7.741664717799758,sequential,3e-07,2.0,18,5
518,10086102000,86,2,0,0.03362042818235583,0.5662314255790452,0,,-4.081070004817582,-4.081070004817582,sequential,3e-07,2.0,18,5
519,10086103000,86,3,0,0.1937513221864498,0.338150753127603,0,,-7.741664180858435,-7.741664180858435,sequential,3e-07,2.0,18,5
520,10086104000,86,4,0,0.07836817217509352,0.23794018052495175,0,,-5.5219709307008005,-5.5219709307008005,sequential,3e-07,2.0,18,5
521,10086105000,86,5,0,0.03362043323469018,0.5662312205584609,0,,-4.081070006370049,-4.081070006370049,sequential,3e-07,2.0,18,5
522,10087100000,87,0,0,0.08350291691250998,0.25391266411976277,0,,-5.279331195948822,-5.279331195948822,sequential,3e-07,18.0,1,5
523,10087101000,87,1,0,0.17622204210059042,0.3083433562590333,0,,-7.783191639222674,-7.783191639222674,sequential,3e-07,18.0,1,5
524,10087102000,87,2,0,0.03577492322239679,0.5873746183706392,0,,-4.102312116286104,-4.102312116286104,sequential,3e-07,18.0,1,5
525,10087103000,87,3,0,0.17622210160775556,0.3083434207226437,0,,-7.7831910993858475,-7.7831910993858475,sequential,3e-07,18.0,1,5
526,10087104000,87,4,0,0.08350290477855704,0.25391266377924754,0,,-5.2793304550834765,-5.2793304550834765,sequential,3e-07,18.0,1,5
527,10087105000,87,5,0,0.03577492812755627,0.5873744129321129,0,,-4.10231211785458,-4.10231211785458,sequential,3e-07,18.0,1,5
528,10088100000,88,0,0,0.08143088415301306,0.25320554632144265,0,,-5.381593482538196,-5.381593482538196,sequential,3e-07,18.0,2,5
529,10088101000,88,1,0,0.1749173596264749,0.31523886026707126,0,,-7.933954481424945,-7.933954481424945,sequential,3e-07,18.0,2,5
530,10088102000,88,2,0,0.03495165063704025,0.5908488158467428,0,,-4.181785655960674,-4.181785655960674,sequential,3e-07,18.0,2,5
531,10088103000,88,3,0,0.17491741934637323,0.31523892451563484,0,,-7.933953931153626,-7.933953931153626,sequential,3e-07,18.0,2,5
532,10088104000,88,4,0,0.08143087264940377,0.25320554790917016,0,,-5.381592727408259,-5.381592727408259,sequential,3e-07,18.0,2,5
533,10088105000,88,5,0,0.03495165548578396,0.5908486126921507,0,,-4.181785657551892,-4.181785657551892,sequential,3e-07,18.0,2,5
534,10089100000,89,0,0,0.07895564877960454,0.23343220757185168,0,,-5.568524882121351,-5.568524882121351,sequential,3e-07,18.0,18,5
535,10089101000,89,1,0,0.17364456985269844,0.3367087454154055,0,,-8.20954297018265,-8.20954297018265,sequential,3e-07,18.0,18,5
536,10089102000,89,2,0,0.034000548235003196,0.5532444803075277,0,,-4.327082426585132,-4.327082426585132,sequential,3e-07,18.0,18,5
537,10089103000,89,3,0,0.17364463028857027,0.33670879938712545,0,,-8.20954240084416,-8.20954240084416,sequential,3e-07,18.0,18,5
538,10089104000,89,4,0,0.07895563234445527,0.23343220677421928,0,,-5.568524100741644,-5.568524100741644,sequential,3e-07,18.0,18,5
539,10089105000,89,5,0,0.03400055310072515,0.5532442790777145,0,,-4.327082428269627,-4.327082428269627,sequential,3e-07,18.0,18,5
540,10090100000,90,0,0,0.05912866442298997,0.21763801303043342,0,,-3.8951104131169667,-3.8951104131169667,sequential,4e-07,0.6,1,5
541,10090101000,90,1,0,0.1453649967555759,0.23044796754088318,0,,-5.742468069179279,-5.742468069179279,sequential,4e-07,0.6,1,5
542,10090102000,90,2,0,0.02518621291751828,0.47959817752932166,0,,-2.962077546632661,-2.962077546632661,sequential,4e-07,0.6,1,5
543,10090103000,90,3,0,0.14536504237254466,0.23044801576074656,0,,-5.742467670896557,-5.742467670896557,sequential,4e-07,0.6,1,5
544,10090104000,90,4,0,0.059128655027702565,0.21763799204018008,0,,-3.895109866554955,-3.895109866554955,sequential,4e-07,0.6,1,5
545,10090105000,90,5,0,0.025186216233203378,0.47959798579943114,0,,-2.9620775477603885,-2.9620775477603885,sequential,4e-07,0.6,1,5
546,10091100000,91,0,0,0.05741833377817856,0.21859741240435293,0,,-3.9737016151043156,-3.9737016151043156,sequential,4e-07,0.6,2,5
547,10091101000,91,1,0,0.14475898343552088,0.2357638008155699,0,,-5.858333197620584,-5.858333197620584,sequential,4e-07,0.6,2,5
548,10091102000,91,2,0,0.024499079150081846,0.4892467861137873,0,,-3.021660519175093,-3.021660519175093,sequential,4e-07,0.6,2,5
549,10091103000,91,3,0,0.14475902970917628,0.235763849394187,0,,-5.858332791302441,-5.858332791302441,sequential,4e-07,0.6,2,5
550,10091104000,91,4,0,0.05741832489099548,0.21859739307156328,0,,-3.973701057514205,-3.973701057514205,sequential,4e-07,0.6,2,5
551,10091105000,91,5,0,0.024499082416277858,0.48924659155782063,0,,-3.0216605203233895,-3.0216605203233895,sequential,4e-07,0.6,2,5
552,10092100000,92,0,0,0.05560560905076159,0.20028104554335022,0,,-4.075360694208457,-4.075360694208457,sequential,4e-07,0.6,18,5
553,10092101000,92,1,0,0.14473246737834544,0.25192927898892076,0,,-6.008206744976493,-6.008206744976493,sequential,4e-07,0.6,18,5
554,10092102000,92,2,0,0.02382126306390057,0.46885016773823535,0,,-3.0982952412524156,-3.0982952412524156,sequential,4e-07,0.6,18,5
555,10092103000,92,3,0,0.1447325149373871,0.25192932114074895,0,,-6.008206328263565,-6.008206328263565,sequential,4e-07,0.6,18,5
556,10092104000,92,4,0,0.05560560096095489,0.2002810262360107,0,,-4.075360122355111,-4.075360122355111,sequential,4e-07,0.6,18,5
557,10092105000,92,5,0,0.023821266328674227,0.4688500282441146,0,,-3.098295242438875,-3.098295242438875,sequential,4e-07,0.6,18,5
558,10093100000,93,0,0,0.06144524493107646,0.20535161907530342,0,,-5.5061628113679975,-5.5061628113679975,sequential,4e-07,1.0,1,5
559,10093101000,93,1,0,0.15102487947953877,0.23136491663687753,0,,-7.735912356324296,-7.735912356324296,sequential,4e-07,1.0,1,5
560,10093102000,93,2,0,0.026181116078153516,0.4509110901970803,0,,-4.235514493268686,-4.235514493268686,sequential,4e-07,1.0,1,5
561,10093103000,93,3,0,0.15102493272905673,0.2313649599537685,0,,-7.735911819781456,-7.735911819781456,sequential,4e-07,1.0,1,5
562,10093104000,93,4,0,0.06144523521485162,0.20535160140985398,0,,-5.506162038744666,-5.506162038744666,sequential,4e-07,1.0,1,5
563,10093105000,93,5,0,0.026181119532997305,0.4509109104492179,0,,-4.235514494880494,-4.235514494880494,sequential,4e-07,1.0,1,5
564,10094100000,94,0,0,0.05967920480385496,0.2061393320873183,0,,-5.6253149181431885,-5.6253149181431885,sequential,4e-07,1.0,2,5
565,10094101000,94,1,0,0.14873955150983845,0.2366759217046254,0,,-7.9033803620011325,-7.9033803620011325,sequential,4e-07,1.0,2,5
566,10094102000,94,2,0,0.0254742259393772,0.45981582209708255,0,,-4.3271301585058835,-4.3271301585058835,sequential,4e-07,1.0,2,5
567,10094103000,94,3,0,0.1487396042683798,0.23667596512407207,0,,-7.903379813842232,-7.903379813842232,sequential,4e-07,1.0,2,5
568,10094104000,94,4,0,0.05967919562534326,0.2061393160758993,0,,-5.6253141288013255,-5.6253141288013255,sequential,4e-07,1.0,2,5
569,10094105000,94,5,0,0.025474229345697617,0.45981563991301866,0,,-4.327130160153415,-4.327130160153415,sequential,4e-07,1.0,2,5
570,10095100000,95,0,0,0.05781764983611279,0.18901654269420765,0,,-5.796571121042901,-5.796571121042901,sequential,4e-07,1.0,18,5
571,10095101000,95,1,0,0.14897134031018439,0.2509054744875855,0,,-8.144225809803473,-8.144225809803473,sequential,4e-07,1.0,18,5
572,10095102000,95,2,0,0.024784941443722872,0.4336327680594693,0,,-4.4587187448876255,-4.4587187448876255,sequential,4e-07,1.0,18,5
573,10095103000,95,3,0,0.14897138767591944,0.2509055100478148,0,,-8.144225244938536,-8.144225244938536,sequential,4e-07,1.0,18,5
574,10095104000,95,4,0,0.057817641507682274,0.18901652668268762,0,,-5.796570307676446,-5.796570307676446,sequential,4e-07,1.0,18,5
575,10095105000,95,5,0,0.024784944854761886,0.43363263938973967,0,,-4.458718746589718,-4.458718746589718,sequential,4e-07,1.0,18,5
576,10096100000,96,0,0,0.0620365363972392,0.2023786297021915,0,,-5.899831838210071,-5.899831838210071,sequential,4e-07,1.3,1,5
577,10096101000,96,1,0,0.15176600491880973,0.23136531772646093,0,,-8.276213454534384,-8.276213454534384,sequential,4e-07,1.3,1,5
578,10096102000,96,2,0,0.026424686864205262,0.4438983474094195,0,,-4.5462090086652065,-4.5462090086652065,sequential,4e-07,1.3,1,5
579,10096103000,96,3,0,0.15176605824921877,0.23136535976662223,0,,-8.27621288051831,-8.27621288051831,sequential,4e-07,1.3,1,5
580,10096104000,96,4,0,0.0620365265390225,0.2023786127691778,0,,-5.8998310103476115,-5.8998310103476115,sequential,4e-07,1.3,1,5
581,10096105000,96,5,0,0.026424690342772655,0.443898170566452,0,,-4.546209010395951,-4.546209010395951,sequential,4e-07,1.3,1,5
582,10097100000,97,0,0,0.06026117398777045,0.20312579336673578,0,,-6.029028530492225,-6.029028530492225,sequential,4e-07,1.3,2,5
583,10097101000,97,1,0,0.14957139677343465,0.23666376775279516,0,,-8.457476038187808,-8.457476038187808,sequential,4e-07,1.3,2,5
584,10097102000,97,2,0,0.025714852675026104,0.45262377090758676,0,,-4.645746790737758,-4.645746790737758,sequential,4e-07,1.3,2,5
585,10097103000,97,3,0,0.1495714496841113,0.23666380983060611,0,,-8.457475451599752,-8.457475451599752,sequential,4e-07,1.3,2,5
586,10097104000,97,4,0,0.060261164676275604,0.2031257780835823,0,,-6.029027684500013,-6.029027684500013,sequential,4e-07,1.3,2,5
587,10097105000,97,5,0,0.025714856106016436,0.45262359171475364,0,,-4.645746792505511,-4.645746792505511,sequential,4e-07,1.3,2,5
588,10098100000,98,0,0,0.05839395620673921,0.18628322630465077,0,,-6.217604782778678,-6.217604782778678,sequential,4e-07,1.3,18,5
589,10098101000,98,1,0,0.1493294313199881,0.2503885540412494,0,,-8.7221075022462,-8.7221075022462,sequential,4e-07,1.3,18,5
590,10098102000,98,2,0,0.02502509689354864,0.4253773753255382,0,,-4.790995604445146,-4.790995604445146,sequential,4e-07,1.3,18,5
591,10098103000,98,3,0,0.14932947832601343,0.25038858794052415,0,,-8.722106897305586,-8.722106897305586,sequential,4e-07,1.3,18,5
592,10098104000,98,4,0,0.05839394775966255,0.18628321101977988,0,,-6.217603910329867,-6.217603910329867,sequential,4e-07,1.3,18,5
593,10098105000,98,5,0,0.025025100331566318,0.4253772490883196,0,,-4.790995606266457,-4.790995606266457,sequential,4e-07,1.3,18,5
594,10099100000,99,0,0,0.06242657418248091,0.20047026773577462,0,,-6.146293244844153,-6.146293244844153,sequential,4e-07,1.7,1,5
595,10099101000,99,1,0,0.15162974087989514,0.2312898656160841,0,,-8.615066738734363,-8.615066738734363,sequential,4e-07,1.7,1,5
596,10099102000,99,2,0,0.026577272935285008,0.4393219070551498,0,,-4.740363225318022,-4.740363225318022,sequential,4e-07,1.7,1,5
597,10099103000,99,3,0,0.15162979401777782,0.23128990683525275,0,,-8.61506614121654,-8.61506614121654,sequential,4e-07,1.7,1,5
598,10099104000,99,4,0,0.06242656418309477,0.20047025123652795,0,,-6.146292382397845,-6.146292382397845,sequential,4e-07,1.7,1,5
599,10099105000,99,5,0,0.0265772764201789,0.43932173208910325,0,,-4.740363227122092,-4.740363227122092,sequential,4e-07,1.7,1,5
600,10100100000,100,0,0,0.06064887984771491,0.20119229269180036,0,,-6.281791464186547,-6.281791464186547,sequential,4e-07,1.7,2,5
601,10100101000,100,1,0,0.14951285660249966,0.2365770928613238,0,,-8.804996837946197,-8.804996837946197,sequential,4e-07,1.7,2,5
602,10100102000,100,2,0,0.025867088622420684,0.44793372536357084,0,,-4.844862838561008,-4.844862838561008,sequential,4e-07,1.7,2,5
603,10100103000,100,3,0,0.1495129093757668,0.23657713407726527,0,,-8.804996227255764,-8.804996227255764,sequential,4e-07,1.7,2,5
604,10100104000,100,4,0,0.06064887040196347,0.20119227783820914,0,,-6.281790582727754,-6.281790582727754,sequential,4e-07,1.7,2,5
605,10100105000,100,5,0,0.025867092060883244,0.4479335480976657,0,,-4.8448628404052485,-4.8448628404052485,sequential,4e-07,1.7,2,5
606,10101100000,101,0,0,0.05878322206069042,0.1845275435612424,0,,-6.481227538393008,-6.481227538393008,sequential,4e-07,1.7,18,5
607,10101101000,101,1,0,0.14900753523349436,0.24997556788992145,0,,-9.084562708050239,-9.084562708050239,sequential,4e-07,1.7,18,5
608,10101102000,101,2,0,0.0251788412522994,0.4201671711662291,0,,-4.998664359683179,-4.998664359683179,sequential,4e-07,1.7,18,5
609,10101103000,101,3,0,0.1490075818160018,0.24997560073564423,0,,-9.084562077969762,-9.084562077969762,sequential,4e-07,1.7,18,5
610,10101104000,101,4,0,0.05878321348934628,0.18452752870637298,0,,-6.481226628944167,-6.481226628944167,sequential,4e-07,1.7,18,5
611,10101105000,101,5,0,0.02517884469983977,0.42016704639206004,0,,-4.998664361583385,-4.998664361583385,sequential,4e-07,1.7,18,5
612,10102100000,102,0,0,0.06259611204366712,0.19966265493287214,0,,-6.2468759226794095,-6.2468759226794095,sequential,4e-07,2.0,1,5
613,10102101000,102,1,0,0.15123070856306695,0.23123035500892797,0,,-8.753640441456826,-8.753640441456826,sequential,4e-07,2.0,1,5
614,10102102000,102,2,0,0.02663971725049932,0.437346507648545,0,,-4.819424283045935,-4.819424283045935,sequential,4e-07,2.0,1,5
615,10102103000,102,3,0,0.15123076149018377,0.23123039588621747,0,,-8.753639834327473,-8.753639834327473,sequential,4e-07,2.0,1,5
616,10102104000,102,4,0,0.06259610195969915,0.1996626386011644,0,,-6.246875046118791,-6.246875046118791,sequential,4e-07,2.0,1,5
617,10102105000,102,5,0,0.026639720733597223,0.4373463334837687,0,,-4.81942428487914,-4.81942428487914,sequential,4e-07,2.0,1,5
618,10103100000,103,0,0,0.060819269329796574,0.20037448022017193,0,,-6.384943440137488,-6.384943440137488,sequential,4e-07,2.0,2,5
619,10103101000,103,1,0,0.14915486573622685,0.23651184294549438,0,,-8.947111038919083,-8.947111038919083,sequential,4e-07,2.0,2,5
620,10103102000,103,2,0,0.025930149202462394,0.44591103626482104,0,,-4.9259429735425115,-4.9259429735425115,sequential,4e-07,2.0,2,5
621,10103103000,103,3,0,0.14915491832530034,0.23651188380300145,0,,-8.947110418370062,-8.947110418370062,sequential,4e-07,2.0,2,5
622,10103104000,103,4,0,0.06081925980293225,0.2003744655316761,0,,-6.384942544202901,-6.384942544202901,sequential,4e-07,2.0,2,5
623,10103105000,103,5,0,0.025930152639848585,0.4459108598186017,0,,-4.925942975417452,-4.925942975417452,sequential,4e-07,2.0,2,5
624,10104100000,104,0,0,0.058956877119830955,0.18378437515186535,0,,-6.58879685060506,-6.58879685060506,sequential,4e-07,2.0,18,5
625,10104101000,104,1,0,0.14858605772459027,0.2497734392348085,0,,-9.232761609574878,-9.232761609574878,sequential,4e-07,2.0,18,5
626,10104102000,104,2,0,0.025243431749493308,0.41799513831468144,0,,-5.08321728188905,-5.08321728188905,sequential,4e-07,2.0,18,5
627,10104103000,104,3,0,0.14858610404207598,0.24977347164675684,0,,-9.232760969215098,-9.232760969215098,sequential,4e-07,2.0,18,5
628,10104104000,104,4,0,0.0589568684717372,0.18378436046343002,0,,-6.588795926075914,-6.588795926075914,sequential,4e-07,2.0,18,5
629,10104105000,104,5,0,0.025243435197082484,0.417995014113667,0,,-5.083217283821331,-5.083217283821331,sequential,4e-07,2.0,18,5
630,10105100000,105,0,0,0.06355357375584703,0.19545656408369205,0,,-6.633028827252167,-6.633028827252167,sequential,4e-07,18.0,1,5
631,10105101000,105,1,0,0.13557242624851923,0.23026883555142705,0,,-9.294780020828984,-9.294780020828984,sequential,4e-07,18.0,1,5
632,10105102000,105,2,0,0.026877214923673842,0.42582546958247197,0,,-4.902208202333813,-4.902208202333813,sequential,4e-07,18.0,1,5
633,10105103000,105,3,0,0.13557247324133,0.23026887494734996,0,,-9.294779376167472,-9.294779376167472,sequential,4e-07,18.0,1,5
634,10105104000,105,4,0,0.06355356242749396,0.19545654816722766,0,,-6.633027896495072,-6.633027896495072,sequential,4e-07,18.0,1,5
635,10105105000,105,5,0,0.02687721824601286,0.4258252998316948,0,,-4.902208204216377,-4.902208204216377,sequential,4e-07,18.0,1,5
636,10106100000,106,0,0,0.06184499948330177,0.196129164609375,0,,-6.780741035269845,-6.780741035269845,sequential,4e-07,18.0,2,5
637,10106101000,106,1,0,0.13455224505163313,0.23550169952659236,0,,-9.501748497567599,-9.501748497567599,sequential,4e-07,18.0,2,5
638,10106102000,106,2,0,0.026196306108026562,0.4341685811181195,0,,-5.01137642942198,-5.01137642942198,sequential,4e-07,18.0,2,5
639,10106103000,106,3,0,0.13455228552294693,0.2355017388421756,0,,-9.501747838555438,-9.501747838555438,sequential,4e-07,18.0,2,5
640,10106104000,106,4,0,0.061844988744405305,0.1961291503046471,0,,-6.780740083742472,-6.780740083742472,sequential,4e-07,18.0,2,5
641,10106105000,106,5,0,0.026196309396818065,0.434168409102997,0,,-5.011376431379713,-5.011376431379713,sequential,4e-07,18.0,2,5
642,10107100000,107,0,0,0.060088747195813606,0.1799172970065964,0,,-7.000743763539557,-7.000743763539557,sequential,4e-07,18.0,18,5
643,10107101000,107,1,0,0.1355131120428601,0.24813522643310287,0,,-9.809961381796512,-9.809961381796512,sequential,4e-07,18.0,18,5
644,10107102000,107,2,0,0.02554697577058871,0.40747252235172976,0,,-5.17397170937334,-5.17397170937334,sequential,4e-07,18.0,18,5
645,10107103000,107,3,0,0.1355131543002093,0.24813525706488757,0,,-9.809960701420264,-9.809960701420264,sequential,4e-07,18.0,18,5
646,10107104000,107,4,0,0.060088737362019314,0.17991728273205002,0,,-7.000742781197908,-7.000742781197908,sequential,4e-07,18.0,18,5
647,10107105000,107,5,0,0.025546979084041143,0.40747239984358063,0,,-5.173971711334736,-5.173971711334736,sequential,4e-07,18.0,18,5
648,10108100000,108,0,0,0.046953337133776245,0.1755813855406715,0,,-4.3636004607188354,-4.3636004607188354,sequential,5e-07,0.6,1,5
649,10108101000,108,1,0,0.12217139946392609,0.18228193223270336,0,,-6.26047844221249,-6.26047844221249,sequential,5e-07,0.6,1,5
650,10108102000,108,2,0,0.019832663027503968,0.4147304673280652,0,,-3.22496382000518,-3.22496382000518,sequential,5e-07,0.6,1,5
651,10108103000,108,3,0,0.12217143965056627,0.1822819677124127,0,,-6.260478008001488,-6.260478008001488,sequential,5e-07,0.6,1,5
652,10108104000,108,4,0,0.04695332859139524,0.17558135798163074,0,,-4.363599848419386,-4.363599848419386,sequential,5e-07,0.6,1,5
653,10108105000,108,5,0,0.019832665448160307,0.4147303218860943,0,,-3.224963821232799,-3.224963821232799,sequential,5e-07,0.6,1,5
654,10109100000,109,0,0,0.045485129917299555,0.17743074196002281,0,,-4.463330908807632,-4.463330908807632,sequential,5e-07,0.6,2,5
655,10109101000,109,1,0,0.1210663914617536,0.18665581609157644,0,,-6.403981694089576,-6.403981694089576,sequential,5e-07,0.6,2,5
656,10109102000,109,2,0,0.019242045904410202,0.42170299969101416,0,,-3.298670633753918,-3.298670633753918,sequential,5e-07,0.6,2,5
657,10109103000,109,3,0,0.12106643192933061,0.18665585211552194,0,,-6.403981249927066,-6.403981249927066,sequential,5e-07,0.6,2,5
658,10109104000,109,4,0,0.0454851218519525,0.1774307154940456,0,,-4.463330282515464,-4.463330282515464,sequential,5e-07,0.6,2,5
659,10109105000,109,5,0,0.019242048290607182,0.42170285563915316,0,,-3.298670635009799,-3.298670635009799,sequential,5e-07,0.6,2,5
660,10110100000,110,0,0,0.04414120669043077,0.16533027459511807,0,,-4.570121279917329,-4.570121279917329,sequential,5e-07,0.6,18,5
661,10110101000,110,1,0,0.12030956324144246,0.19853084766150392,0,,-6.5587169271361105,-6.5587169271361105,sequential,5e-07,0.6,18,5
662,10110102000,110,2,0,0.01873009936136891,0.40211885369731637,0,,-3.3775951561999396,-3.3775951561999396,sequential,5e-07,0.6,18,5
663,10110103000,110,3,0,0.12030960426481022,0.19853087857797863,0,,-6.558716472241634,-6.558716472241634,sequential,5e-07,0.6,18,5
664,10110104000,110,4,0,0.04414119923864345,0.1653302751113736,0,,-4.570120638643448,-4.570120638643448,sequential,5e-07,0.6,18,5
665,10110105000,110,5,0,0.018730101750696733,0.4021187063678123,0,,-3.377595157485806,-3.377595157485806,sequential,5e-07,0.6,18,5
666,10111100000,111,0,0,0.04919061879710936,0.16513943716677054,0,,-6.194946424507618,-6.194946424507618,sequential,5e-07,1.0,1,5
667,10111101000,111,1,0,0.12649208534403886,0.18244613942261215,0,,-8.703018322306486,-8.703018322306486,sequential,5e-07,1.0,1,5
668,10111102000,111,2,0,0.02078115416229646,0.37957769183914064,0,,-4.765655700654368,-4.765655700654368,sequential,5e-07,1.0,1,5
669,10111103000,111,3,0,0.1264921253872445,0.1824461697903637,0,,-8.703017718687155,-8.703017718687155,sequential,5e-07,1.0,1,5
670,10111104000,111,4,0,0.04919060987302331,0.16513941356527304,0,,-6.194945555235173,-6.194945555235173,sequential,5e-07,1.0,1,5
671,10111105000,111,5,0,0.02078115670327289,0.37957755946108535,0,,-4.765655702468233,-4.765655702468233,sequential,5e-07,1.0,1,5
672,10112100000,112,0,0,0.04766686242158247,0.16677675207907952,0,,-6.346888162322275,-6.346888162322275,sequential,5e-07,1.0,2,5
673,10112101000,112,1,0,0.12580490435413108,0.18688728501547777,0,,-8.916552400923429,-8.916552400923429,sequential,5e-07,1.0,2,5
674,10112102000,112,2,0,0.020170445447303374,0.3856904046926326,0,,-4.882493770476978,-4.882493770476978,sequential,5e-07,1.0,2,5
675,10112103000,112,3,0,0.1258049449902138,0.1868873156965666,0,,-8.916551782495015,-8.916551782495015,sequential,5e-07,1.0,2,5
676,10112104000,112,4,0,0.04766685400690735,0.16677672963620352,0,,-6.346887271728404,-6.346887271728404,sequential,5e-07,1.0,2,5
677,10112105000,112,5,0,0.02017044795531472,0.38569027384185706,0,,-4.8824937723340005,-4.8824937723340005,sequential,5e-07,1.0,2,5
678,10113100000,113,0,0,0.046283067345263565,0.1526851616930798,0,,-6.532208122962148,-6.532208122962148,sequential,5e-07,1.0,18,5
679,10113101000,113,1,0,0.12565280958029795,0.1969459859372023,0,,-9.177181893553755,-9.177181893553755,sequential,5e-07,1.0,18,5
680,10113102000,113,2,0,0.019648273634120927,0.36948525761258105,0,,-5.024883294119174,-5.024883294119174,sequential,5e-07,1.0,18,5
681,10113103000,113,3,0,0.12565285121195105,0.19694601028663342,0,,-9.177181257047133,-9.177181257047133,sequential,5e-07,1.0,18,5
682,10113104000,113,4,0,0.04628305959089642,0.15268514047567117,0,,-6.532207206367562,-6.532207206367562,sequential,5e-07,1.0,18,5
683,10113105000,113,5,0,0.01964827615097269,0.36948512351013435,0,,-5.024883296031671,-5.024883296031671,sequential,5e-07,1.0,18,5
684,10114100000,114,0,0,0.04975725684333886,0.1625856663503352,0,,-6.674343312619065,-6.674343312619065,sequential,5e-07,1.3,1,5
685,10114101000,114,1,0,0.1269583111429261,0.18223829755042933,0,,-9.360645117584998,-9.360645117584998,sequential,5e-07,1.3,1,5
686,10114102000,114,2,0,0.021015304660082567,0.3713209336838342,0,,-5.144210925876174,-5.144210925876174,sequential,5e-07,1.3,1,5
687,10114103000,114,3,0,0.12695835085751803,0.1822383265890134,0,,-9.360644468356403,-9.360644468356403,sequential,5e-07,1.3,1,5
688,10114104000,114,4,0,0.04975724777835524,0.16258564364433684,0,,-6.674342376077109,-6.674342376077109,sequential,5e-07,1.3,1,5
689,10114105000,114,5,0,0.02101530722283796,0.37132080429796194,0,,-5.144210927833977,-5.144210927833977,sequential,5e-07,1.3,1,5
690,10115100000,115,0,0,0.048223904518574716,0.164170860548708,0,,-6.839945909254859,-6.839945909254859,sequential,5e-07,1.3,2,5
691,10115101000,115,1,0,0.1263952176542453,0.1866823757126415,0,,-9.592933916216674,-9.592933916216674,sequential,5e-07,1.3,2,5
692,10115102000,115,2,0,0.020401321416719614,0.3772425341149966,0,,-5.271826995106192,-5.271826995106192,sequential,5e-07,1.3,2,5
693,10115103000,115,3,0,0.12639525804442292,0.1866824050038394,0,,-9.59293325087551,-9.59293325087551,sequential,5e-07,1.3,2,5
694,10115104000,115,4,0,0.0482238959721852,0.1641708390130951,0,,-6.839944949476148,-6.839944949476148,sequential,5e-07,1.3,2,5
695,10115105000,115,5,0,0.02040132394749461,0.37724240627348943,0,,-5.271826997113103,-5.271826997113103,sequential,5e-07,1.3,2,5
696,10116100000,116,0,0,0.04683526234683985,0.15033157483011594,0,,-7.045503039169789,-7.045503039169789,sequential,5e-07,1.3,18,5
697,10116101000,116,1,0,0.12641806413008982,0.1962659546920917,0,,-9.881347339636786,-9.881347339636786,sequential,5e-07,1.3,18,5
698,10116102000,116,2,0,0.019878427578316503,0.36174302014726756,0,,-5.430182410377453,-5.430182410377453,sequential,5e-07,1.3,18,5
699,10116103000,116,3,0,0.1264181056322592,0.1962659773885745,0,,-9.881346654289892,-9.881346654289892,sequential,5e-07,1.3,18,5
700,10116104000,116,4,0,0.04683525447309338,0.1503315544831804,0,,-7.045502050552833,-7.045502050552833,sequential,5e-07,1.3,18,5
701,10116105000,116,5,0,0.01987843011992836,0.36174288910643626,0,,-5.430182412447301,-5.430182412447301,sequential,5e-07,1.3,18,5
702,10117100000,117,0,0,0.05012408272708953,0.16094193917404911,0,,-6.974285717918892,-6.974285717918892,sequential,5e-07,1.7,1,5
703,10117101000,117,1,0,0.12676750427340486,0.18203139612745386,0,,-9.772759982579354,-9.772759982579354,sequential,5e-07,1.7,1,5
704,10117102000,117,2,0,0.021161974918336043,0.3660897683881605,0,,-5.380658691259308,-5.380658691259308,sequential,5e-07,1.7,1,5
705,10117103000,117,3,0,0.12676754359657577,0.18203142431535718,0,,-9.772759304767245,-9.772759304767245,sequential,5e-07,1.7,1,5
706,10117104000,117,4,0,0.05012407353444623,0.16094191701072924,0,,-6.974284739289076,-6.974284739289076,sequential,5e-07,1.7,1,5
707,10117105000,117,5,0,0.021161977488020175,0.36608964084753404,0,,-5.380658693306765,-5.380658693306765,sequential,5e-07,1.7,1,5
708,10118100000,118,0,0,0.048588104263682694,0.1624940414099623,0,,-7.148466418566874,-7.148466418566874,sequential,5e-07,1.7,2,5
709,10118101000,118,1,0,0.1262904993481291,0.1864737057205855,0,,-10.016842359746573,-10.016842359746573,sequential,5e-07,1.7,2,5
710,10118102000,118,2,0,0.020547284093089573,0.3718985053862861,0,,-5.515032382725431,-5.515032382725431,sequential,5e-07,1.7,2,5
711,10118103000,118,3,0,0.12629053939905924,0.18647373412255028,0,,-10.016841665006107,-10.016841665006107,sequential,5e-07,1.7,2,5
712,10118104000,118,4,0,0.04858809559622587,0.16249402042264358,0,,-7.148465415496305,-7.148465415496305,sequential,5e-07,1.7,2,5
713,10118105000,118,5,0,0.020547286631880133,0.3718983793908378,0,,-5.515032384823391,-5.515032384823391,sequential,5e-07,1.7,2,5
714,10119100000,119,0,0,0.047200503893470164,0.1488147825886453,0,,-7.366731958225017,-7.366731958225017,sequential,5e-07,1.7,18,5
715,10119101000,119,1,0,0.12643134426250685,0.1957513460433207,0,,-10.32272513056674,-10.32272513056674,sequential,5e-07,1.7,18,5
716,10119102000,119,2,0,0.02002532818110255,0.35681104248385925,0,,-5.683400757310032,-5.683400757310032,sequential,5e-07,1.7,18,5
717,10119103000,119,3,0,0.12643138549848598,0.19575136769565585,0,,-10.322724414610054,-10.322724414610054,sequential,5e-07,1.7,18,5
718,10119104000,119,4,0,0.047200495906767115,0.1488147627684749,0,,-7.366730924529349,-7.366730924529349,sequential,5e-07,1.7,18,5
719,10119105000,119,5,0,0.020025330732401186,0.3568109133424756,0,,-5.683400759467856,-5.683400759467856,sequential,5e-07,1.7,18,5
720,10120100000,120,0,0,0.05027975201290378,0.16024500042646048,0,,-7.096381034708573,-7.096381034708573,sequential,5e-07,2.0,1,5
721,10120101000,120,1,0,0.12642878933877377,0.1819193586765648,0,,-9.94084124112823,-9.94084124112823,sequential,5e-07,2.0,1,5
722,10120102000,120,2,0,0.021221783762315427,0.3638966294846552,0,,-5.476708973456202,-5.476708973456202,sequential,5e-07,2.0,1,5
723,10120103000,120,3,0,0.1264288284140982,0.1819193865120277,0,,-9.940840551658164,-9.940840551658164,sequential,5e-07,2.0,1,5
724,10120104000,120,4,0,0.050279742747646884,0.16024497847865088,0,,-7.096380038945123,-7.096380038945123,sequential,5e-07,2.0,1,5
725,10120105000,120,5,0,0.021221786331323204,0.36389650269316576,0,,-5.47670897553895,-5.47670897553895,sequential,5e-07,2.0,1,5
726,10121100000,121,0,0,0.04874446931293326,0.16178334656210783,0,,-7.274054545916707,-7.274054545916707,sequential,5e-07,2.0,2,5
727,10121101000,121,1,0,0.1259891153104489,0.18635980284171066,0,,-10.189734071488468,-10.189734071488468,sequential,5e-07,2.0,2,5
728,10121102000,121,2,0,0.02060749760469154,0.3696620991861251,0,,-5.613829097676723,-5.613829097676723,sequential,5e-07,2.0,2,5
729,10121103000,121,3,0,0.12598915513386627,0.18635983087551652,0,,-10.189733364755657,-10.189733364755657,sequential,5e-07,2.0,2,5
730,10121104000,121,4,0,0.0487444605759447,0.16178332579183533,0,,-7.274053525224297,-7.274053525224297,sequential,5e-07,2.0,2,5
731,10121105000,121,5,0,0.020607500143475798,0.3696619739356648,0,,-5.613829099812831,-5.613829099812831,sequential,5e-07,2.0,2,5
732,10122100000,122,0,0,0.0473594192296173,0.14817124139018356,0,,-7.497484079495672,-7.497484079495672,sequential,5e-07,2.0,18,5
733,10122101000,122,1,0,0.12617945540054865,0.19550978256675106,0,,-10.50272631914208,-10.50272631914208,sequential,5e-07,2.0,18,5
734,10122102000,122,2,0,0.020086636973251987,0.35473292126232586,0,,-5.786259524309676,-5.786259524309676,sequential,5e-07,2.0,18,5
735,10122103000,122,3,0,0.12617949643710807,0.1955098037910395,0,,-10.502725590700772,-10.502725590700772,sequential,5e-07,2.0,18,5
736,10122104000,122,4,0,0.04735941117681437,0.14817122177869657,0,,-7.497483027462248,-7.497483027462248,sequential,5e-07,2.0,18,5
737,10122105000,122,5,0,0.020086639525451627,0.35473279289941095,0,,-5.786259526510399,-5.786259526510399,sequential,5e-07,2.0,18,5
738,10123100000,123,0,0,0.05104306383647601,0.1566750851999458,0,,-7.550685628960621,-7.550685628960621,sequential,5e-07,18.0,1,5
739,10123101000,123,1,0,0.11503927972233977,0.18085290248275557,0,,-10.576085197215939,-10.576085197215939,sequential,5e-07,18.0,1,5
740,10123102000,123,2,0,0.021470162416060645,0.353083804313374,0,,-5.8280721608128925,-5.8280721608128925,sequential,5e-07,18.0,1,5
741,10123103000,123,3,0,0.1150393151199493,0.18085292887541046,0,,-10.57608446370422,-10.57608446370422,sequential,5e-07,18.0,1,5
742,10123104000,123,4,0,0.05104305361840623,0.15667506395782652,0,,-7.550684569461022,-7.550684569461022,sequential,5e-07,18.0,1,5
743,10123105000,123,5,0,0.02147016548333972,0.35308368051197164,0,,-5.8280721630477,-5.8280721630477,sequential,5e-07,18.0,1,5
744,10124100000,124,0,0,0.04957118561898139,0.15815238102788928,0,,-7.7411320336889204,-7.7411320336889204,sequential,5e-07,18.0,2,5
745,10124101000,124,1,0,0.11469212254265541,0.18526431582305794,0,,-10.842821765637753,-10.842821765637753,sequential,5e-07,18.0,2,5
746,10124102000,124,2,0,0.02085613115195367,0.35875623489853486,0,,-5.975080930887027,-5.975080930887027,sequential,5e-07,18.0,2,5
747,10124103000,124,3,0,0.11469215865316636,0.1852643423579916,0,,-10.842821013581803,-10.842821013581803,sequential,5e-07,18.0,2,5
748,10124104000,124,4,0,0.04957117595164242,0.15815236094886742,0,,-7.74113094744756,-7.74113094744756,sequential,5e-07,18.0,2,5
749,10124105000,124,5,0,0.020856133579765835,0.35875611248059824,0,,-5.975080933155777,-5.975080933155777,sequential,5e-07,18.0,2,5
750,10125100000,125,0,0,0.04826839326685739,0.1448723680884335,0,,-7.98294301829307,-7.98294301829307,sequential,5e-07,18.0,18,5
751,10125101000,125,1,0,0.114938172226074,0.19386264418184537,0,,-11.181449928289942,-11.181449928289942,sequential,5e-07,18.0,18,5
752,10125102000,125,2,0,0.02036306312376749,0.3442305283837999,0,,-6.16176824563909,-6.16176824563909,sequential,5e-07,18.0,18,5
753,10125103000,125,3,0,0.11493820948591572,0.19386266373236508,0,,-11.181449152781338,-11.181449152781338,sequential,5e-07,18.0,18,5
754,10125104000,125,4,0,0.048268384298626316,0.1448723491486179,0,,-7.982941898088438,-7.982941898088438,sequential,5e-07,18.0,18,5
755,10125105000,125,5,0,0.020363065575443144,0.34423040329791754,0,,-6.1617682479888405,-6.1617682479888405,sequential,5e-07,18.0,18,5
756,10126100000,126,0,0,0.03900372930479459,0.15366621856143903,0,,-4.611714562587517,-4.611714562587517,sequential,6e-07,0.6,1,5
757,10126101000,126,1,0,0.10528295573256084,0.14991548958047451,0,,-6.626521138834806,-6.626521138834806,sequential,6e-07,0.6,1,5
758,10126102000,126,2,0,0.016740980216143904,0.3505575691112826,0,,-3.4083350997782107,-3.4083350997782107,sequential,6e-07,0.6,1,5
759,10126103000,126,3,0,0.10528299133613991,0.14991551759806343,0,,-6.6265206792355515,-6.6265206792355515,sequential,6e-07,0.6,1,5
760,10126104000,126,4,0,0.03900372379408565,0.1536662114760633,0,,-4.611713915472583,-4.611713915472583,sequential,6e-07,0.6,1,5
761,10126105000,126,5,0,0.016740982538459327,0.35055743232871905,0,,-3.408335101077189,-3.408335101077189,sequential,6e-07,0.6,1,5
762,10127100000,127,0,0,0.03749730747300431,0.1555069805585275,0,,-4.729638506584499,-4.729638506584499,sequential,6e-07,0.6,2,5
763,10127101000,127,1,0,0.10385801492507712,0.1537050176377119,0,,-6.796448755504197,-6.796448755504197,sequential,6e-07,0.6,2,5
764,10127102000,127,2,0,0.016128870171938408,0.3611979713611197,0,,-3.549629294976784,-3.549629294976784,sequential,6e-07,0.6,2,5
765,10127103000,127,3,0,0.10385805054800001,0.15370504636104584,0,,-6.796448284120477,-6.796448284120477,sequential,6e-07,0.6,2,5
766,10127104000,127,4,0,0.03749730234637412,0.15550697501648839,0,,-4.7296378429219015,-4.7296378429219015,sequential,6e-07,0.6,2,5
767,10127105000,127,5,0,0.016128872438397588,0.3611978323327101,0,,-3.549629296327688,-3.549629296327688,sequential,6e-07,0.6,2,5
768,10128100000,128,0,0,0.036387368638490486,0.1457309983629457,0,,-4.8384038377795,-4.8384038377795,sequential,6e-07,0.6,18,5
769,10128101000,128,1,0,0.10275223640192357,0.1632005093446697,0,,-6.954477847603747,-6.954477847603747,sequential,6e-07,0.6,18,5
770,10128102000,128,2,0,0.01565248412585108,0.34220752369545815,0,,-3.630203018376897,-3.630203018376897,sequential,6e-07,0.6,18,5
771,10128103000,128,3,0,0.10275227217364838,0.16320053404162646,0,,-6.954477365260286,-6.954477365260286,sequential,6e-07,0.6,18,5
772,10128104000,128,4,0,0.03638736189433706,0.14573099049376412,0,,-4.838403158853562,-4.838403158853562,sequential,6e-07,0.6,18,5
773,10128105000,128,5,0,0.015652486372833,0.34220742779883556,0,,-3.6302030197573503,-3.6302030197573503,sequential,6e-07,0.6,18,5
774,10129100000,129,0,0,0.04115029502253779,0.14076653843220072,0,,-7.0410808995969365,-7.0410808995969365,sequential,6e-07,1.0,1,5
775,10129101000,129,1,0,0.11040757294218682,0.14969992709810231,0,,-9.503830725545214,-9.503830725545214,sequential,6e-07,1.0,1,5
776,10129102000,129,2,0,0.017692062361385572,0.3202033273066292,0,,-5.203783285755066,-5.203783285755066,sequential,6e-07,1.0,1,5
777,10129103000,129,3,0,0.1104076089707436,0.14969994998979505,0,,-9.503830066385152,-9.503830066385152,sequential,6e-07,1.0,1,5
778,10129104000,129,4,0,0.041150289356833215,0.1407665339418319,0,,-7.041079911594743,-7.041079911594743,sequential,6e-07,1.0,1,5
779,10129105000,129,5,0,0.017692064840808097,0.3202032032620683,0,,-5.203783287735592,-5.203783287735592,sequential,6e-07,1.0,1,5
780,10130100000,130,0,0,0.03956498401359292,0.14230610879086344,0,,-7.234002452355878,-7.234002452355878,sequential,6e-07,1.0,2,5
781,10130101000,130,1,0,0.1093976993331846,0.1536333169554598,0,,-9.764420913680793,-9.764420913680793,sequential,6e-07,1.0,2,5
782,10130102000,130,2,0,0.01704884998970828,0.3295891099914958,0,,-5.346363944246955,-5.346363944246955,sequential,6e-07,1.0,2,5
783,10130103000,130,3,0,0.10939773571667619,0.1536333403406695,0,,-9.764420236446151,-9.764420236446151,sequential,6e-07,1.0,2,5
784,10130104000,130,4,0,0.039564976386984314,0.1423061058224126,0,,-7.234001437282413,-7.234001437282413,sequential,6e-07,1.0,2,5
785,10130105000,130,5,0,0.017048852411821105,0.3295889842771789,0,,-5.346363946282315,-5.346363946282315,sequential,6e-07,1.0,2,5
786,10131100000,131,0,0,0.038463362652003404,0.1336612808356504,0,,-7.440054702061841,-7.440054702061841,sequential,6e-07,1.0,18,5
787,10131101000,131,1,0,0.1088194058024083,0.16144745838511315,0,,-10.043231074804897,-10.043231074804897,sequential,6e-07,1.0,18,5
788,10131102000,131,2,0,0.016553308753304147,0.3084996425306959,0,,-5.498648979408462,-5.498648979408462,sequential,6e-07,1.0,18,5
789,10131103000,131,3,0,0.10881944274478912,0.16144747664911047,0,,-10.043230378232133,-10.043230378232133,sequential,6e-07,1.0,18,5
790,10131104000,131,4,0,0.03846335556296151,0.1336612758238473,0,,-7.440053658077351,-7.440053658077351,sequential,6e-07,1.0,18,5
791,10131105000,131,5,0,0.016553311158533292,0.3084995212693329,0,,-5.498648981493518,-5.498648981493518,sequential,6e-07,1.0,18,5
792,10132100000,132,0,0,0.041711384189727065,0.13771080378345718,0,,-7.642379710709905,-7.642379710709905,sequential,6e-07,1.3,1,5
793,10132101000,132,1,0,0.11117114704802676,0.14937680566029263,0,,-10.2751904005273,-10.2751904005273,sequential,6e-07,1.3,1,5
794,10132102000,132,2,0,0.017933881975438354,0.31297335539758475,0,,-5.648179358474441,-5.648179358474441,sequential,6e-07,1.3,1,5
795,10132103000,132,3,0,0.1111711829107841,0.14937682721603526,0,,-10.275189687867634,-10.275189687867634,sequential,6e-07,1.3,1,5
796,10132104000,132,4,0,0.041711378449655646,0.13771079983439605,0,,-7.642378638333332,-7.642378638333332,sequential,6e-07,1.3,1,5
797,10132105000,132,5,0,0.017933884489235354,0.31297323434623187,0,,-5.648179360623804,-5.648179360623804,sequential,6e-07,1.3,1,5
798,10133100000,133,0,0,0.04010429027100877,0.13918018915666402,0,,-7.854240143328165,-7.854240143328165,sequential,6e-07,1.3,2,5
799,10133101000,133,1,0,0.11029128229638946,0.15332935130061276,0,,-10.56012382660029,-10.56012382660029,sequential,6e-07,1.3,2,5
800,10133102000,133,2,0,0.017284115286983193,0.3220668237405171,0,,-5.804756990991711,-5.804756990991711,sequential,6e-07,1.3,2,5
801,10133103000,133,3,0,0.11029131860811117,0.15332937329081112,0,,-10.560123094178557,-10.560123094178557,sequential,6e-07,1.3,2,5
802,10133104000,133,4,0,0.040104282512646014,0.13918018671976326,0,,-7.854239041223365,-7.854239041223365,sequential,6e-07,1.3,2,5
803,10133105000,133,5,0,0.017284117743643444,0.3220667011418853,0,,-5.8047569932004635,-5.8047569932004635,sequential,6e-07,1.3,2,5
804,10134100000,134,0,0,0.0389982119067819,0.130786501222774,0,,-8.085059327141925,-8.085059327141925,sequential,6e-07,1.3,18,5
805,10134101000,134,1,0,0.1098741045802313,0.16069982406820146,0,,-10.870772207710711,-10.870772207710711,sequential,6e-07,1.3,18,5
806,10134102000,134,2,0,0.016784953890450365,0.3019747241940371,0,,-5.975346283640917,-5.975346283640917,sequential,6e-07,1.3,18,5
807,10134103000,134,3,0,0.10987414156599325,0.16069984070884416,0,,-10.870771453744336,-10.870771453744336,sequential,6e-07,1.3,18,5
808,10134104000,134,4,0,0.03899820469702877,0.13078649681207216,0,,-8.085058192648397,-8.085058192648397,sequential,6e-07,1.3,18,5
809,10134105000,134,5,0,0.016784956331373013,0.3019746057223318,0,,-5.975346285912466,-5.975346285912466,sequential,6e-07,1.3,18,5
810,10135100000,135,0,0,0.042086606487566264,0.13578225547820705,0,,-8.01795729576798,-8.01795729576798,sequential,6e-07,1.7,1,5
811,10135101000,135,1,0,0.11122936431353121,0.14909692947595446,0,,-10.75845579882292,-10.75845579882292,sequential,6e-07,1.7,1,5
812,10135102000,135,2,0,0.01808964389301566,0.3083583308984041,0,,-5.9257538368266705,-5.9257538368266705,sequential,6e-07,1.7,1,5
813,10135103000,135,3,0,0.1112293998991946,0.1490969501789867,0,,-10.758455052644903,-10.758455052644903,sequential,6e-07,1.7,1,5
814,10135104000,135,4,0,0.042086600668421716,0.13578225183945547,0,,-8.01795617069185,-8.01795617069185,sequential,6e-07,1.7,1,5
815,10135105000,135,5,0,0.01808964642400224,0.3083582117305001,0,,-5.92575383908111,-5.92575383908111,sequential,6e-07,1.7,1,5
816,10136100000,136,0,0,0.04046914760119039,0.13720833544940453,0,,-8.241708794267034,-8.241708794267034,sequential,6e-07,1.7,2,5
817,10136101000,136,1,0,0.11044272696926988,0.15305742105012152,0,,-11.058715191650762,-11.058715191650762,sequential,6e-07,1.7,2,5
818,10136102000,136,2,0,0.017436763343115183,0.31727120422139926,0,,-6.091119683930099,-6.091119683930099,sequential,6e-07,1.7,2,5
819,10136103000,136,3,0,0.11044276306580805,0.15305744214962105,0,,-11.058714424647638,-11.058714424647638,sequential,6e-07,1.7,2,5
820,10136104000,136,4,0,0.04046914221114379,0.13720833331492532,0,,-8.24170763779328,-8.24170763779328,sequential,6e-07,1.7,2,5
821,10136105000,136,5,0,0.0174367658175092,0.3172710835750323,0,,-6.091119686248674,-6.091119686248674,sequential,6e-07,1.7,2,5
822,10137100000,137,0,0,0.03934851441962833,0.12896900095008804,0,,-8.488091852917604,-8.488091852917604,sequential,6e-07,1.7,18,5
823,10137101000,137,1,0,0.11013817064477055,0.16090832671123195,0,,-11.389418279716965,-11.389418279716965,sequential,6e-07,1.7,18,5
824,10137102000,137,2,0,0.016936253512929118,0.297778053595232,0,,-6.273211618417781,-6.273211618417781,sequential,6e-07,1.7,18,5
825,10137103000,137,3,0,0.11013820749085085,0.16090836418974558,0,,-11.389417489775592,-11.389417489775592,sequential,6e-07,1.7,18,5
826,10137104000,137,4,0,0.03934850710377265,0.12896899688665311,0,,-8.488090661872453,-8.488090661872453,sequential,6e-07,1.7,18,5
827,10137105000,137,5,0,0.016936255972670813,0.297777936893043,0,,-6.273211620799266,-6.273211620799266,sequential,6e-07,1.7,18,5
828,10138100000,138,0,0,0.04225166587422736,0.134979479958708,0,,-7.8221628497266495,-7.8221628497266495,sequential,6e-07,2.0,1,5
829,10138101000,138,1,0,0.11101989733525486,0.14895630910946034,0,,-10.955106088320102,-10.955106088320102,sequential,6e-07,2.0,1,5
830,10138102000,138,2,0,0.018155197581687068,0.30640879194273757,0,,-6.038281015815743,-6.038281015815743,sequential,6e-07,2.0,1,5
831,10138103000,138,3,0,0.11101993272313389,0.1489563294605168,0,,-10.95510532850268,-10.95510532850268,sequential,6e-07,2.0,1,5
832,10138104000,138,4,0,0.04225166000555691,0.1349794764356989,0,,-7.82216175212222,-7.82216175212222,sequential,6e-07,2.0,1,5
833,10138105000,138,5,0,0.018155200117317315,0.3064086735573783,0,,-6.038281018113535,-6.038281018113535,sequential,6e-07,2.0,1,5
834,10139100000,139,0,0,0.040631384591890966,0.13638802801983496,0,,-8.041008864901016,-8.041008864901016,sequential,6e-07,2.0,2,5
835,10139101000,139,1,0,0.11027521190832651,0.15291884094126632,0,,-11.261609430625493,-11.261609430625493,sequential,6e-07,2.0,2,5
836,10139102000,139,2,0,0.01750157439411574,0.31524841790990416,0,,-6.207215120971379,-6.207215120971379,sequential,6e-07,2.0,2,5
837,10139103000,139,3,0,0.11027524783247442,0.15291886167314225,0,,-11.26160864954951,-11.26160864954951,sequential,6e-07,2.0,2,5
838,10139104000,139,4,0,0.04063137915591469,0.13638802599710312,0,,-8.041007736588737,-8.041007736588737,sequential,6e-07,2.0,2,5
839,10139105000,139,5,0,0.017501576873609353,0.31524829807056204,0,,-6.207215123331432,-6.207215123331432,sequential,6e-07,2.0,2,5
840,10140100000,140,0,0,0.039498908206975235,0.12821165452742686,0,,-8.651487579314612,-8.651487579314612,sequential,6e-07,2.0,18,5
841,10140101000,140,1,0,0.11001990359643282,0.16107838132905075,0,,-11.600468076811657,-11.600468076811657,sequential,6e-07,2.0,18,5
842,10140102000,140,2,0,0.017000997672980717,0.29599379537792087,0,,-6.393970911137398,-6.393970911137398,sequential,6e-07,2.0,18,5
843,10140103000,140,3,0,0.11001994030083556,0.16107841855520194,0,,-11.600467272232006,-11.600467272232006,sequential,6e-07,2.0,18,5
844,10140104000,140,4,0,0.039498900831794,0.1282116505947463,0,,-8.651486365342837,-8.651486365342837,sequential,6e-07,2.0,18,5
845,10140105000,140,5,0,0.01700100013845865,0.29599367941703036,0,,-6.393970913565451,-6.393970913565451,sequential,6e-07,2.0,18,5
846,10141100000,141,0,0,0.04325852637914551,0.13128465532477818,0,,-8.340048774195445,-8.340048774195445,sequential,6e-07,18.0,1,5
847,10141101000,141,1,0,0.10100014932085144,0.14786536523787322,0,,-11.678043870287736,-11.678043870287736,sequential,6e-07,18.0,1,5
848,10141102000,141,2,0,0.01846974385253339,0.2965279750585072,0,,-6.439552668483342,-6.439552668483342,sequential,6e-07,18.0,1,5
849,10141103000,141,3,0,0.1010001812778031,0.14786538420230586,0,,-11.678043060286226,-11.678043060286226,sequential,6e-07,18.0,1,5
850,10141104000,141,4,0,0.04325851975248564,0.13128465197570083,0,,-8.340047603897089,-8.340047603897089,sequential,6e-07,18.0,1,5
851,10141105000,141,5,0,0.018469746326886253,0.29652786026799866,0,,-6.439552670878273,-6.439552670878273,sequential,6e-07,18.0,1,5
852,10142100000,142,0,0,0.04166477170980367,0.13262743687215203,0,,-8.575116249324797,-8.575116249324797,sequential,6e-07,18.0,2,5
853,10142101000,142,1,0,0.10040541622207504,0.15181579907740994,0,,-12.007177456638262,-12.007177456638262,sequential,6e-07,18.0,2,5
854,10142102000,142,2,0,0.01783053248830826,0.30508645697330505,0,,-6.621064153522996,-6.621064153522996,sequential,6e-07,18.0,2,5
855,10142103000,142,3,0,0.10040544871945649,0.15181581836677893,0,,-12.007176623878989,-12.007176623878989,sequential,6e-07,18.0,2,5
856,10142104000,142,4,0,0.041664765550959354,0.13262743498705243,0,,-8.575115046031739,-8.575115046031739,sequential,6e-07,18.0,2,5
857,10142105000,142,5,0,0.017830534915386796,0.3050863407271256,0,,-6.621064156042503,-6.621064156042503,sequential,6e-07,18.0,2,5
858,10143100000,143,0,0,0.04036990452633406,0.12471698956853329,0,,-8.837697204702888,-8.837697204702888,sequential,6e-07,18.0,18,5
859,10143101000,143,1,0,0.1002710482708241,0.16117798480773307,0,,-12.374783558140123,-12.374783558140123,sequential,6e-07,18.0,18,5
860,10143102000,143,2,0,0.017345429531450574,0.28669357947947555,0,,-6.8238512539030545,-6.8238512539030545,sequential,6e-07,18.0,18,5
861,10143103000,143,3,0,0.10027108154228939,0.161178020938161,0,,-12.374782699845351,-12.374782699845351,sequential,6e-07,18.0,18,5
862,10143104000,143,4,0,0.04036989891309402,0.12471698587239574,0,,-8.837695964602405,-8.837695964602405,sequential,6e-07,18.0,18,5
863,10143105000,143,5,0,0.017345431952991073,0.2866934670469172,0,,-6.823851256491108,-6.823851256491108,sequential,6e-07,18.0,18,5
864,10144100000,144,0,0,0.03042411624626866,0.12301040537215892,0,,-4.927855986197247,-4.927855986197247,sequential,8e-07,0.6,1,5
865,10144101000,144,1,0,0.08270667537031243,0.12171371109056535,0,,-7.183214362176489,-7.183214362176489,sequential,8e-07,0.6,1,5
866,10144102000,144,2,0,0.012890445442445383,0.29154268972015934,0,,-3.641982671410644,-3.641982671410644,sequential,8e-07,0.6,1,5
867,10144103000,144,3,0,0.08270670416322935,0.12171367857124414,0,,-7.183213863966509,-7.183213863966509,sequential,8e-07,0.6,1,5
868,10144104000,144,4,0,0.030424110985710216,0.12301038896852307,0,,-4.927855294722282,-4.927855294722282,sequential,8e-07,0.6,1,5
869,10144105000,144,5,0,0.012890447064863093,0.2915425843819849,0,,-3.6419826727974387,-3.6419826727974387,sequential,8e-07,0.6,1,5
870,10145100000,145,0,0,0.029110750703206206,0.12579190219693517,0,,-5.079435257788089,-5.079435257788089,sequential,8e-07,0.6,2,5
871,10145101000,145,1,0,0.08091123785363319,0.12223543102513579,0,,-7.404904263064402,-7.404904263064402,sequential,8e-07,0.6,2,5
872,10145102000,145,2,0,0.01235990638859456,0.3010437689570861,0,,-3.7540088916175867,-3.7540088916175867,sequential,8e-07,0.6,2,5
873,10145103000,145,3,0,0.08091126633889614,0.12223539781212174,0,,-7.4049037494795975,-7.4049037494795975,sequential,8e-07,0.6,2,5
874,10145104000,145,4,0,0.029110745836575806,0.1257918866958563,0,,-5.07943454504406,-5.07943454504406,sequential,8e-07,0.6,2,5
875,10145105000,145,5,0,0.012359907973703186,0.301043663887989,0,,-3.754008893046082,-3.754008893046082,sequential,8e-07,0.6,2,5
876,10146100000,146,0,0,0.028181052774385745,0.11804710339852581,0,,-5.1889745545146875,-5.1889745545146875,sequential,8e-07,0.6,18,5
877,10146101000,146,1,0,0.08070395493849057,0.12340599902941729,0,,-7.56723558323866,-7.56723558323866,sequential,8e-07,0.6,18,5
878,10146102000,146,2,0,0.011998542309648745,0.29181049183985946,0,,-3.8349650358173766,-3.8349650358173766,sequential,8e-07,0.6,18,5
879,10146103000,146,3,0,0.08070398085700223,0.12340603088480534,0,,-7.5672350583949965,-7.5672350583949965,sequential,8e-07,0.6,18,5
880,10146104000,146,4,0,0.028181048265310028,0.11804710459468805,0,,-5.18897382640269,-5.18897382640269,sequential,8e-07,0.6,18,5
881,10146105000,146,5,0,0.011998543883784083,0.29181038357309536,0,,-3.8349650372712425,-3.8349650372712425,sequential,8e-07,0.6,18,5
882,10147100000,147,0,0,0.03258794351497937,0.111985142832504,0,,-7.945622409035623,-7.945622409035623,sequential,8e-07,1.0,1,5
883,10147101000,147,1,0,0.08882247306088278,0.11644714140248044,0,,-11.25746029903933,-11.25746029903933,sequential,8e-07,1.0,1,5
884,10147102000,147,2,0,0.013822138806642445,0.25729005651561393,0,,-6.060720739056877,-6.060720739056877,sequential,8e-07,1.0,1,5
885,10147103000,147,3,0,0.08882250301771609,0.11644716941117926,0,,-11.257459518252366,-11.257459518252366,sequential,8e-07,1.0,1,5
886,10147104000,147,4,0,0.03258793797746191,0.11198513034967857,0,,-7.945621294108533,-7.945621294108533,sequential,8e-07,1.0,1,5
887,10147105000,147,5,0,0.013822140563513193,0.25728996477769983,0,,-6.060720741362508,-6.060720741362508,sequential,8e-07,1.0,1,5
888,10148100000,148,0,0,0.03118690288942888,0.11438748985174566,0,,-8.208510034545963,-8.208510034545963,sequential,8e-07,1.0,2,5
889,10148101000,148,1,0,0.08742546551828267,0.11914694233925666,0,,-11.630055635416275,-11.630055635416275,sequential,8e-07,1.0,2,5
890,10148102000,148,2,0,0.013259081598680974,0.2651325491923407,0,,-6.261163716395295,-6.261163716395295,sequential,8e-07,1.0,2,5
891,10148103000,148,3,0,0.08742549552739329,0.11914697156405304,0,,-11.630054828787106,-11.630054828787106,sequential,8e-07,1.0,2,5
892,10148104000,148,4,0,0.031186897784616145,0.11438747838740408,0,,-8.208508882730618,-8.208508882730618,sequential,8e-07,1.0,2,5
893,10148105000,148,5,0,0.013259083318195771,0.26513245819722375,0,,-6.261163718777637,-6.261163718777637,sequential,8e-07,1.0,2,5
894,10149100000,149,0,0,0.03020032983056837,0.10676736326242134,0,,-8.438680464097914,-8.438680464097914,sequential,8e-07,1.0,18,5
895,10149101000,149,1,0,0.08647162064663438,0.127412987498834,0,,-11.956642396597452,-11.956642396597452,sequential,8e-07,1.0,18,5
896,10149102000,149,2,0,0.012879940991025053,0.2590589443481752,0,,-6.436439853358938,-6.436439853358938,sequential,8e-07,1.0,18,5
897,10149103000,149,3,0,0.0864716507674546,0.1274130157745236,0,,-11.956641567317744,-11.956641567317744,sequential,8e-07,1.0,18,5
898,10149104000,149,4,0,0.03020032512322999,0.10676735133351964,0,,-8.438679279984893,-8.438679279984893,sequential,8e-07,1.0,18,5
899,10149105000,149,5,0,0.012879942702470084,0.2590588499875638,0,,-6.436439855806076,-6.436439855806076,sequential,8e-07,1.0,18,5
900,10150100000,150,0,0,0.03315275505391329,0.1093244101049112,0,,-8.717853471829017,-8.717853471829017,sequential,8e-07,1.3,1,5
901,10150101000,150,1,0,0.08998019207970595,0.11716516937726187,0,,-12.32184543615071,-12.32184543615071,sequential,8e-07,1.3,1,5
902,10150102000,150,2,0,0.014061783704471045,0.24937259112281066,0,,-6.667877639658969,-6.667877639658969,sequential,8e-07,1.3,1,5
903,10150103000,150,3,0,0.08998022209405489,0.11716519654698326,0,,-12.321844581540931,-12.321844581540931,sequential,8e-07,1.3,1,5
904,10150104000,150,4,0,0.03315274942093991,0.10932439848204205,0,,-8.717852248543107,-8.717852248543107,sequential,8e-07,1.3,1,5
905,10150105000,150,5,0,0.014061785491889927,0.2493725024601493,0,,-6.667877642196121,-6.667877642196121,sequential,8e-07,1.3,1,5
906,10151100000,151,0,0,0.03173194741462673,0.11163359283207615,0,,-9.009763264351045,-9.009763264351045,sequential,8e-07,1.3,2,5
907,10151101000,151,1,0,0.08872035388254916,0.12000126461285822,0,,-12.112108109226913,-12.112108109226913,sequential,8e-07,1.3,2,5
908,10151102000,151,2,0,0.013491621795383331,0.2568469819216444,0,,-6.891107361899027,-6.891107361899027,sequential,8e-07,1.3,2,5
909,10151103000,151,3,0,0.08872038405923657,0.12000129301097136,0,,-12.112107269163586,-12.112107269163586,sequential,8e-07,1.3,2,5
910,10151104000,151,4,0,0.0317319422255348,0.11163358224815911,0,,-9.00976200010387,-9.00976200010387,sequential,8e-07,1.3,2,5
911,10151105000,151,5,0,0.013491623545926385,0.2568468940883512,0,,-6.8911073645215,-6.8911073645215,sequential,8e-07,1.3,2,5
912,10152100000,152,0,0,0.03073307229310569,0.10426662710979594,0,,-9.271218790008549,-9.271218790008549,sequential,8e-07,1.3,18,5
913,10152101000,152,1,0,0.0879043123123062,0.12807125982836887,0,,-12.463993491340785,-12.463993491340785,sequential,8e-07,1.3,18,5
914,10152102000,152,2,0,0.013108898587948711,0.2513829575362714,0,,-7.090943963397212,-7.090943963397212,sequential,8e-07,1.3,18,5
915,10152103000,152,3,0,0.08790434270844673,0.12807128699838558,0,,-12.463992626874425,-12.463992626874425,sequential,8e-07,1.3,18,5
916,10152104000,152,4,0,0.03073306751266022,0.1042666160663704,0,,-9.271217489070546,-9.271217489070546,sequential,8e-07,1.3,18,5
917,10152105000,152,5,0,0.013108900331525748,0.2513828663604312,0,,-7.0909439660918405,-7.0909439660918405,sequential,8e-07,1.3,18,5
918,10153100000,153,0,0,0.033523394482706234,0.10764023840441918,0,,-9.2007749795592,-9.2007749795592,sequential,8e-07,1.7,1,5
919,10153101000,153,1,0,0.09038165466416,0.11754250520824332,0,,-12.339894153422577,-12.339894153422577,sequential,8e-07,1.7,1,5
920,10153102000,153,2,0,0.014215712699884335,0.24442782599207483,0,,-7.04703763293483,-7.04703763293483,sequential,8e-07,1.7,1,5
921,10153103000,153,3,0,0.09038168456705553,0.11754253181053907,0,,-12.339893297561275,-12.339893297561275,sequential,8e-07,1.7,1,5
922,10153104000,153,4,0,0.0335233887656203,0.10764022729462783,0,,-9.200773688509019,-9.200773688509019,sequential,8e-07,1.7,1,5
923,10153105000,153,5,0,0.014215714503142823,0.2444277392118186,0,,-7.047037635616183,-7.047037635616183,sequential,8e-07,1.7,1,5
924,10154100000,154,0,0,0.032092328353865725,0.109890721243179,0,,-9.510975444508489,-9.510975444508489,sequential,8e-07,1.7,2,5
925,10154101000,154,1,0,0.08922446190163719,0.12046181955662143,0,,-12.755974101795873,-12.755974101795873,sequential,8e-07,1.7,2,5
926,10154102000,154,2,0,0.013642019486206022,0.2516820151708188,0,,-7.284610251503056,-7.284610251503056,sequential,8e-07,1.7,2,5
927,10154103000,154,3,0,0.089224492042805,0.12046184739136295,0,,-12.755973217076466,-12.755973217076466,sequential,8e-07,1.7,2,5
928,10154104000,154,4,0,0.03209232308868493,0.10989071118269168,0,,-9.510974109932329,-9.510974109932329,sequential,8e-07,1.7,2,5
929,10154105000,154,5,0,0.013642021253264563,0.2516819292620215,0,,-7.284610254274525,-7.284610254274525,sequential,8e-07,1.7,2,5
930,10155100000,155,0,0,0.031087581595314686,0.10267915010115175,0,,-9.792185802197558,-9.792185802197558,sequential,8e-07,1.7,18,5
931,10155101000,155,1,0,0.08850952356581385,0.12839420203924054,0,,-13.13328808530782,-13.13328808530782,sequential,8e-07,1.7,18,5
932,10155102000,155,2,0,0.013257758708850272,0.24656332558302552,0,,-7.499938799018977,-7.499938799018977,sequential,8e-07,1.7,18,5
933,10155103000,155,3,0,0.08850955400089182,0.12839422847026125,0,,-13.133287174420357,-13.133287174420357,sequential,8e-07,1.7,18,5
934,10155104000,155,4,0,0.031087576746385487,0.10267913958660395,0,,-9.792184428164799,-9.792184428164799,sequential,8e-07,1.7,18,5
935,10155105000,155,5,0,0.013257760469927125,0.2465632363673162,0,,-7.499938801870422,-7.499938801870422,sequential,8e-07,1.7,18,5
936,10156100000,156,0,0,0.033682331257248725,0.10693903116847508,0,,-9.395991350576589,-9.395991350576589,sequential,8e-07,2.0,1,5
937,10156101000,156,1,0,0.09035770066932834,0.11767311608479364,0,,-12.591486847564534,-12.591486847564534,sequential,8e-07,2.0,1,5
938,10156102000,156,2,0,0.01427998908695229,0.24238433007902363,0,,-7.200031084305277,-7.200031084305277,sequential,8e-07,2.0,1,5
939,10156103000,156,3,0,0.09035773045239262,0.11767314244526059,0,,-12.591485974252546,-12.591485974252546,sequential,8e-07,2.0,1,5
940,10156104000,156,4,0,0.0336823254928134,0.10693902025977602,0,,-9.395990032134717,-9.395990032134717,sequential,8e-07,2.0,1,5
941,10156105000,156,5,0,0.014279990894791914,0.24238424405851725,0,,-7.200031087045787,-7.200031087045787,sequential,8e-07,2.0,1,5
942,10157100000,157,0,0,0.0322482817379396,0.10916533234293943,0,,-9.713611138427932,-9.713611138427932,sequential,8e-07,2.0,2,5
943,10157101000,157,1,0,0.0892486333707586,0.12062561958717123,0,,-13.0171472989228,-13.0171472989228,sequential,8e-07,2.0,2,5
944,10157102000,157,2,0,0.013705361465832167,0.24955224741070373,0,,-7.443412065646065,-7.443412065646065,sequential,8e-07,2.0,2,5
945,10157103000,157,3,0,0.08924866342495408,0.12062564718089513,0,,-13.017146396088714,-13.017146396088714,sequential,8e-07,2.0,2,5
946,10157104000,157,4,0,0.03224827642917227,0.1091653224868189,0,,-9.71360977541715,-9.71360977541715,sequential,8e-07,2.0,2,5
947,10157105000,157,5,0,0.013705363237941947,0.24955216227345695,0,,-7.443412068477772,-7.443412068477772,sequential,8e-07,2.0,2,5
948,10158100000,158,0,0,0.031242166742209435,0.10201705761831663,0,,-10.002830372766322,-10.002830372766322,sequential,8e-07,2.0,18,5
949,10158101000,158,1,0,0.08858010097803498,0.12849776340468075,0,,-13.404797463985943,-13.404797463985943,sequential,8e-07,2.0,18,5
950,10158102000,158,2,0,0.01332085400593811,0.24456343418550294,0,,-7.665012270526794,-7.665012270526794,sequential,8e-07,2.0,18,5
951,10158103000,158,3,0,0.08858013135828893,0.12849778952341728,0,,-13.40479653426653,-13.40479653426653,sequential,8e-07,2.0,18,5
952,10158104000,158,4,0,0.03124216185309721,0.10201704731120007,0,,-10.002828969172771,-10.002828969172771,sequential,8e-07,2.0,18,5
953,10158105000,158,5,0,0.013320855772615145,0.24456334576327843,0,,-7.665012273440154,-7.665012273440154,sequential,8e-07,2.0,18,5
954,10159100000,159,0,0,0.034511490505178544,0.10378265287298019,0,,-10.063408256025173,-10.063408256025173,sequential,8e-07,18.0,1,5
955,10159101000,159,1,0,0.08239675585377851,0.11772347633979978,0,,-13.47552448676977,-13.47552448676977,sequential,8e-07,18.0,1,5
956,10159102000,159,2,0,0.014565785034489789,0.23328492480813873,0,,-7.715031289244645,-7.715031289244645,sequential,8e-07,18.0,1,5
957,10159103000,159,3,0,0.08239678271159387,0.1177235016950494,0,,-13.475523552108408,-13.475523552108408,sequential,8e-07,18.0,1,5
958,10159104000,159,4,0,0.03451148414096629,0.10378264255447059,0,,-10.063406843919477,-10.063406843919477,sequential,8e-07,18.0,1,5
959,10159105000,159,5,0,0.01456578679691635,0.2332848416553517,0,,-7.715031292169926,-7.715031292169926,sequential,8e-07,18.0,1,5
960,10160100000,160,0,0,0.03310677748777198,0.10591007896447291,0,,-10.406277973183698,-10.406277973183698,sequential,8e-07,18.0,2,5
961,10160101000,160,1,0,0.08151722744720243,0.12078499294783064,0,,-13.934617303712898,-13.934617303712898,sequential,8e-07,18.0,2,5
962,10160102000,160,2,0,0.014003983121359928,0.2402058924400711,0,,-7.977900378123986,-7.977900378123986,sequential,8e-07,18.0,2,5
963,10160103000,160,3,0,0.08151725464114025,0.12078501953406405,0,,-13.934616337220294,-13.934616337220294,sequential,8e-07,18.0,2,5
964,10160104000,160,4,0,0.03310677160677261,0.10591006968869565,0,,-10.406276512983826,-10.406276512983826,sequential,8e-07,18.0,2,5
965,10160105000,160,5,0,0.014003984856115188,0.2402058100658333,0,,-7.977900381148611,-7.977900381148611,sequential,8e-07,18.0,2,5
966,10161100000,161,0,0,0.03213012378851899,0.09902402230783683,0,,-10.72213800507871,-10.72213800507871,sequential,8e-07,18.0,18,5
967,10161101000,161,1,0,0.08103238604817173,0.12837457877457162,0,,-14.35743257597932,-14.35743257597932,sequential,8e-07,18.0,18,5
968,10161102000,161,2,0,0.013630778747914872,0.2355048771480262,0,,-8.220098428461256,-8.220098428461256,sequential,8e-07,18.0,18,5
969,10161103000,161,3,0,0.08103241362559448,0.128374603636846,0,,-14.357431580202952,-14.357431580202952,sequential,8e-07,18.0,18,5
970,10161104000,161,4,0,0.03213011834692313,0.09902401260924495,0,,-10.722136500541462,-10.722136500541462,sequential,8e-07,18.0,18,5
971,10161105000,161,5,0,0.013630780483641414,0.23550479178263192,0,,-8.220098431598446,-8.220098431598446,sequential,8e-07,18.0,18,5
972,10162100000,162,0,0,0.02508418593707355,0.10657405265023208,0,,-4.945223160728756,-4.945223160728756,sequential,1e-06,0.6,1,5
973,10162101000,162,1,0,0.07029847771632837,0.1088568186604343,0,,-7.243797939098677,-7.243797939098677,sequential,1e-06,0.6,1,5
974,10162102000,162,2,0,0.010747982626931269,0.2510625528312984,0,,-3.6326248283493463,-3.6326248283493463,sequential,1e-06,0.6,1,5
975,10162103000,162,3,0,0.07029850014848378,0.10885679357833475,0,,-7.243797436688475,-7.243797436688475,sequential,1e-06,0.6,1,5
976,10162104000,162,4,0,0.025084182298124206,0.10657404690306653,0,,-4.945222466817009,-4.945222466817009,sequential,1e-06,0.6,1,5
977,10162105000,162,5,0,0.010747984101748842,0.2510624758599105,0,,-3.6326248297313954,-3.6326248297313954,sequential,1e-06,0.6,1,5
978,10163100000,163,0,0,0.02383276945855976,0.10938247051499397,0,,-5.122293831431722,-5.122293831431722,sequential,1e-06,0.6,2,5
979,10163101000,163,1,0,0.06946758589955672,0.11053915827873348,0,,-7.504075051284676,-7.504075051284676,sequential,1e-06,0.6,2,5
980,10163102000,163,2,0,0.010204816588530882,0.257142566502203,0,,-3.762151834307628,-3.762151834307628,sequential,1e-06,0.6,2,5
981,10163103000,163,3,0,0.06946760869470489,0.11053913238335632,0,,-7.504074530823511,-7.504074530823511,sequential,1e-06,0.6,2,5
982,10163104000,163,4,0,0.02383276500448864,0.10938246616709058,0,,-5.12229311267278,-5.12229311267278,sequential,1e-06,0.6,2,5
983,10163105000,163,5,0,0.010204818013673423,0.25714249358099917,0,,-3.76215183573977,-3.76215183573977,sequential,1e-06,0.6,2,5
984,10164100000,164,0,0,0.02307648254573841,0.10462608982917886,0,,-5.229433243385775,-5.229433243385775,sequential,1e-06,0.6,18,5
985,10164101000,164,1,0,0.06896042781809904,0.1027156574820186,0,,-7.664304109840937,-7.664304109840937,sequential,1e-06,0.6,18,5
986,10164102000,164,2,0,0.009872780575744613,0.2613665277384398,0,,-3.8388696208733277,-3.8388696208733277,sequential,1e-06,0.6,18,5
987,10164103000,164,3,0,0.06896045092043246,0.10271568364104744,0,,-7.664303578260203,-7.664303578260203,sequential,1e-06,0.6,18,5
988,10164104000,164,4,0,0.023076478390977935,0.10462608348898508,0,,-5.229432509592067,-5.229432509592067,sequential,1e-06,0.6,18,5
989,10164105000,164,5,0,0.009872781979794732,0.2613664453256974,0,,-3.8388696223344,-3.8388696223344,sequential,1e-06,0.6,18,5
990,10165100000,165,0,0,0.027185566927403915,0.09359971906621754,0,,-8.847058411726353,-8.847058411726353,sequential,1e-06,1.0,1,5
991,10165101000,165,1,0,0.07519943710804511,0.0973415215423905,0,,-12.15604971808282,-12.15604971808282,sequential,1e-06,1.0,1,5
992,10165102000,165,2,0,0.011684585143608598,0.21374181502870315,0,,-6.538509547808539,-6.538509547808539,sequential,1e-06,1.0,1,5
993,10165103000,165,3,0,0.07519946289066672,0.09734154338685194,0,,-12.156048874971182,-12.156048874971182,sequential,1e-06,1.0,1,5
994,10165104000,165,4,0,0.027185563167075138,0.09359971628751212,0,,-8.84705717031021,-8.84705717031021,sequential,1e-06,1.0,1,5
995,10165105000,165,5,0,0.011684586778191721,0.2137417504863398,0,,-6.538509550296824,-6.538509550296824,sequential,1e-06,1.0,1,5
996,10166100000,166,0,0,0.025904245073985917,0.09585528169337809,0,,-9.188669995130311,-9.188669995130311,sequential,1e-06,1.0,2,5
997,10166101000,166,1,0,0.07483681166920282,0.09990505371021316,0,,-12.625768623905811,-12.625768623905811,sequential,1e-06,1.0,2,5
998,10166102000,166,2,0,0.011095821698960994,0.22308043888372903,0,,-6.790981103289007,-6.790981103289007,sequential,1e-06,1.0,2,5
999,10166103000,166,3,0,0.07483683444258986,0.09990507687887883,0,,-12.625767748215507,-12.625767748215507,sequential,1e-06,1.0,2,5
1000,10166104000,166,4,0,0.025904240308343974,0.09585528033241517,0,,-9.188668705778847,-9.188668705778847,sequential,1e-06,1.0,2,5
1001,10166105000,166,5,0,0.011095823280877319,0.22308035232429982,0,,-6.790981105872836,-6.790981105872836,sequential,1e-06,1.0,2,5
1002,10167100000,167,0,0,0.025095302260586313,0.09209130992337282,0,,-9.44776063687663,-9.44776063687663,sequential,1e-06,1.0,18,5
1003,10167101000,167,1,0,0.07492052888613915,0.10651570244634448,0,,-12.98298812025555,-12.98298812025555,sequential,1e-06,1.0,18,5
1004,10167102000,167,2,0,0.010738763983959359,0.22288839542112193,0,,-6.982464707789422,-6.982464707789422,sequential,1e-06,1.0,18,5
1005,10167103000,167,3,0,0.07492055238803631,0.10651572472687944,0,,-12.982987219789605,-12.982987219789605,sequential,1e-06,1.0,18,5
1006,10167104000,167,4,0,0.025095297833449586,0.09209130694748312,0,,-9.44775931117025,-9.44775931117025,sequential,1e-06,1.0,18,5
1007,10167105000,167,5,0,0.0107387655452145,0.22288832718658408,0,,-6.982464710442117,-6.982464710442117,sequential,1e-06,1.0,18,5
1008,10168100000,168,0,0,0.027743714849230033,0.09055903851435905,0,,-9.510668065935278,-9.510668065935278,sequential,1e-06,1.3,1,5
1009,10168101000,168,1,0,0.07660695932394118,0.09790109673406755,0,,-13.443388880926493,-13.443388880926493,sequential,1e-06,1.3,1,5
1010,10168102000,168,2,0,0.011930560145337828,0.2053596848191267,0,,-7.273591817320631,-7.273591817320631,sequential,1e-06,1.3,1,5
1011,10168103000,168,3,0,0.07660698530418815,0.09790111759935834,0,,-13.443387948529638,-13.443387948529638,sequential,1e-06,1.3,1,5
1012,10168104000,168,4,0,0.027743711041631914,0.0905590363359877,0,,-9.51066673140123,-9.51066673140123,sequential,1e-06,1.3,1,5
1013,10168105000,168,5,0,0.011930561819395549,0.2053596229911958,0,,-7.2735918200883685,-7.2735918200883685,sequential,1e-06,1.3,1,5
1014,10169100000,169,0,0,0.02645241630662985,0.09320070453818426,0,,-9.882714151634865,-9.882714151634865,sequential,1e-06,1.3,2,5
1015,10169101000,169,1,0,0.07579418389932108,0.1006409866197564,0,,-13.969354443472266,-13.969354443472266,sequential,1e-06,1.3,2,5
1016,10169102000,169,2,0,0.011330820872234595,0.2160100317358324,0,,-7.558079558816915,-7.558079558816915,sequential,1e-06,1.3,2,5
1017,10169103000,169,3,0,0.0757942063943835,0.10064100882733135,0,,-13.969353474594307,-13.969353474594307,sequential,1e-06,1.3,2,5
1018,10169104000,169,4,0,0.026452411442569313,0.09320069095496404,0,,-9.882712764895874,-9.882712764895874,sequential,1e-06,1.3,2,5
1019,10169105000,169,5,0,0.011330822493268639,0.21600994825065578,0,,-7.558079561692931,-7.558079561692931,sequential,1e-06,1.3,2,5
1020,10170100000,170,0,0,0.02563179151177185,0.08912479741312358,0,,-10.172427387181031,-10.172427387181031,sequential,1e-06,1.3,18,5
1021,10170101000,170,1,0,0.07605389814432191,0.10705247026298519,0,,-14.379142341184313,-14.379142341184313,sequential,1e-06,1.3,18,5
1022,10170102000,170,2,0,0.010967865200120042,0.2141790451771146,0,,-7.779477874683918,-7.779477874683918,sequential,1e-06,1.3,18,5
1023,10170103000,170,3,0,0.0760539214782098,0.10705249131360177,0,,-14.379141343881642,-14.379141343881642,sequential,1e-06,1.3,18,5
1024,10170104000,170,4,0,0.02563178699713323,0.08912479512268691,0,,-10.172425959789294,-10.172425959789294,sequential,1e-06,1.3,18,5
1025,10170105000,170,5,0,0.010967866800908038,0.214178980038204,0,,-7.77947787764361,-7.77947787764361,sequential,1e-06,1.3,18,5
1026,10171100000,171,0,0,0.028114189298000625,0.08898553377922389,0,,-10.096388499303268,-10.096388499303268,sequential,1e-06,1.7,1,5
1027,10171101000,171,1,0,0.07723114548837426,0.09816654459091716,0,,-14.251237482846026,-14.251237482846026,sequential,1e-06,1.7,1,5
1028,10171102000,171,2,0,0.012090350558033125,0.20106767923763863,0,,-7.7337892416035094,-7.7337892416035094,sequential,1e-06,1.7,1,5
1029,10171103000,171,3,0,0.07723117146483208,0.09816656479598895,0,,-14.251236494418325,-14.251236494418325,sequential,1e-06,1.7,1,5
1030,10171104000,171,4,0,0.028114183893515728,0.08898552018612568,0,,-10.096387082581462,-10.096387082581462,sequential,1e-06,1.7,1,5
1031,10171105000,171,5,0,0.012090352254967449,0.20106760017926736,0,,-7.7337892445465775,-7.7337892445465775,sequential,1e-06,1.7,1,5
1032,10172100000,172,0,0,0.026812379688605475,0.0916724135865131,0,,-10.494247716023711,-10.494247716023711,sequential,1e-06,1.7,2,5
1033,10172101000,172,1,0,0.07611737364476982,0.10101394906542788,0,,-14.071964079575077,-14.071964079575077,sequential,1e-06,1.7,2,5
1034,10172102000,172,2,0,0.011484371734518332,0.21155676906423243,0,,-8.038527783642095,-8.038527783642095,sequential,1e-06,1.7,2,5
1035,10172103000,172,3,0,0.07611739584188934,0.10101397061816901,0,,-14.071963103582213,-14.071963103582213,sequential,1e-06,1.7,2,5
1036,10172104000,172,4,0,0.02681237474418826,0.09167240062606054,0,,-10.494246243473787,-10.494246243473787,sequential,1e-06,1.7,2,5
1037,10172105000,172,5,0,0.011484373378543467,0.2115566874932132,0,,-8.03852778670062,-8.03852778670062,sequential,1e-06,1.7,2,5
1038,10173100000,173,0,0,0.025985983238778966,0.08727369181774722,0,,-10.80814883615757,-10.80814883615757,sequential,1e-06,1.7,18,5
1039,10173101000,173,1,0,0.07649351574779333,0.10728452815305015,0,,-14.49308962334817,-14.49308962334817,sequential,1e-06,1.7,18,5
1040,10173102000,173,2,0,0.01111814707613341,0.2088265909200185,0,,-8.278902232039192,-8.278902232039192,sequential,1e-06,1.7,18,5
1041,10173103000,173,3,0,0.07649353885124559,0.10728454838035785,0,,-14.493088618142945,-14.493088618142945,sequential,1e-06,1.7,18,5
1042,10173104000,173,4,0,0.02598597865110801,0.08727368992152877,0,,-10.808147319561751,-10.808147319561751,sequential,1e-06,1.7,18,5
1043,10173105000,173,5,0,0.01111814870039648,0.20882652763027001,0,,-8.278902235186537,-8.278902235186537,sequential,1e-06,1.7,18,5
1044,10174100000,174,0,0,0.028274563242715,0.08837546925509067,0,,-10.332806838838724,-10.332806838838724,sequential,1e-06,2.0,1,5
1045,10174101000,174,1,0,0.07733056938182004,0.09824942735130106,0,,-13.842594332716741,-13.842594332716741,sequential,1e-06,2.0,1,5
1046,10174102000,174,2,0,0.0121577585279309,0.19934518543596116,0,,-7.919242824414278,-7.919242824414278,sequential,1e-06,2.0,1,5
1047,10174103000,174,3,0,0.07733059529163262,0.09824944727663144,0,,-13.84259337263093,-13.84259337263093,sequential,1e-06,2.0,1,5
1048,10174104000,174,4,0,0.028274559356953718,0.0883754558985201,0,,-10.33280538894213,-10.33280538894213,sequential,1e-06,2.0,1,5
1049,10174105000,174,5,0,0.012157760232973347,0.19934510710277,0,,-7.919242827428519,-7.919242827428519,sequential,1e-06,2.0,1,5
1050,10175100000,175,0,0,0.02696630677426875,0.09103567731714858,0,,-10.741138403018457,-10.741138403018457,sequential,1e-06,2.0,2,5
1051,10175101000,175,1,0,0.07610024840761508,0.10113965354549542,0,,-14.389655901283659,-14.389655901283659,sequential,1e-06,2.0,2,5
1052,10175102000,175,2,0,0.011549624296023093,0.2097070178971129,0,,-8.232185041718493,-8.232185041718493,sequential,1e-06,2.0,2,5
1053,10175103000,175,3,0,0.07610027043163096,0.10113967481933468,0,,-14.389654903255403,-14.389654903255403,sequential,1e-06,2.0,2,5
1054,10175104000,175,4,0,0.026966301787010864,0.09103566460343913,0,,-10.74113689582448,-10.74113689582448,sequential,1e-06,2.0,2,5
1055,10175105000,175,5,0,0.011549625948395575,0.20970693710993932,0,,-8.23218504484998,-8.23218504484998,sequential,1e-06,2.0,2,5
1056,10176100000,176,0,0,0.02613844384614388,0.08651412285793439,0,,-11.064854274854408,-11.064854274854408,sequential,1e-06,2.0,18,5
1057,10176101000,176,1,0,0.07652431949773571,0.10734868223309112,0,,-14.823435069877979,-14.823435069877979,sequential,1e-06,2.0,18,5
1058,10176102000,176,2,0,0.011182318799727087,0.20665222399627656,0,,-8.480249691315228,-8.480249691315228,sequential,1e-06,2.0,18,5
1059,10176103000,176,3,0,0.07652434245383632,0.10734870211330444,0,,-14.823434041761645,-14.823434041761645,sequential,1e-06,2.0,18,5
1060,10176104000,176,4,0,0.026138439218792466,0.08651412111115853,0,,-11.064852722239687,-11.064852722239687,sequential,1e-06,2.0,18,5
1061,10176105000,176,5,0,0.011182320432659551,0.20665216143449266,0,,-8.48024969454375,-8.48024969454375,sequential,1e-06,2.0,18,5
1062,10177100000,177,0,0,0.029157630323749115,0.08567949383746824,0,,-11.114526243536629,-11.114526243536629,sequential,1e-06,18.0,1,5
1063,10177101000,177,1,0,0.07079736338771954,0.09814710413957452,0,,-14.873992968042131,-14.873992968042131,sequential,1e-06,18.0,1,5
1064,10177102000,177,2,0,0.012472471922588628,0.19149097499828116,0,,-8.523793593651648,-8.523793593651648,sequential,1e-06,18.0,1,5
1065,10177103000,177,3,0,0.07079738678624459,0.09814712296295211,0,,-14.873991936410837,-14.873991936410837,sequential,1e-06,18.0,1,5
1066,10177104000,177,4,0,0.0291576259838236,0.08567948124863414,0,,-11.114524683918619,-11.114524683918619,sequential,1e-06,18.0,1,5
1067,10177105000,177,5,0,0.01247247361518899,0.1914908997429108,0,,-8.523793596924653,-8.523793596924653,sequential,1e-06,18.0,1,5
1068,10178100000,178,0,0,0.027744983251541254,0.08822693224608373,0,,-11.557525648713398,-11.557525648713398,sequential,1e-06,18.0,2,5
1069,10178101000,178,1,0,0.07082861555504055,0.10117766122912673,0,,-15.466809093952438,-15.466809093952438,sequential,1e-06,18.0,2,5
1070,10178102000,178,2,0,0.011869338543718144,0.20137240079252725,0,,-8.863542133505243,-8.863542133505243,sequential,1e-06,18.0,2,5
1071,10178103000,178,3,0,0.07082863595676567,0.10117768139603647,0,,-15.46680802123524,-15.46680802123524,sequential,1e-06,18.0,2,5
1072,10178104000,178,4,0,0.027744977778875725,0.08822692031725077,0,,-11.557524026954336,-11.557524026954336,sequential,1e-06,18.0,2,5
1073,10178105000,178,5,0,0.011869340190510202,0.20137232320729476,0,,-8.863542136856195,-8.863542136856195,sequential,1e-06,18.0,2,5
1074,10179100000,179,0,0,0.026941638810762673,0.08338869252949282,0,,-11.913091428361506,-11.913091428361506,sequential,1e-06,18.0,18,5
1075,10179101000,179,1,0,0.07127685717262415,0.10711472673880934,0,,-15.942506290116109,-15.942506290116109,sequential,1e-06,18.0,18,5
1076,10179102000,179,2,0,0.011506413207687733,0.19798630943980028,0,,-9.136273310943023,-9.136273310943023,sequential,1e-06,18.0,18,5
1077,10179103000,179,3,0,0.07127687847119032,0.10711474528381786,0,,-15.942505184388908,-15.942505184388908,sequential,1e-06,18.0,18,5
1078,10179104000,179,4,0,0.02694163371334254,0.08338869110983091,0,,-11.913089756722869,-11.913089756722869,sequential,1e-06,18.0,18,5
1079,10179105000,179,5,0,0.01150641483988375,0.19798624909409798,0,,-9.136273314431055,-9.136273314431055,sequential,1e-06,18.0,18,5
1080,10180100000,180,0,0,0.02199669640758424,0.09538466848163864,0,,-4.749442149050622,-4.749442149050622,sequential,1.2e-06,0.6,1,5
1081,10180101000,180,1,0,0.062165964369698776,0.09927901118213363,0,,-7.093843434293838,-7.093843434293838,sequential,1.2e-06,0.6,1,5
1082,10180102000,180,2,0,0.009348481615281236,0.23098025230427063,0,,-3.510124088627689,-3.510124088627689,sequential,1.2e-06,0.6,1,5
1083,10180103000,180,3,0,0.062165984830612954,0.09927899155162989,0,,-7.093842942283931,-7.093842942283931,sequential,1.2e-06,0.6,1,5
1084,10180104000,180,4,0,0.021996692786411476,0.0953846579346925,0,,-4.749441482610585,-4.749441482610585,sequential,1.2e-06,0.6,1,5
1085,10180105000,180,5,0,0.009348482824038395,0.23098016819209302,0,,-3.510124089963128,-3.510124089963128,sequential,1.2e-06,0.6,1,5
1086,10181100000,181,0,0,0.020736277254257505,0.0987782431845241,0,,-4.9414514779306895,-4.9414514779306895,sequential,1.2e-06,0.6,2,5
1087,10181101000,181,1,0,0.06104573045333467,0.10181732268596083,0,,-7.381951897675038,-7.381951897675038,sequential,1.2e-06,0.6,2,5
1088,10181102000,181,2,0,0.008838392883581458,0.24234012826331056,0,,-3.652030558653246,-3.652030558653246,sequential,1.2e-06,0.6,2,5
1089,10181103000,181,3,0,0.06104575107817326,0.10181730229782944,0,,-7.381951385682416,-7.381951385682416,sequential,1.2e-06,0.6,2,5
1090,10181104000,181,4,0,0.02073627399196309,0.09877823361228753,0,,-4.941450784548072,-4.941450784548072,sequential,1.2e-06,0.6,2,5
1091,10181105000,181,5,0,0.008838394052787862,0.24234004410757717,0,,-3.652030560042175,-3.652030560042175,sequential,1.2e-06,0.6,2,5
1092,10182100000,182,0,0,0.019995751495572835,0.09422800167205769,0,,-5.039200879621608,-5.039200879621608,sequential,1.2e-06,0.6,18,5
1093,10182101000,182,1,0,0.06032010960941034,0.09177145432644229,0,,-7.532829799487642,-7.532829799487642,sequential,1.2e-06,0.6,18,5
1094,10182102000,182,2,0,0.008545781551977308,0.23920195767418148,0,,-3.7242732596236636,-3.7242732596236636,sequential,1.2e-06,0.6,18,5
1095,10182103000,182,3,0,0.06032013032992197,0.09177143491880031,0,,-7.532829277032111,-7.532829277032111,sequential,1.2e-06,0.6,18,5
1096,10182104000,182,4,0,0.01999574847827963,0.09422800406123134,0,,-5.039200172522611,-5.039200172522611,sequential,1.2e-06,0.6,18,5
1097,10182105000,182,5,0,0.008545782704679792,0.23920186984705002,0,,-3.724273261041028,-3.724273261041028,sequential,1.2e-06,0.6,18,5
1098,10183100000,183,0,0,0.024166530517342116,0.0833550062524373,0,,-9.291168045647446,-9.291168045647446,sequential,1.2e-06,1.0,1,5
1099,10183101000,183,1,0,0.06764988170432569,0.08404119019890186,0,,-12.780424038761412,-12.780424038761412,sequential,1.2e-06,1.0,1,5
1100,10183102000,183,2,0,0.010295505470008941,0.1952682985961136,0,,-7.0199944686017615,-7.0199944686017615,sequential,1.2e-06,1.0,1,5
1101,10183103000,183,3,0,0.06764990213510415,0.08404120812228003,0,,-12.780423152346021,-12.780423152346021,sequential,1.2e-06,1.0,1,5
1102,10183104000,183,4,0,0.02416652668681464,0.08335499966275661,0,,-9.291166741913855,-9.291166741913855,sequential,1.2e-06,1.0,1,5
1103,10183105000,183,5,0,0.010295506827016425,0.19526822915303432,0,,-7.019994471272791,-7.019994471272791,sequential,1.2e-06,1.0,1,5
1104,10184100000,184,0,0,0.022778222768057382,0.08611981621111879,0,,-9.69996380697247,-9.69996380697247,sequential,1.2e-06,1.0,2,5
1105,10184101000,184,1,0,0.06726890871924042,0.08653756622752058,0,,-13.343130309614207,-13.343130309614207,sequential,1.2e-06,1.0,2,5
1106,10184102000,184,2,0,0.009737496581548172,0.2038806071135774,0,,-7.328732135028727,-7.328732135028727,sequential,1.2e-06,1.0,2,5
1107,10184103000,184,3,0,0.06726892988376458,0.08653758556278106,0,,-13.343129384170048,-13.343129384170048,sequential,1.2e-06,1.0,2,5
1108,10184104000,184,4,0,0.02277821934468904,0.08611981075645862,0,,-9.699962445876507,-9.699962445876507,sequential,1.2e-06,1.0,2,5
1109,10184105000,184,5,0,0.009737497897365638,0.20388053853385715,0,,-7.328732137817575,-7.328732137817575,sequential,1.2e-06,1.0,2,5
1110,10185100000,185,0,0,0.021964301149606534,0.08233595958258305,0,,-9.978746145586221,-9.978746145586221,sequential,1.2e-06,1.0,18,5
1111,10185101000,185,1,0,0.06710125788043102,0.09214868634558146,0,,-13.728033608555625,-13.728033608555625,sequential,1.2e-06,1.0,18,5
1112,10185102000,185,2,0,0.009419838593294635,0.20337381148232447,0,,-7.538891231557287,-7.538891231557287,sequential,1.2e-06,1.0,18,5
1113,10185103000,185,3,0,0.06710127957034433,0.09214870493270454,0,,-13.728032656410772,-13.728032656410772,sequential,1.2e-06,1.0,18,5
1114,10185104000,185,4,0,0.02196429800786593,0.08233595315661708,0,,-9.978744745372964,-9.978744745372964,sequential,1.2e-06,1.0,18,5
1115,10185105000,185,5,0,0.009419839893476615,0.20337373927850494,0,,-7.5388912344276395,-7.5388912344276395,sequential,1.2e-06,1.0,18,5
1116,10186100000,186,0,0,0.02474736878091596,0.08048416107231333,0,,-10.450450010404845,-10.450450010404845,sequential,1.2e-06,1.3,1,5
1117,10186101000,186,1,0,0.06865063007526857,0.08449131497046504,0,,-14.27968158993344,-14.27968158993344,sequential,1.2e-06,1.3,1,5
1118,10186102000,186,2,0,0.010547213901461072,0.1871256191440205,0,,-7.9277195596239185,-7.9277195596239185,sequential,1.2e-06,1.3,1,5
1119,10186103000,186,3,0,0.06865065020533026,0.08449133182215508,0,,-14.279680599532536,-14.279680599532536,sequential,1.2e-06,1.3,1,5
1120,10186104000,186,4,0,0.024747364882877945,0.08048415531289808,0,,-10.45044854400076,-10.45044854400076,sequential,1.2e-06,1.3,1,5
1121,10186105000,186,5,0,0.01054721529590635,0.18712555296919983,0,,-7.927719562640853,-7.927719562640853,sequential,1.2e-06,1.3,1,5
1122,10187100000,187,0,0,0.02332693741677443,0.08309591794770842,0,,-10.916615954499433,-10.916615954499433,sequential,1.2e-06,1.3,2,5
1123,10187101000,187,1,0,0.06850330712698942,0.08720380285605035,0,,-14.916848349579128,-14.916848349579128,sequential,1.2e-06,1.3,2,5
1124,10187102000,187,2,0,0.009977472246440498,0.19513897348846923,0,,-8.281289746462626,-8.281289746462626,sequential,1.2e-06,1.3,2,5
1125,10187103000,187,3,0,0.06850332814645681,0.08720382114213025,0,,-14.916847314987216,-14.916847314987216,sequential,1.2e-06,1.3,2,5
1126,10187104000,187,4,0,0.02332693394004206,0.08309591334722724,0,,-10.916614422683109,-10.916614422683109,sequential,1.2e-06,1.3,2,5
1127,10187105000,187,5,0,0.009977473599685616,0.19513890834260347,0,,-8.28128974961366,-8.28128974961366,sequential,1.2e-06,1.3,2,5
1128,10188100000,188,0,0,0.022494592970240465,0.07953197756370657,0,,-11.243442317662321,-11.243442317662321,sequential,1.2e-06,1.3,18,5
1129,10188101000,188,1,0,0.06851418962077131,0.09262254241131744,0,,-15.364124721243673,-15.364124721243673,sequential,1.2e-06,1.3,18,5
1130,10188102000,188,2,0,0.009653777270985944,0.1950664702027555,0,,-8.528987069036592,-8.528987069036592,sequential,1.2e-06,1.3,18,5
1131,10188103000,188,3,0,0.06851421128683492,0.09262255968877096,0,,-15.36412365562974,-15.36412365562974,sequential,1.2e-06,1.3,18,5
1132,10188104000,188,4,0,0.02249458978579656,0.07953197204474566,0,,-11.243440739988696,-11.243440739988696,sequential,1.2e-06,1.3,18,5
1133,10188105000,188,5,0,0.009653778609098003,0.1950664015266081,0,,-8.528987072279703,-8.528987072279703,sequential,1.2e-06,1.3,18,5
1134,10189100000,189,0,0,0.025130164207715886,0.07869297283638621,0,,-11.178524745511824,-11.178524745511824,sequential,1.2e-06,1.7,1,5
1135,10189101000,189,1,0,0.06901880847309756,0.08467584922094445,0,,-15.223231290310517,-15.223231290310517,sequential,1.2e-06,1.7,1,5
1136,10189102000,189,2,0,0.010710693432721774,0.18211153953920622,0,,-8.497184963119665,-8.497184963119665,sequential,1.2e-06,1.7,1,5
1137,10189103000,189,3,0,0.06901882828982346,0.08467586534982899,0,,-15.22323023446788,-15.22323023446788,sequential,1.2e-06,1.7,1,5
1138,10189104000,189,4,0,0.02513016025129663,0.07869296756288825,0,,-11.178523176945463,-11.178523176945463,sequential,1.2e-06,1.7,1,5
1139,10189105000,189,5,0,0.010710694849114584,0.18211147534333172,0,,-8.497184966353062,-8.497184966353062,sequential,1.2e-06,1.7,1,5
1140,10190100000,190,0,0,0.02369079232959895,0.08120950020689997,0,,-11.681177097161441,-11.681177097161441,sequential,1.2e-06,1.7,2,5
1141,10190101000,190,1,0,0.06903042919582596,0.0875197105025983,0,,-15.907841005174575,-15.907841005174575,sequential,1.2e-06,1.7,2,5
1142,10190102000,190,2,0,0.010134207500881228,0.1897687344857589,0,,-8.879240333995837,-8.879240333995837,sequential,1.2e-06,1.7,2,5
1143,10190103000,190,3,0,0.0690304499992807,0.08751972807129464,0,,-15.907839901849906,-15.907839901849906,sequential,1.2e-06,1.7,2,5
1144,10190104000,190,4,0,0.023690788804557918,0.08120949610342486,0,,-11.681175458062807,-11.681175458062807,sequential,1.2e-06,1.7,2,5
1145,10190105000,190,5,0,0.010134208876395878,0.18976867140527176,0,,-8.879240337374993,-8.879240337374993,sequential,1.2e-06,1.7,2,5
1146,10191100000,191,0,0,0.022847647638033642,0.07777551911344384,0,,-12.038664117829928,-12.038664117829928,sequential,1.2e-06,1.7,18,5
1147,10191101000,191,1,0,0.06916285881528694,0.09280014715042967,0,,-16.39498524987177,-16.39498524987177,sequential,1.2e-06,1.7,18,5
1148,10191102000,191,2,0,0.009807093493089083,0.18992641128671367,0,,-9.150874075356208,-9.150874075356208,sequential,1.2e-06,1.7,18,5
1149,10191103000,191,3,0,0.06916288034217301,0.09280016354786276,0,,-16.394984112758753,-16.394984112758753,sequential,1.2e-06,1.7,18,5
1150,10191104000,191,4,0,0.022847644412692283,0.07777551412586475,0,,-12.038662428575089,-12.038662428575089,sequential,1.2e-06,1.7,18,5
1151,10191105000,191,5,0,0.009807094853998225,0.18992634475226466,0,,-9.15087407883962,-9.15087407883962,sequential,1.2e-06,1.7,18,5
1152,10192100000,192,0,0,0.025294164564562262,0.07795944912276392,0,,-11.471831652208595,-11.471831652208595,sequential,1.2e-06,2.0,1,5
1153,10192101000,192,1,0,0.06903014552554351,0.0847237161734403,0,,-15.604410618783392,-15.604410618783392,sequential,1.2e-06,2.0,1,5
1154,10192102000,192,2,0,0.010779377195929404,0.1800715030363081,0,,-8.726249197231336,-8.726249197231336,sequential,1.2e-06,2.0,1,5
1155,10192103000,192,3,0,0.06903016516353296,0.08472373199697907,0,,-15.604409536503152,-15.604409536503152,sequential,1.2e-06,2.0,1,5
1156,10192104000,192,4,0,0.02529416057534432,0.07795944403704445,0,,-11.471830042486076,-11.471830042486076,sequential,1.2e-06,2.0,1,5
1157,10192105000,192,5,0,0.01077937862019151,0.18007143963054237,0,,-8.726249200552138,-8.726249200552138,sequential,1.2e-06,2.0,1,5
1158,10193100000,193,0,0,0.02384791385513633,0.08043728857993644,0,,-11.989282020737019,-11.989282020737019,sequential,1.2e-06,2.0,2,5
1159,10193101000,193,1,0,0.06910912692816544,0.08761974875295168,0,,-16.308311227973203,-16.308311227973203,sequential,1.2e-06,2.0,2,5
1160,10193102000,193,2,0,0.010200531338200576,0.18758948403136594,0,,-9.11984162346459,-9.11984162346459,sequential,1.2e-06,2.0,2,5
1161,10193103000,193,3,0,0.06910914759101547,0.08761976601651074,0,,-16.30831009687286,-16.30831009687286,sequential,1.2e-06,2.0,2,5
1162,10193104000,193,4,0,0.023847910301962195,0.08043728466751864,0,,-11.989280338405152,-11.989280338405152,sequential,1.2e-06,2.0,2,5
1163,10193105000,193,5,0,0.010200532721903157,0.18758942176958698,0,,-9.119841626934564,-9.119841626934564,sequential,1.2e-06,2.0,2,5
1164,10194100000,194,0,0,0.023000892166848936,0.0770546665008636,0,,-12.359215787059046,-12.359215787059046,sequential,1.2e-06,2.0,18,5
1165,10194101000,194,1,0,0.06929291917034384,0.09283957352288649,0,,-16.811675767994636,-16.811675767994636,sequential,1.2e-06,2.0,18,5
1166,10194102000,194,2,0,0.009872248945431344,0.18782959394851387,0,,-9.401180846496178,-9.401180846496178,sequential,1.2e-06,2.0,18,5
1167,10194103000,194,3,0,0.06929294058701392,0.09283958954971837,0,,-16.811674601982183,-16.811674601982183,sequential,1.2e-06,2.0,18,5
1168,10194104000,194,4,0,0.023000888916751016,0.07705466171868182,0,,-12.35921405281601,-12.35921405281601,sequential,1.2e-06,2.0,18,5
1169,10194105000,194,5,0,0.009872250314845345,0.18782952826902613,0,,-9.401180850072762,-9.401180850072762,sequential,1.2e-06,2.0,18,5
1170,10195100000,195,0,0,0.02612381402016808,0.0750037986519941,0,,-11.95019359361171,-11.95019359361171,sequential,1.2e-06,18.0,1,5
1171,10195101000,195,1,0,0.0641672931933314,0.08451857596256764,0,,-15.985222360742112,-15.985222360742112,sequential,1.2e-06,18.0,1,5
1172,10195102000,195,2,0,0.011085267122627519,0.17186107890082047,0,,-9.166977232156396,-9.166977232156396,sequential,1.2e-06,18.0,1,5
1173,10195103000,195,3,0,0.06416731121130545,0.08451859062664578,0,,-15.985221252031852,-15.985221252031852,sequential,1.2e-06,18.0,1,5
1174,10195104000,195,4,0,0.026123809612268938,0.07500379407391036,0,,-11.95019191676165,-11.95019191676165,sequential,1.2e-06,18.0,1,5
1175,10195105000,195,5,0,0.011085268537132653,0.1718610182539206,0,,-9.166977235639369,-9.166977235639369,sequential,1.2e-06,18.0,1,5
1176,10196100000,196,0,0,0.02468331555362989,0.07733819374197395,0,,-12.494334022558693,-12.494334022558693,sequential,1.2e-06,18.0,2,5
1177,10196101000,196,1,0,0.06435028524462984,0.08758374919146641,0,,-16.71307055176872,-16.71307055176872,sequential,1.2e-06,18.0,2,5
1178,10196102000,196,2,0,0.0105110669229852,0.17897933723973564,0,,-9.873613404185235,-9.873613404185235,sequential,1.2e-06,18.0,2,5
1179,10196103000,196,3,0,0.06435030427669747,0.08758376528521682,0,,-16.71306939260174,-16.71306939260174,sequential,1.2e-06,18.0,2,5
1180,10196104000,196,4,0,0.02468331161443476,0.07733819032488702,0,,-12.494332269352217,-12.494332269352217,sequential,1.2e-06,18.0,2,5
1181,10196105000,196,5,0,0.010511068303735202,0.17897927767594574,0,,-9.87361340795862,-9.87361340795862,sequential,1.2e-06,18.0,2,5
1182,10197100000,197,0,0,0.023841616385798802,0.07413916413885095,0,,-12.888453149857613,-12.888453149857613,sequential,1.2e-06,18.0,18,5
1183,10197101000,197,1,0,0.06460458605583243,0.09254525106151466,0,,-17.240129284167843,-17.240129284167843,sequential,1.2e-06,18.0,18,5
1184,10197102000,197,2,0,0.010186171348372729,0.1793474516730315,0,,-10.185162642241387,-10.185162642241387,sequential,1.2e-06,18.0,18,5
1185,10197103000,197,3,0,0.06460460583721128,0.09254526570460679,0,,-17.24012808846657,-17.24012808846657,sequential,1.2e-06,18.0,18,5
1186,10197104000,197,4,0,0.02384161277042263,0.07413915991400878,0,,-12.888451341352985,-12.888451341352985,sequential,1.2e-06,18.0,18,5
1187,10197105000,197,5,0,0.010186172719269524,0.1793473889468653,0,,-10.185162646122592,-10.185162646122592,sequential,1.2e-06,18.0,18,5
1188,10198100000,198,0,0,0.01574595447092097,0.07618795752269532,0,,-3.045947028270941,-3.045947028270941,sequential,2e-06,0.6,1,5
1189,10198101000,198,1,0,0.04481715200237056,0.08072566190660732,0,,-4.908380735687328,-4.908380735687328,sequential,2e-06,0.6,1,5
1190,10198102000,198,2,0,0.006729155922311127,0.19480737530482858,0,,-2.251138491260329,-2.251138491260329,sequential,2e-06,0.6,1,5
1191,10198103000,198,3,0,0.04481716615667053,0.08072564533133202,0,,-4.908380395255422,-4.908380395255422,sequential,2e-06,0.6,1,5
1192,10198104000,198,4,0,0.015745951778905816,0.07618795722451947,0,,-3.045946600864654,-3.045946600864654,sequential,2e-06,0.6,1,5
1193,10198105000,198,5,0,0.006729156886069735,0.19480731852106073,0,,-2.251138492116582,-2.251138492116582,sequential,2e-06,0.6,1,5
1194,10199100000,199,0,0,0.01451110551237369,0.07983371222790088,0,,-3.2170595324029527,-3.2170595324029527,sequential,2e-06,0.6,2,5
1195,10199101000,199,1,0,0.04398956262835525,0.08489601782146027,0,,-5.187641372292009,-5.187641372292009,sequential,2e-06,0.6,2,5
1196,10199102000,199,2,0,0.0061812307290229985,0.20277360612598463,0,,-2.3776009480043006,-2.3776009480043006,sequential,2e-06,0.6,2,5
1197,10199103000,199,3,0,0.04398957715962257,0.0848960003803332,0,,-5.187641012490887,-5.187641012490887,sequential,2e-06,0.6,2,5
1198,10199104000,199,4,0,0.014511103185279513,0.07983371394671895,0,,-3.2170590809864468,-3.2170590809864468,sequential,2e-06,0.6,2,5
1199,10199105000,199,5,0,0.006181231637036597,0.2027735304226329,0,,-2.377600948908887,-2.377600948908887,sequential,2e-06,0.6,2,5
1200,10200100000,200,0,0,0.013906178150205286,0.07968037553682274,0,,-3.2580825167339906,-3.2580825167339906,sequential,2e-06,0.6,18,5
1201,10200101000,200,1,0,0.04343216315275608,0.07899283811927323,0,,-5.267590163042239,-5.267590163042239,sequential,2e-06,0.6,18,5
1202,10200102000,200,2,0,0.005935116980411592,0.20929591833982952,0,,-2.407919406594478,-2.407919406594478,sequential,2e-06,0.6,18,5
1203,10200103000,200,3,0,0.04343217780625129,0.07899282164707896,0,,-5.267589797694668,-5.267589797694668,sequential,2e-06,0.6,18,5
1204,10200104000,200,4,0,0.013906176007170083,0.0796803756091185,0,,-3.2580820595637108,-3.2580820595637108,sequential,2e-06,0.6,18,5
1205,10200105000,200,5,0,0.005935117773289029,0.20929586176516757,0,,-2.407919407509342,-2.407919407509342,sequential,2e-06,0.6,18,5
1206,10201100000,201,0,0,0.01808354980972096,0.06206109460803376,0,,-10.084656606706183,-10.084656606706183,sequential,2e-06,1.0,1,5
1207,10201101000,201,1,0,0.051030820660674665,0.061826699520170954,0,,-14.196934139053917,-14.196934139053917,sequential,2e-06,1.0,1,5
1208,10201102000,201,2,0,0.007741167996410553,0.14930880908898425,0,,-7.523621720988398,-7.523621720988398,sequential,2e-06,1.0,1,5
1209,10201103000,201,3,0,0.05103083696327282,0.061826687792782144,0,,-14.196933154392452,-14.196933154392452,sequential,2e-06,1.0,1,5
1210,10201104000,201,4,0,0.018083546885774487,0.062061089617441785,0,,-10.084655191630423,-10.084655191630423,sequential,2e-06,1.0,1,5
1211,10201105000,201,5,0,0.007741169152840755,0.1493087529395652,0,,-7.523621723851483,-7.523621723851483,sequential,2e-06,1.0,1,5
1212,10202100000,202,0,0,0.016653946030588854,0.06544317030935654,0,,-10.73079585270648,-10.73079585270648,sequential,2e-06,1.0,2,5
1213,10202101000,202,1,0,0.05047009759826734,0.06527661855764148,0,,-15.107256317092238,-15.107256317092238,sequential,2e-06,1.0,2,5
1214,10202102000,202,2,0,0.007123071020988516,0.16113837780724583,0,,-8.005439584667165,-8.005439584667165,sequential,2e-06,1.0,2,5
1215,10202103000,202,3,0,0.05047011198593243,0.0652766061972653,0,,-15.107255269293189,-15.107255269293189,sequential,2e-06,1.0,2,5
1216,10202104000,202,4,0,0.016653943547309733,0.06544316649952923,0,,-10.730794346964728,-10.730794346964728,sequential,2e-06,1.0,2,5
1217,10202105000,202,5,0,0.00712307198689663,0.16113832084512633,0,,-8.005439587712845,-8.005439587712845,sequential,2e-06,1.0,2,5
1218,10203100000,203,0,0,0.015952388211489407,0.0639081237751711,0,,-11.076025972815206,-11.076025972815206,sequential,2e-06,1.0,18,5
1219,10203101000,203,1,0,0.050644038956994195,0.06468617237111295,0,,-15.595942765774755,-15.595942765774755,sequential,2e-06,1.0,18,5
1220,10203102000,203,2,0,0.00684592537413496,0.16206127189296823,0,,-8.262114644724914,-8.262114644724914,sequential,2e-06,1.0,18,5
1221,10203103000,203,3,0,0.0506440539915518,0.06468618994240975,0,,-15.595941684083538,-15.595941684083538,sequential,2e-06,1.0,18,5
1222,10203104000,203,4,0,0.015952385952192123,0.0639081192728562,0,,-11.076024418626249,-11.076024418626249,sequential,2e-06,1.0,18,5
1223,10203105000,203,5,0,0.006845926322876781,0.16206121287209824,0,,-8.262114647870161,-8.262114647870161,sequential,2e-06,1.0,18,5
1224,10204100000,204,0,0,0.018736508948930603,0.0589329964108422,0,,-11.934323116780492,-11.934323116780492,sequential,2e-06,1.3,1,5
1225,10204101000,204,1,0,0.05264691484171206,0.06049204546658597,0,,-15.942512494664182,-15.942512494664182,sequential,2e-06,1.3,1,5
1226,10204102000,204,2,0,0.008023558421156075,0.14087454716439105,0,,-8.966748270948651,-8.966748270948651,sequential,2e-06,1.3,1,5
1227,10204103000,204,3,0,0.05264693108642109,0.060492060288509585,0,,-15.942511388933678,-15.942511388933678,sequential,2e-06,1.3,1,5
1228,10204104000,204,4,0,0.01873650595894905,0.0589329924006109,0,,-11.93432144215977,-11.93432144215977,sequential,2e-06,1.3,1,5
1229,10204105000,204,5,0,0.00802355963193916,0.1408744946968027,0,,-8.966748274360278,-8.966748274360278,sequential,2e-06,1.3,1,5
1230,10205100000,205,0,0,0.01725331801133261,0.06204188896164126,0,,-12.713370860754596,-12.713370860754596,sequential,2e-06,1.3,2,5
1231,10205101000,205,1,0,0.052072763902246515,0.062239340737562564,0,,-16.983677138306604,-16.983677138306604,sequential,2e-06,1.3,2,5
1232,10205102000,205,2,0,0.007388163228788586,0.1515155036409375,0,,-9.551963158051432,-9.551963158051432,sequential,2e-06,1.3,2,5
1233,10205103000,205,3,0,0.05207278086714954,0.06223935720377707,0,,-16.983675960363907,-16.983675960363907,sequential,2e-06,1.3,2,5
1234,10205104000,205,4,0,0.017253315485018933,0.06204188618661201,0,,-12.713369076818667,-12.713369076818667,sequential,2e-06,1.3,2,5
1235,10205105000,205,5,0,0.007388164238583535,0.1515154508806433,0,,-9.551963161686981,-9.551963161686981,sequential,2e-06,1.3,2,5
1236,10206100000,206,0,0,0.016524885483918037,0.06067915945573769,0,,-13.144532432166475,-13.144532432166475,sequential,2e-06,1.3,18,5
1237,10206101000,206,1,0,0.052132204908599496,0.06636940204117416,0,,-17.561433699806983,-17.561433699806983,sequential,2e-06,1.3,18,5
1238,10206102000,206,2,0,0.007101643963486159,0.1528454851484676,0,,-9.875476562957743,-9.875476562957743,sequential,2e-06,1.3,18,5
1239,10206103000,206,3,0,0.052132219602074314,0.0663694188924011,0,,-17.56143248179522,-17.56143248179522,sequential,2e-06,1.3,18,5
1240,10206104000,206,4,0,0.01652488319377836,0.060679156067638226,0,,-13.144530587728998,-13.144530587728998,sequential,2e-06,1.3,18,5
1241,10206105000,206,5,0,0.0071016449562009126,0.15284543036228368,0,,-9.875476566714715,-9.875476566714715,sequential,2e-06,1.3,18,5
1242,10207100000,207,0,0,0.019168050420318754,0.05699698764773257,0,,-12.754758571250344,-12.754758571250344,sequential,2e-06,1.7,1,5
1243,10207101000,207,1,0,0.05346734680188311,0.061120803308612894,0,,-17.380029929643875,-17.380029929643875,sequential,2e-06,1.7,1,5
1244,10207102000,207,2,0,0.008209242153996639,0.13571031898594058,0,,-9.886072873291198,-9.886072873291198,sequential,2e-06,1.7,1,5
1245,10207103000,207,3,0,0.05346736287328527,0.061120817561325445,0,,-17.38002872421161,-17.38002872421161,sequential,2e-06,1.7,1,5
1246,10207104000,207,4,0,0.019168047378991974,0.05699698420211594,0,,-12.75475678150661,-12.75475678150661,sequential,2e-06,1.7,1,5
1247,10207105000,207,5,0,0.008209243399463282,0.13571026874882017,0,,-9.886072877053236,-9.886072877053236,sequential,2e-06,1.7,1,5
1248,10208100000,208,0,0,0.01765124546781673,0.05993625963627063,0,,-13.979041236627113,-13.979041236627113,sequential,2e-06,1.7,2,5
1249,10208101000,208,1,0,0.05314443281219325,0.06315334256068791,0,,-18.527489566928622,-18.527489566928622,sequential,2e-06,1.7,2,5
1250,10208102000,208,2,0,0.007562956888931812,0.1456424862753974,0,,-10.538588495893029,-10.538588495893029,sequential,2e-06,1.7,2,5
1251,10208103000,208,3,0,0.05314444978207996,0.06315335856560977,0,,-18.52748828191129,-18.52748828191129,sequential,2e-06,1.7,2,5
1252,10208104000,208,4,0,0.017651242906193933,0.059936257451311294,0,,-13.979039275092425,-13.979039275092425,sequential,2e-06,1.7,2,5
1253,10208105000,208,5,0,0.007562957926540565,0.14564243603604954,0,,-10.53858849990346,-10.53858849990346,sequential,2e-06,1.7,2,5
1254,10209100000,209,0,0,0.016905797585368556,0.058668294211378556,0,,-14.466437636721686,-14.466437636721686,sequential,2e-06,1.7,18,5
1255,10209101000,209,1,0,0.05286206433437318,0.06729361126127599,0,,-19.174317987456316,-19.174317987456316,sequential,2e-06,1.7,18,5
1256,10209102000,209,2,0,0.007270618476701078,0.14716599569099664,0,,-10.905821304511292,-10.905821304511292,sequential,2e-06,1.7,18,5
1257,10209103000,209,3,0,0.052862081702432624,0.06729362752885554,0,,-19.174316657579155,-19.174316657579155,sequential,2e-06,1.7,18,5
1258,10209104000,209,4,0,0.01690579526843075,0.05866829146321878,0,,-14.466435606792936,-14.466435606792936,sequential,2e-06,1.7,18,5
1259,10209105000,209,5,0,0.0072706194974388695,0.14716594347486417,0,,-10.905821308662457,-10.905821308662457,sequential,2e-06,1.7,18,5
1260,10210100000,210,0,0,0.01935126302293279,0.05621510762042679,0,,-13.204599551262017,-13.204599551262017,sequential,2e-06,2.0,1,5
1261,10210101000,210,1,0,0.0536942958477165,0.06134418243214218,0,,-17.962441837388944,-17.962441837388944,sequential,2e-06,2.0,1,5
1262,10210102000,210,2,0,0.008287471992491295,0.13363401679788026,0,,-10.257063228134484,-10.257063228134484,sequential,2e-06,2.0,1,5
1263,10210103000,210,3,0,0.05369431179642145,0.06134419643110936,0,,-17.96244059156202,-17.96244059156202,sequential,2e-06,2.0,1,5
1264,10210104000,210,4,0,0.019351259954771098,0.056215104391145396,0,,-13.204597698396565,-13.204597698396565,sequential,2e-06,2.0,1,5
1265,10210105000,210,5,0,0.008287473251795529,0.1336339674478229,0,,-10.257063232037389,-10.257063232037389,sequential,2e-06,2.0,1,5
1266,10211100000,211,0,0,0.017821332380366546,0.05908607884375173,0,,-14.08009980378084,-14.08009980378084,sequential,2e-06,2.0,2,5
1267,10211101000,211,1,0,0.05348226913210833,0.0634936726462275,0,,-19.15348056798603,-19.15348056798603,sequential,2e-06,2.0,2,5
1268,10211102000,211,2,0,0.007636799465733905,0.14328826248318835,0,,-10.937073691640885,-10.937073691640885,sequential,2e-06,2.0,2,5
1269,10211103000,211,3,0,0.053482286053052205,0.06349368843739416,0,,-19.1534792395518,-19.1534792395518,sequential,2e-06,2.0,2,5
1270,10211104000,211,4,0,0.017821329799076746,0.05908607688325013,0,,-14.080097828066181,-14.080097828066181,sequential,2e-06,2.0,2,5
1271,10211105000,211,5,0,0.0076368005143290585,0.14328821323848032,0,,-10.937073695802624,-10.937073695802624,sequential,2e-06,2.0,2,5
1272,10212100000,212,0,0,0.01706916311233718,0.0578537545364301,0,,-14.57622113391945,-14.57622113391945,sequential,2e-06,2.0,18,5
1273,10212101000,212,1,0,0.05326227743207533,0.06763245803096861,0,,-19.828683967443837,-19.828683967443837,sequential,2e-06,2.0,18,5
1274,10212102000,212,2,0,0.007342208953353186,0.1448766248958991,0,,-11.322211054590348,-11.322211054590348,sequential,2e-06,2.0,18,5
1275,10212103000,212,3,0,0.05326229479520852,0.06763247403198035,0,,-19.828682592181927,-19.828682592181927,sequential,2e-06,2.0,18,5
1276,10212104000,212,4,0,0.017069160779525718,0.05785375203285022,0,,-14.57621908858793,-14.57621908858793,sequential,2e-06,2.0,18,5
1277,10212105000,212,5,0,0.007342209985243857,0.14487657370024448,0,,-11.32221105889954,-11.32221105889954,sequential,2e-06,2.0,18,5
1278,10213100000,213,0,0,0.02018186238748482,0.053406076102397504,0,,-14.544792935486925,-14.544792935486925,sequential,2e-06,18.0,1,5
1279,10213101000,213,1,0,0.05022423353940021,0.061790571886474153,0,,-19.73201992997184,-19.73201992997184,sequential,2e-06,18.0,1,5
1280,10213102000,213,2,0,0.008620882507856366,0.12607725595378702,0,,-11.337475166706648,-11.337475166706648,sequential,2e-06,18.0,1,5
1281,10213103000,213,3,0,0.050224247972855796,0.06179058491343225,0,,-19.732018561402654,-19.732018561402654,sequential,2e-06,18.0,1,5
1282,10213104000,213,4,0,0.020181859012981168,0.05340607346413144,0,,-14.544790894570466,-14.544790894570466,sequential,2e-06,18.0,1,5
1283,10213105000,213,5,0,0.008620883796118913,0.12607720957082433,0,,-11.337475171047167,-11.337475171047167,sequential,2e-06,18.0,1,5
1284,10214100000,214,0,0,0.018634935016363402,0.05604506219076564,0,,-15.522258203969253,-15.522258203969253,sequential,2e-06,18.0,2,5
1285,10214101000,214,1,0,0.05031762541310784,0.06433033971061783,0,,-21.0580674585424,-21.0580674585424,sequential,2e-06,18.0,2,5
1286,10214102000,214,2,0,0.007957895537315319,0.13489433216844732,0,,-12.099416553106352,-12.099416553106352,sequential,2e-06,18.0,2,5
1287,10214103000,214,3,0,0.050317640931127915,0.06433035464239573,0,,-21.058065998013063,-21.058065998013063,sequential,2e-06,18.0,2,5
1288,10214104000,214,4,0,0.018634932169936568,0.056045060821504074,0,,-15.522256025852219,-15.522256025852219,sequential,2e-06,18.0,2,5
1289,10214105000,214,5,0,0.007957896604777281,0.1348942860816334,0,,-12.099416557717591,-12.099416557717591,sequential,2e-06,18.0,2,5
1290,10215100000,215,0,0,0.017871714074561913,0.05492101119188239,0,,-16.084278287737973,-16.084278287737973,sequential,2e-06,18.0,18,5
1291,10215101000,215,1,0,0.05054884288283414,0.06842108630713839,0,,-20.69465156108358,-20.69465156108358,sequential,2e-06,18.0,18,5
1292,10215102000,215,2,0,0.007660729560311076,0.13658764830415718,0,,-12.537614382784586,-12.537614382784586,sequential,2e-06,18.0,18,5
1293,10215103000,215,3,0,0.05054885601884071,0.06842110126417487,0,,-20.694650125760177,-20.694650125760177,sequential,2e-06,18.0,18,5
1294,10215104000,215,4,0,0.01787171149811541,0.054921009348090834,0,,-16.084276030770297,-16.084276030770297,sequential,2e-06,18.0,18,5
1295,10215105000,215,5,0,0.007660730614248412,0.13658760041173562,0,,-12.537614387563067,-12.537614387563067,sequential,2e-06,18.0,18,5
1296,10216100000,216,0,0,0.012821978174952873,0.07049178188911925,0,,-0.06475245760908283,-0.06475245760908283,sequential,3e-06,0.6,1,5
1297,10216101000,216,1,0,0.035516386313072426,0.07254255381431181,0,,-0.09546299922398899,-0.09546299922398899,sequential,3e-06,0.6,1,5
1298,10216102000,216,2,0,0.005533641681474925,0.1913794044750203,0,,-0.04785596960775168,-0.04785596960775168,sequential,3e-06,0.6,1,5
1299,10216103000,216,3,0,0.03551639705232565,0.07254254524779843,0,,-0.09546299260327563,-0.09546299260327563,sequential,3e-06,0.6,1,5
1300,10216104000,216,4,0,0.01282197646601721,0.07049178138626476,0,,-0.06475244852320637,-0.06475244852320637,sequential,3e-06,0.6,1,5
1301,10216105000,216,5,0,0.0055336425472516685,0.1913793463377639,0,,-0.047855969625447414,-0.047855969625447414,sequential,3e-06,0.6,1,5
1302,10217100000,217,0,0,0.011493159211833094,0.07524638759837966,0,,-0.050762374868329914,-0.050762374868329914,sequential,3e-06,0.6,2,5
1303,10217102000,217,2,0,0.004947749109184696,0.20102689823860342,0,,-0.03751645509113972,-0.03751645509113972,sequential,3e-06,0.6,2,5
1304,10217104000,217,4,0,0.011493157418661326,0.07524638958990733,0,,-0.050762367745381634,-0.050762367745381634,sequential,3e-06,0.6,2,5
1305,10217105000,217,5,0,0.004947749835416322,0.20102684882822716,0,,-0.037516455105763076,-0.037516455105763076,sequential,3e-06,0.6,2,5
1306,10218100000,218,0,0,0.010926305046620979,0.07601628534536495,0,,0.02777259414176137,0.02777259414176137,sequential,3e-06,0.6,18,5
1307,10218102000,218,2,0,0.004703327163919129,0.2087918374728387,0,,0.02052562183559588,0.02052562183559588,sequential,3e-06,0.6,18,5
1308,10218104000,218,4,0,0.01092630341367657,0.07601628607344912,0,,0.027772590245235342,0.027772590245235342,sequential,3e-06,0.6,18,5
1309,10218105000,218,5,0,0.004703327864958886,0.20879178295189546,0,,0.020525621843026667,0.020525621843026667,sequential,3e-06,0.6,18,5
1310,10219100000,219,0,0,0.015371811333957564,0.052624541236610714,0,,-9.606813814706028,-9.606813814706028,sequential,3e-06,1.0,1,5
1311,10219101000,219,1,0,0.04237686483714934,0.05244741985314668,0,,-13.93574147070797,-13.93574147070797,sequential,3e-06,1.0,1,5
1312,10219102000,219,2,0,0.006653957382500659,0.1332303549940323,0,,-7.043966995825378,-7.043966995825378,sequential,3e-06,1.0,1,5
1313,10219103000,219,3,0,0.04237687668525963,0.05244740761839049,0,,-13.935740504162146,-13.935740504162146,sequential,3e-06,1.0,1,5
1314,10219104000,219,4,0,0.015371808930124433,0.05262453815017585,0,,-9.606812466680735,-9.606812466680735,sequential,3e-06,1.0,1,5
1315,10219105000,219,5,0,0.00665395838232512,0.13323031744946187,0,,-7.043966998506164,-7.043966998506164,sequential,3e-06,1.0,1,5
1316,10220100000,220,0,0,0.013782487967207437,0.05644593892244847,0,,-10.437328532584425,-10.437328532584425,sequential,3e-06,1.0,2,5
1317,10220101000,220,1,0,0.04249862360732184,0.05661536418885556,0,,-15.141705727067894,-15.141705727067894,sequential,3e-06,1.0,2,5
1318,10220102000,220,2,0,0.005948643514155097,0.14479522004008827,0,,-7.652529344902878,-7.652529344902878,sequential,3e-06,1.0,2,5
1319,10220103000,220,3,0,0.04249863665711084,0.05661535095481265,0,,-15.141704676879877,-15.141704676879877,sequential,3e-06,1.0,2,5
1320,10220104000,220,4,0,0.013782486053123686,0.056445937386973816,0,,-10.437327068021952,-10.437327068021952,sequential,3e-06,1.0,2,5
1321,10220105000,220,5,0,0.005948644443748034,0.14479517077297385,0,,-7.65252934781506,-7.65252934781506,sequential,3e-06,1.0,2,5
1322,10221100000,221,0,0,0.0130846194360734,0.056233692324904716,0,,-10.824613186833343,-10.824613186833343,sequential,3e-06,1.0,18,5
1323,10221101000,221,1,0,0.04232359013784839,0.053121013204464836,0,,-15.708337061641219,-15.708337061641219,sequential,3e-06,1.0,18,5
1324,10221102000,221,2,0,0.005651595629479324,0.14779756422909227,0,,-7.934927137915325,-7.934927137915325,sequential,3e-06,1.0,18,5
1325,10221103000,221,3,0,0.04232360362688651,0.05312100047254164,0,,-15.708335972149285,-15.708335972149285,sequential,3e-06,1.0,18,5
1326,10221104000,221,4,0,0.01308461772817327,0.05623369029642324,0,,-10.824611667929243,-10.824611667929243,sequential,3e-06,1.0,18,5
1327,10221105000,221,5,0,0.0056515954298623815,0.14779751302882166,0,,-7.934927140933648,-7.934927140933648,sequential,3e-06,1.0,18,5
1328,10222100000,222,0,0,0.0161280621049742,0.0488928195096011,0,,-12.058325457671597,-12.058325457671597,sequential,3e-06,1.3,1,5
1329,10222101000,222,1,0,0.04367977805593784,0.0486570093121457,0,,-16.850488980435284,-16.850488980435284,sequential,3e-06,1.3,1,5
1330,10222102000,222,2,0,0.006985802019712268,0.12138661938710767,0,,-9.081485508995783,-9.081485508995783,sequential,3e-06,1.3,1,5
1331,10222103000,222,3,0,0.04367978927828894,0.04865701983609808,0,,-16.850487811730375,-16.850487811730375,sequential,3e-06,1.3,1,5
1332,10222104000,222,4,0,0.016128059641636286,0.048892817482905665,0,,-12.05832376565084,-12.05832376565084,sequential,3e-06,1.3,1,5
1333,10222105000,222,5,0,0.0069858030854357996,0.12138657471078072,0,,-9.081485512451819,-9.081485512451819,sequential,3e-06,1.3,1,5
1334,10223100000,223,0,0,0.01445201634182285,0.052252147360692724,0,,-13.128001463871827,-13.128001463871827,sequential,3e-06,1.3,2,5
1335,10223101000,223,1,0,0.04444557975632788,0.05106969818049171,0,,-18.34577169472454,-18.34577169472454,sequential,3e-06,1.3,2,5
1336,10223102000,223,2,0,0.006242237575190452,0.13276833664574358,0,,-9.886727421548631,-9.886727421548631,sequential,3e-06,1.3,2,5
1337,10223103000,223,3,0,0.04444559256494048,0.05106968493515593,0,,-18.345770422311016,-18.345770422311016,sequential,3e-06,1.3,2,5
1338,10223104000,223,4,0,0.01445201440337338,0.052252146940736564,0,,-13.1279996217549,-13.1279996217549,sequential,3e-06,1.3,2,5
1339,10223105000,223,5,0,0.006242238567079462,0.1327682926648048,0,,-9.886727425311378,-9.886727425311378,sequential,3e-06,1.3,2,5
1340,10224100000,224,0,0,0.013714356358795431,0.05212885649741665,0,,-13.650906170092462,-13.650906170092462,sequential,3e-06,1.3,18,5
1341,10224101000,224,1,0,0.04458498258475803,0.054363033340410025,0,,-19.078437734449064,-19.078437734449064,sequential,3e-06,1.3,18,5
1342,10224102000,224,2,0,0.0059507878586752775,0.13583333875738954,0,,-10.27914158239887,-10.27914158239887,sequential,3e-06,1.3,18,5
1343,10224103000,224,3,0,0.044584996044773416,0.05436304635945756,0,,-19.078436411221304,-19.078436411221304,sequential,3e-06,1.3,18,5
1344,10224104000,224,4,0,0.013714354641381515,0.052128855710604965,0,,-13.650904254605171,-13.650904254605171,sequential,3e-06,1.3,18,5
1345,10224105000,224,5,0,0.005950787602295916,0.13583329309862865,0,,-10.279141586310375,-10.279141586310375,sequential,3e-06,1.3,18,5
1346,10225100000,225,0,0,0.016632624132487967,0.04660452113911937,0,,-13.673076268810867,-13.673076268810867,sequential,3e-06,1.7,1,5
1347,10225101000,225,1,0,0.044721686830305515,0.04919636096857405,0,,-18.954335992817324,-18.954335992817324,sequential,3e-06,1.7,1,5
1348,10225102000,225,2,0,0.007206546316798796,0.11529948957915054,0,,-10.406823512665023,-10.406823512665023,sequential,3e-06,1.7,1,5
1349,10225103000,225,3,0,0.04472170034802605,0.049196374121651607,0,,-18.95433467819512,-18.95433467819512,sequential,3e-06,1.7,1,5
1350,10225104000,225,4,0,0.016632621625872708,0.046604519701230834,0,,-13.673074350209154,-13.673074350209154,sequential,3e-06,1.7,1,5
1351,10225105000,225,5,0,0.007206547426058655,0.11529944756437666,0,,-10.406823516625016,-10.406823516625016,sequential,3e-06,1.7,1,5
1352,10226100000,226,0,0,0.014899734520814441,0.04986143012046876,0,,-14.90482819748129,-14.90482819748129,sequential,3e-06,1.7,2,5
1353,10226101000,226,1,0,0.04546072573040769,0.05182649527831143,0,,-19.800953635395548,-19.800953635395548,sequential,3e-06,1.7,2,5
1354,10226102000,226,2,0,0.006437940699772746,0.1255083977988361,0,,-11.344151500457883,-11.344151500457883,sequential,3e-06,1.7,2,5
1355,10226103000,226,3,0,0.04546073819158966,0.05182650715132593,0,,-19.80095226205423,-19.80095226205423,sequential,3e-06,1.7,2,5
1356,10226104000,226,4,0,0.014899732563758521,0.049861424883704784,0,,-14.904826106040852,-14.904826106040852,sequential,3e-06,1.7,2,5
1357,10226105000,226,5,0,0.006437941733054089,0.12550835693750764,0,,-11.34415150477445,-11.34415150477445,sequential,3e-06,1.7,2,5
1358,10227100000,227,0,0,0.01413570703806898,0.04959420746122585,0,,-15.518985712210073,-15.518985712210073,sequential,3e-06,1.7,18,5
1359,10227101000,227,1,0,0.04582701873916606,0.05531022114382228,0,,-20.61813892377371,-20.61813892377371,sequential,3e-06,1.7,18,5
1360,10227102000,227,2,0,0.006135077988609897,0.12853774056968514,0,,-11.810904927490467,-11.810904927490467,sequential,3e-06,1.7,18,5
1361,10227103000,227,3,0,0.04582703198695649,0.05531023334574765,0,,-20.618137493755135,-20.618137493755135,sequential,3e-06,1.7,18,5
1362,10227104000,227,4,0,0.014135705312517184,0.049594207354137554,0,,-15.518983534594438,-15.518983534594438,sequential,3e-06,1.7,18,5
1363,10227105000,227,5,0,0.006135077692565706,0.12853769821310082,0,,-11.81090493198334,-11.81090493198334,sequential,3e-06,1.7,18,5
1364,10228100000,228,0,0,0.016846310905356324,0.045691329542383724,0,,-14.331535166751332,-14.331535166751332,sequential,3e-06,2.0,1,5
1365,10228101000,228,1,0,0.04508969075699814,0.049596112050773945,0,,-18.966118856682154,-18.966118856682154,sequential,3e-06,2.0,1,5
1366,10228102000,228,2,0,0.00729949498746349,0.11288172067555138,0,,-10.810969241905337,-10.810969241905337,sequential,3e-06,2.0,1,5
1367,10228103000,228,3,0,0.045089704169857574,0.04959612501930117,0,,-18.966117541242813,-18.966117541242813,sequential,3e-06,2.0,1,5
1368,10228104000,228,4,0,0.01684630837696376,0.04569132832496114,0,,-14.331533155755007,-14.331533155755007,sequential,3e-06,2.0,1,5
1369,10228105000,228,5,0,0.007299496114568493,0.11288167970790997,0,,-10.810969246019075,-10.810969246019075,sequential,3e-06,2.0,1,5
1370,10229100000,229,0,0,0.01509032502602811,0.04903522399561462,0,,-15.630585657013699,-15.630585657013699,sequential,3e-06,2.0,2,5
1371,10229101000,229,1,0,0.04577308475334936,0.05213907928425889,0,,-20.68546087689214,-20.68546087689214,sequential,3e-06,2.0,2,5
1372,10229102000,229,2,0,0.006520692750318152,0.12263681668469793,0,,-11.938638705812073,-11.938638705812073,sequential,3e-06,2.0,2,5
1373,10229103000,229,3,0,0.045773097014702724,0.05213909083361529,0,,-20.68545944220351,-20.68545944220351,sequential,3e-06,2.0,2,5
1374,10229104000,229,4,0,0.01509032305811972,0.04903521910681349,0,,-15.630583463734778,-15.630583463734778,sequential,3e-06,2.0,2,5
1375,10229105000,229,5,0,0.00652069380070153,0.1226367770369029,0,,-11.938638710355136,-11.938638710355136,sequential,3e-06,2.0,2,5
1376,10230100000,230,0,0,0.014315450007747805,0.04857965422422323,0,,-16.282757428437574,-16.282757428437574,sequential,3e-06,2.0,18,5
1377,10230101000,230,1,0,0.04623677282787288,0.05563472127227223,0,,-21.549353073518205,-21.549353073518205,sequential,3e-06,2.0,18,5
1378,10230102000,230,2,0,0.006206271690642927,0.12563744747150096,0,,-12.436329683320247,-12.436329683320247,sequential,3e-06,2.0,18,5
1379,10230103000,230,3,0,0.046236785928745666,0.0556347330949854,0,,-21.549351578917065,-21.549351578917065,sequential,3e-06,2.0,18,5
1380,10230104000,230,4,0,0.014315448276000925,0.04857965436887056,0,,-16.28275514364667,-16.28275514364667,sequential,3e-06,2.0,18,5
1381,10230105000,230,5,0,0.0062062726007440835,0.1256374064053188,0,,-12.43632968805358,-12.43632968805358,sequential,3e-06,2.0,18,5
1382,10231100000,231,0,0,0.0177394358709775,0.04281359160569201,0,,-16.209901543809636,-16.209901543809636,sequential,3e-06,18.0,1,5
1383,10231101000,231,1,0,0.042610165691068326,0.05061689062209004,0,,-21.308487274669933,-21.308487274669933,sequential,3e-06,18.0,1,5
1384,10231102000,231,2,0,0.007665258371506946,0.10491698149721304,0,,-12.26299401801474,-12.26299401801474,sequential,3e-06,18.0,1,5
1385,10231103000,231,3,0,0.04261017770242447,0.05061690282836614,0,,-21.308485796787878,-21.308485796787878,sequential,3e-06,18.0,1,5
1386,10231104000,231,4,0,0.01773943309595056,0.04281358680802916,0,,-16.20989926925095,-16.20989926925095,sequential,3e-06,18.0,1,5
1387,10231105000,231,5,0,0.007665259543974556,0.10491694376616391,0,,-12.262994022677985,-12.262994022677985,sequential,3e-06,18.0,1,5
1388,10232100000,232,0,0,0.015932955448167925,0.04621533972942,0,,-17.707380738466483,-17.707380738466483,sequential,3e-06,18.0,2,5
1389,10232101000,232,1,0,0.04377298599626201,0.05280038387071336,0,,-23.276952949565562,-23.276952949565562,sequential,3e-06,18.0,2,5
1390,10232102000,232,2,0,0.006861959861630856,0.11337850204993656,0,,-13.608599393234702,-13.608599393234702,sequential,3e-06,18.0,2,5
1391,10232103000,232,3,0,0.04377299708006226,0.052800394204684103,0,,-23.27695133514513,-23.27695133514513,sequential,3e-06,18.0,2,5
1392,10232104000,232,4,0,0.015932953290020625,0.04621533583367828,0,,-17.707378253782814,-17.707378253782814,sequential,3e-06,18.0,2,5
1393,10232105000,232,5,0,0.006861960960809732,0.11337846596914418,0,,-13.608599398413835,-13.608599398413835,sequential,3e-06,18.0,2,5
1394,10233100000,233,0,0,0.015130112160518149,0.04532886569746344,0,,-18.471527367635286,-18.471527367635286,sequential,3e-06,18.0,18,5
1395,10233101000,233,1,0,0.04443919300696256,0.05628667495622521,0,,-24.28120626352165,-24.28120626352165,sequential,3e-06,18.0,18,5
1396,10233102000,233,2,0,0.006544511654127445,0.11621680922204809,0,,-14.19599120403853,-14.19599120403853,sequential,3e-06,18.0,18,5
1397,10233103000,233,3,0,0.044439204998664335,0.05628668537129213,0,,-24.28120457943584,-24.28120457943584,sequential,3e-06,18.0,18,5
1398,10233104000,233,4,0,0.01513011026357863,0.04532886177211211,0,,-18.471524775710456,-18.471524775710456,sequential,3e-06,18.0,18,5
1399,10233105000,233,5,0,0.006544512602726133,0.11621677197079001,0,,-14.195991209422662,-14.195991209422662,sequential,3e-06,18.0,18,5
1400,10234100000,234,0,0,0.010763546140794437,0.07313630944619061,0,,6.483942039298989,6.483942039298989,sequential,5e-06,0.6,1,5
1401,10234102000,234,2,0,0.0047751659538994564,0.20941311893528147,0,,4.053379126774222,4.053379126774222,sequential,5e-06,0.6,1,5
1402,10234104000,234,4,0,0.010763544890521594,0.0731363154451871,0,,6.48394112947457,6.48394112947457,sequential,5e-06,0.6,1,5
1403,10234105000,234,5,0,0.004775166723449888,0.20941304847913444,0,,4.0533791283166,4.0533791283166,sequential,5e-06,0.6,1,5
1404,10235100000,235,0,0,0.008987003708648305,0.07929178866018444,0,,7.24314422804453,7.24314422804453,sequential,5e-06,0.6,2,5
1405,10235102000,235,2,0,0.003926196197824673,0.23049954134307407,0,,4.529918164533802,4.529918164533802,sequential,5e-06,0.6,2,5
1406,10235104000,235,4,0,0.008987002262190711,0.07929178885638122,0,,7.243143211689176,7.243143211689176,sequential,5e-06,0.6,2,5
1407,10235105000,235,5,0,0.0039261967579828526,0.23049948042461266,0,,4.52991816625793,4.52991816625793,sequential,5e-06,0.6,2,5
1408,10236100000,236,0,0,0.008197870778030202,0.08106385860856288,0,,7.687170275357973,7.687170275357973,sequential,5e-06,0.6,18,5
1409,10236102000,236,2,0,0.003684721128218994,0.2387722946366604,0,,4.816428332613732,4.816428332613732,sequential,5e-06,0.6,18,5
1410,10236104000,236,4,0,0.008197869296342654,0.08106386901004868,0,,7.687169196696762,7.687169196696762,sequential,5e-06,0.6,18,5
1411,10236105000,236,5,0,0.003684721663915958,0.23877223022504593,0,,4.816428334446504,4.816428334446504,sequential,5e-06,0.6,18,5
1412,10237100000,237,0,0,0.01365413448595136,0.04669091528876494,0,,-7.145175939032406,-7.145175939032406,sequential,5e-06,1.0,1,5
1413,10237102000,237,2,0,0.006209862511410252,0.128707971539686,0,,-5.035674480728608,-5.035674480728608,sequential,5e-06,1.0,1,5
1414,10237104000,237,4,0,0.013654132823988517,0.046690917298383865,0,,-7.145174936423559,-7.145174936423559,sequential,5e-06,1.0,1,5
1415,10237105000,237,5,0,0.0062098637127248005,0.12870793262021588,0,,-5.035674482645061,-5.035674482645061,sequential,5e-06,1.0,1,5
1416,10238100000,238,0,0,0.011594989589633406,0.05146934244181806,0,,-8.035026314878353,-8.035026314878353,sequential,5e-06,1.0,2,5
1417,10238101000,238,1,0,0.03511774522907446,0.05059203241824549,0,,-12.39932975032116,-12.39932975032116,sequential,5e-06,1.0,2,5
1418,10238102000,238,2,0,0.005130276830570912,0.13879390358391286,0,,-5.661996433379135,-5.661996433379135,sequential,5e-06,1.0,2,5
1419,10238103000,238,3,0,0.03511775523322411,0.05059202328253198,0,,-12.399328890337017,-12.399328890337017,sequential,5e-06,1.0,2,5
1420,10238104000,238,4,0,0.011594988003723421,0.051469341812828154,0,,-8.035025187406132,-8.035025187406132,sequential,5e-06,1.0,2,5
1421,10238105000,238,5,0,0.005130277778429291,0.13879385698200308,0,,-5.661996435533688,-5.661996435533688,sequential,5e-06,1.0,2,5
1422,10239100000,239,0,0,0.010848189125415054,0.05215387403249661,0,,-8.403155517752186,-8.403155517752186,sequential,5e-06,1.0,18,5
1423,10239101000,239,1,0,0.03520511575110742,0.04883951579280281,0,,-12.978453627152572,-12.978453627152572,sequential,5e-06,1.0,18,5
1424,10239102000,239,2,0,0.004774958454035373,0.14325226047491077,0,,-5.917865348868638,-5.917865348868638,sequential,5e-06,1.0,18,5
1425,10239103000,239,3,0,0.03520512638448838,0.04883950669590799,0,,-12.978452727000704,-12.978452727000704,sequential,5e-06,1.0,18,5
1426,10239104000,239,4,0,0.010848187757551536,0.052153873308570735,0,,-8.403154338626525,-8.403154338626525,sequential,5e-06,1.0,18,5
1427,10239105000,239,5,0,0.004774959282584178,0.14325221276548078,0,,-5.917865351121356,-5.917865351121356,sequential,5e-06,1.0,18,5
1428,10240100000,240,0,0,0.014596498154763741,0.041783423821299355,0,,-10.950658284850139,-10.950658284850139,sequential,5e-06,1.3,1,5
1429,10240102000,240,2,0,0.006629359071858258,0.11211544245401835,0,,-7.963240853571223,-7.963240853571223,sequential,5e-06,1.3,1,5
1430,10240104000,240,4,0,0.014596496504149495,0.04178342248427809,0,,-10.950656748257261,-10.950656748257261,sequential,5e-06,1.3,1,5
1431,10240105000,240,5,0,0.006629360394298742,0.11211540953681899,0,,-7.9632408566016535,-7.9632408566016535,sequential,5e-06,1.3,1,5
1432,10241100000,241,0,0,0.012423526240988178,0.0457747320389005,0,,-12.36992274016158,-12.36992274016158,sequential,5e-06,1.3,2,5
1433,10241101000,241,1,0,0.037175883073141625,0.044038718310534075,0,,-17.79450453292569,-17.79450453292569,sequential,5e-06,1.3,2,5
1434,10241102000,241,2,0,0.00548131444037191,0.12198231231441961,0,,-8.994636280110836,-8.994636280110836,sequential,5e-06,1.3,2,5
1435,10241103000,241,3,0,0.0371758944221575,0.04403870832496472,0,,-17.794503298746253,-17.794503298746253,sequential,5e-06,1.3,2,5
1436,10241104000,241,4,0,0.012423524638068624,0.045774732819382304,0,,-12.369921004418142,-12.369921004418142,sequential,5e-06,1.3,2,5
1437,10241105000,241,5,0,0.0054813154019257735,0.12198227323171393,0,,-8.994636283533277,-8.994636283533277,sequential,5e-06,1.3,2,5
1438,10242100000,242,0,0,0.011610125151149122,0.04639418437400639,0,,-12.97018416901986,-12.97018416901986,sequential,5e-06,1.3,18,5
1439,10242101000,242,1,0,0.037756865687988084,0.044718597301113515,0,,-18.713442124944095,-18.713442124944095,sequential,5e-06,1.3,18,5
1440,10242102000,242,2,0,0.005125578629452908,0.12584197498851077,0,,-9.454422889968347,-9.454422889968347,sequential,5e-06,1.3,18,5
1441,10242103000,242,3,0,0.03775687587013045,0.04471861028455668,0,,-18.7134408270279,-18.7134408270279,sequential,5e-06,1.3,18,5
1442,10242104000,242,4,0,0.011610123789445443,0.04639418523084871,0,,-12.970182349047223,-12.970182349047223,sequential,5e-06,1.3,18,5
1443,10242105000,242,5,0,0.005125578360206529,0.1258419354077542,0,,-9.4544228935675,-9.4544228935675,sequential,5e-06,1.3,18,5
1444,10243100000,243,0,0,0.0152364352152239,0.03885606004043024,0,,-13.377117668024013,-13.377117668024013,sequential,5e-06,1.7,1,5
1445,10243102000,243,2,0,0.006956961649641477,0.10250917749693324,0,,-9.960441622162923,-9.960441622162923,sequential,5e-06,1.7,1,5
1446,10243104000,243,4,0,0.015236433577991596,0.0388560594062473,0,,-13.377115790951287,-13.377115790951287,sequential,5e-06,1.7,1,5
1447,10243105000,243,5,0,0.006956963172038746,0.10250914795808394,0,,-9.96044162595303,-9.96044162595303,sequential,5e-06,1.7,1,5
1448,10244100000,244,0,0,0.012989514376412051,0.042660519287458495,0,,-15.153044106597903,-15.153044106597903,sequential,5e-06,1.7,2,5
1449,10244101000,244,1,0,0.038834948837955414,0.043812505494302045,0,,-20.760977333951974,-20.760977333951974,sequential,5e-06,1.7,2,5
1450,10244102000,244,2,0,0.0057244995449809094,0.11191916189828188,0,,-11.2628413316404,-11.2628413316404,sequential,5e-06,1.7,2,5
1451,10244103000,244,3,0,0.03883495996703031,0.04381251712431557,0,,-20.760975894026014,-20.760975894026014,sequential,5e-06,1.7,2,5
1452,10244104000,244,4,0,0.012989512766220275,0.04266051645604412,0,,-15.153041980327805,-15.153041980327805,sequential,5e-06,1.7,2,5
1453,10244105000,244,5,0,0.005724500567902525,0.11191912716372011,0,,-11.262841335926241,-11.262841335926241,sequential,5e-06,1.7,2,5
1454,10245100000,245,0,0,0.012129464088158059,0.042857028692729865,0,,-15.970568662659785,-15.970568662659785,sequential,5e-06,1.7,18,5
1455,10245101000,245,1,0,0.03905589847501091,0.04673653258699589,0,,-21.883637689979086,-21.883637689979086,sequential,5e-06,1.7,18,5
1456,10245102000,245,2,0,0.005394769140800995,0.1153142936700008,0,,-11.86914139073978,-11.86914139073978,sequential,5e-06,1.7,18,5
1457,10245103000,245,3,0,0.039055907996650284,0.0467365451287886,0,,-21.883636172189483,-21.883636172189483,sequential,5e-06,1.7,18,5
1458,10245104000,245,4,0,0.01212946273593256,0.0428570303409516,0,,-15.970566421677312,-15.970566421677312,sequential,5e-06,1.7,18,5
1459,10245105000,245,5,0,0.005394768811460086,0.11531425881001649,0,,-11.869141395254141,-11.869141395254141,sequential,5e-06,1.7,18,5
1460,10246100000,246,0,0,0.015508043668680605,0.0376997129651414,0,,-14.386698732124051,-14.386698732124051,sequential,5e-06,2.0,1,5
1461,10246102000,246,2,0,0.0070711815470665485,0.09881501213591266,0,,-10.74579572911215,-10.74579572911215,sequential,5e-06,2.0,1,5
1462,10246104000,246,4,0,0.015508042036343178,0.03769971258518835,0,,-14.386696713387023,-14.386696713387023,sequential,5e-06,2.0,1,5
1463,10246105000,246,5,0,0.007071183106828522,0.09881498387421447,0,,-10.745795733200707,-10.745795733200707,sequential,5e-06,2.0,1,5
1464,10247100000,247,0,0,0.013230898061361135,0.04151342691181185,0,,-16.315389621544846,-16.315389621544846,sequential,5e-06,2.0,2,5
1465,10247101000,247,1,0,0.03941414828074477,0.04444206220089796,0,,-22.193301958619784,-22.193301958619784,sequential,5e-06,2.0,2,5
1466,10247102000,247,2,0,0.00582761446874822,0.1079866273321594,0,,-12.209516553797856,-12.209516553797856,sequential,5e-06,2.0,2,5
1467,10247103000,247,3,0,0.0394141592307094,0.044442073560728,0,,-22.193300419351964,-22.193300419351964,sequential,5e-06,2.0,2,5
1468,10247104000,247,4,0,0.013230896447321457,0.0415134245032369,0,,-16.315387332174293,-16.315387332174293,sequential,5e-06,2.0,2,5
1469,10247105000,247,5,0,0.005827615517761608,0.10798659425980199,0,,-12.209516558443589,-12.209516558443589,sequential,5e-06,2.0,2,5
1470,10248100000,248,0,0,0.012350956180937046,0.04163016096993782,0,,-17.21104837548984,-17.21104837548984,sequential,5e-06,2.0,18,5
1471,10248101000,248,1,0,0.03978827965880875,0.04748381282351463,0,,-23.413316698255446,-23.413316698255446,sequential,5e-06,2.0,18,5
1472,10248102000,248,2,0,0.0055022555124379915,0.11118262925184336,0,,-12.878895259732998,-12.878895259732998,sequential,5e-06,2.0,18,5
1473,10248103000,248,3,0,0.039788291481900766,0.04748382508740396,0,,-23.41331507436751,-23.41331507436751,sequential,5e-06,2.0,18,5
1474,10248104000,248,4,0,0.012350954832318137,0.04163015869654057,0,,-17.211045960441616,-17.211045960441616,sequential,5e-06,2.0,18,5
1475,10248105000,248,5,0,0.0055022551567074675,0.11118259619711984,0,,-12.878895264630335,-12.878895264630335,sequential,5e-06,2.0,18,5
1476,10249100000,249,0,0,0.01655423263918709,0.034323137093025605,0,,-16.802091930353125,-16.802091930353125,sequential,5e-06,18.0,1,5
1477,10249102000,249,2,0,0.0074911102741848,0.0882163352574893,0,,-12.926061917397476,-12.926061917397476,sequential,5e-06,18.0,1,5
1478,10249104000,249,4,0,0.016554230888343922,0.03432313438170138,0,,-16.802089572697405,-16.802089572697405,sequential,5e-06,18.0,1,5
1479,10249105000,249,5,0,0.007491111954825371,0.08821631044887153,0,,-12.926061922322427,-12.926061922322427,sequential,5e-06,18.0,1,5
1480,10250100000,250,0,0,0.014190437862132066,0.03796296871472704,0,,-19.583645588268762,-19.583645588268762,sequential,5e-06,18.0,2,5
1481,10250101000,250,1,0,0.03833607681033226,0.04597938238985994,0,,-25.10665649255176,-25.10665649255176,sequential,5e-06,18.0,2,5
1482,10250102000,250,2,0,0.006218077839659632,0.09643892504360317,0,,-14.837302508884855,-14.837302508884855,sequential,5e-06,18.0,2,5
1483,10250103000,250,3,0,0.03833608645132397,0.04597939258414087,0,,-25.10665475121855,-25.10665475121855,sequential,5e-06,18.0,2,5
1484,10250104000,250,4,0,0.014190436115517095,0.03796296742349509,0,,-19.583642840304456,-19.583642840304456,sequential,5e-06,18.0,2,5
1485,10250105000,250,5,0,0.006218078860803666,0.09643889655008693,0,,-14.837302514515132,-14.837302514515132,sequential,5e-06,18.0,2,5
1486,10251100000,251,0,0,0.013252119600227307,0.038048774312360444,0,,-20.709668157150094,-20.709668157150094,sequential,5e-06,18.0,18,5
1487,10251101000,251,1,0,0.03914688497171514,0.049343531033265414,0,,-26.549904021391065,-26.549904021391065,sequential,5e-06,18.0,18,5
1488,10251102000,251,2,0,0.005813501541342545,0.09902133838112695,0,,-15.690560026471012,-15.690560026471012,sequential,5e-06,18.0,18,5
1489,10251103000,251,3,0,0.03914689568415715,0.049343542053434934,0,,-26.549902179966395,-26.549902179966395,sequential,5e-06,18.0,18,5
1490,10251104000,251,4,0,0.01325211815439935,0.038048773236297226,0,,-20.70966525117347,-20.70966525117347,sequential,5e-06,18.0,18,5
1491,10251105000,251,5,0,0.005813502523075614,0.09902131027733313,0,,-15.690560032439198,-15.690560032439198,sequential,5e-06,18.0,18,5
1492,10252100000,252,0,0,0.007215938565547881,0.08773875674093347,0,,14.608542050755231,14.608542050755231,sequential,8e-06,0.6,1,5
1493,10252102000,252,2,0,0.003983556671810161,0.2668987894959159,0,,8.767902634786028,8.767902634786028,sequential,8e-06,0.6,1,5
1494,10252104000,252,4,0,0.0072159367279999624,0.08773876332586476,0,,14.608540000889427,14.608540000889427,sequential,8e-06,0.6,1,5
1495,10252105000,252,5,0,0.0039835571914149616,0.26689874359339144,0,,8.767902638120912,8.767902638120912,sequential,8e-06,0.6,1,5
1496,10253102000,253,2,0,0.0029969554151461665,0.294434707152078,0,,10.10828193267492,10.10828193267492,sequential,8e-06,0.6,2,5
1497,10253105000,253,5,0,0.002996955772935455,0.29443463908317696,0,,10.10828193652109,10.10828193652109,sequential,8e-06,0.6,2,5
1498,10254102000,254,2,0,0.0026769294512950185,0.3052390512152941,0,,10.78764445749421,10.78764445749421,sequential,8e-06,0.6,18,5
1499,10254105000,254,5,0,0.0026769294659512127,0.3052389826078838,0,,10.78764446159696,10.78764446159696,sequential,8e-06,0.6,18,5
1500,10255100000,255,0,0,0.013483620073144324,0.046628522436558434,0,,-3.0457668051042552,-3.0457668051042552,sequential,8e-06,1.0,1,5
1501,10255102000,255,2,0,0.006105817203686652,0.13653279857233397,0,,-2.251005294968875,-2.251005294968875,sequential,8e-06,1.0,1,5
1502,10255104000,255,4,0,0.013483620020935349,0.046628524842010355,0,,-3.045766377723483,-3.045766377723483,sequential,8e-06,1.0,1,5
1503,10255105000,255,5,0,0.006105818265252863,0.13653275784961083,0,,-2.2510052958249562,-2.2510052958249562,sequential,8e-06,1.0,1,5
1504,10256100000,256,0,0,0.010485118515794296,0.05188709176985169,0,,-3.559555262427671,-3.559555262427671,sequential,8e-06,1.0,2,5
1505,10256101000,256,1,0,0.029819938832324713,0.04831307592134796,0,,-6.113777326830129,-6.113777326830129,sequential,8e-06,1.0,2,5
1506,10256102000,256,2,0,0.004610392543375767,0.14791768961348775,0,,-2.099760867878796,-2.099760867878796,sequential,8e-06,1.0,2,5
1507,10256103000,256,3,0,0.02981994687508493,0.04831306534166616,0,,-6.1137769027947,-6.1137769027947,sequential,8e-06,1.0,2,5
1508,10256104000,256,4,0,0.010485117510757987,0.05188709277574018,0,,-3.5595547629517874,-3.5595547629517874,sequential,8e-06,1.0,2,5
1509,10256105000,256,5,0,0.004610393263204728,0.1479176442273005,0,,-2.099760868678561,-2.099760868678561,sequential,8e-06,1.0,2,5
1510,10257100000,257,0,0,0.009557187505691817,0.05336330527605883,0,,-3.7323357939358983,-3.7323357939358983,sequential,8e-06,1.0,18,5
1511,10257101000,257,1,0,0.030077956011211493,0.04815328248118105,0,,-6.43165941644764,-6.43165941644764,sequential,8e-06,1.0,18,5
1512,10257102000,257,2,0,0.004130275157348777,0.1534672099402392,0,,-2.1893527945930695,-2.1893527945930695,sequential,8e-06,1.0,18,5
1513,10257103000,257,3,0,0.030077964830210142,0.04815327185114996,0,,-6.431658970364437,-6.431658970364437,sequential,8e-06,1.0,18,5
1514,10257104000,257,4,0,0.009557186711299768,0.053363306715830595,0,,-3.7323352702147816,-3.7323352702147816,sequential,8e-06,1.0,18,5
1515,10257105000,257,5,0,0.004130275766761654,0.15346716540231725,0,,-2.1893527954267418,-2.1893527954267418,sequential,8e-06,1.0,18,5
1516,10258100000,258,0,0,0.014558587637295619,0.03898539702720422,0,,-8.241018468664029,-8.241018468664029,sequential,8e-06,1.3,1,5
1517,10258102000,258,2,0,0.0067219733598635496,0.11237593473927363,0,,-5.894081909925716,-5.894081909925716,sequential,8e-06,1.3,1,5
1518,10258104000,258,4,0,0.014558587252878999,0.03898540002227665,0,,-8.241017312287031,-8.241017312287031,sequential,8e-06,1.3,1,5
1519,10258105000,258,5,0,0.006721974576639231,0.1123759023081635,0,,-5.8940819121685974,-5.8940819121685974,sequential,8e-06,1.3,1,5
1520,10259100000,259,0,0,0.011452525635606408,0.043548155598506895,0,,-9.727748302579826,-9.727748302579826,sequential,8e-06,1.3,2,5
1521,10259101000,259,1,0,0.03275955711907572,0.0399523230222091,0,,-14.692328563795334,-14.692328563795334,sequential,8e-06,1.3,2,5
1522,10259102000,259,2,0,0.005191783302983975,0.12165394680939333,0,,-6.956805254186684,-6.956805254186684,sequential,8e-06,1.3,2,5
1523,10259103000,259,3,0,0.0327595660225364,0.03995231483503516,0,,-14.692327544774681,-14.692327544774681,sequential,8e-06,1.3,2,5
1524,10259104000,259,4,0,0.011452524722317867,0.04354815813883929,0,,-9.727746937585385,-9.727746937585385,sequential,8e-06,1.3,2,5
1525,10259105000,259,5,0,0.005191784221823593,0.12165391224147683,0,,-6.956805256834097,-6.956805256834097,sequential,8e-06,1.3,2,5
1526,10260100000,260,0,0,0.01044375763977961,0.04463211257364364,0,,-10.374733292258123,-10.374733292258123,sequential,8e-06,1.3,18,5
1527,10260101000,260,1,0,0.03314348135617801,0.04035508143793145,0,,-15.677759055667659,-15.677759055667659,sequential,8e-06,1.3,18,5
1528,10260102000,260,2,0,0.004664540289373804,0.1251664142394844,0,,-7.053800924473245,-7.053800924473245,sequential,8e-06,1.3,18,5
1529,10260103000,260,3,0,0.03314349118380621,0.04035509282049767,0,,-15.677757968300988,-15.677757968300988,sequential,8e-06,1.3,18,5
1530,10260104000,260,4,0,0.01044375654567465,0.0446321157272044,0,,-10.374731836479286,-10.374731836479286,sequential,8e-06,1.3,18,5
1531,10260105000,260,5,0,0.004664541069835021,0.12516638154752305,0,,-7.053800927157029,-7.053800927157029,sequential,8e-06,1.3,18,5
1532,10261100000,261,0,0,0.015375712194094464,0.034967044176904875,0,,-11.575926114947425,-11.575926114947425,sequential,8e-06,1.7,1,5
1533,10261102000,261,2,0,0.0071573880176867095,0.09877718650158845,0,,-8.481620162436792,-8.481620162436792,sequential,8e-06,1.7,1,5
1534,10261104000,261,4,0,0.015375711244641646,0.03496704446634703,0,,-11.575924490617165,-11.575924490617165,sequential,8e-06,1.7,1,5
1535,10261105000,261,5,0,0.007157389348590946,0.09877715858886799,0,,-8.48162016566401,-8.48162016566401,sequential,8e-06,1.7,1,5
1536,10262100000,262,0,0,0.01214919116387674,0.039227327895512844,0,,-13.740719732454902,-13.740719732454902,sequential,8e-06,1.7,2,5
1537,10262101000,262,1,0,0.0342960566388286,0.03967339479907781,0,,-19.604108480438903,-19.604108480438903,sequential,8e-06,1.7,2,5
1538,10262102000,262,2,0,0.005521583495476615,0.10645864031770227,0,,-10.067444292942477,-10.067444292942477,sequential,8e-06,1.7,2,5
1539,10262103000,262,3,0,0.03429606470966184,0.03967340411701714,0,,-19.604107120750214,-19.604107120750214,sequential,8e-06,1.7,2,5
1540,10262104000,262,4,0,0.012149189802531562,0.039227327367354396,0,,-13.740717804361548,-13.740717804361548,sequential,8e-06,1.7,2,5
1541,10262105000,262,5,0,0.005521584500045234,0.1064586116377759,0,,-10.067444296773443,-10.067444296773443,sequential,8e-06,1.7,2,5
1542,10263100000,263,0,0,0.01109519592976822,0.0400519771946149,0,,-14.723480791381103,-14.723480791381103,sequential,8e-06,1.7,18,5
1543,10263101000,263,1,0,0.03534084695733491,0.04279219794914125,0,,-21.011302505559055,-21.011302505559055,sequential,8e-06,1.7,18,5
1544,10263102000,263,2,0,0.004968281353768893,0.10909941707326386,0,,-10.78629557680385,-10.78629557680385,sequential,8e-06,1.7,18,5
1545,10263103000,263,3,0,0.035340856301168136,0.04279220849035355,0,,-21.011301048272305,-21.011301048272305,sequential,8e-06,1.7,18,5
1546,10263104000,263,4,0,0.011095194876862561,0.0400519771726463,0,,-14.723478725387118,-14.723478725387118,sequential,8e-06,1.7,18,5
1547,10263105000,263,5,0,0.004968282207624497,0.10909937932138766,0,,-10.786295580908252,-10.786295580908252,sequential,8e-06,1.7,18,5
1548,10264100000,264,0,0,0.01573729615064721,0.03341262798557817,0,,-13.003090180475917,-13.003090180475917,sequential,8e-06,2.0,1,5
1549,10264102000,264,2,0,0.007344707345050349,0.09364641970558359,0,,-9.588808440525243,-9.588808440525243,sequential,8e-06,2.0,1,5
1550,10264104000,264,4,0,0.015737295253298717,0.03341262852991252,0,,-13.00308835588666,-13.00308835588666,sequential,8e-06,2.0,1,5
1551,10264105000,264,5,0,0.0073447087259042535,0.09364639346662301,0,,-9.588808444174088,-9.588808444174088,sequential,8e-06,2.0,1,5
1552,10265100000,265,0,0,0.012466812477639474,0.03752514588055764,0,,-15.470968941567365,-15.470968941567365,sequential,8e-06,2.0,2,5
1553,10265101000,265,1,0,0.03502737338839249,0.04026665115334836,0,,-21.75976869620774,-21.75976869620774,sequential,8e-06,2.0,2,5
1554,10265102000,265,2,0,0.0056634543202222064,0.10066049071588316,0,,-11.408469833001398,-11.408469833001398,sequential,8e-06,2.0,2,5
1555,10265103000,265,3,0,0.035027383233789025,0.04026665992160393,0,,-21.759767187008332,-21.759767187008332,sequential,8e-06,2.0,2,5
1556,10265104000,265,4,0,0.012466811124746457,0.03752514581079561,0,,-15.470966770685829,-15.470966770685829,sequential,8e-06,2.0,2,5
1557,10265105000,265,5,0,0.005663455362383685,0.10066046420106928,0,,-11.408469837342436,-11.408469837342436,sequential,8e-06,2.0,2,5
1558,10266100000,266,0,0,0.011375363054258236,0.03826661443477552,0,,-16.605304802179152,-16.605304802179152,sequential,8e-06,2.0,18,5
1559,10266101000,266,1,0,0.03608529974808923,0.04361732980515211,0,,-22.613889172787555,-22.613889172787555,sequential,8e-06,2.0,18,5
1560,10266102000,266,2,0,0.005099396067657973,0.10410561319411955,0,,-12.244164018481767,-12.244164018481767,sequential,8e-06,2.0,18,5
1561,10266103000,266,3,0,0.03608530871893762,0.04361733979993816,0,,-22.613887604346743,-22.613887604346743,sequential,8e-06,2.0,18,5
1562,10266104000,266,4,0,0.011375362022196718,0.03826661490878704,0,,-16.605302472131168,-16.605302472131168,sequential,8e-06,2.0,18,5
1563,10266105000,266,5,0,0.005099396953796391,0.10410557791788956,0,,-12.244164023140646,-12.244164023140646,sequential,8e-06,2.0,18,5
1564,10267100000,267,0,0,0.017030505119530737,0.028334028368839824,0,,-16.748924029042087,-16.748924029042087,sequential,8e-06,18.0,1,5
1565,10267102000,267,2,0,0.007977083077868432,0.07990035298344585,0,,-12.70076104377754,-12.70076104377754,sequential,8e-06,18.0,1,5
1566,10267104000,267,4,0,0.01703050428741995,0.028334025158599164,0,,-16.74892167883054,-16.74892167883054,sequential,8e-06,18.0,1,5
1567,10267105000,267,5,0,0.007977084611624692,0.07990033106904741,0,,-12.700761048611056,-12.700761048611056,sequential,8e-06,18.0,1,5
1568,10268100000,268,0,0,0.01363510349054824,0.03278566899412056,0,,-20.072866592771888,-20.072866592771888,sequential,8e-06,18.0,2,5
1569,10268101000,268,1,0,0.03482874209584962,0.04272968402874282,0,,-25.699779369496333,-25.699779369496333,sequential,8e-06,18.0,2,5
1570,10268102000,268,2,0,0.006160717307399587,0.08658457132665619,0,,-15.221362417778973,-15.221362417778973,sequential,8e-06,18.0,2,5
1571,10268103000,268,3,0,0.03482875042782301,0.04272969416248595,0,,-25.699777587034998,-25.699777587034998,sequential,8e-06,18.0,2,5
1572,10268104000,268,4,0,0.013635102071868282,0.03278566711477572,0,,-20.07286377614983,-20.07286377614983,sequential,8e-06,18.0,2,5
1573,10268105000,268,5,0,0.006160718468680517,0.08658454201611422,0,,-15.221362423567868,-15.221362423567868,sequential,8e-06,18.0,2,5
1574,10269100000,269,0,0,0.012464250383808348,0.03325159336380553,0,,-21.64305463054356,-21.64305463054356,sequential,8e-06,18.0,18,5
1575,10269101000,269,1,0,0.0360523105935879,0.04612176241626051,0,,-27.70980615199838,-27.70980615199838,sequential,8e-06,18.0,18,5
1576,10269102000,269,2,0,0.005587681091984976,0.08967297197118893,0,,-16.412183350925762,-16.412183350925762,sequential,8e-06,18.0,18,5
1577,10269103000,269,3,0,0.03605232033526457,0.04612177401714874,0,,-27.709804230116525,-27.709804230116525,sequential,8e-06,18.0,18,5
1578,10269104000,269,4,0,0.012464248755757992,0.033251591993363944,0,,-21.643051593589615,-21.643051593589615,sequential,8e-06,18.0,18,5
1579,10269105000,269,5,0,0.005587682176233891,0.08967294352967214,0,,-16.41218335717907,-16.41218335717907,sequential,8e-06,18.0,18,5
1580,10270102000,270,2,0,0.0036744541768427897,0.32010091150696796,0,,11.629536585863015,11.629536585863015,sequential,1e-05,0.6,1,5
1581,10270105000,270,5,0,0.0036744546279574757,0.3201008359547779,0,,11.6295365902879,11.6295365902879,sequential,1e-05,0.6,1,5
1582,10271102000,271,2,0,0.002476685586586514,0.34446059025995207,0,,12.40885820137934,12.40885820137934,sequential,1e-05,0.6,2,5
1583,10271105000,271,5,0,0.0024766858499453925,0.34446049065249296,0,,12.408858206101053,12.408858206101053,sequential,1e-05,0.6,2,5
1584,10272102000,272,2,0,0.0023449147236281457,0.359366039737882,0,,13.310442492549372,13.310442492549372,sequential,1e-05,0.6,18,5
1585,10272105000,272,5,0,0.002344914738460372,0.3593659388585922,0,,13.310442497613979,13.310442497613979,sequential,1e-05,0.6,18,5
1586,10273100000,273,0,0,0.013797207483996286,0.04833599310345128,0,,-0.2339180098180354,-0.2339180098180354,sequential,1e-05,1.0,1,5
1587,10273102000,273,2,0,0.0060329042401322105,0.14582834961910845,0,,-0.17287951145886074,-0.17287951145886074,sequential,1e-05,1.0,1,5
1588,10273104000,273,4,0,0.013797207042734464,0.04833599833082478,0,,-0.23391797699454514,-0.23391797699454514,sequential,1e-05,1.0,1,5
1589,10273105000,273,5,0,0.006032905230617625,0.14582831653258957,0,,-0.17287951152402106,-0.17287951152402106,sequential,1e-05,1.0,1,5
1590,10274100000,274,0,0,0.010049841965952393,0.05376994521078693,0,,-0.2653437820012811,-0.2653437820012811,sequential,1e-05,1.0,2,5
1591,10274102000,274,2,0,0.004375699281151355,0.15474556515866283,0,,-0.19610505172696796,-0.19610505172696796,sequential,1e-05,1.0,2,5
1592,10274104000,274,4,0,0.010049840830498218,0.05376995033710929,0,,-0.2653437447678542,-0.2653437447678542,sequential,1e-05,1.0,2,5
1593,10274105000,274,5,0,0.004375699936168738,0.1547455325082657,0,,-0.19610505180171706,-0.19610505180171706,sequential,1e-05,1.0,2,5
1594,10275100000,275,0,0,0.008937809881400098,0.05551228212579065,0,,-0.2076473017029007,-0.2076473017029007,sequential,1e-05,1.0,18,5
1595,10275102000,275,2,0,0.0038544783034615607,0.16167727348253688,0,,-0.15346387426245828,-0.15346387426245828,sequential,1e-05,1.0,18,5
1596,10275104000,275,4,0,0.008937808707484807,0.05551228825364862,0,,-0.20764727256576385,-0.20764727256576385,sequential,1e-05,1.0,18,5
1597,10275105000,275,5,0,0.0038544788532174886,0.16167722199423465,0,,-0.15346387432125028,-0.15346387432125028,sequential,1e-05,1.0,18,5
1598,10276100000,276,0,0,0.015176784667259828,0.036143973471904955,0,,-6.243637753253151,-6.243637753253151,sequential,1e-05,1.3,1,5
1599,10276102000,276,2,0,0.006762733993192843,0.11525301157105611,0,,-4.614424722334453,-4.614424722334453,sequential,1e-05,1.3,1,5
1600,10276104000,276,4,0,0.015176785288236717,0.03614396901305671,0,,-6.243636877148012,-6.243636877148012,sequential,1e-05,1.3,1,5
1601,10276105000,276,5,0,0.00676273515391187,0.1152529856612845,0,,-4.61442472409047,-4.61442472409047,sequential,1e-05,1.3,1,5
1602,10277100000,277,0,0,0.011216845807941165,0.04385902646136451,0,,-7.548583318559068,-7.548583318559068,sequential,1e-05,1.3,2,5
1603,10277101000,277,1,0,0.030778723089230044,0.03873555071662711,0,,-12.121305260122538,-12.121305260122538,sequential,1e-05,1.3,2,5
1604,10277102000,277,2,0,0.004916758395765153,0.12434315495538456,0,,-5.179234067879737,-5.179234067879737,sequential,1e-05,1.3,2,5
1605,10277103000,277,3,0,0.03077873177030149,0.03873554309711431,0,,-12.121304419421042,-12.121304419421042,sequential,1e-05,1.3,2,5
1606,10277104000,277,4,0,0.011216845182274815,0.04385902794354855,0,,-7.548582259343767,-7.548582259343767,sequential,1e-05,1.3,2,5
1607,10277105000,277,5,0,0.004916759162767411,0.12434311617407331,0,,-5.179234069850978,-5.179234069850978,sequential,1e-05,1.3,2,5
1608,10278100000,278,0,0,0.010059979380219842,0.045179257407228945,0,,-8.109783151041679,-8.109783151041679,sequential,1e-05,1.3,18,5
1609,10278101000,278,1,0,0.031295541807974815,0.03913181984964037,0,,-13.03670936784988,-13.03670936784988,sequential,1e-05,1.3,18,5
1610,10278102000,278,2,0,0.004342925057411788,0.12900736235887236,0,,-5.559775657737948,-5.559775657737948,sequential,1e-05,1.3,18,5
1611,10278103000,278,3,0,0.031295549930525884,0.03913181194445541,0,,-13.03670846365798,-13.03670846365798,sequential,1e-05,1.3,18,5
1612,10278104000,278,4,0,0.010059978587426292,0.04517925971120197,0,,-8.109782013080297,-8.109782013080297,sequential,1e-05,1.3,18,5
1613,10278105000,278,5,0,0.004342925701405306,0.12900732564598252,0,,-5.559775659853437,-5.559775659853437,sequential,1e-05,1.3,18,5
1614,10279100000,279,0,0,0.01599263299655574,0.027652676151468835,0,,-10.271186269722042,-10.271186269722042,sequential,1e-05,1.7,1,5
1615,10279102000,279,2,0,0.007294037237537485,0.098538342410318,0,,-7.483782630225222,-7.483782630225222,sequential,1e-05,1.7,1,5
1616,10279104000,279,4,0,0.01599263319161248,0.027652669797305702,0,,-10.271184828472771,-10.271184828472771,sequential,1e-05,1.7,1,5
1617,10279105000,279,5,0,0.007294038528104863,0.09853832038064954,0,,-7.483782633072936,-7.483782633072936,sequential,1e-05,1.7,1,5
1618,10280100000,280,0,0,0.01199427520071456,0.038218183208122126,0,,-12.514331780013583,-12.514331780013583,sequential,1e-05,1.7,2,5
1619,10280101000,280,1,0,0.03264905259186425,0.038464293390565195,0,,-18.37638941837034,-18.37638941837034,sequential,1e-05,1.7,2,5
1620,10280102000,280,2,0,0.005455447162535497,0.1068981068118712,0,,-8.87780733653082,-8.87780733653082,sequential,1e-05,1.7,2,5
1621,10280103000,280,3,0,0.03264906046447928,0.0384643041198422,0,,-18.376388143832912,-18.376388143832912,sequential,1e-05,1.7,2,5
1622,10280104000,280,4,0,0.011994274194463845,0.03821818205253675,0,,-12.51433002400656,-12.51433002400656,sequential,1e-05,1.7,2,5
1623,10280105000,280,5,0,0.00545544812403002,0.10689807532822225,0,,-8.8778073399089,-8.8778073399089,sequential,1e-05,1.7,2,5
1624,10281100000,281,0,0,0.010757917563708709,0.0392924699940488,0,,-13.542580064261806,-13.542580064261806,sequential,1e-05,1.7,18,5
1625,10281101000,281,1,0,0.03369880076890981,0.041587576435279834,0,,-19.56341123843584,-19.56341123843584,sequential,1e-05,1.7,18,5
1626,10281102000,281,2,0,0.004823782557781287,0.10977414877932519,0,,-9.603971728084646,-9.603971728084646,sequential,1e-05,1.7,18,5
1627,10281103000,281,3,0,0.03369880999996275,0.04158758624727991,0,,-19.563409881568433,-19.563409881568433,sequential,1e-05,1.7,18,5
1628,10281104000,281,4,0,0.010757916425154734,0.039292469509301126,0,,-13.542578163972141,-13.542578163972141,sequential,1e-05,1.7,18,5
1629,10281105000,281,5,0,0.00482378336597386,0.10977412006287439,0,,-9.60397173173868,-9.60397173173868,sequential,1e-05,1.7,18,5
1630,10282100000,282,0,0,0.01636905004826045,0.023780865414987785,0,,-11.879557277443816,-11.879557277443816,sequential,1e-05,2.0,1,5
1631,10282102000,282,2,0,0.007526237133254332,0.09245146354626597,0,,-8.73233868407986,-8.73233868407986,sequential,1e-05,2.0,1,5
1632,10282104000,282,4,0,0.01636904952997408,0.02378085899798435,0,,-11.879555610508106,-11.879555610508106,sequential,1e-05,2.0,1,5
1633,10282105000,282,5,0,0.007526238481862819,0.09245143431863244,0,,-8.732338687402414,-8.732338687402414,sequential,1e-05,2.0,1,5
1634,10283100000,283,0,0,0.012344921156899565,0.036298227736139194,0,,-14.520519954748078,-14.520519954748078,sequential,1e-05,2.0,2,5
1635,10283101000,283,1,0,0.03326515464378199,0.039531220406359244,0,,-20.56831707873778,-20.56831707873778,sequential,1e-05,2.0,2,5
1636,10283102000,283,2,0,0.005626241972294569,0.10022026888578593,0,,-10.673369809955199,-10.673369809955199,sequential,1e-05,2.0,2,5
1637,10283103000,283,3,0,0.03326516400404782,0.03953123079792175,0,,-20.56831565217443,-20.56831565217443,sequential,1e-05,2.0,2,5
1638,10283104000,283,4,0,0.012344920187045643,0.0362982271481454,0,,-14.520517917233162,-14.520517917233162,sequential,1e-05,2.0,2,5
1639,10283105000,283,5,0,0.005626242977260521,0.10022024009127103,0,,-10.673369814016686,-10.673369814016686,sequential,1e-05,2.0,2,5
1640,10284100000,284,0,0,0.011090816749919515,0.037243982597558914,0,,-15.749416865443687,-15.749416865443687,sequential,1e-05,2.0,18,5
1641,10284101000,284,1,0,0.03464381805108903,0.04243225020272913,0,,-22.313235080221762,-22.313235080221762,sequential,1e-05,2.0,18,5
1642,10284102000,284,2,0,0.00497838413029278,0.10242284605804901,0,,-11.390278038222451,-11.390278038222451,sequential,1e-05,2.0,18,5
1643,10284103000,284,3,0,0.034643826918909756,0.042432259289040375,0,,-22.313233532636932,-22.313233532636932,sequential,1e-05,2.0,18,5
1644,10284104000,284,4,0,0.01109081562832025,0.0372439827261274,0,,-15.749414655492687,-15.749414655492687,sequential,1e-05,2.0,18,5
1645,10284105000,284,5,0,0.004978384975389703,0.10242282023669295,0,,-11.390278042554911,-11.390278042554911,sequential,1e-05,2.0,18,5
1646,10285102000,285,2,0,0.008295786381390408,0.07713792554371215,0,,-12.299423789696224,-12.299423789696224,sequential,1e-05,18.0,1,5
1647,10285105000,285,5,0,0.00829578790791802,0.07713790175089456,0,,-12.2994237943745,-12.2994237943745,sequential,1e-05,18.0,1,5
1648,10286100000,286,0,0,0.013625029933247676,0.03086418347734612,0,,-20.017339744413377,-20.017339744413377,sequential,1e-05,18.0,2,5
1649,10286101000,286,1,0,0.033453830817775566,0.04186347764078848,0,,-26.832367368023327,-26.832367368023327,sequential,1e-05,18.0,2,5
1650,10286102000,286,2,0,0.006212745027819268,0.08238402790910337,0,,-15.184916657620514,-15.184916657620514,sequential,1e-05,18.0,2,5
1651,10286103000,286,3,0,0.03345383850095854,0.041863486197263954,0,,-26.832365506999636,-26.832365506999636,sequential,1e-05,18.0,2,5
1652,10286104000,286,4,0,0.013625028338759462,0.030864184197060343,0,,-20.017336935587494,-20.017336935587494,sequential,1e-05,18.0,2,5
1653,10286105000,286,5,0,0.006212746171270396,0.08238400591259774,0,,-15.184916663398434,-15.184916663398434,sequential,1e-05,18.0,2,5
1654,10287100000,287,0,0,0.01230033447141279,0.03144158172977735,0,,-21.845735627454406,-21.845735627454406,sequential,1e-05,18.0,18,5
1655,10287101000,287,1,0,0.03499877492571771,0.04587545334157091,0,,-27.953639121597462,-27.953639121597462,sequential,1e-05,18.0,18,5
1656,10287102000,287,2,0,0.0055761945329782575,0.08560140712130994,0,,-16.591491306226754,-16.591491306226754,sequential,1e-05,18.0,18,5
1657,10287103000,287,3,0,0.03499878425219386,0.04587546364870243,0,,-27.953637182807302,-27.953637182807302,sequential,1e-05,18.0,18,5
1658,10287104000,287,4,0,0.012300333334650642,0.03144158050162565,0,,-21.845732562060423,-21.845732562060423,sequential,1e-05,18.0,18,5
1659,10287105000,287,5,0,0.005576195599036544,0.08560137942284099,0,,-16.591491312542836,-16.591491312542836,sequential,1e-05,18.0,18,5
1660,10292102000,292,2,0,0.002230829615118713,0.4651647061221238,0,,16.815364548290567,16.815364548290567,sequential,5e-05,1.0,2,5
1661,10292105000,292,5,0,0.002230829828926661,0.4651645827738554,0,,16.815364554689552,16.815364554689552,sequential,5e-05,1.0,2,5
1662,10293102000,293,2,0,0.0016631160437403168,0.4738330497447625,0,,19.899670763604075,19.899670763604075,sequential,5e-05,1.0,18,5
1663,10293105000,293,5,0,0.0016631161050176025,0.47383298876616486,0,,19.89967077117609,19.89967077117609,sequential,5e-05,1.0,18,5
1664,10295100000,295,0,0,0.004277662689487479,0.08134079284402068,0,,17.85854141103838,17.85854141103838,sequential,5e-05,1.3,2,5
1665,10295102000,295,2,0,0.003497204225748881,0.25977517234594005,0,,10.876743053599753,10.876743053599753,sequential,5e-05,1.3,2,5
1666,10295104000,295,4,0,0.004277661406913962,0.08134081386113182,0,,17.85853890513384,17.85853890513384,sequential,5e-05,1.3,2,5
1667,10295105000,295,5,0,0.003497204626731228,0.25977510494857825,0,,10.876743057738713,10.876743057738713,sequential,5e-05,1.3,2,5
1668,10296102000,296,2,0,0.002367506724190273,0.2636997761268993,0,,11.851070808462028,11.851070808462028,sequential,5e-05,1.3,18,5
1669,10296105000,296,5,0,0.002367506712677862,0.26369969951022026,0,,11.851070812972662,11.851070812972662,sequential,5e-05,1.3,18,5
1670,10298100000,298,0,0,0.011085060299995666,0.05208028230323949,0,,6.572663906216723,6.572663906216723,sequential,5e-05,1.7,2,5
1671,10298102000,298,2,0,0.004722064595401757,0.16452818941913608,0,,4.039323293901248,4.039323293901248,sequential,5e-05,1.7,2,5
1672,10298104000,298,4,0,0.011085058540463398,0.05208029165747555,0,,6.5726629839425765,6.5726629839425765,sequential,5e-05,1.7,2,5
1673,10298105000,298,5,0,0.004722065217365018,0.1645281473009584,0,,4.03932329543806,4.03932329543806,sequential,5e-05,1.7,2,5
1674,10299100000,299,0,0,0.007075943664925576,0.05352915950039633,0,,8.109303868402002,8.109303868402002,sequential,5e-05,1.7,18,5
1675,10299102000,299,2,0,0.0032122161709080433,0.16510102015037753,0,,4.9910816490588,4.9910816490588,sequential,5e-05,1.7,18,5
1676,10299104000,299,4,0,0.007075942145513639,0.053529163886238254,0,,8.1093027305075,8.1093027305075,sequential,5e-05,1.7,18,5
1677,10299105000,299,5,0,0.003212216550933207,0.16510097905573903,0,,4.99108165095745,4.99108165095745,sequential,5e-05,1.7,18,5
1678,10301100000,301,0,0,0.0129015934653927,0.04204641313598184,0,,1.1940907876241964,1.1940907876241964,sequential,5e-05,2.0,2,5
1679,10301102000,301,2,0,0.005253344325440463,0.13313199385252245,0,,0.8825050831264954,0.8825050831264954,sequential,5e-05,2.0,2,5
1680,10301104000,301,4,0,0.012901592013793208,0.04204641775185047,0,,1.1940906200696686,1.1940906200696686,sequential,5e-05,2.0,2,5
1681,10301105000,301,5,0,0.00525334503621572,0.1331319599507277,0,,0.8825050834620657,0.8825050834620657,sequential,5e-05,2.0,2,5
1682,10302100000,302,0,0,0.009015641516225699,0.043593577540176946,0,,1.5357747582843904,1.5357747582843904,sequential,5e-05,2.0,18,5
1683,10302102000,302,2,0,0.0038459837903342085,0.1315837547945837,0,,1.1350301373429756,1.1350301373429756,sequential,5e-05,2.0,18,5
1684,10302104000,302,4,0,0.009015640116388479,0.04359358253653709,0,,1.5357745427847118,1.5357745427847118,sequential,5e-05,2.0,18,5
1685,10302105000,302,5,0,0.003845984302316431,0.13158372437574642,0,,1.135030137775262,1.135030137775262,sequential,5e-05,2.0,18,5
1686,10304100000,304,0,0,0.01815849752108614,0.014855530742130673,0,,-15.671031265411184,-15.671031265411184,sequential,5e-05,18.0,2,5
1687,10304102000,304,2,0,0.007454790470555275,0.06693237409227297,0,,-11.700989114366967,-11.700989114366967,sequential,5e-05,18.0,2,5
1688,10304104000,304,4,0,0.01815849841008825,0.014855527580796937,0,,-15.671029066457363,-15.671029066457363,sequential,5e-05,18.0,2,5
1689,10304105000,304,5,0,0.007454791573376008,0.06693235731738613,0,,-11.700989118820672,-11.700989118820672,sequential,5e-05,18.0,2,5
1690,10305100000,305,0,0,0.013175630617622522,0.022314127050455157,0,,-20.209823695847216,-20.209823695847216,sequential,5e-05,18.0,18,5
1691,10305101000,305,1,0,0.030304841008618924,0.051520264096474915,0,,-26.547295703576637,-26.547295703576637,sequential,5e-05,18.0,18,5
1692,10305102000,305,2,0,0.005869831536368587,0.06353043782478508,0,,-15.124914667131332,-15.124914667131332,sequential,5e-05,18.0,18,5
1693,10305103000,305,3,0,0.03030484712905762,0.051520275976081026,0,,-26.54729386232892,-26.54729386232892,sequential,5e-05,18.0,18,5
1694,10305104000,305,4,0,0.013175630312316498,0.022314128736684473,0,,-20.209820860010023,-20.209820860010023,sequential,5e-05,18.0,18,5
1695,10305105000,305,5,0,0.00586983250221875,0.06353042086600055,0,,-15.124914672887359,-15.124914672887359,sequential,5e-05,18.0,18,5
