primitive_step,choice,option_id,exploration,epsilon,duration,reward_sum,discounted_reward,reason
0,0,,True,1.0,1,-0.10000000894069672,-0.20000000894069672,base_step
1,5,spatial_control_E,True,0.9996833333333334,6,3.7479566112160683,3.5180688552701977,subgoal_reached
7,2,spatial_control_B,True,0.9977833333333334,6,0.15587666630744934,0.1256499248055641,subgoal_reached
13,4,spatial_control_D,True,0.9958833333333333,12,-8.155241541564465,-7.915791735623991,subgoal_reached
25,3,spatial_control_C,True,0.9920833333333333,10,1.8684360533952713,1.419323755096333,subgoal_reached
35,2,spatial_control_B,True,0.9889166666666667,10,1.7084391415119171,1.533117330886849,subgoal_reached
45,5,spatial_control_E,True,0.98575,8,2.0399800688028336,1.9278140486092479,subgoal_reached
53,3,spatial_control_C,True,0.9832166666666666,6,-2.935886025428772,-2.965221296500832,subgoal_reached
59,4,spatial_control_D,True,0.9813166666666666,9,-6.114004530012608,-6.0621372794292565,subgoal_reached
68,5,spatial_control_E,True,0.9784666666666667,11,4.017764464020729,3.514167943641169,subgoal_reached
79,4,spatial_control_D,True,0.9749833333333333,12,-5.675049811601639,-5.131187336066473,subgoal_reached
91,5,spatial_control_E,True,0.9711833333333334,11,3.885226294398308,3.315783500987028,subgoal_reached
102,2,spatial_control_B,True,0.9677,6,0.16740810871124268,0.17971700777235364,subgoal_reached
108,0,,True,0.9658,1,-2.016352653503418,-2.116352653503418,base_step
109,5,spatial_control_E,True,0.9654833333333334,8,3.3389350846409798,2.995864727765187,subgoal_reached
117,0,,True,0.96295,1,-0.6046606302261353,-0.7046606302261352,base_step
118,1,spatial_control_A,True,0.9626333333333333,8,-8.199334681034088,-7.8737541474869435,subgoal_reached
126,3,spatial_control_C,True,0.9601,8,1.7617875039577484,1.386689260895693,subgoal_reached
134,0,,True,0.9575666666666667,1,1.2079904079437256,1.1079904079437255,base_step
135,0,,True,0.9572499999999999,1,0.6669097542762756,0.5669097542762757,base_step
136,5,spatial_control_E,True,0.9569333333333333,8,3.339136555790901,3.116609577170155,subgoal_reached
144,2,spatial_control_B,True,0.9543999999999999,15,-3.4217378050088882,-3.733633679889045,subgoal_reached
159,1,spatial_control_A,True,0.94965,12,-10.366038005799055,-9.958301140626128,subgoal_reached
171,4,spatial_control_D,True,0.94585,11,0.7038737908005714,0.8103749364779886,subgoal_reached
182,1,spatial_control_A,True,0.9423666666666667,7,-3.385161742568016,-3.4076109011221694,subgoal_reached
189,0,,True,0.94015,1,-0.42846179008483887,-0.5284617900848388,base_step
190,3,spatial_control_C,False,0.9398333333333333,7,6.364452078938484,6.016919571120756,subgoal_reached
197,0,,True,0.9376166666666667,1,0.19978021085262299,0.09978021085262298,base_step
198,0,,True,0.9372999999999999,1,-0.5247511863708496,-0.6247511863708496,base_step
199,0,,True,0.9369833333333333,1,-0.6064022779464722,-0.7064022779464721,base_step
200,0,,True,0.9366666666666666,1,-0.6293466687202454,-0.7293466687202453,base_step
201,1,spatial_control_A,True,0.93635,11,-4.070254184305668,-3.882352994922076,subgoal_reached
212,2,spatial_control_B,True,0.9328666666666667,13,6.031276296824217,5.194413650578077,subgoal_reached
225,1,spatial_control_A,True,0.9287500000000001,11,-8.908561676740646,-8.840452005602568,subgoal_reached
236,0,,True,0.9252666666666667,1,-0.0904768705368042,-0.1904768705368042,base_step
237,3,spatial_control_C,True,0.92495,9,4.429390475153923,4.033678237872402,subgoal_reached
246,0,,True,0.9221,1,0.18174511194229126,0.08174511194229125,base_step
247,1,spatial_control_A,True,0.9217833333333333,5,-5.672565698623657,-5.62822404457014,subgoal_reached
252,4,spatial_control_D,True,0.9202,9,-3.0559701919555664,-3.20705629478032,subgoal_reached
261,0,,True,0.91735,1,0.452479749917984,0.35247974991798403,base_step
262,3,spatial_control_C,True,0.9170333333333333,12,5.1103329211473465,4.75893837454474,subgoal_reached
274,1,spatial_control_A,True,0.9132333333333333,5,-6.447267651557922,-6.386997252693099,subgoal_reached
279,2,spatial_control_B,True,0.9116500000000001,11,6.303016394376755,5.474780608465496,subgoal_reached
290,3,spatial_control_C,True,0.9081666666666667,12,-3.628585547208786,-3.7781192679656974,subgoal_reached
302,5,spatial_control_E,True,0.9043666666666667,7,3.107164189219475,2.897752493701206,subgoal_reached
309,2,spatial_control_B,True,0.90215,15,-3.190981835126877,-3.4012018218456195,subgoal_reached
324,4,spatial_control_D,True,0.8974,11,-8.130807623267174,-7.7012560040987745,subgoal_reached
335,3,spatial_control_C,True,0.8939166666666667,14,5.21417810022831,4.747628954918192,subgoal_reached
349,5,spatial_control_E,True,0.8894833333333334,13,0.753307655453682,0.3520487273245436,subgoal_reached
362,4,spatial_control_D,True,0.8853666666666666,12,-8.73286047577858,-8.281203476908193,subgoal_reached
374,2,spatial_control_B,True,0.8815666666666666,13,6.8581941574811935,6.230595318763441,subgoal_reached
387,3,spatial_control_C,True,0.87745,10,-3.6718332767486572,-3.9347309613414776,subgoal_reached
397,1,spatial_control_A,True,0.8742833333333334,15,-8.678433157503605,-8.544992909913947,subgoal_reached
412,4,spatial_control_D,True,0.8695333333333334,10,-0.6159058809280396,-0.6691211201497043,subgoal_reached
422,5,spatial_control_E,True,0.8663666666666666,10,7.122919514775276,6.570088465571514,subgoal_reached
432,3,spatial_control_C,True,0.8632,13,-4.997971318662167,-4.79297640878334,subgoal_reached
445,2,spatial_control_B,True,0.8590833333333333,14,2.5146369636058807,2.1712078583843404,subgoal_reached
459,1,spatial_control_A,True,0.85465,7,-8.384365886449814,-8.138699031575825,subgoal_reached
466,2,spatial_control_B,True,0.8524333333333334,11,6.610088422894478,5.984394506173367,subgoal_reached
477,1,spatial_control_A,True,0.84895,12,-7.618781954050064,-7.45987741014161,subgoal_reached
489,4,spatial_control_D,True,0.84515,10,-2.6702955663204193,-2.7558987442105116,subgoal_reached
499,0,,True,0.8419833333333333,1,0.061845213174819946,-0.03815478682518006,base_step
500,0,,True,0.8416666666666667,1,0.06175494194030762,-0.03824505805969239,base_step
501,2,spatial_control_B,True,0.8413499999999999,10,7.667614616453648,7.220393712016096,subgoal_reached
511,0,,True,0.8381833333333334,1,-0.9169347286224365,-1.0169347286224366,base_step
512,4,spatial_control_D,True,0.8378666666666668,12,-7.907781235873699,-7.538064770376165,subgoal_reached
524,5,spatial_control_E,True,0.8340666666666667,12,4.377817407250404,3.6760148744992276,subgoal_reached
536,3,spatial_control_C,True,0.8302666666666667,11,-2.8756497651338577,-2.708464191260725,subgoal_reached
547,5,spatial_control_E,True,0.8267833333333333,5,2.607645332813263,2.438821940841168,subgoal_reached
552,0,,True,0.8252,1,0.7191107869148254,0.6191107869148255,base_step
553,3,spatial_control_C,False,0.8248833333333333,13,-4.321159407496452,-4.076095165979141,subgoal_reached
566,2,spatial_control_B,True,0.8207666666666666,14,1.7083647400140762,1.3894006008215336,subgoal_reached
580,3,spatial_control_C,True,0.8163333333333334,8,-3.943637602031231,-3.951075831956796,subgoal_reached
588,0,,True,0.8138000000000001,1,0.4602920413017273,0.3602920413017273,base_step
589,2,spatial_control_B,True,0.8134833333333333,5,1.4901421815156937,1.3838859623228623,subgoal_reached
594,5,spatial_control_E,True,0.8119000000000001,12,1.900676190853119,1.5563847824370336,subgoal_reached
606,3,spatial_control_C,True,0.8081,5,-4.162759482860565,-4.200265060705158,subgoal_reached
611,0,,True,0.8065166666666667,1,-0.8550095558166504,-0.9550095558166504,base_step
612,5,spatial_control_E,True,0.8062,9,3.437396291643381,3.0815046831166875,subgoal_reached
621,0,,True,0.80335,1,-0.5619596838951111,-0.6619596838951111,base_step
622,1,spatial_control_A,True,0.8030333333333333,8,-8.771403405815363,-8.447050672246887,subgoal_reached
630,3,spatial_control_C,False,0.8005,7,1.7531428337097168,1.4632928482152516,subgoal_reached
637,4,spatial_control_D,True,0.7982833333333333,12,-2.9678757563233376,-2.6359877174522715,subgoal_reached
649,0,,True,0.7944833333333334,1,-0.8764848113059998,-0.9764848113059997,base_step
650,3,spatial_control_C,True,0.7941666666666667,8,2.679227188229561,2.391383796964602,subgoal_reached
658,2,spatial_control_B,True,0.7916333333333333,14,2.4004327207803726,2.123874936425478,subgoal_reached
672,3,spatial_control_C,False,0.7872,7,-4.077290549874306,-4.0272428534625035,subgoal_reached
679,2,spatial_control_B,False,0.7849833333333334,8,1.8748618438839912,1.7176480369481637,subgoal_reached
687,5,spatial_control_E,True,0.78245,12,1.821978211402893,1.510235824740692,subgoal_reached
699,1,spatial_control_A,True,0.7786500000000001,8,-9.045452058315277,-8.784113748696903,subgoal_reached
707,4,spatial_control_D,True,0.7761166666666667,8,-0.9941126704216003,-1.1370465204336115,subgoal_reached
715,2,spatial_control_B,True,0.7735833333333334,14,6.442540153861046,5.8330931655748195,subgoal_reached
729,4,spatial_control_D,True,0.76915,13,-9.709888517856598,-9.707545447587846,subgoal_reached
742,0,,True,0.7650333333333333,1,-0.2723851799964905,-0.37238517999649046,base_step
743,1,spatial_control_A,True,0.7647166666666666,6,-1.7857698053121567,-1.8103776853709705,subgoal_reached
749,2,spatial_control_B,True,0.7628166666666666,12,6.639790937304497,5.933262332145099,subgoal_reached
761,5,spatial_control_E,True,0.7590166666666667,13,1.2808721214532852,0.5789086834392997,subgoal_reached
774,4,spatial_control_D,True,0.7549,11,-11.537985682487488,-11.056338217174348,subgoal_reached
785,2,spatial_control_B,True,0.7514166666666666,10,7.3889602571725845,6.904401248100007,subgoal_reached
795,0,,True,0.74825,1,0.6518927812576294,0.5518927812576294,base_step
796,3,spatial_control_C,False,0.7479333333333333,4,-0.5367388278245926,-0.6203268404355645,environment_truncated
800,5,spatial_control_E,True,0.7466666666666667,7,3.8538520857691765,3.580349921728863,subgoal_reached
807,0,,True,0.74445,1,0.45787590742111206,0.3578759074211121,base_step
808,2,spatial_control_B,False,0.7441333333333333,6,-1.619631677865982,-1.583911365978519,subgoal_reached
814,4,spatial_control_D,True,0.7422333333333334,11,-6.156227380037308,-5.9360072927420156,subgoal_reached
825,5,spatial_control_E,True,0.73875,13,4.162804126739502,3.3468962251207413,subgoal_reached
838,2,spatial_control_B,False,0.7346333333333334,5,0.044616103172302246,0.01620454352843889,subgoal_reached
843,5,spatial_control_E,True,0.73305,9,0.8582397401332855,0.5654975713563901,subgoal_reached
852,3,spatial_control_C,True,0.7302,6,-3.6092696711421013,-3.6047120273173214,subgoal_reached
858,5,spatial_control_E,True,0.7283,10,1.911664217710495,1.3796263665563366,subgoal_reached
868,2,spatial_control_B,True,0.7251333333333333,6,-2.4959900826215744,-2.452744664378329,subgoal_reached
874,3,spatial_control_C,True,0.7232333333333334,10,-1.091879740357399,-1.453421154639317,subgoal_reached
884,2,spatial_control_B,False,0.7200666666666667,10,0.05344739556312561,-0.28349525488209626,subgoal_reached
894,3,spatial_control_C,True,0.7169,11,-2.410857304930687,-2.3408150274260136,subgoal_reached
905,5,spatial_control_E,True,0.7134166666666666,6,1.9972784221172333,1.8122970281108854,subgoal_reached
911,2,spatial_control_B,False,0.7115166666666667,6,-0.9593111574649811,-0.9439571378024126,subgoal_reached
917,1,spatial_control_A,True,0.7096166666666667,10,-7.667419403791428,-7.499460529650869,subgoal_reached
927,3,spatial_control_C,True,0.70645,12,2.493022322654724,1.811824906875151,subgoal_reached
939,1,spatial_control_A,True,0.7026500000000001,4,-4.654862500727177,-4.648641094818354,subgoal_reached
943,2,spatial_control_B,False,0.7013833333333334,12,4.147559940814972,3.191210422542119,subgoal_reached
955,1,spatial_control_A,True,0.6975833333333333,12,-7.294998019933701,-6.950308037998786,subgoal_reached
967,5,spatial_control_E,True,0.6937833333333333,9,6.8426115065813065,6.326101832425352,subgoal_reached
976,2,spatial_control_B,False,0.6909333333333334,6,-1.4303455352783203,-1.4146590141281994,subgoal_reached
982,3,spatial_control_C,False,0.6890333333333334,10,-1.4321698099374771,-1.7428624705225935,subgoal_reached
992,5,spatial_control_E,True,0.6858666666666667,10,0.519592896103859,0.1815749513512179,subgoal_reached
1002,3,spatial_control_C,True,0.6827,14,-4.93744133412838,-4.81223375013262,subgoal_reached
1016,1,spatial_control_A,True,0.6782666666666667,15,-6.894639998674393,-6.617203249803622,subgoal_reached
1031,5,spatial_control_E,True,0.6735166666666667,10,7.529382884502411,7.042801891963508,subgoal_reached
1041,2,spatial_control_B,True,0.67035,14,-1.1112952679395676,-1.345613288718059,subgoal_reached
1055,3,spatial_control_C,True,0.6659166666666667,10,-5.015977341681719,-4.882397894330689,subgoal_reached
1065,5,spatial_control_E,True,0.6627500000000001,5,5.731350421905518,5.5089225583487975,subgoal_reached
1070,0,,True,0.6611666666666667,1,0.7188270688056946,0.6188270688056946,base_step
1071,4,spatial_control_D,True,0.66085,13,-9.277661457657814,-8.47171829667368,subgoal_reached
1084,3,spatial_control_C,True,0.6567333333333334,10,1.574053704738617,1.1722779834721253,subgoal_reached
1094,1,spatial_control_A,True,0.6535666666666666,10,-4.823341861367226,-4.537173768422294,subgoal_reached
1104,3,spatial_control_C,True,0.6504,7,2.18571837246418,1.9285708353444253,subgoal_reached
1111,2,spatial_control_B,True,0.6481833333333333,14,3.285322830080986,2.9263602115227147,subgoal_reached
1125,5,spatial_control_E,False,0.64375,10,-0.8417037278413773,-1.099465656628464,subgoal_reached
1135,2,spatial_control_B,False,0.6405833333333333,7,-1.1759065240621567,-1.1521958018379357,subgoal_reached
1142,1,spatial_control_A,True,0.6383666666666666,10,-6.4367513209581375,-6.412468099022664,subgoal_reached
1152,0,,True,0.6352,1,-1.7817094326019287,-1.8817094326019288,base_step
1153,2,spatial_control_B,False,0.6348833333333332,12,5.448374018073082,4.4740502594807685,subgoal_reached
1165,5,spatial_control_E,False,0.6310833333333333,10,0.6488882452249527,0.5165218497435901,subgoal_reached
1175,3,spatial_control_C,True,0.6279166666666668,7,-2.9625013135373592,-2.925553627619863,subgoal_reached
1182,5,spatial_control_E,True,0.6257,9,1.3106524050235748,0.9001597227846602,subgoal_reached
1191,2,spatial_control_B,True,0.62285,6,-0.6325228661298752,-0.6453612243608534,subgoal_reached
1197,3,spatial_control_C,False,0.62095,9,-1.9569357335567474,-2.2545884732685995,subgoal_reached
1206,2,spatial_control_B,True,0.6181,11,-1.2910121008753777,-1.5422318311047483,subgoal_reached
1217,1,spatial_control_A,True,0.6146166666666667,12,-6.859593953937292,-6.394541713179915,subgoal_reached
1229,3,spatial_control_C,True,0.6108166666666667,6,2.625591680407524,2.4001008992208406,subgoal_reached
1235,5,spatial_control_E,True,0.6089166666666668,7,5.104305922985077,4.891958537735327,subgoal_reached
1242,2,spatial_control_B,False,0.6067000000000001,14,-3.119679369032383,-3.305912583859771,subgoal_reached
1256,5,spatial_control_E,False,0.6022666666666666,8,0.46813125535845757,0.39677999418931553,subgoal_reached
1264,2,spatial_control_B,False,0.5997333333333333,7,-1.3515090644359589,-1.3455479063999287,subgoal_reached
1271,3,spatial_control_C,False,0.5975166666666667,12,-2.595398485660553,-2.725397716717833,subgoal_reached
1283,2,spatial_control_B,False,0.5937166666666667,11,2.2554754316806793,1.7427308390112413,subgoal_reached
1294,5,spatial_control_E,False,0.5902333333333334,11,0.5499196723103523,0.23731078487477072,subgoal_reached
1305,2,spatial_control_B,False,0.58675,12,-4.415680021047592,-4.498419195271666,subgoal_reached
1317,5,spatial_control_E,False,0.58295,8,2.9971184581518173,2.891815144292266,subgoal_reached
1325,2,spatial_control_B,True,0.5804166666666667,16,-2.9388492554426193,-3.270946048244183,subgoal_reached
1341,0,,True,0.5753499999999999,1,-0.424748033285141,-0.524748033285141,base_step
1342,4,spatial_control_D,True,0.5750333333333333,10,-7.916210696101189,-7.817321104345953,subgoal_reached
1352,2,spatial_control_B,False,0.5718666666666667,11,5.825076684355736,5.264798455965604,subgoal_reached
1363,5,spatial_control_E,False,0.5683833333333335,10,0.9084159154444933,0.9059217713546185,subgoal_reached
1373,4,spatial_control_D,True,0.5652166666666667,9,-8.914893716573715,-8.603632833983509,subgoal_reached
1382,5,spatial_control_E,True,0.5623666666666667,11,5.605331510305405,4.978983369599613,subgoal_reached
1393,1,spatial_control_A,True,0.5588833333333334,11,-7.983958274126053,-7.304460353373687,subgoal_reached
1404,2,spatial_control_B,False,0.5554,11,5.565808355808258,5.001389565100621,subgoal_reached
1415,5,spatial_control_E,False,0.5519166666666667,11,2.088863581418991,1.7449451727116798,subgoal_reached
1426,2,spatial_control_B,False,0.5484333333333333,11,-4.766403034329414,-4.783933913736863,subgoal_reached
1437,0,,True,0.54495,1,1.3812928199768066,1.2812928199768066,base_step
1438,5,spatial_control_E,False,0.5446333333333333,9,1.1747508645057678,1.1816030010575616,subgoal_reached
1447,2,spatial_control_B,False,0.5417833333333334,7,-3.0852736234664917,-3.078642100993939,subgoal_reached
1454,3,spatial_control_C,False,0.5395666666666666,11,-0.975073978304863,-1.0055171135874907,subgoal_reached
1465,2,spatial_control_B,False,0.5360833333333334,11,1.2186407148838043,0.7487587529138492,subgoal_reached
1476,1,spatial_control_A,True,0.5326,13,-8.07522438466549,-7.799440270501273,subgoal_reached
1489,2,spatial_control_B,False,0.5284833333333334,12,6.654343828558922,5.867653851249848,subgoal_reached
1501,5,spatial_control_E,False,0.5246833333333334,13,-0.866525337100029,-1.50869634937309,subgoal_reached
1514,2,spatial_control_B,True,0.5205666666666666,6,-3.6265085116028786,-3.564607036849703,subgoal_reached
1520,3,spatial_control_C,False,0.5186666666666666,11,-1.009107619524002,-1.3603865944686033,subgoal_reached
1531,0,,True,0.5151833333333333,1,-1.0164227485656738,-1.116422748565674,base_step
1532,2,spatial_control_B,False,0.5148666666666666,9,2.0052550137043,1.6114072400862556,subgoal_reached
1541,3,spatial_control_C,True,0.5120166666666666,11,-2.267047494649887,-2.3296052306354977,subgoal_reached
1552,2,spatial_control_B,False,0.5085333333333334,9,-1.1662109345197678,-1.2867877386290545,subgoal_reached
1561,4,spatial_control_D,True,0.5056833333333334,15,-5.833696350455284,-5.022847346581616,subgoal_reached
1576,5,spatial_control_E,True,0.5009333333333333,11,4.65434342622757,4.0461765881527665,subgoal_reached
1587,0,,True,0.49744999999999995,1,1.1805572509765625,1.0805572509765624,base_step
1588,2,spatial_control_B,False,0.4971333333333333,5,0.1123981773853302,0.07773581861804754,subgoal_reached
1593,3,spatial_control_C,False,0.49554999999999993,7,-3.133676588535309,-3.2655754900011864,environment_truncated
1600,4,spatial_control_D,True,0.4933333333333333,6,-2.6922502294182777,-2.6948347893930715,subgoal_reached
1606,5,spatial_control_E,False,0.49143333333333333,12,4.415993049740791,3.7745196782896193,subgoal_reached
1618,2,spatial_control_B,False,0.4876333333333333,6,-0.8398335427045822,-0.8038227496406002,subgoal_reached
1624,5,spatial_control_E,False,0.4857333333333333,8,2.0829116106033325,1.7633590842862408,subgoal_reached
1632,4,spatial_control_D,True,0.4831999999999999,12,-11.174139350652695,-10.59511508444959,subgoal_reached
1644,5,spatial_control_E,False,0.47939999999999994,9,8.262974426150322,7.7484974734300724,subgoal_reached
1653,2,spatial_control_B,False,0.4765499999999999,5,0.1581086814403534,0.11983993288260705,subgoal_reached
1658,3,spatial_control_C,True,0.47496666666666665,8,-3.0617389231920242,-3.2112832227085497,subgoal_reached
1666,5,spatial_control_E,False,0.4724333333333333,7,1.4588845446705818,1.2680518522510358,subgoal_reached
1673,0,,True,0.47021666666666667,1,0.35033100843429565,0.2503310084342957,base_step
1674,2,spatial_control_B,False,0.46989999999999993,6,-0.10118129849433899,-0.1504941664488603,subgoal_reached
1680,0,,True,0.4679999999999999,1,-2.37778639793396,-2.47778639793396,base_step
1681,5,spatial_control_E,True,0.4676833333333333,9,2.385138437151909,1.993752103663463,subgoal_reached
1690,2,spatial_control_B,False,0.46483333333333327,14,-4.477007418870926,-4.59381107390422,subgoal_reached
1704,5,spatial_control_E,False,0.46040000000000003,8,1.6434297859668732,1.625771270879651,subgoal_reached
1712,2,spatial_control_B,False,0.45786666666666664,7,-2.029660925269127,-2.0300533179808053,subgoal_reached
1719,5,spatial_control_E,False,0.45565,11,2.760822504758835,2.4634253913621413,subgoal_reached
1730,2,spatial_control_B,False,0.45216666666666666,10,-2.481903061270714,-2.6565317075341714,subgoal_reached
1740,5,spatial_control_E,False,0.449,11,1.4084023386240005,1.2876686121590653,subgoal_reached
1751,2,spatial_control_B,False,0.4455166666666666,10,-2.4766881465911865,-2.6655597378926843,subgoal_reached
1761,5,spatial_control_E,False,0.44235,12,0.18059884011745453,0.21748887978131912,subgoal_reached
1773,3,spatial_control_C,True,0.43855,6,-3.8104158639907837,-3.8419454650702707,subgoal_reached
1779,5,spatial_control_E,False,0.43665,9,2.6674850583076477,2.317494571719412,subgoal_reached
1788,0,,True,0.4338,1,-0.4922512471675873,-0.5922512471675873,base_step
1789,3,spatial_control_C,True,0.4334833333333333,6,-2.6928984113037586,-2.688125108288577,subgoal_reached
1795,5,spatial_control_E,False,0.43158333333333326,9,1.3771123066544533,1.0062005382630508,subgoal_reached
1804,2,spatial_control_B,False,0.42873333333333324,6,-1.394777774810791,-1.381907453680003,subgoal_reached
1810,5,spatial_control_E,False,0.42683333333333323,10,1.4249993860721588,0.9276255615850989,subgoal_reached
1820,0,,True,0.42366666666666664,1,-0.2704451084136963,-0.37044510841369627,base_step
1821,4,spatial_control_D,True,0.42335,11,-8.679098904132843,-8.234309004229585,subgoal_reached
1832,5,spatial_control_E,False,0.4198666666666666,10,5.176157429814339,4.653015796783926,subgoal_reached
1842,2,spatial_control_B,False,0.41669999999999996,6,0.7349603772163391,0.721461532143382,subgoal_reached
1848,5,spatial_control_E,False,0.4148,11,-0.07550663501024246,-0.5935053693404035,subgoal_reached
1859,2,spatial_control_B,False,0.4113166666666666,14,-3.592191234230995,-3.7837707530932496,subgoal_reached
1873,4,spatial_control_D,True,0.4068833333333333,10,-6.8783499002456665,-6.490471001350372,subgoal_reached
1883,5,spatial_control_E,False,0.4037166666666666,11,6.644257187843323,5.994264459974959,subgoal_reached
1894,2,spatial_control_B,False,0.40023333333333333,15,-2.790050834417343,-2.924548193640883,subgoal_reached
1909,5,spatial_control_E,False,0.39548333333333335,8,1.7959190905094147,1.767071262584916,subgoal_reached
1917,2,spatial_control_B,False,0.39294999999999997,16,-1.8245795965194702,-2.1225575445060314,subgoal_reached
1933,5,spatial_control_E,False,0.3878833333333333,11,-0.9347145855426788,-1.3185181597013127,subgoal_reached
1944,2,spatial_control_B,False,0.38439999999999996,7,-2.2858683839440346,-2.2065781438904293,subgoal_reached
1951,5,spatial_control_E,False,0.3821833333333333,11,1.913446843624115,1.3960502560360275,subgoal_reached
1962,1,spatial_control_A,True,0.3786999999999999,8,-9.886480987071991,-9.49988911892879,subgoal_reached
1970,4,spatial_control_D,True,0.3761666666666667,9,-0.6064352095127106,-0.8581373187733212,subgoal_reached
1979,5,spatial_control_E,False,0.3733166666666667,10,4.6117848083376884,4.204285514614292,subgoal_reached
1989,2,spatial_control_B,False,0.3701499999999999,6,1.3035094141960144,1.237016452980603,subgoal_reached
1995,1,spatial_control_A,True,0.36824999999999997,10,-7.158521384000778,-7.030872663363567,subgoal_reached
2005,5,spatial_control_E,False,0.3650833333333333,13,5.041007429361343,4.073545711757109,subgoal_reached
2018,2,spatial_control_B,False,0.36096666666666666,6,-2.5696423947811127,-2.5364636999057035,subgoal_reached
2024,5,spatial_control_E,False,0.35906666666666665,10,3.1596061289310455,2.8140017550366805,subgoal_reached
2034,2,spatial_control_B,False,0.35589999999999994,10,-3.690873585641384,-3.7897682354592455,subgoal_reached
2044,5,spatial_control_E,False,0.3527333333333333,10,2.53317029774189,2.4915141806624477,subgoal_reached
2054,2,spatial_control_B,False,0.34956666666666664,11,-4.602096512913704,-4.600663470314473,subgoal_reached
2065,1,spatial_control_A,True,0.3460833333333333,11,-5.875240534543991,-5.430601088369784,subgoal_reached
2076,5,spatial_control_E,False,0.3426,9,5.573595151305199,5.078064075512055,subgoal_reached
2085,2,spatial_control_B,False,0.33975,6,-0.33154481649398804,-0.31246909557412594,subgoal_reached
2091,5,spatial_control_E,True,0.33785000000000004,10,0.8162678144872189,0.4243029109712412,subgoal_reached
2101,2,spatial_control_B,False,0.3346833333333333,14,-3.3173457384109497,-3.5089707891273303,subgoal_reached
2115,3,spatial_control_C,True,0.33025,11,-3.66948738694191,-3.581410066979442,subgoal_reached
2126,2,spatial_control_B,True,0.32676666666666665,5,2.97768971323967,2.8556490917493305,subgoal_reached
2131,5,spatial_control_E,False,0.32518333333333327,12,1.5078622102737427,1.124347063027554,subgoal_reached
2143,2,spatial_control_B,False,0.32138333333333324,9,-3.655031591653824,-3.7078821085484024,subgoal_reached
2152,5,spatial_control_E,False,0.3185333333333333,11,1.9924867749214172,2.012527529275372,subgoal_reached
2163,2,spatial_control_B,False,0.31505,9,-3.2538361474871635,-3.2821153959259366,subgoal_reached
2172,5,spatial_control_E,False,0.3122,10,3.3309212625026703,3.1857776325687497,subgoal_reached
2182,2,spatial_control_B,False,0.30903333333333327,10,-2.936142273247242,-3.0850377052149818,subgoal_reached
2192,5,spatial_control_E,False,0.3058666666666666,11,1.6259479522705078,1.5410207243198426,subgoal_reached
2203,2,spatial_control_B,False,0.30238333333333334,10,-2.5456114411354065,-2.712021313643457,subgoal_reached
2213,3,spatial_control_C,True,0.29921666666666663,12,-1.6353771947324276,-1.5948905385041137,subgoal_reached
2225,5,spatial_control_E,False,0.2954166666666666,8,-0.4641352742910385,-0.6870601239885793,subgoal_reached
2233,2,spatial_control_B,False,0.2928833333333334,7,-0.9816967397928238,-0.9240503645387962,subgoal_reached
2240,1,spatial_control_A,True,0.29066666666666663,9,-5.658898591995239,-5.583268599113028,subgoal_reached
2249,5,spatial_control_E,False,0.2878166666666666,14,4.281298473477364,3.316428948496876,subgoal_reached
2263,2,spatial_control_B,False,0.2833833333333334,6,-0.9190291985869408,-0.9554070901438861,subgoal_reached
2269,5,spatial_control_E,False,0.28148333333333336,11,1.3615495711565018,1.1724714147072808,subgoal_reached
2280,0,,True,0.27799999999999997,1,-1.2167010307312012,-1.3167010307312013,base_step
2281,3,spatial_control_C,True,0.27768333333333334,5,-2.6190508008003235,-2.6790017520244906,subgoal_reached
2286,5,spatial_control_E,False,0.27609999999999996,9,2.203627549111843,1.867445306749877,subgoal_reached
2295,2,spatial_control_B,False,0.27325,14,-3.1467956975102425,-3.307747059191883,subgoal_reached
2309,5,spatial_control_E,False,0.2688166666666666,8,1.2681477218866348,1.258034976994377,subgoal_reached
2317,1,spatial_control_A,True,0.2662833333333333,9,-8.781964011490345,-8.375019859797249,subgoal_reached
2326,5,spatial_control_E,False,0.26343333333333335,11,7.5021767020225525,6.752780508388587,subgoal_reached
2337,2,spatial_control_B,False,0.25994999999999996,5,-1.5153315588831902,-1.5203719910609568,subgoal_reached
2342,3,spatial_control_C,True,0.2583666666666667,10,-2.4516626968979836,-2.534808003482722,subgoal_reached
2352,5,spatial_control_E,False,0.2552,11,2.191688984632492,1.6696830158064089,subgoal_reached
2363,2,spatial_control_B,False,0.2517166666666667,14,-3.9260572642087936,-4.062235829270624,subgoal_reached
2377,5,spatial_control_E,False,0.2472833333333333,8,1.471231296658516,1.44490612305237,subgoal_reached
2385,2,spatial_control_B,False,0.24474999999999997,7,-1.9189113676548004,-1.9104528963262957,subgoal_reached
2392,4,spatial_control_D,True,0.24253333333333332,8,0.44417570531368256,0.1694322302920833,environment_truncated
2400,5,spatial_control_E,False,0.23999999999999994,7,3.8538520857691765,3.580349921728863,subgoal_reached
2407,0,,False,0.2377833333333333,1,0.45787590742111206,0.3578759074211121,base_step
2408,2,spatial_control_B,True,0.23746666666666666,6,-1.619631677865982,-1.583911365978519,subgoal_reached
2414,0,,True,0.2355666666666667,1,-1.843833088874817,-1.943833088874817,base_step
2415,5,spatial_control_E,False,0.23524999999999996,8,3.7855257093906403,3.4757740785421403,subgoal_reached
2423,0,,False,0.23271666666666668,1,-0.860803484916687,-0.960803484916687,base_step
2424,0,,False,0.23239999999999994,1,-0.7494508028030396,-0.8494508028030395,base_step
2425,0,,False,0.2320833333333333,1,-0.29044461250305176,-0.39044461250305174,base_step
2426,0,,False,0.23176666666666668,1,0.10562799870967865,0.005627998709678644,base_step
2427,2,spatial_control_B,False,0.23144999999999993,6,0.14465681463479996,0.07870284475477271,subgoal_reached
2433,5,spatial_control_E,False,0.22954999999999992,10,0.9181688129901886,0.6932840344458789,subgoal_reached
2443,0,,False,0.22638333333333333,1,-1.332078218460083,-1.432078218460083,base_step
2444,0,,False,0.2260666666666667,1,-0.9972222447395325,-1.0972222447395326,base_step
2445,0,,False,0.22575000000000006,1,-0.607498824596405,-0.707498824596405,base_step
2446,2,spatial_control_B,False,0.22543333333333332,6,-0.4641865901648998,-0.5489574272880254,subgoal_reached
2452,1,spatial_control_A,True,0.2235333333333333,13,-6.671517908573151,-6.1502438174937035,subgoal_reached
2465,5,spatial_control_E,False,0.21941666666666665,10,5.298734709620476,4.657724237710164,subgoal_reached
2475,0,,False,0.21625000000000005,1,1.091022253036499,0.991022253036499,base_step
2476,4,spatial_control_D,True,0.2159333333333333,13,-8.579822555184364,-7.795074774851627,subgoal_reached
2489,0,,True,0.21181666666666665,1,-1.083567500114441,-1.183567500114441,base_step
2490,5,spatial_control_E,False,0.21150000000000002,10,6.2246120274066925,5.669828617994182,subgoal_reached
2500,0,,False,0.20833333333333331,1,0.9487475156784058,0.8487475156784058,base_step
2501,0,,True,0.20801666666666668,1,0.9111199378967285,0.8111199378967285,base_step
2502,0,,True,0.20770000000000005,1,0.8176799416542053,0.7176799416542053,base_step
2503,5,spatial_control_E,False,0.2073833333333333,7,-1.2510501146316528,-1.2775593845900426,subgoal_reached
2510,0,,True,0.20516666666666666,1,-0.5795808434486389,-0.6795808434486389,base_step
2511,2,spatial_control_B,True,0.20485000000000003,6,-1.156797245144844,-1.2042830775894882,subgoal_reached
2517,5,spatial_control_E,False,0.20295000000000002,12,0.28352486342191696,0.04198501831958654,subgoal_reached
2529,0,,False,0.19915000000000005,1,-1.1943080425262451,-1.2943080425262452,base_step
2530,2,spatial_control_B,True,0.1988333333333333,8,-2.1654354482889175,-2.2266964802811455,subgoal_reached
2538,5,spatial_control_E,False,0.19630000000000003,11,2.575377404689789,2.5455929677447218,subgoal_reached
2549,0,,False,0.19281666666666664,1,-1.2307639122009277,-1.3307639122009278,base_step
2550,0,,False,0.1925,1,-0.9381222128868103,-1.0381222128868104,base_step
2551,3,spatial_control_C,True,0.19218333333333326,5,-0.4637245014309883,-0.5606967814652168,subgoal_reached
2556,5,spatial_control_E,False,0.1906,9,0.8525550067424774,0.5469371293637609,subgoal_reached
2565,0,,False,0.18775000000000003,1,-0.28705355525016785,-0.3870535552501678,base_step
2566,0,,False,0.1874333333333334,1,-0.5287956595420837,-0.6287956595420837,base_step
2567,0,,True,0.18711666666666665,1,-0.03570766746997833,-0.13570766746997834,base_step
2568,5,spatial_control_E,False,0.18680000000000002,1,0.5760974287986755,0.47609742879867556,subgoal_reached
2569,0,,False,0.1864833333333334,1,0.9009179472923279,0.8009179472923279,base_step
2570,0,,False,0.18616666666666665,1,0.2759146988391876,0.17591469883918762,base_step
2571,5,spatial_control_E,False,0.18585000000000002,7,-0.1771743968129158,-0.29362078374745837,subgoal_reached
2578,0,,False,0.18363333333333337,1,-1.2169363498687744,-1.3169363498687745,base_step
2579,3,spatial_control_C,True,0.18331666666666663,6,-3.396664161235094,-3.4075243463736515,subgoal_reached
2585,5,spatial_control_E,False,0.18141666666666662,9,1.744313657283783,1.339854299639075,subgoal_reached
2594,4,spatial_control_D,True,0.17856666666666665,11,-8.39887660369277,-7.894174491900887,subgoal_reached
2605,5,spatial_control_E,False,0.17508333333333337,10,5.8529053926467896,5.306990091723282,subgoal_reached
2615,0,,False,0.17191666666666663,1,1.229278564453125,1.129278564453125,base_step
2616,0,,False,0.1716,1,0.9343945980072021,0.8343945980072022,base_step
2617,0,,False,0.17128333333333337,1,0.6142056584358215,0.5142056584358216,base_step
2618,5,spatial_control_E,False,0.17096666666666663,10,-2.6716468930244446,-2.577006004325241,subgoal_reached
2628,0,,False,0.1678,1,0.006588608026504517,-0.09341139197349549,base_step
2629,0,,False,0.16748333333333337,1,0.08649562299251556,-0.013504377007484442,base_step
2630,0,,False,0.16716666666666663,1,0.29625406861305237,0.19625406861305236,base_step
2631,0,,False,0.16685,1,0.4704604148864746,0.37046041488647463,base_step
2632,5,spatial_control_E,False,0.16653333333333337,11,0.329952135682106,0.3684871075312829,subgoal_reached
2643,4,spatial_control_D,True,0.16304999999999997,11,-11.111712038516998,-10.596339836381842,subgoal_reached
2654,5,spatial_control_E,False,0.15956666666666663,10,7.809008061885834,7.216747125301291,subgoal_reached
2664,0,,False,0.15639999999999998,1,1.1078295707702637,1.0078295707702636,base_step
2665,5,spatial_control_E,False,0.15608333333333335,7,-0.3053150065243244,-0.31553720810923713,subgoal_reached
2672,0,,False,0.1538666666666666,1,-0.6912534236907959,-0.7912534236907959,base_step
2673,0,,False,0.15354999999999996,1,-0.5507624745368958,-0.6507624745368957,base_step
2674,0,,False,0.15323333333333333,1,-0.26808029413223267,-0.36808029413223264,base_step
2675,2,spatial_control_B,True,0.15291666666666662,6,-0.4304112568497658,-0.4481280226215837,subgoal_reached
2681,5,spatial_control_E,False,0.15101666666666663,11,1.1962759420275688,0.856562141724443,subgoal_reached
2692,0,,False,0.14753333333333335,1,-1.3763900995254517,-1.4763900995254517,base_step
2693,0,,False,0.14721666666666672,1,-1.0458877086639404,-1.1458877086639405,base_step
2694,0,,False,0.14689999999999998,1,-0.661115825176239,-0.761115825176239,base_step
2695,2,spatial_control_B,False,0.14658333333333334,6,-0.20126603543758392,-0.2968324315194959,subgoal_reached
2701,5,spatial_control_E,False,0.14468333333333333,11,1.6664950028061867,1.5782831260056853,subgoal_reached
2712,0,,False,0.1412,1,-1.2735381126403809,-1.373538112640381,base_step
2713,0,,False,0.14088333333333336,1,-1.009863257408142,-1.1098632574081422,base_step
2714,2,spatial_control_B,False,0.14056666666666673,7,-0.7266214340925217,-0.8138515492380053,subgoal_reached
2721,0,,True,0.13834999999999997,1,-0.429032564163208,-0.529032564163208,base_step
2722,5,spatial_control_E,False,0.13803333333333334,10,2.8914857879281044,2.777181830956942,subgoal_reached
2732,0,,False,0.1348666666666667,1,-1.337754726409912,-1.4377547264099122,base_step
2733,0,,False,0.13454999999999998,1,-1.1046552658081055,-1.2046552658081056,base_step
2734,2,spatial_control_B,False,0.13423333333333334,7,-1.3059549629688263,-1.378206558161545,subgoal_reached
2741,5,spatial_control_E,False,0.1320166666666667,11,2.0480543226003647,1.9676788826069278,subgoal_reached
2752,0,,False,0.12853333333333333,1,-1.2262639999389648,-1.326263999938965,base_step
2753,0,,False,0.1282166666666667,1,-0.9728177785873413,-1.0728177785873414,base_step
2754,2,spatial_control_B,False,0.12789999999999996,7,-0.4260721951723099,-0.5219343482950619,subgoal_reached
2761,5,spatial_control_E,False,0.1256833333333333,11,1.6403888538479805,1.530922895813777,subgoal_reached
2772,0,,False,0.12219999999999996,1,-1.2698943614959717,-1.3698943614959718,base_step
2773,0,,False,0.12188333333333333,1,-1.0044316053390503,-1.1044316053390504,base_step
2774,2,spatial_control_B,False,0.1215666666666667,7,-0.7151029855012894,-0.8043237476740087,subgoal_reached
2781,5,spatial_control_E,True,0.11934999999999996,11,1.9050091207027435,1.8085228877351194,subgoal_reached
2792,2,spatial_control_B,True,0.11586666666666669,9,-2.5834369882941246,-2.6964047705444982,subgoal_reached
2801,5,spatial_control_E,False,0.11301666666666668,12,1.3914168253540993,1.3948160914426433,subgoal_reached
2813,0,,False,0.10921666666666668,1,-1.2695204019546509,-1.369520401954651,base_step
2814,0,,True,0.10890000000000005,1,-0.9649211764335632,-1.0649211764335633,base_step
2815,2,spatial_control_B,False,0.10858333333333331,7,-0.22789572924375534,-0.3131262872274252,subgoal_reached
2822,5,spatial_control_E,False,0.10636666666666668,11,1.7195340618491173,1.5734698664564575,subgoal_reached
2833,0,,False,0.10288333333333331,1,-1.3081144094467163,-1.4081144094467164,base_step
2834,0,,False,0.10256666666666668,1,-1.0542927980422974,-1.1542927980422975,base_step
2835,2,spatial_control_B,False,0.10225000000000005,7,-0.9229796230792999,-1.0104624320191324,subgoal_reached
2842,5,spatial_control_E,False,0.10003333333333331,11,2.2255018651485443,2.122151194898443,subgoal_reached
2853,0,,False,0.09655000000000004,1,-1.2686790227890015,-1.3686790227890016,base_step
2854,0,,False,0.09623333333333331,1,-1.0123077630996704,-1.1123077630996705,base_step
2855,2,spatial_control_B,False,0.09591666666666668,7,-0.7347031682729721,-0.819319232894382,subgoal_reached
2862,5,spatial_control_E,False,0.09370000000000003,11,1.6057768762111664,1.5162848617347497,subgoal_reached
2873,0,,False,0.09021666666666667,1,-1.2329314947128296,-1.3329314947128297,base_step
2874,0,,False,0.08990000000000004,1,-0.9695666432380676,-1.0695666432380677,base_step
2875,2,spatial_control_B,False,0.08958333333333329,7,-0.5072966516017914,-0.6017406259225823,subgoal_reached
2882,5,spatial_control_E,False,0.08736666666666668,11,1.773610070347786,1.6724887965604793,subgoal_reached
2893,1,spatial_control_A,True,0.0838833333333333,8,-9.19594144821167,-8.941616251283648,subgoal_reached
2901,5,spatial_control_E,False,0.08135000000000003,10,5.962330341339111,5.358543308825053,subgoal_reached
2911,0,,False,0.07818333333333329,1,0.9029159545898438,0.8029159545898438,base_step
2912,0,,False,0.07786666666666665,1,0.6685475707054138,0.5685475707054138,base_step
2913,0,,False,0.07755000000000002,1,0.7524281740188599,0.6524281740188599,base_step
2914,5,spatial_control_E,False,0.07723333333333329,9,-1.1216534152626991,-1.094269387033757,subgoal_reached
2923,0,,False,0.07438333333333329,1,-0.9979835748672485,-1.0979835748672486,base_step
2924,0,,False,0.07406666666666666,1,-0.6828720569610596,-0.7828720569610595,base_step
2925,0,,False,0.07375000000000002,1,-0.20845291018486023,-0.3084529101848602,base_step
2926,0,,False,0.07343333333333328,1,0.20366111397743225,0.10366111397743225,base_step
2927,2,spatial_control_B,False,0.07311666666666665,6,1.3100650161504745,1.2235899224935611,subgoal_reached
2933,5,spatial_control_E,False,0.07121666666666665,11,-1.1003817915916443,-1.2273058533165782,subgoal_reached
2944,0,,False,0.06773333333333338,1,-1.080493688583374,-1.1804936885833741,base_step
2945,0,,False,0.06741666666666665,1,-0.740140438079834,-0.840140438079834,base_step
2946,2,spatial_control_B,False,0.06710000000000002,7,-1.172283299267292,-1.238448530989025,subgoal_reached
2953,4,spatial_control_D,True,0.06488333333333338,15,-6.2982343807816505,-5.507772504535753,subgoal_reached
2968,5,spatial_control_E,False,0.06013333333333338,11,4.869499400258064,4.250894008302824,subgoal_reached
2979,0,,False,0.056650000000000006,1,1.1750073432922363,1.0750073432922362,base_step
2980,0,,False,0.056333333333333374,1,1.0033977031707764,0.9033977031707764,base_step
2981,0,,False,0.05601666666666664,1,0.8504899740219116,0.7504899740219116,base_step
2982,5,spatial_control_E,False,0.055700000000000006,8,-1.6169754266738892,-1.5808859494415355,subgoal_reached
2990,0,,False,0.05316666666666664,1,-0.6182069778442383,-0.7182069778442383,base_step
2991,0,,False,0.05285000000000001,1,-0.45658499002456665,-0.5565849900245666,base_step
2992,0,,False,0.052533333333333376,1,-0.10961462557315826,-0.20961462557315827,base_step
2993,0,,False,0.052216666666666633,1,0.31564047932624817,0.21564047932624816,base_step
2994,0,,False,0.0519,1,0.7338231205940247,0.6338231205940247,base_step
2995,0,,False,0.05158333333333337,1,1.0396734476089478,0.9396734476089478,base_step
2996,5,spatial_control_E,False,0.051266666666666634,11,-0.36817771196365356,-0.23179416982116488,subgoal_reached
3007,0,,False,0.05,1,-1.111201286315918,-1.211201286315918,base_step
3008,0,,False,0.05,1,-0.8034138083457947,-0.9034138083457947,base_step
3009,0,,False,0.05,1,-0.360137939453125,-0.460137939453125,base_step
3010,2,spatial_control_B,True,0.05,6,-0.1550452709197998,-0.19762030655489285,subgoal_reached
3016,5,spatial_control_E,False,0.05,11,0.8769945353269577,0.6438422977460566,subgoal_reached
3027,0,,False,0.05,1,-1.322919487953186,-1.4229194879531861,base_step
3028,0,,False,0.05,1,-1.000008225440979,-1.100008225440979,base_step
3029,2,spatial_control_B,False,0.05,7,-1.4011708870530128,-1.4642996543896636,subgoal_reached
3036,5,spatial_control_E,False,0.05,11,2.7173158451914787,2.637115743835197,subgoal_reached
3047,0,,False,0.05,1,-1.279572606086731,-1.379572606086731,base_step
3048,0,,False,0.05,1,-1.0146936178207397,-1.1146936178207398,base_step
3049,2,spatial_control_B,False,0.05,7,-0.8924882113933563,-0.9629151654575375,subgoal_reached
3056,5,spatial_control_E,False,0.05,11,1.665666587650776,1.5657451621600815,subgoal_reached
3067,0,,False,0.05,1,-1.2443995475769043,-1.3443995475769044,base_step
3068,3,spatial_control_C,True,0.05,5,-2.2867284566164017,-2.359755366495403,subgoal_reached
3073,5,spatial_control_E,False,0.05,9,2.170460246503353,1.834791928953269,subgoal_reached
3082,0,,False,0.05,1,-0.5346079468727112,-0.6346079468727112,base_step
3083,0,,False,0.05,1,-0.7120411396026611,-0.8120411396026611,base_step
3084,5,spatial_control_E,False,0.05,2,0.22954031825065613,0.12529779791831971,subgoal_reached
3086,0,,False,0.05,1,0.7454791069030762,0.6454791069030762,base_step
3087,0,,False,0.05,1,0.151866614818573,0.05186661481857299,base_step
3088,5,spatial_control_E,False,0.05,11,-2.2349045425653458,-2.1553382667170204,subgoal_reached
3099,0,,False,0.05,1,-0.27923110127449036,-0.37923110127449033,base_step
3100,2,spatial_control_B,False,0.05,7,0.06161956116557121,-0.049509378030031505,subgoal_reached
3107,5,spatial_control_E,False,0.05,11,1.3932147845625877,1.2998147764003274,subgoal_reached
3118,0,,False,0.05,1,-1.310271143913269,-1.4102711439132691,base_step
3119,0,,False,0.05,1,-1.0508793592453003,-1.1508793592453004,base_step
3120,2,spatial_control_B,False,0.05,7,-0.9427723586559296,-1.0269931049046768,subgoal_reached
3127,5,spatial_control_E,False,0.05,11,2.000883311033249,1.917578133818202,subgoal_reached
3138,0,,False,0.05,1,-1.2387909889221191,-1.3387909889221192,base_step
3139,0,,False,0.05,1,-0.9790952205657959,-1.079095220565796,base_step
3140,2,spatial_control_B,False,0.05,7,-0.515973687171936,-0.6075538546568402,subgoal_reached
3147,5,spatial_control_E,False,0.05,11,1.6014131382107735,1.503340384719459,subgoal_reached
3158,0,,False,0.05,1,-1.2509773969650269,-1.350977396965027,base_step
3159,0,,False,0.05,1,-0.9852532148361206,-1.0852532148361207,base_step
3160,2,spatial_control_B,False,0.05,7,-0.5930898487567902,-0.6855491263156183,subgoal_reached
3167,5,spatial_control_E,False,0.05,11,1.8366938382387161,1.7376231109904532,subgoal_reached
3178,0,,False,0.05,1,-1.259069561958313,-1.359069561958313,base_step
3179,0,,False,0.05,1,-0.9922853708267212,-1.0922853708267213,base_step
3180,2,spatial_control_B,False,0.05,7,-0.6507407277822495,-0.739524300151687,subgoal_reached
3187,5,spatial_control_E,False,0.05,11,1.7041638270020485,1.6157522493508238,subgoal_reached
3198,0,,False,0.05,1,-1.2386614084243774,-1.3386614084243775,base_step
3199,0,,False,0.05,1,-0.9701216220855713,-1.0701216220855714,base_step
3200,5,spatial_control_E,False,0.05,7,3.8538520857691765,3.580349921728863,subgoal_reached
3207,0,,False,0.05,1,0.45787590742111206,0.3578759074211121,base_step
3208,0,,False,0.05,1,0.28421875834465027,0.18421875834465026,base_step
3209,0,,False,0.05,1,0.6585920453071594,0.5585920453071594,base_step
3210,0,,False,0.05,1,0.8082735538482666,0.7082735538482666,base_step
3211,5,spatial_control_E,False,0.05,9,-0.8756437301635742,-0.8520155813363839,subgoal_reached
3220,0,,False,0.05,1,-1.1423839330673218,-1.2423839330673219,base_step
3221,1,spatial_control_A,True,0.05,8,-8.517453163862228,-8.227059450829028,subgoal_reached
3229,5,spatial_control_E,False,0.05,10,6.1824668645858765,5.568835224932253,subgoal_reached
3239,0,,False,0.05,1,0.9017201662063599,0.8017201662063599,base_step
3240,0,,False,0.05,1,0.7287791967391968,0.6287791967391968,base_step
3241,0,,False,0.05,1,0.49067920446395874,0.39067920446395876,base_step
3242,5,spatial_control_E,False,0.05,7,-1.5212228298187256,-1.568862354150026,subgoal_reached
3249,0,,False,0.05,1,-0.4580952525138855,-0.5580952525138855,base_step
3250,0,,False,0.05,1,-0.4045114517211914,-0.5045114517211914,base_step
3251,0,,False,0.05,1,-0.025792066007852554,-0.12579206600785256,base_step
3252,0,,False,0.05,1,0.4343376159667969,0.3343376159667969,base_step
3253,0,,False,0.05,1,0.7970441579818726,0.6970441579818726,base_step
3254,0,,False,0.05,1,0.8543843030929565,0.7543843030929566,base_step
3255,5,spatial_control_E,False,0.05,10,-1.6859671771526337,-1.5333759418076318,subgoal_reached
3265,0,,False,0.05,1,-0.9249002933502197,-1.0249002933502198,base_step
3266,2,spatial_control_B,False,0.05,9,-2.83215469494462,-2.826237399326931,subgoal_reached
3275,5,spatial_control_E,False,0.05,10,2.7000855207443237,2.6430585072528165,subgoal_reached
3285,0,,False,0.05,1,-1.1214947700500488,-1.221494770050049,base_step
3286,2,spatial_control_B,False,0.05,9,-2.5735739395022392,-2.5922744505083886,subgoal_reached
3295,5,spatial_control_E,False,0.05,10,2.619215875864029,2.5575091573928064,subgoal_reached
3305,2,spatial_control_B,True,0.05,9,-3.1522993743419647,-3.1831182487484333,subgoal_reached
3314,5,spatial_control_E,False,0.05,10,3.074224777519703,2.9358577368593206,subgoal_reached
3324,0,,False,0.05,1,-1.3847836256027222,-1.4847836256027223,base_step
3325,2,spatial_control_B,False,0.05,9,-2.2667441070079803,-2.3628411962018308,subgoal_reached
3334,5,spatial_control_E,False,0.05,10,2.9203825145959854,2.7821166547058893,subgoal_reached
3344,0,,False,0.05,1,-1.4256895780563354,-1.5256895780563355,base_step
3345,2,spatial_control_B,False,0.05,9,-2.714911364018917,-2.7892179881496264,subgoal_reached
3354,5,spatial_control_E,False,0.05,10,3.1014708876609802,2.9567208749382043,subgoal_reached
3364,0,,False,0.05,1,-1.4118762016296387,-1.5118762016296388,base_step
3365,2,spatial_control_B,False,0.05,9,-2.7604470029473305,-2.8292896278164568,subgoal_reached
3374,5,spatial_control_E,False,0.05,10,3.1385829225182533,2.987624964054794,subgoal_reached
3384,0,,False,0.05,1,-1.4163557291030884,-1.5163557291030885,base_step
3385,2,spatial_control_B,False,0.05,9,-2.7474491000175476,-2.8179088388096543,subgoal_reached
3394,5,spatial_control_E,False,0.05,10,3.1271006166934967,2.9771086249293286,subgoal_reached
3404,0,,False,0.05,1,-1.416420817375183,-1.5164208173751832,base_step
3405,4,spatial_control_D,True,0.05,9,-9.048500895500183,-8.770385686614182,subgoal_reached
3414,5,spatial_control_E,False,0.05,11,6.6633293479681015,6.009834884948027,subgoal_reached
3425,0,,False,0.05,1,1.0902137756347656,0.9902137756347656,base_step
3426,0,,False,0.05,1,0.8180366158485413,0.7180366158485413,base_step
3427,5,spatial_control_E,False,0.05,8,-1.8616887480020523,-1.813600310480859,subgoal_reached
3435,0,,False,0.05,1,-0.47440266609191895,-0.5744026660919189,base_step
3436,2,spatial_control_B,False,0.05,7,-1.4364172033965588,-1.4299549527880484,subgoal_reached
3443,5,spatial_control_E,False,0.05,11,1.8574481904506683,1.5190534308062684,subgoal_reached
3454,0,,False,0.05,1,-1.3737664222717285,-1.4737664222717286,base_step
3455,0,,False,0.05,1,-1.0650718212127686,-1.1650718212127686,base_step
3456,2,spatial_control_B,False,0.05,8,-1.7896661534905434,-1.8432674456506466,subgoal_reached
3464,5,spatial_control_E,False,0.05,10,3.3592492043972015,3.2090795143934794,subgoal_reached
3474,0,,False,0.05,1,-1.3524978160858154,-1.4524978160858155,base_step
3475,2,spatial_control_B,False,0.05,8,-2.9912958443164825,-3.028921490093437,subgoal_reached
3483,5,spatial_control_E,False,0.05,11,2.648196667432785,2.6029586143478745,subgoal_reached
3494,0,,False,0.05,1,-1.2563104629516602,-1.3563104629516602,base_step
3495,2,spatial_control_B,False,0.05,8,-2.1807410269975662,-2.2395067869496414,subgoal_reached
3503,5,spatial_control_E,False,0.05,11,2.198982425034046,2.149863185043452,subgoal_reached
3514,0,,False,0.05,1,-1.2431235313415527,-1.3431235313415528,base_step
3515,2,spatial_control_B,False,0.05,8,-1.953505702316761,-2.025908074261325,subgoal_reached
3523,5,spatial_control_E,False,0.05,11,2.250470019876957,2.209013980966777,subgoal_reached
3534,0,,False,0.05,1,-1.248255729675293,-1.348255729675293,base_step
3535,2,spatial_control_B,False,0.05,8,-2.0237903147935867,-2.0919238997327407,subgoal_reached
3543,5,spatial_control_E,False,0.05,11,2.2214710637927055,2.1762771933842795,subgoal_reached
3554,0,,False,0.05,1,-1.2494075298309326,-1.3494075298309327,base_step
3555,2,spatial_control_B,False,0.05,8,-1.9681047797203064,-2.040458181670097,subgoal_reached
3563,5,spatial_control_E,False,0.05,11,2.2126182094216347,2.1693268870020854,subgoal_reached
3574,0,,False,0.05,1,-1.2507281303405762,-1.3507281303405763,base_step
3575,1,spatial_control_A,True,0.05,8,-7.415647953748703,-7.194636787696926,subgoal_reached
3583,5,spatial_control_E,False,0.05,10,5.151372179389,4.5743512314916455,subgoal_reached
3593,0,,False,0.05,1,0.9577727317810059,0.8577727317810059,base_step
3594,0,,False,0.05,1,0.7577720880508423,0.6577720880508423,base_step
3595,0,,False,0.05,1,0.7661342024803162,0.6661342024803162,base_step
3596,5,spatial_control_E,False,0.05,8,-0.39928649365901947,-0.4380597766079166,subgoal_reached
3604,0,,False,0.05,1,-1.031251311302185,-1.1312513113021851,base_step
3605,0,,False,0.05,1,-0.9110701084136963,-1.0110701084136964,base_step
3606,0,,False,0.05,1,-0.46222051978111267,-0.5622205197811126,base_step
3607,2,spatial_control_B,False,0.05,5,0.151292622089386,0.07358615679465294,subgoal_reached
3612,5,spatial_control_E,False,0.05,11,1.0552293211221695,0.8306720047049222,subgoal_reached
3623,0,,False,0.05,1,-1.358646035194397,-1.458646035194397,base_step
3624,2,spatial_control_B,False,0.05,9,-1.9441390708088875,-2.0717195379120232,subgoal_reached
3633,5,spatial_control_E,False,0.05,11,1.4513814449310303,1.4538289220824534,subgoal_reached
3644,0,,False,0.05,1,-1.1892929077148438,-1.2892929077148438,base_step
3645,2,spatial_control_B,False,0.05,8,-2.4434218630194664,-2.473482012366747,subgoal_reached
3653,5,spatial_control_E,False,0.05,10,3.551158629357815,3.428715469586055,subgoal_reached
3663,0,,False,0.05,1,-1.3257755041122437,-1.4257755041122437,base_step
3664,2,spatial_control_B,False,0.05,8,-2.5517403557896614,-2.614629606297149,subgoal_reached
3672,5,spatial_control_E,False,0.05,11,2.2374156713485718,2.2028339256467757,subgoal_reached
3683,0,,False,0.05,1,-1.2393813133239746,-1.3393813133239747,base_step
3684,2,spatial_control_B,False,0.05,8,-2.0723408088088036,-2.137472419253423,subgoal_reached
3692,5,spatial_control_E,False,0.05,11,2.1978842318058014,2.1500380341445333,subgoal_reached
3703,0,,False,0.05,1,-1.2491302490234375,-1.3491302490234376,base_step
3704,2,spatial_control_B,False,0.05,8,-1.9533927738666534,-2.0268099156854174,subgoal_reached
3712,5,spatial_control_E,False,0.05,11,2.2167766764760017,2.1746718281450677,subgoal_reached
3723,0,,False,0.05,1,-1.2499721050262451,-1.3499721050262452,base_step
3724,2,spatial_control_B,False,0.05,8,-1.9980531111359596,-2.06845833206917,subgoal_reached
3732,5,spatial_control_E,False,0.05,11,2.206798404455185,2.1622895286579324,subgoal_reached
3743,0,,False,0.05,1,-1.2506228685379028,-1.350622868537903,base_step
3744,2,spatial_control_B,False,0.05,8,-1.9642252698540688,-2.0371462481226064,subgoal_reached
3752,5,spatial_control_E,False,0.05,11,2.1997470930218697,2.1565484614454324,subgoal_reached
3763,0,,False,0.05,1,-1.250878930091858,-1.350878930091858,base_step
3764,2,spatial_control_B,False,0.05,8,-1.974486418068409,-2.046761270942792,subgoal_reached
3772,5,spatial_control_E,False,0.05,11,2.1966814398765564,2.1530678297871324,subgoal_reached
3783,0,,False,0.05,1,-1.250920057296753,-1.350920057296753,base_step
3784,2,spatial_control_B,False,0.05,8,-1.9673309922218323,-2.040128847602048,subgoal_reached
3792,5,spatial_control_E,False,0.05,11,2.1947608441114426,2.1514443962427925,subgoal_reached
3803,0,,False,0.05,1,-1.2508729696273804,-1.3508729696273805,base_step
3804,2,spatial_control_B,False,0.05,8,-1.9704415500164032,-2.043019476502214,subgoal_reached
3812,5,spatial_control_E,False,0.05,11,2.1952572986483574,2.1518149629329426,subgoal_reached
3823,0,,False,0.05,1,-1.2508949041366577,-1.3508949041366578,base_step
3824,2,spatial_control_B,False,0.05,8,-1.9689434170722961,-2.0416266423256464,subgoal_reached
3832,5,spatial_control_E,False,0.05,11,2.194918490946293,2.151535408797369,subgoal_reached
3843,0,,False,0.05,1,-1.2508816719055176,-1.3508816719055177,base_step
3844,2,spatial_control_B,False,0.05,8,-1.9696323871612549,-2.0422673109501672,subgoal_reached
3852,5,spatial_control_E,False,0.05,11,2.1950861290097237,2.15167601983504,subgoal_reached
3863,0,,False,0.05,1,-1.2508881092071533,-1.3508881092071534,base_step
3864,4,spatial_control_D,True,0.05,9,-7.98514050245285,-7.729323430618285,subgoal_reached
3873,5,spatial_control_E,False,0.05,11,5.785386323928833,5.156148119816253,subgoal_reached
3884,0,,False,0.05,1,1.2262818813323975,1.1262818813323974,base_step
3885,0,,False,0.05,1,0.9485357999801636,0.8485357999801636,base_step
3886,0,,False,0.05,1,0.7044305205345154,0.6044305205345154,base_step
3887,5,spatial_control_E,False,0.05,8,-2.3234260231256485,-2.264762926433146,subgoal_reached
3895,2,spatial_control_B,False,0.05,7,-1.8924317210912704,-1.8955470519062865,subgoal_reached
3902,5,spatial_control_E,False,0.05,11,2.1765545308589935,1.8341321442874594,subgoal_reached
3913,0,,False,0.05,1,-1.4054243564605713,-1.5054243564605714,base_step
3914,0,,False,0.05,1,-1.1258957386016846,-1.2258957386016847,base_step
3915,2,spatial_control_B,False,0.05,8,-1.9707144275307655,-2.01819951615273,subgoal_reached
3923,5,spatial_control_E,False,0.05,10,3.5234977900981903,3.3649580532453753,subgoal_reached
3933,0,,False,0.05,1,-1.3859314918518066,-1.4859314918518067,base_step
3934,2,spatial_control_B,False,0.05,9,-2.7497091591358185,-2.8111129469835885,subgoal_reached
3943,5,spatial_control_E,False,0.05,10,3.1578377187252045,3.004430302563954,subgoal_reached
3953,0,,False,0.05,1,-1.4009230136871338,-1.5009230136871339,base_step
3954,2,spatial_control_B,False,0.05,9,-2.7435442060232162,-2.8105268687679548,subgoal_reached
3963,5,spatial_control_E,False,0.05,10,3.1491629034280777,2.9970478817246224,subgoal_reached
3973,0,,False,0.05,1,-1.410280704498291,-1.510280704498291,base_step
3974,4,spatial_control_D,True,0.05,9,-9.019268333911896,-8.741373854027676,subgoal_reached
3983,5,spatial_control_E,False,0.05,11,6.627432659268379,5.975019620977199,subgoal_reached
3994,0,,False,0.05,1,1.0922554731369019,0.9922554731369019,base_step
3995,0,,False,0.05,1,0.8196597099304199,0.7196597099304199,base_step
3996,5,spatial_control_E,False,0.05,4,0.9307443052530289,0.8309896550024151,environment_truncated
4000,2,spatial_control_B,True,0.05,9,4.569233693182468,4.249985437306155,subgoal_reached
4009,4,spatial_control_D,True,0.05,14,-8.966919399797916,-8.476691531408333,subgoal_reached
4023,5,spatial_control_E,False,0.05,12,5.030489265918732,4.300663551881613,subgoal_reached
4035,0,,False,0.05,1,1.2009165287017822,1.1009165287017821,base_step
4036,0,,False,0.05,1,1.0300713777542114,0.9300713777542114,base_step
4037,0,,False,0.05,1,0.8187230229377747,0.7187230229377747,base_step
4038,3,spatial_control_C,True,0.05,11,-7.575376078486443,-7.194899890271275,subgoal_reached
4049,5,spatial_control_E,False,0.05,6,4.740153416991234,4.487729061492392,subgoal_reached
4055,0,,False,0.05,1,0.4069765508174896,0.30697655081748965,base_step
4056,0,,False,0.05,1,0.09007330238819122,-0.009926697611808782,base_step
4057,0,,False,0.05,1,0.4046390950679779,0.3046390950679779,base_step
4058,3,spatial_control_C,True,0.05,10,-4.5700913816690445,-4.404632255898221,subgoal_reached
4068,5,spatial_control_E,False,0.05,5,1.3275399133563042,1.1795814736720875,subgoal_reached
4073,0,,False,0.05,1,0.659625768661499,0.559625768661499,base_step
4074,0,,False,0.05,1,0.40884995460510254,0.30884995460510256,base_step
4075,0,,False,0.05,1,0.5121530294418335,0.4121530294418335,base_step
4076,0,,False,0.05,1,0.567621111869812,0.46762111186981203,base_step
4077,1,spatial_control_A,True,0.05,11,-8.976040408015251,-8.328877684287976,subgoal_reached
4088,5,spatial_control_E,False,0.05,9,4.7521809339523315,4.282462214671281,subgoal_reached
4097,0,,True,0.05,1,1.1209899187088013,1.0209899187088012,base_step
4098,0,,False,0.05,1,0.9170952439308167,0.8170952439308167,base_step
4099,0,,False,0.05,1,0.8210173845291138,0.7210173845291138,base_step
4100,0,,False,0.05,1,0.6120536923408508,0.5120536923408509,base_step
4101,5,spatial_control_E,False,0.05,7,-1.4786624647676945,-1.5024630027075694,subgoal_reached
4108,0,,False,0.05,1,-0.7266765832901001,-0.8266765832901001,base_step
4109,0,,False,0.05,1,-0.609193742275238,-0.709193742275238,base_step
4110,0,,False,0.05,1,-0.22564850747585297,-0.32564850747585294,base_step
4111,0,,False,0.05,1,0.2366187572479248,0.1366187572479248,base_step
4112,0,,False,0.05,1,0.6380305290222168,0.5380305290222168,base_step
4113,0,,False,0.05,1,0.870064377784729,0.770064377784729,base_step
4114,0,,False,0.05,1,0.8829861879348755,0.7829861879348755,base_step
4115,5,spatial_control_E,False,0.05,10,-0.8209517449140549,-0.7005787703141827,subgoal_reached
4125,0,,False,0.05,1,-1.116025447845459,-1.216025447845459,base_step
4126,0,,False,0.05,1,-0.9098992943763733,-1.0098992943763734,base_step
4127,0,,False,0.05,1,-0.5246586799621582,-0.6246586799621582,base_step
4128,0,,False,0.05,1,-0.052225928753614426,-0.15222592875361443,base_step
4129,3,spatial_control_C,False,0.05,12,-2.012875225394964,-1.924009405428118,subgoal_reached
4141,5,spatial_control_E,False,0.05,6,0.709377184510231,0.55522343740332,subgoal_reached
4147,0,,True,0.05,1,0.5473325252532959,0.4473325252532959,base_step
4148,0,,False,0.05,1,0.2997809052467346,0.1997809052467346,base_step
4149,0,,False,0.05,1,0.4539288282394409,0.35392882823944094,base_step
4150,5,spatial_control_E,False,0.05,11,-0.029954254627227783,-0.0028746914196706996,subgoal_reached
4161,0,,False,0.05,1,-0.730144202709198,-0.830144202709198,base_step
4162,0,,False,0.05,1,-0.5312519073486328,-0.6312519073486328,base_step
4163,0,,False,0.05,1,-0.00045774132013320923,-0.10045774132013321,base_step
4164,0,,False,0.05,1,0.4430813789367676,0.3430813789367676,base_step
4165,0,,False,0.05,1,0.610700786113739,0.510700786113739,base_step
4166,1,spatial_control_A,True,0.05,12,-9.234383687376976,-8.488117654929082,subgoal_reached
4178,5,spatial_control_E,False,0.05,10,6.160884618759155,5.508482245212296,subgoal_reached
4188,0,,False,0.05,1,1.0485026836395264,0.9485026836395264,base_step
4189,0,,False,0.05,1,0.7608668208122253,0.6608668208122254,base_step
4190,0,,False,0.05,1,0.5969693660736084,0.4969693660736084,base_step
4191,5,spatial_control_E,False,0.05,7,-1.8004277870059013,-1.8111199763577972,subgoal_reached
4198,0,,False,0.05,1,-0.511329174041748,-0.611329174041748,base_step
4199,4,spatial_control_D,True,0.05,11,-7.694199778139591,-7.262588654281781,subgoal_reached
4210,5,spatial_control_E,False,0.05,11,5.006400316953659,4.402656204588369,subgoal_reached
4221,0,,False,0.05,1,1.0399961471557617,0.9399961471557617,base_step
4222,0,,False,0.05,1,0.7442612648010254,0.6442612648010254,base_step
4223,0,,False,0.05,1,0.5539150238037109,0.45391502380371096,base_step
4224,5,spatial_control_E,False,0.05,10,-2.3776299469172955,-2.3069054161996903,subgoal_reached
4234,0,,False,0.05,1,0.08016212284564972,-0.019837877154350286,base_step
4235,0,,False,0.05,1,0.06292721629142761,-0.03707278370857239,base_step
4236,0,,False,0.05,1,0.24301670491695404,0.14301670491695403,base_step
4237,5,spatial_control_E,False,0.05,12,0.2504849135875702,0.2985825116668316,subgoal_reached
4249,0,,False,0.05,1,-0.9117910861968994,-1.0117910861968995,base_step
4250,0,,False,0.05,1,-0.6388276219367981,-0.7388276219367981,base_step
4251,2,spatial_control_B,True,0.05,12,-1.7243155539035797,-1.8605995295626034,subgoal_reached
4263,5,spatial_control_E,False,0.05,8,0.9166340082883835,0.8512524294052555,subgoal_reached
4271,0,,False,0.05,1,-0.4432002902030945,-0.5432002902030945,base_step
4272,0,,False,0.05,1,-0.24590085446834564,-0.3459008544683456,base_step
4273,0,,False,0.05,1,0.19036266207695007,0.09036266207695007,base_step
4274,0,,False,0.05,1,0.6971445679664612,0.5971445679664612,base_step
4275,0,,False,0.05,1,1.1097373962402344,1.0097373962402343,base_step
4276,0,,False,0.05,1,1.0715535879135132,0.9715535879135132,base_step
4277,5,spatial_control_E,False,0.05,10,-1.4687478840351105,-1.3372936329656775,subgoal_reached
4287,0,,False,0.05,1,-1.1340007781982422,-1.2340007781982423,base_step
4288,0,,False,0.05,1,-0.9171698689460754,-1.0171698689460755,base_step
4289,3,spatial_control_C,False,0.05,5,-1.110814180225134,-1.1933854357237115,subgoal_reached
4294,5,spatial_control_E,False,0.05,8,0.28777600824832916,0.043411877791336234,subgoal_reached
4302,0,,False,0.05,1,0.10741958767175674,0.007419587671756739,base_step
4303,0,,False,0.05,1,-0.3359231650829315,-0.4359231650829315,base_step
4304,0,,False,0.05,1,-0.014078579843044281,-0.11407857984304429,base_step
4305,5,spatial_control_E,False,0.05,11,1.8135501742362976,1.6835209626863272,subgoal_reached
4316,4,spatial_control_D,True,0.05,13,-11.975496754050255,-11.511007169101108,subgoal_reached
4329,5,spatial_control_E,False,0.05,8,7.337340593338013,6.954836248164267,subgoal_reached
4337,0,,False,0.05,1,1.0844162702560425,0.9844162702560425,base_step
4338,0,,False,0.05,1,0.8977677226066589,0.797767722606659,base_step
4339,0,,False,0.05,1,0.757351279258728,0.657351279258728,base_step
4340,5,spatial_control_E,False,0.05,7,-0.8863033652305603,-0.8945459224944717,subgoal_reached
4347,0,,False,0.05,1,-0.8765808343887329,-0.9765808343887329,base_step
4348,0,,False,0.05,1,-0.7151517271995544,-0.8151517271995544,base_step
4349,0,,False,0.05,1,-0.3502824306488037,-0.4502824306488037,base_step
4350,0,,False,0.05,1,0.10019329190254211,0.0001932919025421087,base_step
4351,0,,False,0.05,1,0.5615667104721069,0.46156671047210696,base_step
4352,3,spatial_control_C,True,0.05,13,-3.35592283308506,-3.0021968263009797,subgoal_reached
4365,5,spatial_control_E,False,0.05,6,0.7480525299906731,0.5765024553200528,subgoal_reached
4371,0,,False,0.05,1,0.6064215898513794,0.5064215898513794,base_step
4372,0,,False,0.05,1,0.3574238121509552,0.2574238121509552,base_step
4373,0,,False,0.05,1,0.5273709893226624,0.4273709893226624,base_step
4374,5,spatial_control_E,False,0.05,11,0.07677638530731201,0.12182537344945107,subgoal_reached
4385,0,,False,0.05,1,-0.6471604704856873,-0.7471604704856872,base_step
4386,0,,False,0.05,1,-0.4452468752861023,-0.5452468752861023,base_step
4387,0,,False,0.05,1,0.06271594762802124,-0.037284052371978765,base_step
4388,0,,False,0.05,1,0.4817195236682892,0.3817195236682892,base_step
4389,0,,False,0.05,1,0.6213541626930237,0.5213541626930237,base_step
4390,0,,False,0.05,1,0.454551637172699,0.354551637172699,base_step
4391,5,spatial_control_E,False,0.05,8,-0.5877456963062286,-0.582213841977371,subgoal_reached
4399,0,,False,0.05,1,-0.8135905265808105,-0.9135905265808105,base_step
4400,0,,False,0.05,1,-0.7530776858329773,-0.8530776858329773,base_step
4401,2,spatial_control_B,False,0.05,6,-0.6765872910618782,-0.7672666725195149,subgoal_reached
4407,5,spatial_control_E,False,0.05,12,0.5521771386265755,0.42956325230366665,subgoal_reached
4419,0,,False,0.05,1,-1.2708168029785156,-1.3708168029785157,base_step
4420,0,,False,0.05,1,-0.9894287586212158,-1.089428758621216,base_step
4421,3,spatial_control_C,False,0.05,5,-0.9235711544752121,-1.0130428284262607,subgoal_reached
4426,5,spatial_control_E,False,0.05,9,1.7318766303360462,1.4325729143233887,subgoal_reached
4435,0,,False,0.05,1,-0.6176270246505737,-0.7176270246505737,base_step
4436,0,,False,0.05,1,-0.568953812122345,-0.668953812122345,base_step
4437,5,spatial_control_E,False,0.05,2,0.5617794506251812,0.45648442313075066,subgoal_reached
4439,0,,False,0.05,1,0.5513707399368286,0.45137073993682864,base_step
4440,0,,False,0.05,1,-0.19935762882232666,-0.29935762882232664,base_step
4441,5,spatial_control_E,False,0.05,11,-1.6844409853219986,-1.633686027708988,subgoal_reached
4452,0,,False,0.05,1,-0.29488426446914673,-0.3948842644691467,base_step
4453,0,,False,0.05,1,-0.37210163474082947,-0.47210163474082945,base_step
4454,5,spatial_control_E,False,0.05,4,0.8661579117178917,0.7363049208011627,subgoal_reached
4458,0,,False,0.05,1,0.5695072412490845,0.4695072412490845,base_step
4459,0,,False,0.05,1,0.10872521996498108,0.008725219964981074,base_step
4460,0,,False,0.05,1,-0.09093920886516571,-0.19093920886516572,base_step
4461,5,spatial_control_E,False,0.05,12,-0.0540211945772171,-0.060364441829783955,subgoal_reached
4473,0,,False,0.05,1,-0.6098058223724365,-0.7098058223724365,base_step
4474,0,,False,0.05,1,-0.573085367679596,-0.6730853676795959,base_step
4475,5,spatial_control_E,False,0.05,2,0.366826131939888,0.2622604429721832,subgoal_reached
4477,0,,False,0.05,1,0.7178022265434265,0.6178022265434265,base_step
4478,0,,False,0.05,1,0.08781971037387848,-0.012180289626121527,base_step
4479,5,spatial_control_E,False,0.05,7,-0.1495966911315918,-0.27223262171420237,subgoal_reached
4486,0,,False,0.05,1,-1.0405830144882202,-1.1405830144882203,base_step
4487,5,spatial_control_E,False,0.05,3,-1.207039937376976,-1.3052563393667342,subgoal_reached
4490,0,,False,0.05,1,0.2402939796447754,0.14029397964477539,base_step
4491,0,,False,0.05,1,-0.029250871390104294,-0.1292508713901043,base_step
4492,5,spatial_control_E,False,0.05,10,0.31326156482100487,0.2661949627151039,subgoal_reached
4502,0,,False,0.05,1,-0.3103528916835785,-0.41035289168357847,base_step
4503,0,,False,0.05,1,-0.7607396841049194,-0.8607396841049194,base_step
4504,3,spatial_control_C,True,0.05,1,-0.9636877775192261,-1.0636877775192262,subgoal_reached
4505,5,spatial_control_E,False,0.05,7,1.5043198987841606,1.2840492764637215,subgoal_reached
4512,0,,False,0.05,1,-0.16654610633850098,-0.26654610633850095,base_step
4513,0,,False,0.05,1,-0.4559238851070404,-0.5559238851070404,base_step
4514,5,spatial_control_E,False,0.05,3,1.3205440565943718,1.198867087739706,subgoal_reached
4517,0,,False,0.05,1,0.25781598687171936,0.15781598687171935,base_step
4518,5,spatial_control_E,False,0.05,7,-0.7226957231760025,-0.87336279493429,subgoal_reached
4525,0,,False,0.05,1,-0.6463333964347839,-0.7463333964347839,base_step
4526,0,,False,0.05,1,-0.9203502535820007,-1.0203502535820008,base_step
4527,5,spatial_control_E,False,0.05,3,0.3004891723394394,0.18701045774221423,subgoal_reached
4530,0,,False,0.05,1,0.21893130242824554,0.11893130242824554,base_step
4531,0,,False,0.05,1,-0.6800946593284607,-0.7800946593284607,base_step
4532,5,spatial_control_E,False,0.05,11,-1.349820576608181,-1.3183599797356562,subgoal_reached
4543,0,,False,0.05,1,-0.30804207921028137,-0.40804207921028135,base_step
4544,0,,False,0.05,1,-0.25724074244499207,-0.35724074244499204,base_step
4545,0,,False,0.05,1,-0.14135593175888062,-0.24135593175888062,base_step
4546,5,spatial_control_E,False,0.05,3,1.4279135167598724,1.3079917360901832,subgoal_reached
4549,0,,False,0.05,1,0.579020619392395,0.47902061939239504,base_step
4550,0,,False,0.05,1,0.23647575080394745,0.13647575080394744,base_step
4551,0,,False,0.05,1,0.1348157823085785,0.034815782308578486,base_step
4552,5,spatial_control_E,False,0.05,10,-0.9889018684625626,-0.9680274790711056,subgoal_reached
4562,0,,False,0.05,1,-0.3108721077442169,-0.4108721077442169,base_step
4563,0,,False,0.05,1,-0.4003140330314636,-0.5003140330314636,base_step
4564,0,,False,0.05,1,-0.09327322244644165,-0.19327322244644166,base_step
4565,4,spatial_control_D,True,0.05,14,-7.752783447504044,-6.945253959273002,subgoal_reached
4579,5,spatial_control_E,False,0.05,12,4.815586671233177,4.126284623068591,subgoal_reached
4591,1,spatial_control_A,True,0.05,11,-7.034747689962387,-6.526771422307242,subgoal_reached
4602,5,spatial_control_E,False,0.05,9,5.031254142522812,4.554223759095138,subgoal_reached
4611,0,,False,0.05,1,1.0116238594055176,0.9116238594055176,base_step
4612,0,,False,0.05,1,0.6720046997070312,0.5720046997070313,base_step
4613,0,,False,0.05,1,0.7579877376556396,0.6579877376556397,base_step
4614,5,spatial_control_E,False,0.05,9,-0.6823606640100479,-0.669506844101722,subgoal_reached
4623,0,,False,0.05,1,-0.7031135559082031,-0.8031135559082031,base_step
4624,0,,False,0.05,1,-0.5870074033737183,-0.6870074033737182,base_step
4625,0,,False,0.05,1,-0.1475343406200409,-0.2475343406200409,base_step
4626,0,,False,0.05,1,0.34704846143722534,0.24704846143722534,base_step
4627,0,,False,0.05,1,0.6773701310157776,0.5773701310157776,base_step
4628,0,,False,0.05,1,0.7563124895095825,0.6563124895095825,base_step
4629,5,spatial_control_E,False,0.05,10,-1.0848220251500607,-0.9537011173046529,subgoal_reached
4639,0,,False,0.05,1,-0.8973333239555359,-0.9973333239555359,base_step
4640,0,,False,0.05,1,-0.6456743478775024,-0.7456743478775024,base_step
4641,3,spatial_control_C,False,0.05,12,-4.231392048299313,-4.076493795096061,subgoal_reached
4653,5,spatial_control_E,False,0.05,5,3.57718288898468,3.3951368128184587,subgoal_reached
4658,0,,False,0.05,1,0.6264649033546448,0.5264649033546448,base_step
4659,0,,False,0.05,1,0.3191486597061157,0.21914865970611572,base_step
4660,0,,False,0.05,1,0.5037501454353333,0.4037501454353333,base_step
4661,0,,False,0.05,1,0.5851778984069824,0.48517789840698244,base_step
4662,5,spatial_control_E,False,0.05,9,-1.2075567059218884,-1.1671593920055658,subgoal_reached
4671,0,,False,0.05,1,-0.9786519408226013,-1.0786519408226014,base_step
4672,0,,False,0.05,1,-0.6856828927993774,-0.7856828927993774,base_step
4673,0,,False,0.05,1,-0.22086790204048157,-0.32086790204048155,base_step
4674,0,,False,0.05,1,0.2094796895980835,0.10947968959808349,base_step
4675,0,,False,0.05,1,0.5187522768974304,0.41875227689743044,base_step
4676,0,,False,0.05,1,0.7009607553482056,0.6009607553482056,base_step
4677,0,,False,0.05,1,0.8442245125770569,0.7442245125770569,base_step
4678,5,spatial_control_E,False,0.05,13,-2.379790460690856,-2.131923491869929,subgoal_reached
4691,0,,False,0.05,1,-0.030302569270133972,-0.13030256927013398,base_step
4692,0,,False,0.05,1,0.14292453229427338,0.04292453229427337,base_step
4693,0,,False,0.05,1,0.4297005236148834,0.32970052361488345,base_step
4694,0,,False,0.05,1,0.6783557534217834,0.5783557534217835,base_step
4695,5,spatial_control_E,False,0.05,11,-0.12105648964643478,-0.04059800669793803,subgoal_reached
4706,0,,False,0.05,1,-0.9795972108840942,-1.0795972108840943,base_step
4707,0,,False,0.05,1,-0.6965606808662415,-0.7965606808662414,base_step
4708,0,,False,0.05,1,-0.18084754049777985,-0.2808475404977798,base_step
4709,0,,False,0.05,1,0.30978792905807495,0.20978792905807495,base_step
4710,0,,False,0.05,1,0.6334437131881714,0.5334437131881714,base_step
4711,0,,False,0.05,1,0.6896559000015259,0.5896559000015259,base_step
4712,5,spatial_control_E,False,0.05,11,25.990996748209,24.608287797110833,subgoal_reached
4723,0,,True,0.05,1,0.47600528597831726,0.3760052859783173,base_step
4724,0,,False,0.05,1,0.14164581894874573,0.04164581894874572,base_step
4725,0,,False,0.05,1,0.08973166346549988,-0.010268336534500128,base_step
4726,0,,False,0.05,1,0.32339972257614136,0.22339972257614135,base_step
4727,4,spatial_control_D,True,0.05,5,4.812944054603577,4.606607286201756,subgoal_reached
4732,5,spatial_control_E,False,0.05,13,-7.681590557098389,-6.948715381729916,subgoal_reached
4745,0,,False,0.05,1,-1.160482406616211,-1.260482406616211,base_step
4746,5,spatial_control_E,False,0.05,6,-0.395584836602211,-0.5347267683162408,subgoal_reached
4752,0,,False,0.05,1,0.31091228127479553,0.21091228127479553,base_step
4753,0,,False,0.05,1,0.12150868773460388,0.021508687734603876,base_step
4754,0,,False,0.05,1,0.2587876319885254,0.15878763198852539,base_step
4755,0,,False,0.05,1,0.5158766508102417,0.4158766508102417,base_step
4756,0,,False,0.05,1,0.831272304058075,0.731272304058075,base_step
4757,0,,False,0.05,1,1.0862935781478882,0.9862935781478882,base_step
4758,4,spatial_control_D,True,0.05,3,3.762726664543152,3.6258234697103497,subgoal_reached
4761,5,spatial_control_E,False,0.05,12,-6.779812425374985,-6.158763440790629,subgoal_reached
4773,0,,False,0.05,1,-1.493028998374939,-1.593028998374939,base_step
4774,0,,False,0.05,1,-1.2604424953460693,-1.3604424953460694,base_step
4775,0,,False,0.05,1,-0.8951207995414734,-0.9951207995414734,base_step
4776,5,spatial_control_E,False,0.05,6,0.6298856437206268,0.48741938348092717,subgoal_reached
4782,0,,False,0.05,1,0.0776250809431076,-0.0223749190568924,base_step
4783,0,,False,0.05,1,-0.17045673727989197,-0.27045673727989195,base_step
4784,0,,False,0.05,1,-0.009519010782241821,-0.10951901078224183,base_step
4785,0,,False,0.05,1,0.38740506768226624,0.28740506768226626,base_step
4786,0,,False,0.05,1,0.7583626508712769,0.6583626508712769,base_step
4787,0,,False,0.05,1,1.0219992399215698,0.9219992399215698,base_step
4788,5,spatial_control_E,False,0.05,11,-1.8034290373325348,-1.492852315927625,subgoal_reached
4799,0,,False,0.05,1,-1.176648497581482,-1.276648497581482,base_step
4800,5,spatial_control_E,False,0.05,7,3.8538520857691765,3.580349921728863,subgoal_reached
4807,0,,False,0.05,1,0.45787590742111206,0.3578759074211121,base_step
4808,0,,False,0.05,1,0.28421875834465027,0.18421875834465026,base_step
4809,0,,False,0.05,1,0.6585920453071594,0.5585920453071594,base_step
4810,0,,False,0.05,1,0.8082735538482666,0.7082735538482666,base_step
4811,0,,False,0.05,1,0.7665536403656006,0.6665536403656006,base_step
4812,0,,False,0.05,1,0.3393557071685791,0.2393557071685791,base_step
4813,0,,False,0.05,1,0.022530311718583107,-0.0774696882814169,base_step
4814,0,,False,0.05,1,0.17676939070224762,0.07676939070224761,base_step
4815,0,,False,0.05,1,0.32605046033859253,0.22605046033859252,base_step
4816,0,,False,0.05,1,0.5082738995552063,0.4082738995552063,base_step
4817,0,,False,0.05,1,0.4666188061237335,0.36661880612373354,base_step
4818,0,,False,0.05,1,0.041501931846141815,-0.05849806815385819,base_step
4819,0,,False,0.05,1,-0.14492325484752655,-0.24492325484752656,base_step
4820,0,,False,0.05,1,-0.07967706769704819,-0.1796770676970482,base_step
4821,0,,False,0.05,1,-0.20053991675376892,-0.3005399167537689,base_step
4822,0,,False,0.05,1,-0.33551496267318726,-0.43551496267318723,base_step
4823,0,,False,0.05,1,-0.2857031524181366,-0.3857031524181366,base_step
4824,0,,False,0.05,1,-0.12217909097671509,-0.2221790909767151,base_step
4825,0,,False,0.05,1,0.10682959109544754,0.006829591095447535,base_step
4826,0,,False,0.05,1,0.3221908211708069,0.22219082117080688,base_step
4827,0,,False,0.05,1,0.3075186312198639,0.20751863121986389,base_step
4828,0,,False,0.05,1,0.22143928706645966,0.12143928706645965,base_step
4829,0,,False,0.05,1,0.06428223103284836,-0.03571776896715165,base_step
4830,2,spatial_control_B,True,0.05,5,19.888044133782387,19.79177823811818,subgoal_reached
4835,5,spatial_control_E,False,0.05,11,0.7539072930812836,0.5335704312202655,subgoal_reached
4846,0,,False,0.05,1,-0.461860716342926,-0.561860716342926,base_step
4847,0,,False,0.05,1,-0.07403792440891266,-0.17403792440891266,base_step
4848,0,,False,0.05,1,0.5314732789993286,0.43147327899932864,base_step
4849,0,,False,0.05,1,1.0548549890518188,0.9548549890518189,base_step
4850,0,,False,0.05,1,1.1902096271514893,1.0902096271514892,base_step
4851,0,,False,0.05,1,1.0127878189086914,0.9127878189086914,base_step
4852,5,spatial_control_E,False,0.05,21,-6.832348272204399,-5.810472342027458,subgoal_reached
4873,0,,False,0.05,1,0.4449547529220581,0.3449547529220581,base_step
4874,0,,False,0.05,1,0.45957881212234497,0.359578812122345,base_step
4875,0,,False,0.05,1,0.7366693019866943,0.6366693019866944,base_step
4876,0,,False,0.05,1,1.0539722442626953,0.9539722442626953,base_step
4877,0,,False,0.05,1,1.3164756298065186,1.2164756298065185,base_step
4878,0,,False,0.05,1,1.4356286525726318,1.3356286525726317,base_step
4879,5,spatial_control_E,False,0.05,14,-4.093796998262405,-3.3491709469694935,subgoal_reached
4893,0,,False,0.05,1,-1.4163963794708252,-1.5163963794708253,base_step
4894,0,,False,0.05,1,-1.287210464477539,-1.3872104644775392,base_step
4895,0,,False,0.05,1,-0.917375922203064,-1.017375922203064,base_step
4896,0,,False,0.05,1,-0.46279376745224,-0.56279376745224,base_step
4897,0,,False,0.05,1,0.012775450944900513,-0.08722454905509949,base_step
4898,0,,False,0.05,1,0.4485199451446533,0.34851994514465334,base_step
4899,0,,False,0.05,1,0.8079397678375244,0.7079397678375244,base_step
4900,0,,False,0.05,1,1.0654070377349854,0.9654070377349854,base_step
4901,0,,False,0.05,1,1.2259321212768555,1.1259321212768554,base_step
4902,5,spatial_control_E,False,0.05,15,-4.203433096408844,-3.3522823178578682,subgoal_reached
4917,0,,False,0.05,1,-1.0653256177902222,-1.1653256177902223,base_step
4918,0,,False,0.05,1,-0.7615960240364075,-0.8615960240364074,base_step
4919,0,,False,0.05,1,-0.29121270775794983,-0.3912127077579498,base_step
4920,0,,False,0.05,1,0.2373291552066803,0.1373291552066803,base_step
4921,0,,False,0.05,1,0.7452487945556641,0.6452487945556641,base_step
4922,0,,False,0.05,1,1.1352479457855225,1.0352479457855224,base_step
4923,0,,False,0.05,1,1.3961046934127808,1.2961046934127807,base_step
4924,5,spatial_control_E,False,0.05,20,-5.510686993598938,-4.450335625434965,subgoal_reached
4944,0,,False,0.05,1,0.6748844385147095,0.5748844385147095,base_step
4945,0,,False,0.05,1,0.7485153675079346,0.6485153675079346,base_step
4946,0,,False,0.05,1,0.8823175430297852,0.7823175430297852,base_step
4947,0,,False,0.05,1,1.017961025238037,0.9179610252380371,base_step
4948,0,,False,0.05,1,1.1628859043121338,1.0628859043121337,base_step
4949,0,,False,0.05,1,1.3102049827575684,1.2102049827575683,base_step
4950,5,spatial_control_E,False,0.05,15,-5.30560065060854,-4.350475088903697,subgoal_reached
4965,0,,False,0.05,1,-1.3775628805160522,-1.4775628805160523,base_step
4966,0,,False,0.05,1,-1.0144987106323242,-1.1144987106323243,base_step
4967,0,,False,0.05,1,-0.630501925945282,-0.730501925945282,base_step
4968,0,,False,0.05,1,-0.2645852267742157,-0.3645852267742157,base_step
4969,0,,False,0.05,1,0.053653016686439514,-0.04634698331356049,base_step
4970,0,,False,0.05,1,0.3380246162414551,0.23802461624145507,base_step
4971,0,,False,0.05,1,0.6075776815414429,0.5075776815414429,base_step
4972,0,,False,0.05,1,0.888716459274292,0.788716459274292,base_step
4973,5,spatial_control_E,False,0.05,20,-4.251453012228012,-3.4651944866187425,subgoal_reached
4993,0,,False,0.05,1,0.8232855796813965,0.7232855796813965,base_step
4994,0,,False,0.05,1,0.8773605227470398,0.7773605227470398,base_step
4995,0,,False,0.05,1,0.9469959139823914,0.8469959139823914,base_step
4996,0,,False,0.05,1,0.9863800406455994,0.8863800406455994,base_step
4997,5,spatial_control_E,False,0.05,11,-2.2647163420915604,-1.957932039251534,subgoal_reached
5008,0,,False,0.05,1,-0.9406733512878418,-1.0406733512878419,base_step
5009,0,,False,0.05,1,-0.930574893951416,-1.030574893951416,base_step
5010,0,,False,0.05,1,-0.8454474806785583,-0.9454474806785583,base_step
5011,0,,False,0.05,1,-0.624338686466217,-0.724338686466217,base_step
5012,0,,False,0.05,1,-0.3108059763908386,-0.4108059763908386,base_step
5013,0,,False,0.05,1,0.05920654535293579,-0.040793454647064215,base_step
5014,0,,False,0.05,1,0.4542979598045349,0.35429795980453493,base_step
5015,0,,False,0.05,1,0.8385627269744873,0.7385627269744873,base_step
5016,0,,False,0.05,1,1.1878080368041992,1.0878080368041991,base_step
5017,0,,False,0.05,1,1.489653468132019,1.389653468132019,base_step
5018,5,spatial_control_E,False,0.05,15,-3.8024841845035553,-2.892371071449325,subgoal_reached
5033,0,,False,0.05,1,-1.4417498111724854,-1.5417498111724854,base_step
5034,0,,False,0.05,1,-1.0828609466552734,-1.1828609466552735,base_step
5035,0,,False,0.05,1,-0.6420177221298218,-0.7420177221298218,base_step
5036,0,,False,0.05,1,-0.20780688524246216,-0.30780688524246214,base_step
5037,0,,False,0.05,1,0.1817532777786255,0.08175327777862548,base_step
5038,0,,False,0.05,1,0.49325239658355713,0.39325239658355715,base_step
5039,1,spatial_control_A,True,0.05,6,3.774383343756199,3.608447185432164,subgoal_reached
5045,5,spatial_control_E,False,0.05,10,-4.5710320845246315,-4.451594162023185,subgoal_reached
5055,0,,False,0.05,1,-1.1319751739501953,-1.2319751739501954,base_step
5056,0,,False,0.05,1,-0.6362030506134033,-0.7362030506134033,base_step
5057,0,,False,0.05,1,-0.06085754930973053,-0.16085754930973054,base_step
5058,0,,False,0.05,1,0.45558106899261475,0.35558106899261477,base_step
5059,0,,False,0.05,1,0.811677098274231,0.711677098274231,base_step
5060,0,,False,0.05,1,0.9996671676635742,0.8996671676635742,base_step
5061,0,,False,0.05,1,1.0418161153793335,0.9418161153793335,base_step
5062,5,spatial_control_E,False,0.05,20,-5.453268587589264,-4.500746472868223,subgoal_reached
5082,0,,False,0.05,1,0.7250053882598877,0.6250053882598877,base_step
5083,0,,False,0.05,1,0.5838360786437988,0.48383607864379885,base_step
5084,0,,False,0.05,1,0.6125582456588745,0.5125582456588745,base_step
5085,5,spatial_control_E,False,0.05,9,-1.624144971370697,-1.4965132607076577,subgoal_reached
5094,0,,False,0.05,1,-0.7528352737426758,-0.8528352737426758,base_step
5095,0,,False,0.05,1,-0.6289613842964172,-0.7289613842964172,base_step
5096,0,,False,0.05,1,-0.6335266828536987,-0.7335266828536987,base_step
5097,0,,False,0.05,1,-0.511806070804596,-0.6118060708045959,base_step
5098,0,,False,0.05,1,-0.28656479716300964,-0.3865647971630096,base_step
5099,0,,False,0.05,1,0.029206976294517517,-0.07079302370548249,base_step
5100,0,,False,0.05,1,0.40604203939437866,0.3060420393943787,base_step
5101,0,,False,0.05,1,0.7927728891372681,0.6927728891372681,base_step
5102,0,,False,0.05,1,1.1553179025650024,1.0553179025650024,base_step
5103,0,,False,0.05,1,1.467270851135254,1.3672708511352538,base_step
5104,5,spatial_control_E,False,0.05,15,-3.705440804362297,-2.7984370334058237,subgoal_reached
5119,0,,False,0.05,1,-1.4144067764282227,-1.5144067764282227,base_step
5120,0,,False,0.05,1,-1.0592222213745117,-1.1592222213745118,base_step
5121,2,spatial_control_B,True,0.05,5,-0.8307373374700546,-0.9266009471564761,subgoal_reached
5126,5,spatial_control_E,False,0.05,9,-0.7886759042739868,-0.9031343033778405,subgoal_reached
5135,0,,False,0.05,1,-0.21069282293319702,-0.310692822933197,base_step
5136,0,,False,0.05,1,0.06146326661109924,-0.03853673338890076,base_step
5137,0,,False,0.05,1,0.6558094620704651,0.5558094620704651,base_step
5138,4,spatial_control_D,True,0.05,9,7.960847079753876,7.6425055643006035,subgoal_reached
5147,5,spatial_control_E,False,0.05,8,-8.068756029009819,-7.808729305478349,subgoal_reached
5155,0,,False,0.05,1,-1.2312357425689697,-1.3312357425689698,base_step
5156,0,,False,0.05,1,-1.0155539512634277,-1.1155539512634278,base_step
5157,0,,False,0.05,1,-0.7643600702285767,-0.8643600702285766,base_step
5158,0,,False,0.05,1,-0.4688952565193176,-0.5688952565193176,base_step
5159,0,,False,0.05,1,-0.15524990856647491,-0.2552499085664749,base_step
5160,0,,True,0.05,1,0.1791088730096817,0.0791088730096817,base_step
5161,0,,False,0.05,1,0.5311042666435242,0.4311042666435242,base_step
5162,0,,False,0.05,1,0.8686421513557434,0.7686421513557434,base_step
5163,0,,False,0.05,1,1.2126463651657104,1.1126463651657104,base_step
5164,5,spatial_control_E,False,0.05,14,-2.4986099526286125,-1.8131266254711549,subgoal_reached
5178,0,,False,0.05,1,-1.234423279762268,-1.3344232797622682,base_step
5179,0,,False,0.05,1,-1.0101509094238281,-1.1101509094238282,base_step
5180,0,,False,0.05,1,-0.5947295427322388,-0.6947295427322387,base_step
5181,0,,False,0.05,1,-0.10361766815185547,-0.20361766815185547,base_step
5182,0,,False,0.05,1,0.38625776767730713,0.28625776767730715,base_step
5183,0,,False,0.05,1,0.7901365756988525,0.6901365756988526,base_step
5184,0,,False,0.05,1,1.0829232931137085,0.9829232931137085,base_step
5185,0,,False,0.05,1,1.246912956237793,1.1469129562377929,base_step
5186,5,spatial_control_E,False,0.05,20,-5.169548913836479,-4.193193501560128,subgoal_reached
5206,0,,False,0.05,1,0.7595536112785339,0.659553611278534,base_step
5207,0,,False,0.05,1,0.6191748380661011,0.5191748380661011,base_step
5208,0,,False,0.05,1,0.6337093114852905,0.5337093114852905,base_step
5209,2,spatial_control_B,True,0.05,13,-6.628158450126648,-5.991413517221669,subgoal_reached
5222,0,,False,0.05,1,-1.1318439245224,-1.2318439245224,base_step
5223,0,,False,0.05,1,-1.0665699243545532,-1.1665699243545533,base_step
5224,0,,False,0.05,1,-0.9702450037002563,-1.0702450037002564,base_step
5225,0,,False,0.05,1,-0.7999407052993774,-0.8999407052993774,base_step
5226,5,spatial_control_E,False,0.05,11,3.8674821853637695,3.6094320999115417,subgoal_reached
5237,0,,False,0.05,1,-0.5963528752326965,-0.6963528752326965,base_step
5238,0,,False,0.05,1,-0.08997488021850586,-0.18997488021850586,base_step
5239,0,,False,0.05,1,0.3924046754837036,0.29240467548370364,base_step
5240,0,,False,0.05,1,0.6980142593383789,0.5980142593383789,base_step
5241,0,,False,0.05,1,0.7490726709365845,0.6490726709365845,base_step
5242,0,,False,0.05,1,0.6483414173126221,0.5483414173126221,base_step
5243,5,spatial_control_E,False,0.05,12,-1.1135239005088806,-0.7966859191318864,subgoal_reached
5255,0,,False,0.05,1,-1.3282434940338135,-1.4282434940338136,base_step
5256,0,,False,0.05,1,-1.1338424682617188,-1.2338424682617188,base_step
5257,0,,False,0.05,1,-0.8998143076896667,-0.9998143076896667,base_step
5258,0,,False,0.05,1,-0.6136364340782166,-0.7136364340782165,base_step
5259,0,,False,0.05,1,-0.2909802496433258,-0.3909802496433258,base_step
5260,0,,False,0.05,1,0.05566389858722687,-0.04433610141277314,base_step
5261,0,,False,0.05,1,0.42114511132240295,0.321145111322403,base_step
5262,0,,False,0.05,1,0.7711342573165894,0.6711342573165894,base_step
5263,0,,False,0.05,1,1.1111103296279907,1.0111103296279906,base_step
5264,0,,False,0.05,1,1.4199905395507812,1.3199905395507812,base_step
5265,5,spatial_control_E,False,0.05,14,-2.1112314462661743,-1.4092335555204722,subgoal_reached
5279,0,,False,0.05,1,-1.5561379194259644,-1.6561379194259644,base_step
5280,0,,False,0.05,1,-1.3595362901687622,-1.4595362901687623,base_step
5281,0,,False,0.05,1,-0.9421748518943787,-1.0421748518943788,base_step
5282,0,,False,0.05,1,-0.44236689805984497,-0.542366898059845,base_step
5283,0,,False,0.05,1,0.06573459506034851,-0.034265404939651495,base_step
5284,0,,False,0.05,1,0.5204787850379944,0.4204787850379944,base_step
5285,0,,False,0.05,1,0.8816993236541748,0.7816993236541748,base_step
5286,0,,False,0.05,1,1.132043719291687,1.032043719291687,base_step
5287,5,spatial_control_E,False,0.05,12,-0.7976071834564209,-0.4406789877546252,subgoal_reached
5299,0,,False,0.05,1,-1.1342238187789917,-1.2342238187789918,base_step
5300,0,,False,0.05,1,-1.0400309562683105,-1.1400309562683106,base_step
5301,0,,False,0.05,1,-0.8526756763458252,-0.9526756763458252,base_step
5302,0,,False,0.05,1,-0.5754808783531189,-0.6754808783531189,base_step
5303,0,,False,0.05,1,-0.24273647367954254,-0.3427364736795425,base_step
5304,0,,False,0.05,1,0.12623900175094604,0.02623900175094604,base_step
5305,0,,False,0.05,1,0.5125626921653748,0.4125626921653748,base_step
5306,0,,False,0.05,1,0.8694949150085449,0.7694949150085449,base_step
5307,0,,False,0.05,1,1.2034103870391846,1.1034103870391845,base_step
5308,0,,False,0.05,1,1.4828349351882935,1.3828349351882934,base_step
5309,5,spatial_control_E,False,0.05,14,-2.251730866730213,-1.5512194407494937,subgoal_reached
5323,0,,False,0.05,1,-1.6083424091339111,-1.7083424091339112,base_step
5324,0,,False,0.05,1,-1.3911725282669067,-1.4911725282669068,base_step
5325,0,,False,0.05,1,-0.9893271923065186,-1.0893271923065186,base_step
5326,0,,False,0.05,1,-0.5198851823806763,-0.6198851823806762,base_step
5327,0,,False,0.05,1,-0.05748215317726135,-0.15748215317726136,base_step
5328,0,,False,0.05,1,0.34298276901245117,0.24298276901245117,base_step
5329,0,,False,0.05,1,0.6771798729896545,0.5771798729896546,base_step
5330,0,,False,0.05,1,0.9322970509529114,0.8322970509529114,base_step
5331,0,,False,0.05,1,1.1246874332427979,1.0246874332427978,base_step
5332,5,spatial_control_E,False,0.05,20,-4.749972924590111,-3.837379325496329,subgoal_reached
5352,0,,False,0.05,1,0.8679201006889343,0.7679201006889343,base_step
5353,0,,False,0.05,1,0.6928095817565918,0.5928095817565918,base_step
5354,0,,False,0.05,1,0.6097070574760437,0.5097070574760437,base_step
5355,5,spatial_control_E,False,0.05,11,-3.3313965797424316,-3.0494195186090742,subgoal_reached
5366,0,,False,0.05,1,-0.14745645225048065,-0.24745645225048066,base_step
5367,0,,False,0.05,1,-0.2624426782131195,-0.3624426782131195,base_step
5368,0,,False,0.05,1,-0.38172465562820435,-0.4817246556282043,base_step
5369,0,,False,0.05,1,-0.3193451166152954,-0.4193451166152954,base_step
5370,5,spatial_control_E,False,0.05,7,1.8460194692015648,1.7153148657634198,subgoal_reached
5377,0,,False,0.05,1,-1.2098512649536133,-1.3098512649536134,base_step
5378,0,,False,0.05,1,-1.1716558933258057,-1.2716558933258058,base_step
5379,0,,False,0.05,1,-0.6410351991653442,-0.7410351991653442,base_step
5380,0,,False,0.05,1,-0.06619356572628021,-0.16619356572628022,base_step
5381,0,,False,0.05,1,0.3676416277885437,0.2676416277885437,base_step
5382,0,,False,0.05,1,0.609740138053894,0.5097401380538941,base_step
5383,0,,False,0.05,1,0.7881585955619812,0.6881585955619812,base_step
5384,0,,False,0.05,1,0.9013258814811707,0.8013258814811707,base_step
5385,5,spatial_control_E,False,0.05,20,-6.233379945158958,-5.347317869933979,subgoal_reached
5405,0,,False,0.05,1,0.540395975112915,0.44039597511291506,base_step
5406,0,,False,0.05,1,0.7502638101577759,0.6502638101577759,base_step
5407,0,,False,0.05,1,1.0066734552383423,0.9066734552383423,base_step
5408,0,,False,0.05,1,1.195146918296814,1.0951469182968139,base_step
5409,0,,False,0.05,1,1.2817431688308716,1.1817431688308715,base_step
5410,5,spatial_control_E,False,0.05,19,-7.423245429992676,-6.32638594888677,subgoal_reached
5429,3,spatial_control_C,True,0.05,5,3.641287922859192,3.4595231706513245,subgoal_reached
5434,5,spatial_control_E,False,0.05,10,-4.275870233774185,-4.162979105861992,subgoal_reached
5444,0,,False,0.05,1,-0.7427099943161011,-0.842709994316101,base_step
5445,0,,False,0.05,1,-0.24131155014038086,-0.34131155014038084,base_step
5446,0,,False,0.05,1,0.3815141022205353,0.2815141022205353,base_step
5447,0,,False,0.05,1,0.8842158913612366,0.7842158913612366,base_step
5448,0,,False,0.05,1,1.1320346593856812,1.032034659385681,base_step
5449,0,,False,0.05,1,1.148161768913269,1.048161768913269,base_step
5450,5,spatial_control_E,False,0.05,21,-6.0731423534452915,-5.088670617980139,subgoal_reached
5471,0,,False,0.05,1,0.5213335752487183,0.4213335752487183,base_step
5472,0,,False,0.05,1,0.4323123097419739,0.3323123097419739,base_step
5473,0,,False,0.05,1,0.5051658749580383,0.40516587495803835,base_step
5474,0,,False,0.05,1,0.6792671084403992,0.5792671084403992,base_step
5475,0,,False,0.05,1,0.9025532007217407,0.8025532007217407,base_step
5476,0,,False,0.05,1,1.1438653469085693,1.0438653469085692,base_step
5477,0,,False,0.05,1,1.384568452835083,1.284568452835083,base_step
5478,0,,False,0.05,1,1.5695463418960571,1.469546341896057,base_step
5479,5,spatial_control_E,False,0.05,16,-6.934031307697296,-5.7015771086437175,subgoal_reached
5495,0,,False,0.05,1,-1.4019877910614014,-1.5019877910614015,base_step
5496,0,,False,0.05,1,-0.9168574810028076,-1.0168574810028077,base_step
5497,0,,False,0.05,1,-0.5447578430175781,-0.6447578430175781,base_step
5498,0,,False,0.05,1,-0.18832345306873322,-0.2883234530687332,base_step
5499,0,,False,0.05,1,0.11634376645088196,0.016343766450881952,base_step
5500,0,,False,0.05,1,0.41541314125061035,0.3154131412506104,base_step
5501,0,,False,0.05,1,0.7166691422462463,0.6166691422462464,base_step
5502,0,,False,0.05,1,1.016684889793396,0.916684889793396,base_step
5503,5,spatial_control_E,False,0.05,19,-5.036293119192123,-4.140115143716096,subgoal_reached
5522,0,,False,0.05,1,0.7223795652389526,0.6223795652389527,base_step
5523,0,,False,0.05,1,0.85071861743927,0.75071861743927,base_step
5524,0,,False,0.05,1,0.9909279942512512,0.8909279942512512,base_step
5525,0,,False,0.05,1,1.092415452003479,0.992415452003479,base_step
5526,5,spatial_control_E,False,0.05,11,-1.4542809426784515,-1.1643258828960636,subgoal_reached
5537,0,,False,0.05,1,-1.0776081085205078,-1.177608108520508,base_step
5538,0,,False,0.05,1,-1.1036739349365234,-1.2036739349365235,base_step
5539,0,,False,0.05,1,-0.9901455640792847,-1.0901455640792848,base_step
5540,0,,False,0.05,1,-0.7410160303115845,-0.8410160303115845,base_step
5541,0,,False,0.05,1,-0.4157349467277527,-0.5157349467277527,base_step
5542,0,,False,0.05,1,-0.05025233328342438,-0.15025233328342438,base_step
5543,0,,False,0.05,1,0.330472469329834,0.23047246932983398,base_step
5544,0,,False,0.05,1,0.7084172964096069,0.608417296409607,base_step
5545,0,,False,0.05,1,1.044033408164978,0.944033408164978,base_step
5546,0,,False,0.05,1,1.3517969846725464,1.2517969846725463,base_step
5547,5,spatial_control_E,False,0.05,14,-2.2659486569464207,-1.58280697251347,subgoal_reached
5561,0,,True,0.05,1,-1.4689491987228394,-1.5689491987228394,base_step
5562,0,,False,0.05,1,-1.2545565366744995,-1.3545565366744996,base_step
5563,0,,False,0.05,1,-0.8836210370063782,-0.9836210370063782,base_step
5564,0,,False,0.05,1,-0.4613571763038635,-0.5613571763038635,base_step
5565,0,,False,0.05,1,-0.042027100920677185,-0.1420271009206772,base_step
5566,0,,False,0.05,1,0.32505539059638977,0.22505539059638976,base_step
5567,0,,False,0.05,1,0.6253454685211182,0.5253454685211182,base_step
5568,0,,False,0.05,1,0.8398013114929199,0.7398013114929199,base_step
5569,5,spatial_control_E,False,0.05,11,-0.09980139136314392,0.14138020622701206,subgoal_reached
5580,0,,False,0.05,1,-1.0501832962036133,-1.1501832962036134,base_step
5581,0,,False,0.05,1,-0.9592119455337524,-1.0592119455337525,base_step
5582,0,,False,0.05,1,-0.8658062219619751,-0.9658062219619751,base_step
5583,0,,False,0.05,1,-0.6568752527236938,-0.7568752527236938,base_step
5584,0,,False,0.05,1,-0.35601115226745605,-0.45601115226745603,base_step
5585,5,spatial_control_E,False,0.05,6,1.9943066835403442,1.851038888016405,subgoal_reached
5591,0,,False,0.05,1,-0.7837188243865967,-0.8837188243865967,base_step
5592,0,,False,0.05,1,-1.0773175954818726,-1.1773175954818726,base_step
5593,0,,False,0.05,1,-0.7044841051101685,-0.8044841051101684,base_step
5594,0,,False,0.05,1,-0.13514655828475952,-0.23514655828475953,base_step
5595,0,,False,0.05,1,0.35806700587272644,0.25806700587272646,base_step
5596,0,,False,0.05,1,0.7218364477157593,0.6218364477157593,base_step
5597,0,,False,0.05,1,0.8984899520874023,0.7984899520874024,base_step
5598,0,,False,0.05,1,0.9311345219612122,0.8311345219612122,base_step
5599,5,spatial_control_E,False,0.05,1,0.9878214001655579,0.8878214001655579,environment_truncated
5600,5,spatial_control_E,False,0.05,7,3.8538520857691765,3.580349921728863,subgoal_reached
5607,0,,False,0.05,1,0.45787590742111206,0.3578759074211121,base_step
5608,0,,False,0.05,1,0.28421875834465027,0.18421875834465026,base_step
5609,0,,False,0.05,1,0.6585920453071594,0.5585920453071594,base_step
5610,2,spatial_control_B,False,0.05,5,-1.9481996893882751,-1.9331646098608375,subgoal_reached
5615,3,spatial_control_C,False,0.05,10,-2.6223005801439285,-2.654884472598707,subgoal_reached
5625,5,spatial_control_E,False,0.05,10,2.271248050034046,1.786197569513699,subgoal_reached
5635,0,,False,0.05,1,0.17755389213562012,0.07755389213562011,base_step
5636,0,,False,0.05,1,-0.20962537825107574,-0.3096253782510757,base_step
5637,0,,False,0.05,1,0.19342027604579926,0.09342027604579925,base_step
5638,2,spatial_control_B,False,0.05,5,-2.621370553970337,-2.6023809656427894,subgoal_reached
5643,3,spatial_control_C,False,0.05,10,-1.648269809782505,-1.6843981220536421,subgoal_reached
5653,5,spatial_control_E,False,0.05,10,1.5510376691818237,1.0566494838919513,subgoal_reached
5663,0,,False,0.05,1,0.5011752247810364,0.4011752247810364,base_step
5664,0,,False,0.05,1,0.13689124584197998,0.036891245841979975,base_step
5665,0,,False,0.05,1,0.5269122123718262,0.4269122123718262,base_step
5666,2,spatial_control_B,False,0.05,5,-2.6773294508457184,-2.643018898455479,subgoal_reached
5671,3,spatial_control_C,False,0.05,10,-2.441926419734955,-2.4648769375041595,subgoal_reached
5681,5,spatial_control_E,False,0.05,10,2.4961826279759407,1.9842181354240416,subgoal_reached
5691,0,,False,0.05,1,0.30927368998527527,0.20927368998527526,base_step
5692,0,,False,0.05,1,-0.1925581395626068,-0.2925581395626068,base_step
5693,0,,False,0.05,1,0.14634805917739868,0.046348059177398676,base_step
5694,2,spatial_control_B,False,0.05,5,-2.8130247592926025,-2.7921283976024545,subgoal_reached
5699,3,spatial_control_C,False,0.05,10,-1.3679677471518517,-1.4255063283899871,subgoal_reached
5709,5,spatial_control_E,False,0.05,10,1.1982078850269318,0.7157944291505106,subgoal_reached
5719,0,,False,0.05,1,0.590339183807373,0.49033918380737307,base_step
5720,0,,False,0.05,1,0.19810137152671814,0.09810137152671813,base_step
5721,0,,False,0.05,1,0.550614595413208,0.45061459541320803,base_step
5722,2,spatial_control_B,False,0.05,5,-2.552719324827194,-2.519003853928671,subgoal_reached
5727,3,spatial_control_C,False,0.05,9,-1.2746257036924362,-1.4162147967737484,subgoal_reached
5736,5,spatial_control_E,False,0.05,11,1.249635010957718,0.7586365006230428,subgoal_reached
5747,0,,False,0.05,1,-0.001383904367685318,-0.10138390436768532,base_step
5748,0,,False,0.05,1,-0.2196122258901596,-0.3196122258901596,base_step
5749,0,,False,0.05,1,0.2612512409687042,0.16125124096870422,base_step
5750,2,spatial_control_B,False,0.05,5,-2.041046157479286,-2.0340465760888815,subgoal_reached
5755,3,spatial_control_C,False,0.05,10,-2.0011142045259476,-2.033487693763703,subgoal_reached
5765,5,spatial_control_E,False,0.05,10,1.4982196912169456,1.008499962405002,subgoal_reached
5775,0,,False,0.05,1,0.49436306953430176,0.3943630695343018,base_step
5776,0,,False,0.05,1,0.09997452795505524,-2.5472044944768735e-05,base_step
5777,0,,False,0.05,1,0.4741523265838623,0.3741523265838623,base_step
5778,2,spatial_control_B,False,0.05,5,-2.558271363377571,-2.5275387535463447,subgoal_reached
5783,3,spatial_control_C,False,0.05,10,-2.4350028932094574,-2.4662100670137557,subgoal_reached
5793,5,spatial_control_E,False,0.05,10,2.395703412592411,1.8886160156507161,subgoal_reached
5803,0,,False,0.05,1,0.33176860213279724,0.23176860213279724,base_step
5804,0,,False,0.05,1,-0.1802978366613388,-0.2802978366613388,base_step
5805,0,,False,0.05,1,0.1487145572900772,0.048714557290077204,base_step
5806,2,spatial_control_B,False,0.05,5,-2.803597152233124,-2.7831378310753716,subgoal_reached
5811,3,spatial_control_C,False,0.05,10,-1.3437518775463104,-1.403215646210751,subgoal_reached
5821,5,spatial_control_E,False,0.05,10,1.160423956811428,0.6796729211573364,subgoal_reached
5831,0,,False,0.05,1,0.5984166860580444,0.49841668605804446,base_step
5832,0,,False,0.05,1,0.20578773319721222,0.10578773319721221,base_step
5833,3,spatial_control_C,True,0.05,11,-5.0459581688046455,-4.827941798237538,subgoal_reached
5844,5,spatial_control_E,False,0.05,5,3.158669948577881,2.984885741955404,subgoal_reached
5849,2,spatial_control_B,False,0.05,6,-0.9093180000782013,-0.8970357865777675,subgoal_reached
5855,3,spatial_control_C,False,0.05,9,-1.3918173015117645,-1.6278525773621029,subgoal_reached
5864,5,spatial_control_E,False,0.05,10,0.5363553911447525,0.18147965876094427,subgoal_reached
5874,0,,False,0.05,1,0.3038268983364105,0.20382689833641052,base_step
5875,0,,False,0.05,1,-0.08768526464700699,-0.187685264647007,base_step
5876,0,,True,0.05,1,0.2599300742149353,0.1599300742149353,base_step
5877,0,,False,0.05,1,0.5983782410621643,0.49837824106216433,base_step
5878,2,spatial_control_B,False,0.05,5,-0.7712391465902328,-0.805859340457232,subgoal_reached
5883,5,spatial_control_E,False,0.05,9,-0.18210247159004211,-0.32076993199219894,subgoal_reached
5892,3,spatial_control_C,False,0.05,6,-4.219247728586197,-4.209080103558871,subgoal_reached
5898,5,spatial_control_E,False,0.05,9,2.4728569239377975,2.0890576663324225,subgoal_reached
5907,0,,False,0.05,1,-0.18378131091594696,-0.28378131091594694,base_step
5908,0,,False,0.05,1,-0.2410450279712677,-0.3410450279712677,base_step
5909,0,,False,0.05,1,0.3112102150917053,0.21121021509170532,base_step
5910,2,spatial_control_B,False,0.05,5,-1.04953258857131,-1.0740714089089507,subgoal_reached
5915,5,spatial_control_E,False,0.05,10,0.7148297429084778,0.5701270428908943,subgoal_reached
5925,3,spatial_control_C,False,0.05,5,-3.5821098387241364,-3.6228595349983563,subgoal_reached
5930,5,spatial_control_E,False,0.05,9,2.0872468650341034,1.721417076114081,subgoal_reached
5939,3,spatial_control_C,False,0.05,6,-2.91208653151989,-2.9146502903787885,subgoal_reached
5945,2,spatial_control_B,False,0.05,11,1.4585929811000824,0.8051994203855221,subgoal_reached
5956,0,,False,0.05,1,0.595014214515686,0.49501421451568606,base_step
5957,0,,False,0.05,1,-0.6772462129592896,-0.7772462129592895,base_step
5958,0,,False,0.05,1,-1.0844007730484009,-1.184400773048401,base_step
5959,0,,False,0.05,1,-1.2344251871109009,-1.334425187110901,base_step
5960,0,,False,0.05,1,-0.8498405814170837,-0.9498405814170837,base_step
5961,2,spatial_control_B,False,0.05,2,0.21581348776817322,0.11133064597845074,subgoal_reached
5963,5,spatial_control_E,False,0.05,7,3.3333852291107178,3.2294075203256534,subgoal_reached
5970,3,spatial_control_C,False,0.05,5,-4.212810158729553,-4.225401669394859,subgoal_reached
5975,5,spatial_control_E,False,0.05,9,2.4367057606577873,2.0195771617049028,subgoal_reached
5984,0,,False,0.05,1,-0.007970169186592102,-0.10797016918659211,base_step
5985,3,spatial_control_C,False,0.05,13,-5.759644228965044,-5.59063996850954,subgoal_reached
5998,5,spatial_control_E,False,0.05,2,1.7986972332000732,1.6907584679126737,option_timeout
